ISO-10303-21;
HEADER;
/****************************************************************
 * Generated by software with PDE/Lib inside                    *
 * PDElib Version v51a, created Fri 12/12/2008                  *
 * International Technegroup Inc. (www.iti-oh.com)              *
 ****************************************************************/
FILE_DESCRIPTION((''),'2;1');
FILE_NAME('W:\\mechanical\\\X2\6A5F69CB5DE57A0B5716\X0\\\3D\X2\57166A94\X0\\\3D Outline-2020\\\X2\5DF25B8C62105F855BE96838\X0\\\SDM30.stp','2020-07-31T17:50:19',('shirley'),(''),'Autodesk Inventor 2010','Autodesk Inventor 2010','');
FILE_SCHEMA(('AUTOMOTIVE_DESIGN { 1 0 10303 214 1 1 1 1 }'));
ENDSEC;
DATA;
#5=APPLICATION_CONTEXT('automotive design');
#6=APPLICATION_PROTOCOL_DEFINITION('International Standard','automotive_design',2001,#5);
#7=PRODUCT_CONTEXT('',#5,'mechanical');
#8=PRODUCT('SDM30','SDM30',$,(#7));
#9=PRODUCT_RELATED_PRODUCT_CATEGORY('part',$,(#8));
#10=PRODUCT_DEFINITION_FORMATION('',$,#8);
#11=PRODUCT_DEFINITION_CONTEXT('part definition',#5,'design');
#12=PRODUCT_DEFINITION('',$,#10,#11);
#18=(NAMED_UNIT(*)PLANE_ANGLE_UNIT()SI_UNIT($,.RADIAN.));
#19=DIMENSIONAL_EXPONENTS(0.0,0.0,0.0,0.0,0.0,0.0,0.0);
#20=PLANE_ANGLE_MEASURE_WITH_UNIT(PLANE_ANGLE_MEASURE(0.017453292500000),#18);
#24=(CONVERSION_BASED_UNIT('DEGREE',#20)NAMED_UNIT(#19)PLANE_ANGLE_UNIT());
#28=(NAMED_UNIT(*)SI_UNIT($,.STERADIAN.)SOLID_ANGLE_UNIT());
#32=(LENGTH_UNIT()NAMED_UNIT(*)SI_UNIT(.MILLI.,.METRE.));
#34=UNCERTAINTY_MEASURE_WITH_UNIT(LENGTH_MEASURE(0.010000000000000),#32,'DISTANCE_ACCURACY_VALUE','');
#36=(GEOMETRIC_REPRESENTATION_CONTEXT(3)GLOBAL_UNCERTAINTY_ASSIGNED_CONTEXT((#34))GLOBAL_UNIT_ASSIGNED_CONTEXT((#24,#28,#32))REPRESENTATION_CONTEXT('None','None'));
#37=AXIS2_PLACEMENT_3D('',#38,#39,#40);
#38=CARTESIAN_POINT('',(0.0,0.0,0.0));
#39=DIRECTION('',(0.0,0.0,1.0));
#40=DIRECTION('',(1.0,0.0,0.0));
#41=SHAPE_REPRESENTATION('',(#37,#2435,#2874,#3000,#3012,#3024,#3036,#3048,#3060),#36);
#42=PRODUCT_DEFINITION_SHAPE('','',#12);
#43=SHAPE_DEFINITION_REPRESENTATION(#42,#41);
#44=APPLICATION_CONTEXT('automotive design');
#45=APPLICATION_PROTOCOL_DEFINITION('International Standard','automotive_design',2001,#44);
#46=PRODUCT_CONTEXT('',#44,'mechanical');
#47=PRODUCT('SDM30-Case','SDM30-Case',$,(#46));
#48=PRODUCT_RELATED_PRODUCT_CATEGORY('part',$,(#47));
#49=PRODUCT_DEFINITION_FORMATION('',$,#47);
#50=PRODUCT_DEFINITION_CONTEXT('part definition',#44,'design');
#51=PRODUCT_DEFINITION('',$,#49,#50);
#57=(NAMED_UNIT(*)PLANE_ANGLE_UNIT()SI_UNIT($,.RADIAN.));
#58=DIMENSIONAL_EXPONENTS(0.0,0.0,0.0,0.0,0.0,0.0,0.0);
#59=PLANE_ANGLE_MEASURE_WITH_UNIT(PLANE_ANGLE_MEASURE(0.017453292500000),#57);
#63=(CONVERSION_BASED_UNIT('DEGREE',#59)NAMED_UNIT(#58)PLANE_ANGLE_UNIT());
#67=(NAMED_UNIT(*)SI_UNIT($,.STERADIAN.)SOLID_ANGLE_UNIT());
#71=(LENGTH_UNIT()NAMED_UNIT(*)SI_UNIT(.MILLI.,.METRE.));
#73=UNCERTAINTY_MEASURE_WITH_UNIT(LENGTH_MEASURE(0.010000000000000),#71,'DISTANCE_ACCURACY_VALUE','');
#75=(GEOMETRIC_REPRESENTATION_CONTEXT(3)GLOBAL_UNCERTAINTY_ASSIGNED_CONTEXT((#73))GLOBAL_UNIT_ASSIGNED_CONTEXT((#63,#67,#71))REPRESENTATION_CONTEXT('None','None'));
#76=AXIS2_PLACEMENT_3D('',#77,#78,#79);
#77=CARTESIAN_POINT('',(0.0,0.0,0.0));
#78=DIRECTION('',(0.0,0.0,1.0));
#79=DIRECTION('',(1.0,0.0,0.0));
#80=SHAPE_REPRESENTATION('',(#76),#75);
#81=PRODUCT_DEFINITION_SHAPE('','',#51);
#82=SHAPE_DEFINITION_REPRESENTATION(#81,#80);
#88=(NAMED_UNIT(*)PLANE_ANGLE_UNIT()SI_UNIT($,.RADIAN.));
#89=DIMENSIONAL_EXPONENTS(0.0,0.0,0.0,0.0,0.0,0.0,0.0);
#90=PLANE_ANGLE_MEASURE_WITH_UNIT(PLANE_ANGLE_MEASURE(0.017453292500000),#88);
#94=(CONVERSION_BASED_UNIT('DEGREE',#90)NAMED_UNIT(#89)PLANE_ANGLE_UNIT());
#98=(NAMED_UNIT(*)SI_UNIT($,.STERADIAN.)SOLID_ANGLE_UNIT());
#102=(LENGTH_UNIT()NAMED_UNIT(*)SI_UNIT(.MILLI.,.METRE.));
#104=UNCERTAINTY_MEASURE_WITH_UNIT(LENGTH_MEASURE(0.000001000000000),#102,'DISTANCE_ACCURACY_VALUE','');
#106=(GEOMETRIC_REPRESENTATION_CONTEXT(3)GLOBAL_UNCERTAINTY_ASSIGNED_CONTEXT((#104))GLOBAL_UNIT_ASSIGNED_CONTEXT((#94,#98,#102))REPRESENTATION_CONTEXT('','3D'));
#107=CARTESIAN_POINT('',(-15.676682537890018,42.107692422316632,15.0));
#108=DIRECTION('',(0.0,0.0,1.0));
#109=DIRECTION('',(1.0,0.0,0.0));
#110=AXIS2_PLACEMENT_3D('',#107,#108,#109);
#111=SPHERICAL_SURFACE('',#110,1.000000000000001);
#112=CARTESIAN_POINT('',(-15.676682537890018,43.107692422316632,15.0));
#113=VERTEX_POINT('',#112);
#114=CARTESIAN_POINT('',(-15.676682537890018,42.107692422316632,16.0));
#115=VERTEX_POINT('',#114);
#116=CARTESIAN_POINT('',(-15.676682537890018,42.107692422316632,15.0));
#117=DIRECTION('',(-1.0,0.0,0.0));
#118=DIRECTION('',(0.0,1.0,0.0));
#119=AXIS2_PLACEMENT_3D('',#116,#117,#118);
#120=CIRCLE('',#119,0.999999999999996);
#121=EDGE_CURVE('',#113,#115,#120,.F.);
#122=ORIENTED_EDGE('',*,*,#121,.F.);
#123=CARTESIAN_POINT('',(-16.676682537890020,42.107692422316632,15.0));
#124=VERTEX_POINT('',#123);
#125=CARTESIAN_POINT('',(-15.676682537890018,42.107692422316632,15.0));
#126=DIRECTION('',(0.0,0.0,1.0));
#127=DIRECTION('',(-1.0,0.0,0.0));
#128=AXIS2_PLACEMENT_3D('',#125,#126,#127);
#129=CIRCLE('',#128,1.000000000000001);
#130=EDGE_CURVE('',#124,#113,#129,.F.);
#131=ORIENTED_EDGE('',*,*,#130,.F.);
#132=CARTESIAN_POINT('',(-15.676682537890018,42.107692422316632,15.0));
#133=DIRECTION('',(0.0,1.0,0.0));
#134=DIRECTION('',(0.0,0.0,1.0));
#135=AXIS2_PLACEMENT_3D('',#132,#133,#134);
#136=CIRCLE('',#135,1.000000000000001);
#137=EDGE_CURVE('',#115,#124,#136,.F.);
#138=ORIENTED_EDGE('',*,*,#137,.F.);
#139=EDGE_LOOP('',(#122,#131,#138));
#140=FACE_OUTER_BOUND('',#139,.T.);
#141=ADVANCED_FACE('',(#140),#111,.T.);
#142=CARTESIAN_POINT('',(-15.676682537890018,42.107692422316632,0.0));
#143=DIRECTION('',(0.0,0.0,1.0));
#144=DIRECTION('',(-0.707106781186549,0.707106781186546,0.0));
#145=AXIS2_PLACEMENT_3D('',#142,#143,#144);
#146=CYLINDRICAL_SURFACE('',#145,1.000000000000000);
#147=CARTESIAN_POINT('',(-15.676682537890018,43.107692422316632,0.0));
#148=VERTEX_POINT('',#147);
#149=CARTESIAN_POINT('',(-16.676682537890020,42.107692422316632,0.0));
#150=VERTEX_POINT('',#149);
#151=CARTESIAN_POINT('',(-15.676682537890018,42.107692422316632,0.0));
#152=DIRECTION('',(0.0,0.0,1.0));
#153=DIRECTION('',(-0.707106781186549,0.707106781186546,0.0));
#154=AXIS2_PLACEMENT_3D('',#151,#152,#153);
#155=CIRCLE('',#154,1.000000000000000);
#156=EDGE_CURVE('',#148,#150,#155,.T.);
#157=ORIENTED_EDGE('',*,*,#156,.T.);
#158=CARTESIAN_POINT('',(-16.676682537890020,42.107692422316632,0.0));
#159=DIRECTION('',(0.0,0.0,1.0));
#160=VECTOR('',#159,15.0);
#161=LINE('',#158,#160);
#162=EDGE_CURVE('',#150,#124,#161,.T.);
#163=ORIENTED_EDGE('',*,*,#162,.T.);
#164=ORIENTED_EDGE('',*,*,#130,.T.);
#165=CARTESIAN_POINT('',(-15.676682537890018,43.107692422316632,15.0));
#166=DIRECTION('',(0.0,0.0,-1.0));
#167=VECTOR('',#166,15.0);
#168=LINE('',#165,#167);
#169=EDGE_CURVE('',#113,#148,#168,.T.);
#170=ORIENTED_EDGE('',*,*,#169,.T.);
#171=EDGE_LOOP('',(#157,#163,#164,#170));
#172=FACE_OUTER_BOUND('',#171,.T.);
#173=ADVANCED_FACE('',(#172),#146,.T.);
#174=CARTESIAN_POINT('',(33.123317462109981,42.107692422316632,15.0));
#175=DIRECTION('',(0.0,0.0,1.0));
#176=DIRECTION('',(1.0,0.0,0.0));
#177=AXIS2_PLACEMENT_3D('',#174,#175,#176);
#178=SPHERICAL_SURFACE('',#177,0.999999999999996);
#179=CARTESIAN_POINT('',(34.123317462109981,42.107692422316632,15.0));
#180=VERTEX_POINT('',#179);
#181=CARTESIAN_POINT('',(33.123317462109981,42.107692422316632,16.0));
#182=VERTEX_POINT('',#181);
#183=CARTESIAN_POINT('',(33.123317462109981,42.107692422316632,15.0));
#184=DIRECTION('',(0.0,1.0,0.0));
#185=DIRECTION('',(1.0,0.0,0.0));
#186=AXIS2_PLACEMENT_3D('',#183,#184,#185);
#187=CIRCLE('',#186,1.000000000000001);
#188=EDGE_CURVE('',#180,#182,#187,.F.);
#189=ORIENTED_EDGE('',*,*,#188,.F.);
#190=CARTESIAN_POINT('',(33.123317462109981,43.107692422316632,15.0));
#191=VERTEX_POINT('',#190);
#192=CARTESIAN_POINT('',(33.123317462109981,42.107692422316632,15.0));
#193=DIRECTION('',(0.0,0.0,1.0));
#194=DIRECTION('',(0.0,1.0,0.0));
#195=AXIS2_PLACEMENT_3D('',#192,#193,#194);
#196=CIRCLE('',#195,0.999999999999996);
#197=EDGE_CURVE('',#191,#180,#196,.F.);
#198=ORIENTED_EDGE('',*,*,#197,.F.);
#199=CARTESIAN_POINT('',(33.123317462109981,42.107692422316632,15.0));
#200=DIRECTION('',(1.0,0.0,0.0));
#201=DIRECTION('',(0.0,0.0,1.0));
#202=AXIS2_PLACEMENT_3D('',#199,#200,#201);
#203=CIRCLE('',#202,1.000000000000001);
#204=EDGE_CURVE('',#182,#191,#203,.F.);
#205=ORIENTED_EDGE('',*,*,#204,.F.);
#206=EDGE_LOOP('',(#189,#198,#205));
#207=FACE_OUTER_BOUND('',#206,.T.);
#208=ADVANCED_FACE('',(#207),#178,.T.);
#209=CARTESIAN_POINT('',(33.123317462109981,42.107692422316632,0.0));
#210=DIRECTION('',(0.0,0.0,1.0));
#211=DIRECTION('',(0.707106781186551,0.707106781186544,0.0));
#212=AXIS2_PLACEMENT_3D('',#209,#210,#211);
#213=CYLINDRICAL_SURFACE('',#212,1.000000000000000);
#214=CARTESIAN_POINT('',(34.123317462109981,42.107692422316632,0.0));
#215=VERTEX_POINT('',#214);
#216=CARTESIAN_POINT('',(33.123317462109974,43.107692422316632,0.0));
#217=VERTEX_POINT('',#216);
#218=CARTESIAN_POINT('',(33.123317462109981,42.107692422316632,0.0));
#219=DIRECTION('',(0.0,0.0,1.0));
#220=DIRECTION('',(0.707106781186551,0.707106781186544,0.0));
#221=AXIS2_PLACEMENT_3D('',#218,#219,#220);
#222=CIRCLE('',#221,1.000000000000000);
#223=EDGE_CURVE('',#215,#217,#222,.T.);
#224=ORIENTED_EDGE('',*,*,#223,.T.);
#225=CARTESIAN_POINT('',(33.123317462109981,43.107692422316632,0.0));
#226=DIRECTION('',(0.0,0.0,1.0));
#227=VECTOR('',#226,15.0);
#228=LINE('',#225,#227);
#229=EDGE_CURVE('',#217,#191,#228,.T.);
#230=ORIENTED_EDGE('',*,*,#229,.T.);
#231=ORIENTED_EDGE('',*,*,#197,.T.);
#232=CARTESIAN_POINT('',(34.123317462109981,42.107692422316632,15.0));
#233=DIRECTION('',(0.0,0.0,-1.0));
#234=VECTOR('',#233,15.0);
#235=LINE('',#232,#234);
#236=EDGE_CURVE('',#180,#215,#235,.T.);
#237=ORIENTED_EDGE('',*,*,#236,.T.);
#238=EDGE_LOOP('',(#224,#230,#231,#237));
#239=FACE_OUTER_BOUND('',#238,.T.);
#240=ADVANCED_FACE('',(#239),#213,.T.);
#241=CARTESIAN_POINT('',(-3.976682537890020,42.107692422316632,15.0));
#242=DIRECTION('',(1.0,0.0,0.0));
#243=DIRECTION('',(0.0,0.707106781186546,0.707106781186549));
#244=AXIS2_PLACEMENT_3D('',#241,#242,#243);
#245=CYLINDRICAL_SURFACE('',#244,1.000000000000000);
#246=ORIENTED_EDGE('',*,*,#204,.T.);
#247=CARTESIAN_POINT('',(33.123317462109981,43.107692422316632,15.0));
#248=DIRECTION('',(-1.0,0.0,0.0));
#249=VECTOR('',#248,48.799999999999997);
#250=LINE('',#247,#249);
#251=EDGE_CURVE('',#191,#113,#250,.T.);
#252=ORIENTED_EDGE('',*,*,#251,.T.);
#253=ORIENTED_EDGE('',*,*,#121,.T.);
#254=CARTESIAN_POINT('',(-15.676682537890018,42.107692422316632,16.0));
#255=DIRECTION('',(1.0,0.0,0.0));
#256=VECTOR('',#255,48.799999999999997);
#257=LINE('',#254,#256);
#258=EDGE_CURVE('',#115,#182,#257,.T.);
#259=ORIENTED_EDGE('',*,*,#258,.T.);
#260=EDGE_LOOP('',(#246,#252,#253,#259));
#261=FACE_OUTER_BOUND('',#260,.T.);
#262=ADVANCED_FACE('',(#261),#245,.T.);
#263=CARTESIAN_POINT('',(-15.676682537890017,-6.692307577683377,15.0));
#264=DIRECTION('',(0.0,0.0,1.0));
#265=DIRECTION('',(1.0,0.0,0.0));
#266=AXIS2_PLACEMENT_3D('',#263,#264,#265);
#267=SPHERICAL_SURFACE('',#266,1.000000000000000);
#268=CARTESIAN_POINT('',(-16.676682537890020,-6.692307577683377,15.0));
#269=VERTEX_POINT('',#268);
#270=CARTESIAN_POINT('',(-15.676682537890018,-6.692307577683376,16.0));
#271=VERTEX_POINT('',#270);
#272=CARTESIAN_POINT('',(-15.676682537890018,-6.692307577683378,15.0));
#273=DIRECTION('',(0.0,-1.0,0.0));
#274=DIRECTION('',(-1.0,0.0,0.0));
#275=AXIS2_PLACEMENT_3D('',#272,#273,#274);
#276=CIRCLE('',#275,1.000000000000001);
#277=EDGE_CURVE('',#269,#271,#276,.F.);
#278=ORIENTED_EDGE('',*,*,#277,.F.);
#279=CARTESIAN_POINT('',(-15.676682537890017,-7.692307577683377,15.0));
#280=VERTEX_POINT('',#279);
#281=CARTESIAN_POINT('',(-15.676682537890017,-6.692307577683377,15.0));
#282=DIRECTION('',(0.0,0.0,1.0));
#283=DIRECTION('',(0.0,-1.0,0.0));
#284=AXIS2_PLACEMENT_3D('',#281,#282,#283);
#285=CIRCLE('',#284,1.000000000000000);
#286=EDGE_CURVE('',#280,#269,#285,.F.);
#287=ORIENTED_EDGE('',*,*,#286,.F.);
#288=CARTESIAN_POINT('',(-15.676682537890020,-6.692307577683376,15.0));
#289=DIRECTION('',(-1.0,0.0,0.0));
#290=DIRECTION('',(0.0,0.0,1.0));
#291=AXIS2_PLACEMENT_3D('',#288,#289,#290);
#292=CIRCLE('',#291,1.000000000000001);
#293=EDGE_CURVE('',#271,#280,#292,.F.);
#294=ORIENTED_EDGE('',*,*,#293,.F.);
#295=EDGE_LOOP('',(#278,#287,#294));
#296=FACE_OUTER_BOUND('',#295,.T.);
#297=ADVANCED_FACE('',(#296),#267,.T.);
#298=CARTESIAN_POINT('',(-15.676682537890017,-6.692307577683377,0.0));
#299=DIRECTION('',(0.0,0.0,1.0));
#300=DIRECTION('',(-0.707106781186550,-0.707106781186545,0.0));
#301=AXIS2_PLACEMENT_3D('',#298,#299,#300);
#302=CYLINDRICAL_SURFACE('',#301,1.0);
#303=CARTESIAN_POINT('',(-16.676682537890020,-6.692307577683377,0.0));
#304=VERTEX_POINT('',#303);
#305=CARTESIAN_POINT('',(-15.676682537890017,-7.692307577683377,0.0));
#306=VERTEX_POINT('',#305);
#307=CARTESIAN_POINT('',(-15.676682537890017,-6.692307577683377,0.0));
#308=DIRECTION('',(0.0,0.0,1.0));
#309=DIRECTION('',(-0.707106781186550,-0.707106781186545,0.0));
#310=AXIS2_PLACEMENT_3D('',#307,#308,#309);
#311=CIRCLE('',#310,1.0);
#312=EDGE_CURVE('',#304,#306,#311,.T.);
#313=ORIENTED_EDGE('',*,*,#312,.T.);
#314=CARTESIAN_POINT('',(-15.676682537890017,-7.692307577683377,0.0));
#315=DIRECTION('',(0.0,0.0,1.0));
#316=VECTOR('',#315,15.0);
#317=LINE('',#314,#316);
#318=EDGE_CURVE('',#306,#280,#317,.T.);
#319=ORIENTED_EDGE('',*,*,#318,.T.);
#320=ORIENTED_EDGE('',*,*,#286,.T.);
#321=CARTESIAN_POINT('',(-16.676682537890020,-6.692307577683377,15.0));
#322=DIRECTION('',(0.0,0.0,-1.0));
#323=VECTOR('',#322,15.0);
#324=LINE('',#321,#323);
#325=EDGE_CURVE('',#269,#304,#324,.T.);
#326=ORIENTED_EDGE('',*,*,#325,.T.);
#327=EDGE_LOOP('',(#313,#319,#320,#326));
#328=FACE_OUTER_BOUND('',#327,.T.);
#329=ADVANCED_FACE('',(#328),#302,.T.);
#330=CARTESIAN_POINT('',(33.123317462109981,-6.692307577683376,15.0));
#331=DIRECTION('',(0.0,0.0,1.0));
#332=DIRECTION('',(1.0,0.0,0.0));
#333=AXIS2_PLACEMENT_3D('',#330,#331,#332);
#334=SPHERICAL_SURFACE('',#333,1.000000000000001);
#335=CARTESIAN_POINT('',(33.123317462109981,-7.692307577683377,15.0));
#336=VERTEX_POINT('',#335);
#337=CARTESIAN_POINT('',(33.123317462109981,-6.692307577683376,16.0));
#338=VERTEX_POINT('',#337);
#339=CARTESIAN_POINT('',(33.123317462109981,-6.692307577683376,15.0));
#340=DIRECTION('',(1.0,0.0,0.0));
#341=DIRECTION('',(0.0,-1.0,0.0));
#342=AXIS2_PLACEMENT_3D('',#339,#340,#341);
#343=CIRCLE('',#342,1.000000000000001);
#344=EDGE_CURVE('',#336,#338,#343,.F.);
#345=ORIENTED_EDGE('',*,*,#344,.F.);
#346=CARTESIAN_POINT('',(34.123317462109981,-6.692307577683376,15.0));
#347=VERTEX_POINT('',#346);
#348=CARTESIAN_POINT('',(33.123317462109981,-6.692307577683376,15.0));
#349=DIRECTION('',(0.0,0.0,1.0));
#350=DIRECTION('',(1.0,0.0,0.0));
#351=AXIS2_PLACEMENT_3D('',#348,#349,#350);
#352=CIRCLE('',#351,1.000000000000001);
#353=EDGE_CURVE('',#347,#336,#352,.F.);
#354=ORIENTED_EDGE('',*,*,#353,.F.);
#355=CARTESIAN_POINT('',(33.123317462109981,-6.692307577683376,15.0));
#356=DIRECTION('',(0.0,-1.0,0.0));
#357=DIRECTION('',(0.0,0.0,1.0));
#358=AXIS2_PLACEMENT_3D('',#355,#356,#357);
#359=CIRCLE('',#358,1.000000000000001);
#360=EDGE_CURVE('',#338,#347,#359,.F.);
#361=ORIENTED_EDGE('',*,*,#360,.F.);
#362=EDGE_LOOP('',(#345,#354,#361));
#363=FACE_OUTER_BOUND('',#362,.T.);
#364=ADVANCED_FACE('',(#363),#334,.T.);
#365=CARTESIAN_POINT('',(33.123317462109981,-6.692307577683376,0.0));
#366=DIRECTION('',(0.0,0.0,1.0));
#367=DIRECTION('',(0.707106781186549,-0.707106781186546,0.0));
#368=AXIS2_PLACEMENT_3D('',#365,#366,#367);
#369=CYLINDRICAL_SURFACE('',#368,1.000000000000000);
#370=CARTESIAN_POINT('',(33.123317462109981,-7.692307577683377,0.0));
#371=VERTEX_POINT('',#370);
#372=CARTESIAN_POINT('',(34.123317462109981,-6.692307577683376,0.0));
#373=VERTEX_POINT('',#372);
#374=CARTESIAN_POINT('',(33.123317462109981,-6.692307577683376,0.0));
#375=DIRECTION('',(0.0,0.0,1.0));
#376=DIRECTION('',(0.707106781186549,-0.707106781186546,0.0));
#377=AXIS2_PLACEMENT_3D('',#374,#375,#376);
#378=CIRCLE('',#377,1.000000000000000);
#379=EDGE_CURVE('',#371,#373,#378,.T.);
#380=ORIENTED_EDGE('',*,*,#379,.T.);
#381=CARTESIAN_POINT('',(34.123317462109981,-6.692307577683376,0.0));
#382=DIRECTION('',(0.0,0.0,1.0));
#383=VECTOR('',#382,15.0);
#384=LINE('',#381,#383);
#385=EDGE_CURVE('',#373,#347,#384,.T.);
#386=ORIENTED_EDGE('',*,*,#385,.T.);
#387=ORIENTED_EDGE('',*,*,#353,.T.);
#388=CARTESIAN_POINT('',(33.123317462109981,-7.692307577683377,15.0));
#389=DIRECTION('',(0.0,0.0,-1.0));
#390=VECTOR('',#389,15.0);
#391=LINE('',#388,#390);
#392=EDGE_CURVE('',#336,#371,#391,.T.);
#393=ORIENTED_EDGE('',*,*,#392,.T.);
#394=EDGE_LOOP('',(#380,#386,#387,#393));
#395=FACE_OUTER_BOUND('',#394,.T.);
#396=ADVANCED_FACE('',(#395),#369,.T.);
#397=CARTESIAN_POINT('',(33.123317462109981,30.407692422316629,15.0));
#398=DIRECTION('',(0.0,-1.0,0.0));
#399=DIRECTION('',(0.707106781186549,0.0,0.707106781186546));
#400=AXIS2_PLACEMENT_3D('',#397,#398,#399);
#401=CYLINDRICAL_SURFACE('',#400,1.000000000000000);
#402=ORIENTED_EDGE('',*,*,#360,.T.);
#403=CARTESIAN_POINT('',(34.123317462109981,-6.692307577683373,15.0));
#404=DIRECTION('',(0.0,1.0,0.0));
#405=VECTOR('',#404,48.800000000000004);
#406=LINE('',#403,#405);
#407=EDGE_CURVE('',#347,#180,#406,.T.);
#408=ORIENTED_EDGE('',*,*,#407,.T.);
#409=ORIENTED_EDGE('',*,*,#188,.T.);
#410=CARTESIAN_POINT('',(33.123317462109981,42.107692422316632,16.0));
#411=DIRECTION('',(0.0,-1.0,0.0));
#412=VECTOR('',#411,48.800000000000004);
#413=LINE('',#410,#412);
#414=EDGE_CURVE('',#182,#338,#413,.T.);
#415=ORIENTED_EDGE('',*,*,#414,.T.);
#416=EDGE_LOOP('',(#402,#408,#409,#415));
#417=FACE_OUTER_BOUND('',#416,.T.);
#418=ADVANCED_FACE('',(#417),#401,.T.);
#419=CARTESIAN_POINT('',(21.423317462109978,-6.692307577683376,15.0));
#420=DIRECTION('',(-1.0,0.0,0.0));
#421=DIRECTION('',(0.0,-0.707106781186548,0.707106781186548));
#422=AXIS2_PLACEMENT_3D('',#419,#420,#421);
#423=CYLINDRICAL_SURFACE('',#422,1.000000000000000);
#424=ORIENTED_EDGE('',*,*,#293,.T.);
#425=CARTESIAN_POINT('',(-15.676682537890017,-7.692307577683377,15.0));
#426=DIRECTION('',(1.0,0.0,0.0));
#427=VECTOR('',#426,48.799999999999997);
#428=LINE('',#425,#427);
#429=EDGE_CURVE('',#280,#336,#428,.T.);
#430=ORIENTED_EDGE('',*,*,#429,.T.);
#431=ORIENTED_EDGE('',*,*,#344,.T.);
#432=CARTESIAN_POINT('',(33.123317462109981,-6.692307577683376,16.0));
#433=DIRECTION('',(-1.0,0.0,0.0));
#434=VECTOR('',#433,48.800000000000004);
#435=LINE('',#432,#434);
#436=EDGE_CURVE('',#338,#271,#435,.T.);
#437=ORIENTED_EDGE('',*,*,#436,.T.);
#438=EDGE_LOOP('',(#424,#430,#431,#437));
#439=FACE_OUTER_BOUND('',#438,.T.);
#440=ADVANCED_FACE('',(#439),#423,.T.);
#441=CARTESIAN_POINT('',(-15.676682537890018,5.007692422316625,15.0));
#442=DIRECTION('',(0.0,1.0,0.0));
#443=DIRECTION('',(-0.707106781186548,0.0,0.707106781186548));
#444=AXIS2_PLACEMENT_3D('',#441,#442,#443);
#445=CYLINDRICAL_SURFACE('',#444,1.000000000000000);
#446=ORIENTED_EDGE('',*,*,#137,.T.);
#447=CARTESIAN_POINT('',(-16.676682537890020,42.107692422316632,15.0));
#448=DIRECTION('',(0.0,-1.0,0.0));
#449=VECTOR('',#448,48.800000000000011);
#450=LINE('',#447,#449);
#451=EDGE_CURVE('',#124,#269,#450,.T.);
#452=ORIENTED_EDGE('',*,*,#451,.T.);
#453=ORIENTED_EDGE('',*,*,#277,.T.);
#454=CARTESIAN_POINT('',(-15.676682537890018,-6.692307577683376,16.0));
#455=DIRECTION('',(0.0,1.0,0.0));
#456=VECTOR('',#455,48.800000000000011);
#457=LINE('',#454,#456);
#458=EDGE_CURVE('',#271,#115,#457,.T.);
#459=ORIENTED_EDGE('',*,*,#458,.T.);
#460=EDGE_LOOP('',(#446,#452,#453,#459));
#461=FACE_OUTER_BOUND('',#460,.T.);
#462=ADVANCED_FACE('',(#461),#445,.T.);
#463=CARTESIAN_POINT('',(-16.676682537890020,43.107692422316632,0.0));
#464=DIRECTION('',(0.0,1.0,0.0));
#465=DIRECTION('',(0.0,0.0,1.0));
#466=AXIS2_PLACEMENT_3D('',#463,#464,#465);
#467=PLANE('',#466);
#468=ORIENTED_EDGE('',*,*,#169,.F.);
#469=ORIENTED_EDGE('',*,*,#251,.F.);
#470=ORIENTED_EDGE('',*,*,#229,.F.);
#471=CARTESIAN_POINT('',(31.123317462109831,43.107692422316632,-2.415845E-012));
#472=VERTEX_POINT('',#471);
#473=CARTESIAN_POINT('',(31.123317462109835,43.107692422316632,0.0));
#474=DIRECTION('',(1.0,0.0,0.0));
#475=VECTOR('',#474,2.000000000000146);
#476=LINE('',#473,#475);
#477=EDGE_CURVE('',#472,#217,#476,.T.);
#478=ORIENTED_EDGE('',*,*,#477,.F.);
#479=CARTESIAN_POINT('',(31.123317462109952,43.107692422316632,0.499999999999954));
#480=VERTEX_POINT('',#479);
#481=CARTESIAN_POINT('',(31.123317462109831,43.107692422316632,-2.415845E-012));
#482=DIRECTION('',(2.486900E-013,0.0,1.0));
#483=VECTOR('',#482,0.500000000002370);
#484=LINE('',#481,#483);
#485=EDGE_CURVE('',#472,#480,#484,.T.);
#486=ORIENTED_EDGE('',*,*,#485,.T.);
#487=CARTESIAN_POINT('',(-13.676682537893122,43.107692422316632,0.499999999999972));
#488=VERTEX_POINT('',#487);
#489=CARTESIAN_POINT('',(31.123317462109952,43.107692422316632,0.499999999999954));
#490=DIRECTION('',(-1.0,0.0,0.0));
#491=VECTOR('',#490,44.800000000003074);
#492=LINE('',#489,#491);
#493=EDGE_CURVE('',#480,#488,#492,.T.);
#494=ORIENTED_EDGE('',*,*,#493,.T.);
#495=CARTESIAN_POINT('',(-13.676682537893033,43.107692422316632,-2.664535E-014));
#496=VERTEX_POINT('',#495);
#497=CARTESIAN_POINT('',(-13.676682537893122,43.107692422316632,0.499999999999972));
#498=DIRECTION('',(1.776357E-013,0.0,-1.0));
#499=VECTOR('',#498,0.499999999999998);
#500=LINE('',#497,#499);
#501=EDGE_CURVE('',#488,#496,#500,.T.);
#502=ORIENTED_EDGE('',*,*,#501,.T.);
#503=CARTESIAN_POINT('',(-15.676682537890020,43.107692422316632,0.0));
#504=DIRECTION('',(1.0,0.0,0.0));
#505=VECTOR('',#504,1.999999999996987);
#506=LINE('',#503,#505);
#507=EDGE_CURVE('',#148,#496,#506,.T.);
#508=ORIENTED_EDGE('',*,*,#507,.F.);
#509=EDGE_LOOP('',(#468,#469,#470,#478,#486,#494,#502,#508));
#510=FACE_OUTER_BOUND('',#509,.T.);
#511=CARTESIAN_POINT('',(22.873317462110016,43.107692422316632,2.199999999997084));
#512=VERTEX_POINT('',#511);
#513=CARTESIAN_POINT('',(22.123317462110013,43.107692422316632,2.199999999997084));
#514=DIRECTION('',(0.0,-1.0,0.0));
#515=DIRECTION('',(-1.0,0.0,0.0));
#516=AXIS2_PLACEMENT_3D('',#513,#514,#515);
#517=CIRCLE('',#516,0.750000000000000);
#518=EDGE_CURVE('',#512,#512,#517,.T.);
#519=ORIENTED_EDGE('',*,*,#518,.T.);
#520=EDGE_LOOP('',(#519));
#521=FACE_BOUND('',#520,.T.);
#522=CARTESIAN_POINT('',(22.873317462109995,43.107692422316632,13.900000000001533));
#523=VERTEX_POINT('',#522);
#524=CARTESIAN_POINT('',(22.123317462109995,43.107692422316632,13.900000000001533));
#525=DIRECTION('',(0.0,-1.0,0.0));
#526=DIRECTION('',(-1.0,0.0,0.0));
#527=AXIS2_PLACEMENT_3D('',#524,#525,#526);
#528=CIRCLE('',#527,0.750000000000000);
#529=EDGE_CURVE('',#523,#523,#528,.T.);
#530=ORIENTED_EDGE('',*,*,#529,.T.);
#531=EDGE_LOOP('',(#530));
#532=FACE_BOUND('',#531,.T.);
#533=CARTESIAN_POINT('',(-3.926682537885719,43.107692422316632,2.199999999997049));
#534=VERTEX_POINT('',#533);
#535=CARTESIAN_POINT('',(-4.676682537885720,43.107692422316632,2.199999999997049));
#536=DIRECTION('',(0.0,-1.0,0.0));
#537=DIRECTION('',(-1.0,0.0,0.0));
#538=AXIS2_PLACEMENT_3D('',#535,#536,#537);
#539=CIRCLE('',#538,0.750000000000000);
#540=EDGE_CURVE('',#534,#534,#539,.T.);
#541=ORIENTED_EDGE('',*,*,#540,.T.);
#542=EDGE_LOOP('',(#541));
#543=FACE_BOUND('',#542,.T.);
#544=CARTESIAN_POINT('',(-3.926682537885648,43.107692422316632,13.900000000001445));
#545=VERTEX_POINT('',#544);
#546=CARTESIAN_POINT('',(-4.676682537885649,43.107692422316632,13.900000000001445));
#547=DIRECTION('',(0.0,-1.0,0.0));
#548=DIRECTION('',(-1.0,0.0,0.0));
#549=AXIS2_PLACEMENT_3D('',#546,#547,#548);
#550=CIRCLE('',#549,0.750000000000000);
#551=EDGE_CURVE('',#545,#545,#550,.T.);
#552=ORIENTED_EDGE('',*,*,#551,.T.);
#553=EDGE_LOOP('',(#552));
#554=FACE_BOUND('',#553,.T.);
#555=ADVANCED_FACE('',(#510,#521,#532,#543,#554),#467,.T.);
#556=CARTESIAN_POINT('',(8.723317462109980,17.707692422316626,0.0));
#557=DIRECTION('',(0.0,0.0,1.0));
#558=DIRECTION('',(1.0,0.0,0.0));
#559=AXIS2_PLACEMENT_3D('',#556,#557,#558);
#560=PLANE('',#559);
#561=ORIENTED_EDGE('',*,*,#223,.F.);
#562=CARTESIAN_POINT('',(34.123317462109981,40.107692422319516,0.0));
#563=VERTEX_POINT('',#562);
#564=CARTESIAN_POINT('',(34.123317462109981,42.107692422316632,0.0));
#565=DIRECTION('',(0.0,-1.0,0.0));
#566=VECTOR('',#565,1.999999999997115);
#567=LINE('',#564,#566);
#568=EDGE_CURVE('',#215,#563,#567,.T.);
#569=ORIENTED_EDGE('',*,*,#568,.T.);
#570=CARTESIAN_POINT('',(33.623317462109974,40.107692422319516,0.0));
#571=VERTEX_POINT('',#570);
#572=CARTESIAN_POINT('',(34.123317462109981,40.107692422319516,0.0));
#573=DIRECTION('',(-1.0,0.0,0.0));
#574=VECTOR('',#573,0.500000000000007);
#575=LINE('',#572,#574);
#576=EDGE_CURVE('',#563,#571,#575,.T.);
#577=ORIENTED_EDGE('',*,*,#576,.T.);
#578=CARTESIAN_POINT('',(33.623317462109974,42.607692422315893,0.0));
#579=VERTEX_POINT('',#578);
#580=CARTESIAN_POINT('',(33.623317462109981,40.107692422319516,0.0));
#581=DIRECTION('',(0.0,1.0,0.0));
#582=VECTOR('',#581,2.499999999996376);
#583=LINE('',#580,#582);
#584=EDGE_CURVE('',#571,#579,#583,.T.);
#585=ORIENTED_EDGE('',*,*,#584,.T.);
#586=CARTESIAN_POINT('',(31.123317462109831,42.607692422315893,-2.415845E-012));
#587=VERTEX_POINT('',#586);
#588=CARTESIAN_POINT('',(33.623317462109974,42.607692422315893,0.0));
#589=DIRECTION('',(-1.0,0.0,0.0));
#590=VECTOR('',#589,2.500000000000142);
#591=LINE('',#588,#590);
#592=EDGE_CURVE('',#579,#587,#591,.T.);
#593=ORIENTED_EDGE('',*,*,#592,.T.);
#594=CARTESIAN_POINT('',(31.123317462109831,42.607692422315893,0.0));
#595=DIRECTION('',(0.0,1.0,0.0));
#596=VECTOR('',#595,0.500000000000739);
#597=LINE('',#594,#596);
#598=EDGE_CURVE('',#587,#472,#597,.T.);
#599=ORIENTED_EDGE('',*,*,#598,.T.);
#600=ORIENTED_EDGE('',*,*,#477,.T.);
#601=EDGE_LOOP('',(#561,#569,#577,#585,#593,#599,#600));
#602=FACE_OUTER_BOUND('',#601,.T.);
#603=ADVANCED_FACE('',(#602),#560,.F.);
#604=CARTESIAN_POINT('',(34.123317462109981,43.107692422316632,0.0));
#605=DIRECTION('',(1.0,0.0,0.0));
#606=DIRECTION('',(0.0,0.0,-1.0));
#607=AXIS2_PLACEMENT_3D('',#604,#605,#606);
#608=PLANE('',#607);
#609=ORIENTED_EDGE('',*,*,#236,.F.);
#610=ORIENTED_EDGE('',*,*,#407,.F.);
#611=ORIENTED_EDGE('',*,*,#385,.F.);
#612=CARTESIAN_POINT('',(34.123317462109981,-4.692307577683376,0.0));
#613=VERTEX_POINT('',#612);
#614=CARTESIAN_POINT('',(34.123317462109981,-4.692307577683373,0.0));
#615=DIRECTION('',(0.0,-1.0,0.0));
#616=VECTOR('',#615,2.0);
#617=LINE('',#614,#616);
#618=EDGE_CURVE('',#613,#373,#617,.T.);
#619=ORIENTED_EDGE('',*,*,#618,.F.);
#620=CARTESIAN_POINT('',(34.123317462109981,-4.692307577683376,0.500000000000003));
#621=VERTEX_POINT('',#620);
#622=CARTESIAN_POINT('',(34.123317462109981,-4.692307577683375,0.0));
#623=DIRECTION('',(0.0,0.0,1.0));
#624=VECTOR('',#623,0.500000000000003);
#625=LINE('',#622,#624);
#626=EDGE_CURVE('',#613,#621,#625,.T.);
#627=ORIENTED_EDGE('',*,*,#626,.T.);
#628=CARTESIAN_POINT('',(34.123317462109981,40.107692422319516,0.500000000000003));
#629=VERTEX_POINT('',#628);
#630=CARTESIAN_POINT('',(34.123317462109981,-4.692307577683373,0.500000000000003));
#631=DIRECTION('',(0.0,1.0,0.0));
#632=VECTOR('',#631,44.800000000002889);
#633=LINE('',#630,#632);
#634=EDGE_CURVE('',#621,#629,#633,.T.);
#635=ORIENTED_EDGE('',*,*,#634,.T.);
#636=CARTESIAN_POINT('',(34.123317462109981,40.107692422319516,0.500000000000003));
#637=DIRECTION('',(0.0,0.0,-1.0));
#638=VECTOR('',#637,0.500000000000003);
#639=LINE('',#636,#638);
#640=EDGE_CURVE('',#629,#563,#639,.T.);
#641=ORIENTED_EDGE('',*,*,#640,.T.);
#642=ORIENTED_EDGE('',*,*,#568,.F.);
#643=EDGE_LOOP('',(#609,#610,#611,#619,#627,#635,#641,#642));
#644=FACE_OUTER_BOUND('',#643,.T.);
#645=ADVANCED_FACE('',(#644),#608,.T.);
#646=CARTESIAN_POINT('',(8.723317462109980,17.707692422316626,0.0));
#647=DIRECTION('',(0.0,0.0,1.0));
#648=DIRECTION('',(1.0,0.0,0.0));
#649=AXIS2_PLACEMENT_3D('',#646,#647,#648);
#650=PLANE('',#649);
#651=ORIENTED_EDGE('',*,*,#379,.F.);
#652=CARTESIAN_POINT('',(31.123317462109831,-7.692307577683377,0.0));
#653=VERTEX_POINT('',#652);
#654=CARTESIAN_POINT('',(33.123317462109981,-7.692307577683377,0.0));
#655=DIRECTION('',(-1.0,0.0,0.0));
#656=VECTOR('',#655,2.000000000000149);
#657=LINE('',#654,#656);
#658=EDGE_CURVE('',#371,#653,#657,.T.);
#659=ORIENTED_EDGE('',*,*,#658,.T.);
#660=CARTESIAN_POINT('',(31.123317462109831,-7.192307577683375,0.0));
#661=VERTEX_POINT('',#660);
#662=CARTESIAN_POINT('',(31.123317462109831,-7.692307577683380,0.0));
#663=DIRECTION('',(0.0,1.0,0.0));
#664=VECTOR('',#663,0.500000000000007);
#665=LINE('',#662,#664);
#666=EDGE_CURVE('',#653,#661,#665,.T.);
#667=ORIENTED_EDGE('',*,*,#666,.T.);
#668=CARTESIAN_POINT('',(33.623317462109974,-7.192307577683376,0.0));
#669=VERTEX_POINT('',#668);
#670=CARTESIAN_POINT('',(31.123317462109828,-7.192307577683375,0.0));
#671=DIRECTION('',(1.0,0.0,0.0));
#672=VECTOR('',#671,2.500000000000146);
#673=LINE('',#670,#672);
#674=EDGE_CURVE('',#661,#669,#673,.T.);
#675=ORIENTED_EDGE('',*,*,#674,.T.);
#676=CARTESIAN_POINT('',(33.623317462109974,-4.692307577683376,0.0));
#677=VERTEX_POINT('',#676);
#678=CARTESIAN_POINT('',(33.623317462109981,-7.192307577683380,0.0));
#679=DIRECTION('',(0.0,1.0,0.0));
#680=VECTOR('',#679,2.500000000000000);
#681=LINE('',#678,#680);
#682=EDGE_CURVE('',#669,#677,#681,.T.);
#683=ORIENTED_EDGE('',*,*,#682,.T.);
#684=CARTESIAN_POINT('',(33.623317462109974,-4.692307577683375,0.0));
#685=DIRECTION('',(1.0,0.0,0.0));
#686=VECTOR('',#685,0.500000000000007);
#687=LINE('',#684,#686);
#688=EDGE_CURVE('',#677,#613,#687,.T.);
#689=ORIENTED_EDGE('',*,*,#688,.T.);
#690=ORIENTED_EDGE('',*,*,#618,.T.);
#691=EDGE_LOOP('',(#651,#659,#667,#675,#683,#689,#690));
#692=FACE_OUTER_BOUND('',#691,.T.);
#693=ADVANCED_FACE('',(#692),#650,.F.);
#694=CARTESIAN_POINT('',(8.723317462109980,17.707692422316626,16.0));
#695=DIRECTION('',(0.0,0.0,1.0));
#696=DIRECTION('',(1.0,0.0,0.0));
#697=AXIS2_PLACEMENT_3D('',#694,#695,#696);
#698=PLANE('',#697);
#699=ORIENTED_EDGE('',*,*,#258,.F.);
#700=ORIENTED_EDGE('',*,*,#458,.F.);
#701=ORIENTED_EDGE('',*,*,#436,.F.);
#702=ORIENTED_EDGE('',*,*,#414,.F.);
#703=EDGE_LOOP('',(#699,#700,#701,#702));
#704=FACE_OUTER_BOUND('',#703,.T.);
#705=CARTESIAN_POINT('',(-15.026682537891482,38.957692422316363,16.0));
#706=VERTEX_POINT('',#705);
#707=CARTESIAN_POINT('',(-12.526682537891482,41.457692422316363,16.0));
#708=VERTEX_POINT('',#707);
#709=CARTESIAN_POINT('',(-12.526682537891482,38.957692422316363,16.0));
#710=DIRECTION('',(0.0,0.0,-1.0));
#711=DIRECTION('',(0.0,-1.0,0.0));
#712=AXIS2_PLACEMENT_3D('',#709,#710,#711);
#713=CIRCLE('',#712,2.500000000000000);
#714=EDGE_CURVE('',#706,#708,#713,.T.);
#715=ORIENTED_EDGE('',*,*,#714,.T.);
#716=CARTESIAN_POINT('',(29.973317462108522,41.457692422316377,16.0));
#717=VERTEX_POINT('',#716);
#718=CARTESIAN_POINT('',(-12.526682537891482,41.457692422316356,16.0));
#719=DIRECTION('',(1.0,0.0,0.0));
#720=VECTOR('',#719,42.500000000000000);
#721=LINE('',#718,#720);
#722=EDGE_CURVE('',#708,#717,#721,.T.);
#723=ORIENTED_EDGE('',*,*,#722,.T.);
#724=CARTESIAN_POINT('',(32.473317462108540,38.957692422316363,16.0));
#725=VERTEX_POINT('',#724);
#726=CARTESIAN_POINT('',(29.973317462108522,38.957692422316363,16.0));
#727=DIRECTION('',(0.0,0.0,-1.0));
#728=DIRECTION('',(-1.0,0.0,0.0));
#729=AXIS2_PLACEMENT_3D('',#726,#727,#728);
#730=CIRCLE('',#729,2.500000000000000);
#731=EDGE_CURVE('',#717,#725,#730,.T.);
#732=ORIENTED_EDGE('',*,*,#731,.T.);
#733=CARTESIAN_POINT('',(32.473317462108525,-3.542307577683732,16.0));
#734=VERTEX_POINT('',#733);
#735=CARTESIAN_POINT('',(32.473317462108540,38.957692422316363,16.0));
#736=DIRECTION('',(0.0,-1.0,0.0));
#737=VECTOR('',#736,42.500000000000099);
#738=LINE('',#735,#737);
#739=EDGE_CURVE('',#725,#734,#738,.T.);
#740=ORIENTED_EDGE('',*,*,#739,.T.);
#741=CARTESIAN_POINT('',(29.973317462108522,-6.042307577683732,16.0));
#742=VERTEX_POINT('',#741);
#743=CARTESIAN_POINT('',(29.973317462108522,-3.542307577683732,16.0));
#744=DIRECTION('',(0.0,0.0,-1.0));
#745=DIRECTION('',(0.0,1.0,0.0));
#746=AXIS2_PLACEMENT_3D('',#743,#744,#745);
#747=CIRCLE('',#746,2.500000000000000);
#748=EDGE_CURVE('',#734,#742,#747,.T.);
#749=ORIENTED_EDGE('',*,*,#748,.T.);
#750=CARTESIAN_POINT('',(-12.526682537891482,-6.042307577683732,16.0));
#751=VERTEX_POINT('',#750);
#752=CARTESIAN_POINT('',(29.973317462108522,-6.042307577683732,16.0));
#753=DIRECTION('',(-1.0,0.0,0.0));
#754=VECTOR('',#753,42.500000000000007);
#755=LINE('',#752,#754);
#756=EDGE_CURVE('',#742,#751,#755,.T.);
#757=ORIENTED_EDGE('',*,*,#756,.T.);
#758=CARTESIAN_POINT('',(-15.026682537891482,-3.542307577683732,16.0));
#759=VERTEX_POINT('',#758);
#760=CARTESIAN_POINT('',(-12.526682537891482,-3.542307577683732,16.0));
#761=DIRECTION('',(0.0,0.0,-1.0));
#762=DIRECTION('',(1.0,0.0,0.0));
#763=AXIS2_PLACEMENT_3D('',#760,#761,#762);
#764=CIRCLE('',#763,2.500000000000000);
#765=EDGE_CURVE('',#751,#759,#764,.T.);
#766=ORIENTED_EDGE('',*,*,#765,.T.);
#767=CARTESIAN_POINT('',(-15.026682537891482,-3.542307577683733,16.0));
#768=DIRECTION('',(0.0,1.0,0.0));
#769=VECTOR('',#768,42.500000000000099);
#770=LINE('',#767,#769);
#771=EDGE_CURVE('',#759,#706,#770,.T.);
#772=ORIENTED_EDGE('',*,*,#771,.T.);
#773=EDGE_LOOP('',(#715,#723,#732,#740,#749,#757,#766,#772));
#774=FACE_BOUND('',#773,.T.);
#775=ADVANCED_FACE('',(#704,#774),#698,.T.);
#776=CARTESIAN_POINT('',(-12.526682537891482,38.957692422316363,16.0));
#777=DIRECTION('',(0.0,0.0,-1.0));
#778=DIRECTION('',(0.0,-1.0,0.0));
#779=AXIS2_PLACEMENT_3D('',#776,#777,#778);
#780=CYLINDRICAL_SURFACE('',#779,2.500000000000000);
#781=CARTESIAN_POINT('',(-12.526682537891482,41.457692422316363,15.950000000000003));
#782=VERTEX_POINT('',#781);
#783=CARTESIAN_POINT('',(-15.026682537891482,38.957692422316363,15.950000000000003));
#784=VERTEX_POINT('',#783);
#785=CARTESIAN_POINT('',(-12.526682537891482,38.957692422316363,15.950000000000003));
#786=DIRECTION('',(0.0,0.0,1.0));
#787=DIRECTION('',(0.0,-1.0,0.0));
#788=AXIS2_PLACEMENT_3D('',#785,#786,#787);
#789=CIRCLE('',#788,2.500000000000000);
#790=EDGE_CURVE('',#782,#784,#789,.T.);
#791=ORIENTED_EDGE('',*,*,#790,.F.);
#792=CARTESIAN_POINT('',(-12.526682537891482,41.457692422316363,16.0));
#793=DIRECTION('',(0.0,0.0,-1.0));
#794=VECTOR('',#793,0.049999999999999);
#795=LINE('',#792,#794);
#796=EDGE_CURVE('',#708,#782,#795,.T.);
#797=ORIENTED_EDGE('',*,*,#796,.F.);
#798=ORIENTED_EDGE('',*,*,#714,.F.);
#799=CARTESIAN_POINT('',(-15.026682537891482,38.957692422316363,16.0));
#800=DIRECTION('',(0.0,0.0,-1.0));
#801=VECTOR('',#800,0.049999999999999);
#802=LINE('',#799,#801);
#803=EDGE_CURVE('',#706,#784,#802,.T.);
#804=ORIENTED_EDGE('',*,*,#803,.T.);
#805=EDGE_LOOP('',(#791,#797,#798,#804));
#806=FACE_OUTER_BOUND('',#805,.T.);
#807=ADVANCED_FACE('',(#806),#780,.F.);
#808=CARTESIAN_POINT('',(-15.026682537891482,38.957692422316363,16.0));
#809=DIRECTION('',(-1.0,0.0,0.0));
#810=DIRECTION('',(0.0,0.0,1.0));
#811=AXIS2_PLACEMENT_3D('',#808,#809,#810);
#812=PLANE('',#811);
#813=CARTESIAN_POINT('',(-15.026682537891482,-3.542307577683732,15.950000000000003));
#814=VERTEX_POINT('',#813);
#815=CARTESIAN_POINT('',(-15.026682537891482,38.957692422316356,15.950000000000003));
#816=DIRECTION('',(0.0,-1.0,0.0));
#817=VECTOR('',#816,42.500000000000085);
#818=LINE('',#815,#817);
#819=EDGE_CURVE('',#784,#814,#818,.T.);
#820=ORIENTED_EDGE('',*,*,#819,.F.);
#821=ORIENTED_EDGE('',*,*,#803,.F.);
#822=ORIENTED_EDGE('',*,*,#771,.F.);
#823=CARTESIAN_POINT('',(-15.026682537891482,-3.542307577683732,16.0));
#824=DIRECTION('',(0.0,0.0,-1.0));
#825=VECTOR('',#824,0.049999999999999);
#826=LINE('',#823,#825);
#827=EDGE_CURVE('',#759,#814,#826,.T.);
#828=ORIENTED_EDGE('',*,*,#827,.T.);
#829=EDGE_LOOP('',(#820,#821,#822,#828));
#830=FACE_OUTER_BOUND('',#829,.T.);
#831=ADVANCED_FACE('',(#830),#812,.F.);
#832=CARTESIAN_POINT('',(-12.526682537891482,-3.542307577683732,16.0));
#833=DIRECTION('',(0.0,0.0,-1.0));
#834=DIRECTION('',(1.0,0.0,0.0));
#835=AXIS2_PLACEMENT_3D('',#832,#833,#834);
#836=CYLINDRICAL_SURFACE('',#835,2.500000000000000);
#837=CARTESIAN_POINT('',(-12.526682537891482,-6.042307577683732,15.950000000000003));
#838=VERTEX_POINT('',#837);
#839=CARTESIAN_POINT('',(-12.526682537891482,-3.542307577683732,15.950000000000003));
#840=DIRECTION('',(0.0,0.0,1.0));
#841=DIRECTION('',(1.0,0.0,0.0));
#842=AXIS2_PLACEMENT_3D('',#839,#840,#841);
#843=CIRCLE('',#842,2.500000000000000);
#844=EDGE_CURVE('',#814,#838,#843,.T.);
#845=ORIENTED_EDGE('',*,*,#844,.F.);
#846=ORIENTED_EDGE('',*,*,#827,.F.);
#847=ORIENTED_EDGE('',*,*,#765,.F.);
#848=CARTESIAN_POINT('',(-12.526682537891482,-6.042307577683732,16.0));
#849=DIRECTION('',(0.0,0.0,-1.0));
#850=VECTOR('',#849,0.049999999999999);
#851=LINE('',#848,#850);
#852=EDGE_CURVE('',#751,#838,#851,.T.);
#853=ORIENTED_EDGE('',*,*,#852,.T.);
#854=EDGE_LOOP('',(#845,#846,#847,#853));
#855=FACE_OUTER_BOUND('',#854,.T.);
#856=ADVANCED_FACE('',(#855),#836,.F.);
#857=CARTESIAN_POINT('',(-12.526682537891482,-6.042307577683732,16.0));
#858=DIRECTION('',(0.0,-1.0,0.0));
#859=DIRECTION('',(0.0,0.0,-1.0));
#860=AXIS2_PLACEMENT_3D('',#857,#858,#859);
#861=PLANE('',#860);
#862=CARTESIAN_POINT('',(29.973317462108522,-6.042307577683732,15.950000000000003));
#863=VERTEX_POINT('',#862);
#864=CARTESIAN_POINT('',(-12.526682537891478,-6.042307577683732,15.950000000000003));
#865=DIRECTION('',(1.0,0.0,0.0));
#866=VECTOR('',#865,42.500000000000000);
#867=LINE('',#864,#866);
#868=EDGE_CURVE('',#838,#863,#867,.T.);
#869=ORIENTED_EDGE('',*,*,#868,.F.);
#870=ORIENTED_EDGE('',*,*,#852,.F.);
#871=ORIENTED_EDGE('',*,*,#756,.F.);
#872=CARTESIAN_POINT('',(29.973317462108522,-6.042307577683732,16.0));
#873=DIRECTION('',(0.0,0.0,-1.0));
#874=VECTOR('',#873,0.049999999999999);
#875=LINE('',#872,#874);
#876=EDGE_CURVE('',#742,#863,#875,.T.);
#877=ORIENTED_EDGE('',*,*,#876,.T.);
#878=EDGE_LOOP('',(#869,#870,#871,#877));
#879=FACE_OUTER_BOUND('',#878,.T.);
#880=ADVANCED_FACE('',(#879),#861,.F.);
#881=CARTESIAN_POINT('',(29.973317462108522,-3.542307577683732,16.0));
#882=DIRECTION('',(0.0,0.0,-1.0));
#883=DIRECTION('',(0.0,1.0,0.0));
#884=AXIS2_PLACEMENT_3D('',#881,#882,#883);
#885=CYLINDRICAL_SURFACE('',#884,2.500000000000000);
#886=CARTESIAN_POINT('',(32.473317462108525,-3.542307577683732,15.950000000000003));
#887=VERTEX_POINT('',#886);
#888=CARTESIAN_POINT('',(29.973317462108522,-3.542307577683732,15.950000000000003));
#889=DIRECTION('',(0.0,0.0,1.0));
#890=DIRECTION('',(0.0,1.0,0.0));
#891=AXIS2_PLACEMENT_3D('',#888,#889,#890);
#892=CIRCLE('',#891,2.500000000000000);
#893=EDGE_CURVE('',#863,#887,#892,.T.);
#894=ORIENTED_EDGE('',*,*,#893,.F.);
#895=ORIENTED_EDGE('',*,*,#876,.F.);
#896=ORIENTED_EDGE('',*,*,#748,.F.);
#897=CARTESIAN_POINT('',(32.473317462108525,-3.542307577683732,16.0));
#898=DIRECTION('',(0.0,0.0,-1.0));
#899=VECTOR('',#898,0.049999999999999);
#900=LINE('',#897,#899);
#901=EDGE_CURVE('',#734,#887,#900,.T.);
#902=ORIENTED_EDGE('',*,*,#901,.T.);
#903=EDGE_LOOP('',(#894,#895,#896,#902));
#904=FACE_OUTER_BOUND('',#903,.T.);
#905=ADVANCED_FACE('',(#904),#885,.F.);
#906=CARTESIAN_POINT('',(32.473317462108525,-3.542307577683732,16.0));
#907=DIRECTION('',(1.0,0.0,0.0));
#908=DIRECTION('',(0.0,0.0,-1.0));
#909=AXIS2_PLACEMENT_3D('',#906,#907,#908);
#910=PLANE('',#909);
#911=CARTESIAN_POINT('',(32.473317462108540,38.957692422316363,15.950000000000003));
#912=VERTEX_POINT('',#911);
#913=CARTESIAN_POINT('',(32.473317462108525,-3.542307577683722,15.950000000000003));
#914=DIRECTION('',(0.0,1.0,0.0));
#915=VECTOR('',#914,42.500000000000085);
#916=LINE('',#913,#915);
#917=EDGE_CURVE('',#887,#912,#916,.T.);
#918=ORIENTED_EDGE('',*,*,#917,.F.);
#919=ORIENTED_EDGE('',*,*,#901,.F.);
#920=ORIENTED_EDGE('',*,*,#739,.F.);
#921=CARTESIAN_POINT('',(32.473317462108540,38.957692422316363,16.0));
#922=DIRECTION('',(0.0,0.0,-1.0));
#923=VECTOR('',#922,0.049999999999999);
#924=LINE('',#921,#923);
#925=EDGE_CURVE('',#725,#912,#924,.T.);
#926=ORIENTED_EDGE('',*,*,#925,.T.);
#927=EDGE_LOOP('',(#918,#919,#920,#926));
#928=FACE_OUTER_BOUND('',#927,.T.);
#929=ADVANCED_FACE('',(#928),#910,.F.);
#930=CARTESIAN_POINT('',(29.973317462108522,38.957692422316363,16.0));
#931=DIRECTION('',(0.0,0.0,-1.0));
#932=DIRECTION('',(-1.0,0.0,0.0));
#933=AXIS2_PLACEMENT_3D('',#930,#931,#932);
#934=CYLINDRICAL_SURFACE('',#933,2.500000000000000);
#935=CARTESIAN_POINT('',(29.973317462108522,41.457692422316377,15.950000000000003));
#936=VERTEX_POINT('',#935);
#937=CARTESIAN_POINT('',(29.973317462108522,38.957692422316363,15.950000000000003));
#938=DIRECTION('',(0.0,0.0,1.0));
#939=DIRECTION('',(-1.0,0.0,0.0));
#940=AXIS2_PLACEMENT_3D('',#937,#938,#939);
#941=CIRCLE('',#940,2.500000000000000);
#942=EDGE_CURVE('',#912,#936,#941,.T.);
#943=ORIENTED_EDGE('',*,*,#942,.F.);
#944=ORIENTED_EDGE('',*,*,#925,.F.);
#945=ORIENTED_EDGE('',*,*,#731,.F.);
#946=CARTESIAN_POINT('',(29.973317462108522,41.457692422316377,16.0));
#947=DIRECTION('',(0.0,0.0,-1.0));
#948=VECTOR('',#947,0.049999999999999);
#949=LINE('',#946,#948);
#950=EDGE_CURVE('',#717,#936,#949,.T.);
#951=ORIENTED_EDGE('',*,*,#950,.T.);
#952=EDGE_LOOP('',(#943,#944,#945,#951));
#953=FACE_OUTER_BOUND('',#952,.T.);
#954=ADVANCED_FACE('',(#953),#934,.F.);
#955=CARTESIAN_POINT('',(29.973317462108522,41.457692422316377,16.0));
#956=DIRECTION('',(0.0,1.0,0.0));
#957=DIRECTION('',(0.0,0.0,1.0));
#958=AXIS2_PLACEMENT_3D('',#955,#956,#957);
#959=PLANE('',#958);
#960=CARTESIAN_POINT('',(29.973317462108518,41.457692422316384,15.950000000000003));
#961=DIRECTION('',(-1.0,0.0,0.0));
#962=VECTOR('',#961,42.500000000000000);
#963=LINE('',#960,#962);
#964=EDGE_CURVE('',#936,#782,#963,.T.);
#965=ORIENTED_EDGE('',*,*,#964,.F.);
#966=ORIENTED_EDGE('',*,*,#950,.F.);
#967=ORIENTED_EDGE('',*,*,#722,.F.);
#968=ORIENTED_EDGE('',*,*,#796,.T.);
#969=EDGE_LOOP('',(#965,#966,#967,#968));
#970=FACE_OUTER_BOUND('',#969,.T.);
#971=ADVANCED_FACE('',(#970),#959,.F.);
#972=CARTESIAN_POINT('',(8.723317462108525,17.707692422316313,15.950000000000003));
#973=DIRECTION('',(0.0,0.0,1.0));
#974=DIRECTION('',(1.0,0.0,0.0));
#975=AXIS2_PLACEMENT_3D('',#972,#973,#974);
#976=PLANE('',#975);
#977=ORIENTED_EDGE('',*,*,#790,.T.);
#978=ORIENTED_EDGE('',*,*,#819,.T.);
#979=ORIENTED_EDGE('',*,*,#844,.T.);
#980=ORIENTED_EDGE('',*,*,#868,.T.);
#981=ORIENTED_EDGE('',*,*,#893,.T.);
#982=ORIENTED_EDGE('',*,*,#917,.T.);
#983=ORIENTED_EDGE('',*,*,#942,.T.);
#984=ORIENTED_EDGE('',*,*,#964,.T.);
#985=EDGE_LOOP('',(#977,#978,#979,#980,#981,#982,#983,#984));
#986=FACE_OUTER_BOUND('',#985,.T.);
#987=ADVANCED_FACE('',(#986),#976,.T.);
#988=CARTESIAN_POINT('',(-13.676682537893033,43.107692422316632,-2.664535E-014));
#989=DIRECTION('',(-1.0,0.0,-1.776357E-013));
#990=DIRECTION('',(-1.776357E-013,0.0,1.0));
#991=AXIS2_PLACEMENT_3D('',#988,#989,#990);
#992=PLANE('',#991);
#993=CARTESIAN_POINT('',(-13.676682537893122,-7.192307577683375,0.499999999999972));
#994=VERTEX_POINT('',#993);
#995=CARTESIAN_POINT('',(-13.676682537893033,-7.192307577683375,-2.664535E-014));
#996=VERTEX_POINT('',#995);
#997=CARTESIAN_POINT('',(-13.676682537893118,-7.192307577683379,0.499999999999972));
#998=DIRECTION('',(1.776357E-013,0.0,-1.0));
#999=VECTOR('',#998,0.499999999999998);
#1000=LINE('',#997,#999);
#1001=EDGE_CURVE('',#994,#996,#1000,.T.);
#1002=ORIENTED_EDGE('',*,*,#1001,.F.);
#1003=CARTESIAN_POINT('',(-13.676682537893122,-7.692307577683373,0.499999999999972));
#1004=VERTEX_POINT('',#1003);
#1005=CARTESIAN_POINT('',(-13.676682537893122,-7.192307577683373,0.499999999999972));
#1006=DIRECTION('',(0.0,-1.0,0.0));
#1007=VECTOR('',#1006,0.499999999999993);
#1008=LINE('',#1005,#1007);
#1009=EDGE_CURVE('',#994,#1004,#1008,.T.);
#1010=ORIENTED_EDGE('',*,*,#1009,.T.);
#1011=CARTESIAN_POINT('',(-13.676682537893033,-7.692307577683373,-2.664535E-014));
#1012=VERTEX_POINT('',#1011);
#1013=CARTESIAN_POINT('',(-13.676682537893035,-7.692307577683375,-2.664535E-014));
#1014=DIRECTION('',(-1.776357E-013,0.0,1.0));
#1015=VECTOR('',#1014,0.499999999999998);
#1016=LINE('',#1013,#1015);
#1017=EDGE_CURVE('',#1012,#1004,#1016,.T.);
#1018=ORIENTED_EDGE('',*,*,#1017,.F.);
#1019=CARTESIAN_POINT('',(-13.676682537893033,-7.192307577683373,0.0));
#1020=DIRECTION('',(0.0,-1.0,0.0));
#1021=VECTOR('',#1020,0.500000000000000);
#1022=LINE('',#1019,#1021);
#1023=EDGE_CURVE('',#996,#1012,#1022,.T.);
#1024=ORIENTED_EDGE('',*,*,#1023,.F.);
#1025=EDGE_LOOP('',(#1002,#1010,#1018,#1024));
#1026=FACE_OUTER_BOUND('',#1025,.T.);
#1027=ADVANCED_FACE('',(#1026),#992,.F.);
#1028=CARTESIAN_POINT('',(-13.676682537893122,43.107692422316632,0.499999999999972));
#1029=DIRECTION('',(0.0,0.0,1.0));
#1030=DIRECTION('',(1.0,0.0,0.0));
#1031=AXIS2_PLACEMENT_3D('',#1028,#1029,#1030);
#1032=PLANE('',#1031);
#1033=CARTESIAN_POINT('',(31.123317462109952,-7.192307577683375,0.499999999999954));
#1034=VERTEX_POINT('',#1033);
#1035=CARTESIAN_POINT('',(31.123317462109952,-7.192307577683379,0.499999999999954));
#1036=DIRECTION('',(-1.0,0.0,0.0));
#1037=VECTOR('',#1036,44.800000000003074);
#1038=LINE('',#1035,#1037);
#1039=EDGE_CURVE('',#1034,#994,#1038,.T.);
#1040=ORIENTED_EDGE('',*,*,#1039,.F.);
#1041=CARTESIAN_POINT('',(31.123317462109952,-7.692307577683373,0.499999999999954));
#1042=VERTEX_POINT('',#1041);
#1043=CARTESIAN_POINT('',(31.123317462109952,-7.192307577683373,0.499999999999954));
#1044=DIRECTION('',(0.0,-1.0,0.0));
#1045=VECTOR('',#1044,0.499999999999993);
#1046=LINE('',#1043,#1045);
#1047=EDGE_CURVE('',#1034,#1042,#1046,.T.);
#1048=ORIENTED_EDGE('',*,*,#1047,.T.);
#1049=CARTESIAN_POINT('',(-13.676682537893123,-7.692307577683375,0.499999999999972));
#1050=DIRECTION('',(1.0,0.0,0.0));
#1051=VECTOR('',#1050,44.800000000003074);
#1052=LINE('',#1049,#1051);
#1053=EDGE_CURVE('',#1004,#1042,#1052,.T.);
#1054=ORIENTED_EDGE('',*,*,#1053,.F.);
#1055=ORIENTED_EDGE('',*,*,#1009,.F.);
#1056=EDGE_LOOP('',(#1040,#1048,#1054,#1055));
#1057=FACE_OUTER_BOUND('',#1056,.T.);
#1058=ADVANCED_FACE('',(#1057),#1032,.F.);
#1059=CARTESIAN_POINT('',(-13.676682537893122,43.107692422316632,0.499999999999972));
#1060=DIRECTION('',(0.0,0.0,1.0));
#1061=DIRECTION('',(1.0,0.0,0.0));
#1062=AXIS2_PLACEMENT_3D('',#1059,#1060,#1061);
#1063=PLANE('',#1062);
#1064=CARTESIAN_POINT('',(-13.676682537893122,42.607692422315893,0.499999999999972));
#1065=VERTEX_POINT('',#1064);
#1066=CARTESIAN_POINT('',(31.123317462109952,42.607692422315893,0.499999999999954));
#1067=VERTEX_POINT('',#1066);
#1068=CARTESIAN_POINT('',(-13.676682537893122,42.607692422315893,0.499999999999972));
#1069=DIRECTION('',(1.0,0.0,0.0));
#1070=VECTOR('',#1069,44.800000000003067);
#1071=LINE('',#1068,#1070);
#1072=EDGE_CURVE('',#1065,#1067,#1071,.T.);
#1073=ORIENTED_EDGE('',*,*,#1072,.F.);
#1074=CARTESIAN_POINT('',(-13.676682537893122,43.107692422316632,0.499999999999972));
#1075=DIRECTION('',(0.0,-1.0,0.0));
#1076=VECTOR('',#1075,0.500000000000739);
#1077=LINE('',#1074,#1076);
#1078=EDGE_CURVE('',#488,#1065,#1077,.T.);
#1079=ORIENTED_EDGE('',*,*,#1078,.F.);
#1080=ORIENTED_EDGE('',*,*,#493,.F.);
#1081=CARTESIAN_POINT('',(31.123317462109952,43.107692422316632,0.499999999999954));
#1082=DIRECTION('',(0.0,-1.0,0.0));
#1083=VECTOR('',#1082,0.500000000000739);
#1084=LINE('',#1081,#1083);
#1085=EDGE_CURVE('',#480,#1067,#1084,.T.);
#1086=ORIENTED_EDGE('',*,*,#1085,.T.);
#1087=EDGE_LOOP('',(#1073,#1079,#1080,#1086));
#1088=FACE_OUTER_BOUND('',#1087,.T.);
#1089=ADVANCED_FACE('',(#1088),#1063,.F.);
#1090=CARTESIAN_POINT('',(31.123317462109952,43.107692422316632,0.499999999999954));
#1091=DIRECTION('',(1.0,0.0,-2.486900E-013));
#1092=DIRECTION('',(-2.486900E-013,0.0,-1.0));
#1093=AXIS2_PLACEMENT_3D('',#1090,#1091,#1092);
#1094=PLANE('',#1093);
#1095=CARTESIAN_POINT('',(31.123317462109831,-7.192307577683379,0.0));
#1096=DIRECTION('',(2.415845E-013,0.0,1.0));
#1097=VECTOR('',#1096,0.499999999999954);
#1098=LINE('',#1095,#1097);
#1099=EDGE_CURVE('',#661,#1034,#1098,.T.);
#1100=ORIENTED_EDGE('',*,*,#1099,.F.);
#1101=ORIENTED_EDGE('',*,*,#666,.F.);
#1102=CARTESIAN_POINT('',(31.123317462109952,-7.692307577683375,0.499999999999954));
#1103=DIRECTION('',(-2.415845E-013,0.0,-1.0));
#1104=VECTOR('',#1103,0.499999999999954);
#1105=LINE('',#1102,#1104);
#1106=EDGE_CURVE('',#1042,#653,#1105,.T.);
#1107=ORIENTED_EDGE('',*,*,#1106,.F.);
#1108=ORIENTED_EDGE('',*,*,#1047,.F.);
#1109=EDGE_LOOP('',(#1100,#1101,#1107,#1108));
#1110=FACE_OUTER_BOUND('',#1109,.T.);
#1111=ADVANCED_FACE('',(#1110),#1094,.F.);
#1112=CARTESIAN_POINT('',(31.123317462109952,43.107692422316632,0.499999999999954));
#1113=DIRECTION('',(1.0,0.0,-2.486900E-013));
#1114=DIRECTION('',(-2.486900E-013,0.0,-1.0));
#1115=AXIS2_PLACEMENT_3D('',#1112,#1113,#1114);
#1116=PLANE('',#1115);
#1117=CARTESIAN_POINT('',(31.123317462109956,42.607692422315893,0.499999999999954));
#1118=DIRECTION('',(-2.486900E-013,0.0,-1.0));
#1119=VECTOR('',#1118,0.500000000002370);
#1120=LINE('',#1117,#1119);
#1121=EDGE_CURVE('',#1067,#587,#1120,.T.);
#1122=ORIENTED_EDGE('',*,*,#1121,.F.);
#1123=ORIENTED_EDGE('',*,*,#1085,.F.);
#1124=ORIENTED_EDGE('',*,*,#485,.F.);
#1125=ORIENTED_EDGE('',*,*,#598,.F.);
#1126=EDGE_LOOP('',(#1122,#1123,#1124,#1125));
#1127=FACE_OUTER_BOUND('',#1126,.T.);
#1128=ADVANCED_FACE('',(#1127),#1116,.F.);
#1129=CARTESIAN_POINT('',(-13.676682537893033,43.107692422316632,-2.664535E-014));
#1130=DIRECTION('',(-1.0,0.0,-1.776357E-013));
#1131=DIRECTION('',(-1.776357E-013,0.0,1.0));
#1132=AXIS2_PLACEMENT_3D('',#1129,#1130,#1131);
#1133=PLANE('',#1132);
#1134=CARTESIAN_POINT('',(-13.676682537893033,42.607692422315893,-2.664535E-014));
#1135=VERTEX_POINT('',#1134);
#1136=CARTESIAN_POINT('',(-13.676682537893035,42.607692422315893,-2.664535E-014));
#1137=DIRECTION('',(-1.776357E-013,0.0,1.0));
#1138=VECTOR('',#1137,0.499999999999998);
#1139=LINE('',#1136,#1138);
#1140=EDGE_CURVE('',#1135,#1065,#1139,.T.);
#1141=ORIENTED_EDGE('',*,*,#1140,.F.);
#1142=CARTESIAN_POINT('',(-13.676682537893033,43.107692422316632,0.0));
#1143=DIRECTION('',(0.0,-1.0,0.0));
#1144=VECTOR('',#1143,0.500000000000739);
#1145=LINE('',#1142,#1144);
#1146=EDGE_CURVE('',#496,#1135,#1145,.T.);
#1147=ORIENTED_EDGE('',*,*,#1146,.F.);
#1148=ORIENTED_EDGE('',*,*,#501,.F.);
#1149=ORIENTED_EDGE('',*,*,#1078,.T.);
#1150=EDGE_LOOP('',(#1141,#1147,#1148,#1149));
#1151=FACE_OUTER_BOUND('',#1150,.T.);
#1152=ADVANCED_FACE('',(#1151),#1133,.F.);
#1153=CARTESIAN_POINT('',(-16.176682537893061,42.607692422315893,0.0));
#1154=DIRECTION('',(0.0,1.0,0.0));
#1155=DIRECTION('',(0.0,0.0,1.0));
#1156=AXIS2_PLACEMENT_3D('',#1153,#1154,#1155);
#1157=PLANE('',#1156);
#1158=ORIENTED_EDGE('',*,*,#1140,.T.);
#1159=ORIENTED_EDGE('',*,*,#1072,.T.);
#1160=ORIENTED_EDGE('',*,*,#1121,.T.);
#1161=ORIENTED_EDGE('',*,*,#592,.F.);
#1162=CARTESIAN_POINT('',(33.623317462109974,42.607692422315893,15.500000000000000));
#1163=VERTEX_POINT('',#1162);
#1164=CARTESIAN_POINT('',(33.623317462109974,42.607692422315893,0.0));
#1165=DIRECTION('',(0.0,0.0,1.0));
#1166=VECTOR('',#1165,15.500000000000000);
#1167=LINE('',#1164,#1166);
#1168=EDGE_CURVE('',#579,#1163,#1167,.T.);
#1169=ORIENTED_EDGE('',*,*,#1168,.T.);
#1170=CARTESIAN_POINT('',(-16.176682537893061,42.607692422315893,15.500000000000000));
#1171=VERTEX_POINT('',#1170);
#1172=CARTESIAN_POINT('',(-16.176682537893065,42.607692422315893,15.500000000000000));
#1173=DIRECTION('',(1.0,0.0,0.0));
#1174=VECTOR('',#1173,49.800000000003038);
#1175=LINE('',#1172,#1174);
#1176=EDGE_CURVE('',#1171,#1163,#1175,.T.);
#1177=ORIENTED_EDGE('',*,*,#1176,.F.);
#1178=CARTESIAN_POINT('',(-16.176682537893061,42.607692422315893,0.0));
#1179=VERTEX_POINT('',#1178);
#1180=CARTESIAN_POINT('',(-16.176682537893061,42.607692422315893,0.0));
#1181=DIRECTION('',(0.0,0.0,1.0));
#1182=VECTOR('',#1181,15.500000000000000);
#1183=LINE('',#1180,#1182);
#1184=EDGE_CURVE('',#1179,#1171,#1183,.T.);
#1185=ORIENTED_EDGE('',*,*,#1184,.F.);
#1186=CARTESIAN_POINT('',(-13.676682537893033,42.607692422315893,0.0));
#1187=DIRECTION('',(-1.0,0.0,0.0));
#1188=VECTOR('',#1187,2.500000000000028);
#1189=LINE('',#1186,#1188);
#1190=EDGE_CURVE('',#1135,#1179,#1189,.T.);
#1191=ORIENTED_EDGE('',*,*,#1190,.F.);
#1192=EDGE_LOOP('',(#1158,#1159,#1160,#1161,#1169,#1177,#1185,#1191));
#1193=FACE_OUTER_BOUND('',#1192,.T.);
#1194=CARTESIAN_POINT('',(22.873317462110016,42.607692422316632,2.199999999997084));
#1195=VERTEX_POINT('',#1194);
#1196=CARTESIAN_POINT('',(22.123317462110013,42.607692422315893,2.199999999997084));
#1197=DIRECTION('',(0.0,1.0,0.0));
#1198=DIRECTION('',(-1.0,0.0,0.0));
#1199=AXIS2_PLACEMENT_3D('',#1196,#1197,#1198);
#1200=CIRCLE('',#1199,0.750000000000000);
#1201=EDGE_CURVE('',#1195,#1195,#1200,.T.);
#1202=ORIENTED_EDGE('',*,*,#1201,.T.);
#1203=EDGE_LOOP('',(#1202));
#1204=FACE_BOUND('',#1203,.T.);
#1205=CARTESIAN_POINT('',(22.873317462109995,42.607692422316632,13.900000000001533));
#1206=VERTEX_POINT('',#1205);
#1207=CARTESIAN_POINT('',(22.123317462109995,42.607692422315893,13.900000000001533));
#1208=DIRECTION('',(0.0,1.0,0.0));
#1209=DIRECTION('',(-1.0,0.0,0.0));
#1210=AXIS2_PLACEMENT_3D('',#1207,#1208,#1209);
#1211=CIRCLE('',#1210,0.750000000000000);
#1212=EDGE_CURVE('',#1206,#1206,#1211,.T.);
#1213=ORIENTED_EDGE('',*,*,#1212,.T.);
#1214=EDGE_LOOP('',(#1213));
#1215=FACE_BOUND('',#1214,.T.);
#1216=CARTESIAN_POINT('',(-3.926682537885719,42.607692422316632,2.199999999997049));
#1217=VERTEX_POINT('',#1216);
#1218=CARTESIAN_POINT('',(-4.676682537885720,42.607692422315893,2.199999999997049));
#1219=DIRECTION('',(0.0,1.0,0.0));
#1220=DIRECTION('',(-1.0,0.0,0.0));
#1221=AXIS2_PLACEMENT_3D('',#1218,#1219,#1220);
#1222=CIRCLE('',#1221,0.750000000000000);
#1223=EDGE_CURVE('',#1217,#1217,#1222,.T.);
#1224=ORIENTED_EDGE('',*,*,#1223,.T.);
#1225=EDGE_LOOP('',(#1224));
#1226=FACE_BOUND('',#1225,.T.);
#1227=CARTESIAN_POINT('',(-3.926682537885648,42.607692422316632,13.900000000001445));
#1228=VERTEX_POINT('',#1227);
#1229=CARTESIAN_POINT('',(-4.676682537885649,42.607692422315893,13.900000000001445));
#1230=DIRECTION('',(0.0,1.0,0.0));
#1231=DIRECTION('',(-1.0,0.0,0.0));
#1232=AXIS2_PLACEMENT_3D('',#1229,#1230,#1231);
#1233=CIRCLE('',#1232,0.750000000000000);
#1234=EDGE_CURVE('',#1228,#1228,#1233,.T.);
#1235=ORIENTED_EDGE('',*,*,#1234,.T.);
#1236=EDGE_LOOP('',(#1235));
#1237=FACE_BOUND('',#1236,.T.);
#1238=ADVANCED_FACE('',(#1193,#1204,#1215,#1226,#1237),#1157,.F.);
#1239=CARTESIAN_POINT('',(34.123317462109981,-7.692307577683377,0.0));
#1240=DIRECTION('',(0.0,-1.0,0.0));
#1241=DIRECTION('',(0.0,0.0,-1.0));
#1242=AXIS2_PLACEMENT_3D('',#1239,#1240,#1241);
#1243=PLANE('',#1242);
#1244=ORIENTED_EDGE('',*,*,#318,.F.);
#1245=CARTESIAN_POINT('',(-13.676682537893029,-7.692307577683377,0.0));
#1246=DIRECTION('',(-1.0,0.0,0.0));
#1247=VECTOR('',#1246,1.999999999996987);
#1248=LINE('',#1245,#1247);
#1249=EDGE_CURVE('',#1012,#306,#1248,.T.);
#1250=ORIENTED_EDGE('',*,*,#1249,.F.);
#1251=ORIENTED_EDGE('',*,*,#1017,.T.);
#1252=ORIENTED_EDGE('',*,*,#1053,.T.);
#1253=ORIENTED_EDGE('',*,*,#1106,.T.);
#1254=ORIENTED_EDGE('',*,*,#658,.F.);
#1255=ORIENTED_EDGE('',*,*,#392,.F.);
#1256=ORIENTED_EDGE('',*,*,#429,.F.);
#1257=EDGE_LOOP('',(#1244,#1250,#1251,#1252,#1253,#1254,#1255,#1256));
#1258=FACE_OUTER_BOUND('',#1257,.T.);
#1259=CARTESIAN_POINT('',(22.873317462109995,-7.692307577683377,13.800000000003065));
#1260=VERTEX_POINT('',#1259);
#1261=CARTESIAN_POINT('',(22.123317462109995,-7.692307577683377,13.800000000003065));
#1262=DIRECTION('',(0.0,1.0,0.0));
#1263=DIRECTION('',(-1.0,0.0,0.0));
#1264=AXIS2_PLACEMENT_3D('',#1261,#1262,#1263);
#1265=CIRCLE('',#1264,0.750000000000000);
#1266=EDGE_CURVE('',#1260,#1260,#1265,.T.);
#1267=ORIENTED_EDGE('',*,*,#1266,.T.);
#1268=EDGE_LOOP('',(#1267));
#1269=FACE_BOUND('',#1268,.T.);
#1270=CARTESIAN_POINT('',(22.873317462109924,-7.692307577683377,2.099999999998650));
#1271=VERTEX_POINT('',#1270);
#1272=CARTESIAN_POINT('',(22.123317462109924,-7.692307577683377,2.099999999998650));
#1273=DIRECTION('',(0.0,1.0,0.0));
#1274=DIRECTION('',(-1.0,0.0,0.0));
#1275=AXIS2_PLACEMENT_3D('',#1272,#1273,#1274);
#1276=CIRCLE('',#1275,0.750000000000000);
#1277=EDGE_CURVE('',#1271,#1271,#1276,.T.);
#1278=ORIENTED_EDGE('',*,*,#1277,.T.);
#1279=EDGE_LOOP('',(#1278));
#1280=FACE_BOUND('',#1279,.T.);
#1281=CARTESIAN_POINT('',(-3.926682537885526,-7.692307577683377,13.800000000002994));
#1282=VERTEX_POINT('',#1281);
#1283=CARTESIAN_POINT('',(-4.676682537885526,-7.692307577683377,13.800000000002994));
#1284=DIRECTION('',(0.0,1.0,0.0));
#1285=DIRECTION('',(-1.0,0.0,0.0));
#1286=AXIS2_PLACEMENT_3D('',#1283,#1284,#1285);
#1287=CIRCLE('',#1286,0.750000000000000);
#1288=EDGE_CURVE('',#1282,#1282,#1287,.T.);
#1289=ORIENTED_EDGE('',*,*,#1288,.T.);
#1290=EDGE_LOOP('',(#1289));
#1291=FACE_BOUND('',#1290,.T.);
#1292=CARTESIAN_POINT('',(-3.926682537885588,-7.692307577683377,2.099999999998623));
#1293=VERTEX_POINT('',#1292);
#1294=CARTESIAN_POINT('',(-4.676682537885588,-7.692307577683377,2.099999999998623));
#1295=DIRECTION('',(0.0,1.0,0.0));
#1296=DIRECTION('',(-1.0,0.0,0.0));
#1297=AXIS2_PLACEMENT_3D('',#1294,#1295,#1296);
#1298=CIRCLE('',#1297,0.750000000000000);
#1299=EDGE_CURVE('',#1293,#1293,#1298,.T.);
#1300=ORIENTED_EDGE('',*,*,#1299,.T.);
#1301=EDGE_LOOP('',(#1300));
#1302=FACE_BOUND('',#1301,.T.);
#1303=ADVANCED_FACE('',(#1258,#1269,#1280,#1291,#1302),#1243,.T.);
#1304=CARTESIAN_POINT('',(34.123317462109981,-4.692307577683376,0.500000000000003));
#1305=DIRECTION('',(0.0,-1.0,0.0));
#1306=DIRECTION('',(0.0,0.0,-1.0));
#1307=AXIS2_PLACEMENT_3D('',#1304,#1305,#1306);
#1308=PLANE('',#1307);
#1309=CARTESIAN_POINT('',(-16.176682537893061,-4.692307577683376,0.0));
#1310=VERTEX_POINT('',#1309);
#1311=CARTESIAN_POINT('',(-16.176682537893061,-4.692307577683376,0.500000000000003));
#1312=VERTEX_POINT('',#1311);
#1313=CARTESIAN_POINT('',(-16.176682537893061,-4.692307577683376,0.0));
#1314=DIRECTION('',(0.0,0.0,1.0));
#1315=VECTOR('',#1314,0.500000000000003);
#1316=LINE('',#1313,#1315);
#1317=EDGE_CURVE('',#1310,#1312,#1316,.T.);
#1318=ORIENTED_EDGE('',*,*,#1317,.F.);
#1319=CARTESIAN_POINT('',(-16.676682537890024,-4.692307577683376,0.0));
#1320=VERTEX_POINT('',#1319);
#1321=CARTESIAN_POINT('',(-16.676682537890024,-4.692307577683375,0.0));
#1322=DIRECTION('',(1.0,0.0,0.0));
#1323=VECTOR('',#1322,0.499999999996959);
#1324=LINE('',#1321,#1323);
#1325=EDGE_CURVE('',#1320,#1310,#1324,.T.);
#1326=ORIENTED_EDGE('',*,*,#1325,.F.);
#1327=CARTESIAN_POINT('',(-16.676682537890024,-4.692307577683376,0.500000000000003));
#1328=VERTEX_POINT('',#1327);
#1329=CARTESIAN_POINT('',(-16.676682537890024,-4.692307577683376,0.500000000000003));
#1330=DIRECTION('',(0.0,0.0,-1.0));
#1331=VECTOR('',#1330,0.500000000000003);
#1332=LINE('',#1329,#1331);
#1333=EDGE_CURVE('',#1328,#1320,#1332,.T.);
#1334=ORIENTED_EDGE('',*,*,#1333,.F.);
#1335=CARTESIAN_POINT('',(-16.176682537893058,-4.692307577683376,0.500000000000003));
#1336=DIRECTION('',(-1.0,0.0,0.0));
#1337=VECTOR('',#1336,0.499999999996959);
#1338=LINE('',#1335,#1337);
#1339=EDGE_CURVE('',#1312,#1328,#1338,.T.);
#1340=ORIENTED_EDGE('',*,*,#1339,.F.);
#1341=EDGE_LOOP('',(#1318,#1326,#1334,#1340));
#1342=FACE_OUTER_BOUND('',#1341,.T.);
#1343=ADVANCED_FACE('',(#1342),#1308,.F.);
#1344=CARTESIAN_POINT('',(34.123317462109981,-4.692307577683376,0.500000000000003));
#1345=DIRECTION('',(0.0,-1.0,0.0));
#1346=DIRECTION('',(0.0,0.0,-1.0));
#1347=AXIS2_PLACEMENT_3D('',#1344,#1345,#1346);
#1348=PLANE('',#1347);
#1349=CARTESIAN_POINT('',(33.623317462109974,-4.692307577683376,0.500000000000003));
#1350=VERTEX_POINT('',#1349);
#1351=CARTESIAN_POINT('',(33.623317462109974,-4.692307577683375,0.500000000000003));
#1352=DIRECTION('',(0.0,0.0,-1.0));
#1353=VECTOR('',#1352,0.500000000000003);
#1354=LINE('',#1351,#1353);
#1355=EDGE_CURVE('',#1350,#677,#1354,.T.);
#1356=ORIENTED_EDGE('',*,*,#1355,.F.);
#1357=CARTESIAN_POINT('',(34.123317462109981,-4.692307577683376,0.500000000000003));
#1358=DIRECTION('',(-1.0,0.0,0.0));
#1359=VECTOR('',#1358,0.500000000000000);
#1360=LINE('',#1357,#1359);
#1361=EDGE_CURVE('',#621,#1350,#1360,.T.);
#1362=ORIENTED_EDGE('',*,*,#1361,.F.);
#1363=ORIENTED_EDGE('',*,*,#626,.F.);
#1364=ORIENTED_EDGE('',*,*,#688,.F.);
#1365=EDGE_LOOP('',(#1356,#1362,#1363,#1364));
#1366=FACE_OUTER_BOUND('',#1365,.T.);
#1367=ADVANCED_FACE('',(#1366),#1348,.F.);
#1368=CARTESIAN_POINT('',(34.123317462109981,40.107692422319516,0.0));
#1369=DIRECTION('',(0.0,1.0,0.0));
#1370=DIRECTION('',(0.0,0.0,1.0));
#1371=AXIS2_PLACEMENT_3D('',#1368,#1369,#1370);
#1372=PLANE('',#1371);
#1373=CARTESIAN_POINT('',(-16.176682537893061,40.107692422319516,0.500000000000003));
#1374=VERTEX_POINT('',#1373);
#1375=CARTESIAN_POINT('',(-16.176682537893061,40.107692422319516,0.0));
#1376=VERTEX_POINT('',#1375);
#1377=CARTESIAN_POINT('',(-16.176682537893061,40.107692422319516,0.500000000000003));
#1378=DIRECTION('',(0.0,0.0,-1.0));
#1379=VECTOR('',#1378,0.500000000000003);
#1380=LINE('',#1377,#1379);
#1381=EDGE_CURVE('',#1374,#1376,#1380,.T.);
#1382=ORIENTED_EDGE('',*,*,#1381,.F.);
#1383=CARTESIAN_POINT('',(-16.676682537890024,40.107692422319516,0.500000000000003));
#1384=VERTEX_POINT('',#1383);
#1385=CARTESIAN_POINT('',(-16.176682537893058,40.107692422319516,0.500000000000003));
#1386=DIRECTION('',(-1.0,0.0,0.0));
#1387=VECTOR('',#1386,0.499999999996959);
#1388=LINE('',#1385,#1387);
#1389=EDGE_CURVE('',#1374,#1384,#1388,.T.);
#1390=ORIENTED_EDGE('',*,*,#1389,.T.);
#1391=CARTESIAN_POINT('',(-16.676682537890024,40.107692422319516,0.0));
#1392=VERTEX_POINT('',#1391);
#1393=CARTESIAN_POINT('',(-16.676682537890024,40.107692422319516,0.0));
#1394=DIRECTION('',(0.0,0.0,1.0));
#1395=VECTOR('',#1394,0.500000000000003);
#1396=LINE('',#1393,#1395);
#1397=EDGE_CURVE('',#1392,#1384,#1396,.T.);
#1398=ORIENTED_EDGE('',*,*,#1397,.F.);
#1399=CARTESIAN_POINT('',(-16.176682537893065,40.107692422319516,0.0));
#1400=DIRECTION('',(-1.0,0.0,0.0));
#1401=VECTOR('',#1400,0.499999999996959);
#1402=LINE('',#1399,#1401);
#1403=EDGE_CURVE('',#1376,#1392,#1402,.T.);
#1404=ORIENTED_EDGE('',*,*,#1403,.F.);
#1405=EDGE_LOOP('',(#1382,#1390,#1398,#1404));
#1406=FACE_OUTER_BOUND('',#1405,.T.);
#1407=ADVANCED_FACE('',(#1406),#1372,.F.);
#1408=CARTESIAN_POINT('',(34.123317462109981,40.107692422319516,0.500000000000003));
#1409=DIRECTION('',(0.0,0.0,1.0));
#1410=DIRECTION('',(1.0,0.0,0.0));
#1411=AXIS2_PLACEMENT_3D('',#1408,#1409,#1410);
#1412=PLANE('',#1411);
#1413=CARTESIAN_POINT('',(-16.176682537893061,-4.692307577683376,0.500000000000003));
#1414=DIRECTION('',(0.0,1.0,0.0));
#1415=VECTOR('',#1414,44.800000000002896);
#1416=LINE('',#1413,#1415);
#1417=EDGE_CURVE('',#1312,#1374,#1416,.T.);
#1418=ORIENTED_EDGE('',*,*,#1417,.F.);
#1419=ORIENTED_EDGE('',*,*,#1339,.T.);
#1420=CARTESIAN_POINT('',(-16.676682537890024,40.107692422319516,0.500000000000003));
#1421=DIRECTION('',(0.0,-1.0,0.0));
#1422=VECTOR('',#1421,44.800000000002896);
#1423=LINE('',#1420,#1422);
#1424=EDGE_CURVE('',#1384,#1328,#1423,.T.);
#1425=ORIENTED_EDGE('',*,*,#1424,.F.);
#1426=ORIENTED_EDGE('',*,*,#1389,.F.);
#1427=EDGE_LOOP('',(#1418,#1419,#1425,#1426));
#1428=FACE_OUTER_BOUND('',#1427,.T.);
#1429=ADVANCED_FACE('',(#1428),#1412,.F.);
#1430=CARTESIAN_POINT('',(34.123317462109981,40.107692422319516,0.500000000000003));
#1431=DIRECTION('',(0.0,0.0,1.0));
#1432=DIRECTION('',(1.0,0.0,0.0));
#1433=AXIS2_PLACEMENT_3D('',#1430,#1431,#1432);
#1434=PLANE('',#1433);
#1435=CARTESIAN_POINT('',(33.623317462109974,40.107692422319516,0.500000000000003));
#1436=VERTEX_POINT('',#1435);
#1437=CARTESIAN_POINT('',(33.623317462109974,40.107692422319516,0.500000000000003));
#1438=DIRECTION('',(0.0,-1.0,0.0));
#1439=VECTOR('',#1438,44.800000000002889);
#1440=LINE('',#1437,#1439);
#1441=EDGE_CURVE('',#1436,#1350,#1440,.T.);
#1442=ORIENTED_EDGE('',*,*,#1441,.F.);
#1443=CARTESIAN_POINT('',(34.123317462109981,40.107692422319516,0.500000000000003));
#1444=DIRECTION('',(-1.0,0.0,0.0));
#1445=VECTOR('',#1444,0.500000000000000);
#1446=LINE('',#1443,#1445);
#1447=EDGE_CURVE('',#629,#1436,#1446,.T.);
#1448=ORIENTED_EDGE('',*,*,#1447,.F.);
#1449=ORIENTED_EDGE('',*,*,#634,.F.);
#1450=ORIENTED_EDGE('',*,*,#1361,.T.);
#1451=EDGE_LOOP('',(#1442,#1448,#1449,#1450));
#1452=FACE_OUTER_BOUND('',#1451,.T.);
#1453=ADVANCED_FACE('',(#1452),#1434,.F.);
#1454=CARTESIAN_POINT('',(34.123317462109981,40.107692422319516,0.0));
#1455=DIRECTION('',(0.0,1.0,0.0));
#1456=DIRECTION('',(0.0,0.0,1.0));
#1457=AXIS2_PLACEMENT_3D('',#1454,#1455,#1456);
#1458=PLANE('',#1457);
#1459=CARTESIAN_POINT('',(33.623317462109974,40.107692422319516,0.0));
#1460=DIRECTION('',(0.0,0.0,1.0));
#1461=VECTOR('',#1460,0.500000000000003);
#1462=LINE('',#1459,#1461);
#1463=EDGE_CURVE('',#571,#1436,#1462,.T.);
#1464=ORIENTED_EDGE('',*,*,#1463,.F.);
#1465=ORIENTED_EDGE('',*,*,#576,.F.);
#1466=ORIENTED_EDGE('',*,*,#640,.F.);
#1467=ORIENTED_EDGE('',*,*,#1447,.T.);
#1468=EDGE_LOOP('',(#1464,#1465,#1466,#1467));
#1469=FACE_OUTER_BOUND('',#1468,.T.);
#1470=ADVANCED_FACE('',(#1469),#1458,.F.);
#1471=CARTESIAN_POINT('',(33.623317462109974,42.607692422315893,0.0));
#1472=DIRECTION('',(1.0,0.0,0.0));
#1473=DIRECTION('',(0.0,0.0,-1.0));
#1474=AXIS2_PLACEMENT_3D('',#1471,#1472,#1473);
#1475=PLANE('',#1474);
#1476=ORIENTED_EDGE('',*,*,#1463,.T.);
#1477=ORIENTED_EDGE('',*,*,#1441,.T.);
#1478=ORIENTED_EDGE('',*,*,#1355,.T.);
#1479=ORIENTED_EDGE('',*,*,#682,.F.);
#1480=CARTESIAN_POINT('',(33.623317462109974,-7.192307577683376,15.500000000000000));
#1481=VERTEX_POINT('',#1480);
#1482=CARTESIAN_POINT('',(33.623317462109974,-7.192307577683376,0.0));
#1483=DIRECTION('',(0.0,0.0,1.0));
#1484=VECTOR('',#1483,15.500000000000000);
#1485=LINE('',#1482,#1484);
#1486=EDGE_CURVE('',#669,#1481,#1485,.T.);
#1487=ORIENTED_EDGE('',*,*,#1486,.T.);
#1488=CARTESIAN_POINT('',(33.623317462109974,42.607692422315893,15.500000000000000));
#1489=DIRECTION('',(0.0,-1.0,0.0));
#1490=VECTOR('',#1489,49.799999999999272);
#1491=LINE('',#1488,#1490);
#1492=EDGE_CURVE('',#1163,#1481,#1491,.T.);
#1493=ORIENTED_EDGE('',*,*,#1492,.F.);
#1494=ORIENTED_EDGE('',*,*,#1168,.F.);
#1495=ORIENTED_EDGE('',*,*,#584,.F.);
#1496=EDGE_LOOP('',(#1476,#1477,#1478,#1479,#1487,#1493,#1494,#1495));
#1497=FACE_OUTER_BOUND('',#1496,.T.);
#1498=ADVANCED_FACE('',(#1497),#1475,.F.);
#1499=CARTESIAN_POINT('',(8.723317462109980,17.707692422316626,0.0));
#1500=DIRECTION('',(0.0,0.0,1.0));
#1501=DIRECTION('',(1.0,0.0,0.0));
#1502=AXIS2_PLACEMENT_3D('',#1499,#1500,#1501);
#1503=PLANE('',#1502);
#1504=ORIENTED_EDGE('',*,*,#312,.F.);
#1505=CARTESIAN_POINT('',(-16.676682537890020,-6.692307577683377,0.0));
#1506=DIRECTION('',(0.0,1.0,0.0));
#1507=VECTOR('',#1506,2.000000000000001);
#1508=LINE('',#1505,#1507);
#1509=EDGE_CURVE('',#304,#1320,#1508,.T.);
#1510=ORIENTED_EDGE('',*,*,#1509,.T.);
#1511=ORIENTED_EDGE('',*,*,#1325,.T.);
#1512=CARTESIAN_POINT('',(-16.176682537893061,-7.192307577683376,0.0));
#1513=VERTEX_POINT('',#1512);
#1514=CARTESIAN_POINT('',(-16.176682537893061,-4.692307577683377,0.0));
#1515=DIRECTION('',(0.0,-1.0,0.0));
#1516=VECTOR('',#1515,2.499999999999998);
#1517=LINE('',#1514,#1516);
#1518=EDGE_CURVE('',#1310,#1513,#1517,.T.);
#1519=ORIENTED_EDGE('',*,*,#1518,.T.);
#1520=CARTESIAN_POINT('',(-16.176682537893065,-7.192307577683375,0.0));
#1521=DIRECTION('',(1.0,0.0,0.0));
#1522=VECTOR('',#1521,2.500000000000028);
#1523=LINE('',#1520,#1522);
#1524=EDGE_CURVE('',#1513,#996,#1523,.T.);
#1525=ORIENTED_EDGE('',*,*,#1524,.T.);
#1526=ORIENTED_EDGE('',*,*,#1023,.T.);
#1527=ORIENTED_EDGE('',*,*,#1249,.T.);
#1528=EDGE_LOOP('',(#1504,#1510,#1511,#1519,#1525,#1526,#1527));
#1529=FACE_OUTER_BOUND('',#1528,.T.);
#1530=ADVANCED_FACE('',(#1529),#1503,.F.);
#1531=CARTESIAN_POINT('',(-16.176682537893061,-7.192307577683376,0.0));
#1532=DIRECTION('',(-1.0,0.0,0.0));
#1533=DIRECTION('',(0.0,0.0,1.0));
#1534=AXIS2_PLACEMENT_3D('',#1531,#1532,#1533);
#1535=PLANE('',#1534);
#1536=ORIENTED_EDGE('',*,*,#1317,.T.);
#1537=ORIENTED_EDGE('',*,*,#1417,.T.);
#1538=ORIENTED_EDGE('',*,*,#1381,.T.);
#1539=CARTESIAN_POINT('',(-16.176682537893061,42.607692422315893,0.0));
#1540=DIRECTION('',(0.0,-1.0,0.0));
#1541=VECTOR('',#1540,2.499999999996376);
#1542=LINE('',#1539,#1541);
#1543=EDGE_CURVE('',#1179,#1376,#1542,.T.);
#1544=ORIENTED_EDGE('',*,*,#1543,.F.);
#1545=ORIENTED_EDGE('',*,*,#1184,.T.);
#1546=CARTESIAN_POINT('',(-16.176682537893061,-7.192307577683376,15.500000000000000));
#1547=VERTEX_POINT('',#1546);
#1548=CARTESIAN_POINT('',(-16.176682537893061,-7.192307577683373,15.500000000000000));
#1549=DIRECTION('',(0.0,1.0,0.0));
#1550=VECTOR('',#1549,49.799999999999265);
#1551=LINE('',#1548,#1550);
#1552=EDGE_CURVE('',#1547,#1171,#1551,.T.);
#1553=ORIENTED_EDGE('',*,*,#1552,.F.);
#1554=CARTESIAN_POINT('',(-16.176682537893061,-7.192307577683376,0.0));
#1555=DIRECTION('',(0.0,0.0,1.0));
#1556=VECTOR('',#1555,15.500000000000000);
#1557=LINE('',#1554,#1556);
#1558=EDGE_CURVE('',#1513,#1547,#1557,.T.);
#1559=ORIENTED_EDGE('',*,*,#1558,.F.);
#1560=ORIENTED_EDGE('',*,*,#1518,.F.);
#1561=EDGE_LOOP('',(#1536,#1537,#1538,#1544,#1545,#1553,#1559,#1560));
#1562=FACE_OUTER_BOUND('',#1561,.T.);
#1563=ADVANCED_FACE('',(#1562),#1535,.F.);
#1564=CARTESIAN_POINT('',(-4.676682537885588,-6.942307577683376,2.099999999998623));
#1565=DIRECTION('',(0.0,-1.0,0.0));
#1566=DIRECTION('',(0.0,0.0,-1.0));
#1567=AXIS2_PLACEMENT_3D('',#1564,#1565,#1566);
#1568=TOROIDAL_SURFACE('',#1567,0.500000000000000,0.250000000000000);
#1569=CARTESIAN_POINT('',(-4.176682537885588,-6.692307577683376,2.099999999998623));
#1570=VERTEX_POINT('',#1569);
#1571=CARTESIAN_POINT('',(-4.676682537885588,-6.692307577683376,2.099999999998623));
#1572=DIRECTION('',(0.0,-1.0,0.0));
#1573=DIRECTION('',(-1.0,0.0,0.0));
#1574=AXIS2_PLACEMENT_3D('',#1571,#1572,#1573);
#1575=CIRCLE('',#1574,0.500000000000000);
#1576=EDGE_CURVE('',#1570,#1570,#1575,.T.);
#1577=ORIENTED_EDGE('',*,*,#1576,.T.);
#1578=EDGE_LOOP('',(#1577));
#1579=FACE_OUTER_BOUND('',#1578,.T.);
#1580=CARTESIAN_POINT('',(-3.926682537885588,-6.942307577683376,2.099999999998623));
#1581=VERTEX_POINT('',#1580);
#1582=CARTESIAN_POINT('',(-4.676682537885588,-6.942307577683376,2.099999999998623));
#1583=DIRECTION('',(0.0,1.0,0.0));
#1584=DIRECTION('',(-1.0,0.0,0.0));
#1585=AXIS2_PLACEMENT_3D('',#1582,#1583,#1584);
#1586=CIRCLE('',#1585,0.750000000000000);
#1587=EDGE_CURVE('',#1581,#1581,#1586,.T.);
#1588=ORIENTED_EDGE('',*,*,#1587,.T.);
#1589=EDGE_LOOP('',(#1588));
#1590=FACE_BOUND('',#1589,.T.);
#1591=ADVANCED_FACE('',(#1579,#1590),#1568,.T.);
#1592=CARTESIAN_POINT('',(-4.676682537885588,-7.192307577683376,2.099999999998623));
#1593=DIRECTION('',(0.0,1.0,0.0));
#1594=DIRECTION('',(-1.0,0.0,0.0));
#1595=AXIS2_PLACEMENT_3D('',#1592,#1593,#1594);
#1596=CYLINDRICAL_SURFACE('',#1595,0.750000000000000);
#1597=CARTESIAN_POINT('',(-3.926682537885588,-7.192307577683376,2.099999999998623));
#1598=VERTEX_POINT('',#1597);
#1599=CARTESIAN_POINT('',(-4.676682537885588,-7.192307577683376,2.099999999998623));
#1600=DIRECTION('',(0.0,-1.0,0.0));
#1601=DIRECTION('',(-1.0,0.0,0.0));
#1602=AXIS2_PLACEMENT_3D('',#1599,#1600,#1601);
#1603=CIRCLE('',#1602,0.750000000000000);
#1604=EDGE_CURVE('',#1598,#1598,#1603,.T.);
#1605=ORIENTED_EDGE('',*,*,#1604,.F.);
#1606=EDGE_LOOP('',(#1605));
#1607=FACE_OUTER_BOUND('',#1606,.T.);
#1608=ORIENTED_EDGE('',*,*,#1587,.F.);
#1609=EDGE_LOOP('',(#1608));
#1610=FACE_BOUND('',#1609,.T.);
#1611=ADVANCED_FACE('',(#1607,#1610),#1596,.T.);
#1612=CARTESIAN_POINT('',(-4.676682537885588,-6.692307577683376,2.099999999998623));
#1613=DIRECTION('',(0.0,-1.0,0.0));
#1614=DIRECTION('',(0.0,0.0,-1.0));
#1615=AXIS2_PLACEMENT_3D('',#1612,#1613,#1614);
#1616=PLANE('',#1615);
#1617=ORIENTED_EDGE('',*,*,#1576,.F.);
#1618=EDGE_LOOP('',(#1617));
#1619=FACE_OUTER_BOUND('',#1618,.T.);
#1620=ADVANCED_FACE('',(#1619),#1616,.F.);
#1621=CARTESIAN_POINT('',(-4.676682537885526,-6.942307577683376,13.800000000002994));
#1622=DIRECTION('',(0.0,-1.0,0.0));
#1623=DIRECTION('',(0.0,0.0,-1.0));
#1624=AXIS2_PLACEMENT_3D('',#1621,#1622,#1623);
#1625=TOROIDAL_SURFACE('',#1624,0.500000000000000,0.250000000000000);
#1626=CARTESIAN_POINT('',(-4.176682537885526,-6.692307577683376,13.800000000002994));
#1627=VERTEX_POINT('',#1626);
#1628=CARTESIAN_POINT('',(-4.676682537885526,-6.692307577683376,13.800000000002994));
#1629=DIRECTION('',(0.0,-1.0,0.0));
#1630=DIRECTION('',(-1.0,0.0,0.0));
#1631=AXIS2_PLACEMENT_3D('',#1628,#1629,#1630);
#1632=CIRCLE('',#1631,0.500000000000000);
#1633=EDGE_CURVE('',#1627,#1627,#1632,.T.);
#1634=ORIENTED_EDGE('',*,*,#1633,.T.);
#1635=EDGE_LOOP('',(#1634));
#1636=FACE_OUTER_BOUND('',#1635,.T.);
#1637=CARTESIAN_POINT('',(-3.926682537885526,-6.942307577683376,13.800000000002994));
#1638=VERTEX_POINT('',#1637);
#1639=CARTESIAN_POINT('',(-4.676682537885526,-6.942307577683376,13.800000000002994));
#1640=DIRECTION('',(0.0,1.0,0.0));
#1641=DIRECTION('',(-1.0,0.0,0.0));
#1642=AXIS2_PLACEMENT_3D('',#1639,#1640,#1641);
#1643=CIRCLE('',#1642,0.750000000000000);
#1644=EDGE_CURVE('',#1638,#1638,#1643,.T.);
#1645=ORIENTED_EDGE('',*,*,#1644,.T.);
#1646=EDGE_LOOP('',(#1645));
#1647=FACE_BOUND('',#1646,.T.);
#1648=ADVANCED_FACE('',(#1636,#1647),#1625,.T.);
#1649=CARTESIAN_POINT('',(-4.676682537885526,-7.192307577683376,13.800000000002994));
#1650=DIRECTION('',(0.0,1.0,0.0));
#1651=DIRECTION('',(-1.0,0.0,0.0));
#1652=AXIS2_PLACEMENT_3D('',#1649,#1650,#1651);
#1653=CYLINDRICAL_SURFACE('',#1652,0.750000000000000);
#1654=CARTESIAN_POINT('',(-3.926682537885526,-7.192307577683376,13.800000000002994));
#1655=VERTEX_POINT('',#1654);
#1656=CARTESIAN_POINT('',(-4.676682537885526,-7.192307577683376,13.800000000002994));
#1657=DIRECTION('',(0.0,-1.0,0.0));
#1658=DIRECTION('',(-1.0,0.0,0.0));
#1659=AXIS2_PLACEMENT_3D('',#1656,#1657,#1658);
#1660=CIRCLE('',#1659,0.750000000000000);
#1661=EDGE_CURVE('',#1655,#1655,#1660,.T.);
#1662=ORIENTED_EDGE('',*,*,#1661,.F.);
#1663=EDGE_LOOP('',(#1662));
#1664=FACE_OUTER_BOUND('',#1663,.T.);
#1665=ORIENTED_EDGE('',*,*,#1644,.F.);
#1666=EDGE_LOOP('',(#1665));
#1667=FACE_BOUND('',#1666,.T.);
#1668=ADVANCED_FACE('',(#1664,#1667),#1653,.T.);
#1669=CARTESIAN_POINT('',(-4.676682537885526,-6.692307577683376,13.800000000002994));
#1670=DIRECTION('',(0.0,-1.0,0.0));
#1671=DIRECTION('',(0.0,0.0,-1.0));
#1672=AXIS2_PLACEMENT_3D('',#1669,#1670,#1671);
#1673=PLANE('',#1672);
#1674=ORIENTED_EDGE('',*,*,#1633,.F.);
#1675=EDGE_LOOP('',(#1674));
#1676=FACE_OUTER_BOUND('',#1675,.T.);
#1677=ADVANCED_FACE('',(#1676),#1673,.F.);
#1678=CARTESIAN_POINT('',(22.123317462109995,-6.942307577683376,13.800000000003065));
#1679=DIRECTION('',(0.0,-1.0,0.0));
#1680=DIRECTION('',(0.0,0.0,-1.0));
#1681=AXIS2_PLACEMENT_3D('',#1678,#1679,#1680);
#1682=TOROIDAL_SURFACE('',#1681,0.500000000000000,0.250000000000000);
#1683=CARTESIAN_POINT('',(22.623317462109995,-6.692307577683376,13.800000000003065));
#1684=VERTEX_POINT('',#1683);
#1685=CARTESIAN_POINT('',(22.123317462109995,-6.692307577683376,13.800000000003065));
#1686=DIRECTION('',(0.0,-1.0,0.0));
#1687=DIRECTION('',(-1.0,0.0,0.0));
#1688=AXIS2_PLACEMENT_3D('',#1685,#1686,#1687);
#1689=CIRCLE('',#1688,0.500000000000000);
#1690=EDGE_CURVE('',#1684,#1684,#1689,.T.);
#1691=ORIENTED_EDGE('',*,*,#1690,.T.);
#1692=EDGE_LOOP('',(#1691));
#1693=FACE_OUTER_BOUND('',#1692,.T.);
#1694=CARTESIAN_POINT('',(22.873317462109995,-6.942307577683376,13.800000000003065));
#1695=VERTEX_POINT('',#1694);
#1696=CARTESIAN_POINT('',(22.123317462109995,-6.942307577683376,13.800000000003065));
#1697=DIRECTION('',(0.0,1.0,0.0));
#1698=DIRECTION('',(-1.0,0.0,0.0));
#1699=AXIS2_PLACEMENT_3D('',#1696,#1697,#1698);
#1700=CIRCLE('',#1699,0.750000000000000);
#1701=EDGE_CURVE('',#1695,#1695,#1700,.T.);
#1702=ORIENTED_EDGE('',*,*,#1701,.T.);
#1703=EDGE_LOOP('',(#1702));
#1704=FACE_BOUND('',#1703,.T.);
#1705=ADVANCED_FACE('',(#1693,#1704),#1682,.T.);
#1706=CARTESIAN_POINT('',(22.123317462109995,-7.192307577683376,13.800000000003065));
#1707=DIRECTION('',(0.0,1.0,0.0));
#1708=DIRECTION('',(-1.0,0.0,0.0));
#1709=AXIS2_PLACEMENT_3D('',#1706,#1707,#1708);
#1710=CYLINDRICAL_SURFACE('',#1709,0.750000000000000);
#1711=CARTESIAN_POINT('',(22.873317462109995,-7.192307577683376,13.800000000003065));
#1712=VERTEX_POINT('',#1711);
#1713=CARTESIAN_POINT('',(22.123317462109995,-7.192307577683376,13.800000000003065));
#1714=DIRECTION('',(0.0,-1.0,0.0));
#1715=DIRECTION('',(-1.0,0.0,0.0));
#1716=AXIS2_PLACEMENT_3D('',#1713,#1714,#1715);
#1717=CIRCLE('',#1716,0.750000000000000);
#1718=EDGE_CURVE('',#1712,#1712,#1717,.T.);
#1719=ORIENTED_EDGE('',*,*,#1718,.F.);
#1720=EDGE_LOOP('',(#1719));
#1721=FACE_OUTER_BOUND('',#1720,.T.);
#1722=ORIENTED_EDGE('',*,*,#1701,.F.);
#1723=EDGE_LOOP('',(#1722));
#1724=FACE_BOUND('',#1723,.T.);
#1725=ADVANCED_FACE('',(#1721,#1724),#1710,.T.);
#1726=CARTESIAN_POINT('',(22.123317462109995,-6.692307577683376,13.800000000003065));
#1727=DIRECTION('',(0.0,-1.0,0.0));
#1728=DIRECTION('',(0.0,0.0,-1.0));
#1729=AXIS2_PLACEMENT_3D('',#1726,#1727,#1728);
#1730=PLANE('',#1729);
#1731=ORIENTED_EDGE('',*,*,#1690,.F.);
#1732=EDGE_LOOP('',(#1731));
#1733=FACE_OUTER_BOUND('',#1732,.T.);
#1734=ADVANCED_FACE('',(#1733),#1730,.F.);
#1735=CARTESIAN_POINT('',(22.123317462109924,-6.942307577683376,2.099999999998650));
#1736=DIRECTION('',(0.0,-1.0,0.0));
#1737=DIRECTION('',(0.0,0.0,-1.0));
#1738=AXIS2_PLACEMENT_3D('',#1735,#1736,#1737);
#1739=TOROIDAL_SURFACE('',#1738,0.500000000000000,0.250000000000000);
#1740=CARTESIAN_POINT('',(22.623317462109924,-6.692307577683376,2.099999999998650));
#1741=VERTEX_POINT('',#1740);
#1742=CARTESIAN_POINT('',(22.123317462109924,-6.692307577683376,2.099999999998650));
#1743=DIRECTION('',(0.0,-1.0,0.0));
#1744=DIRECTION('',(-1.0,0.0,0.0));
#1745=AXIS2_PLACEMENT_3D('',#1742,#1743,#1744);
#1746=CIRCLE('',#1745,0.500000000000000);
#1747=EDGE_CURVE('',#1741,#1741,#1746,.T.);
#1748=ORIENTED_EDGE('',*,*,#1747,.T.);
#1749=EDGE_LOOP('',(#1748));
#1750=FACE_OUTER_BOUND('',#1749,.T.);
#1751=CARTESIAN_POINT('',(22.873317462109924,-6.942307577683376,2.099999999998650));
#1752=VERTEX_POINT('',#1751);
#1753=CARTESIAN_POINT('',(22.123317462109924,-6.942307577683376,2.099999999998650));
#1754=DIRECTION('',(0.0,1.0,0.0));
#1755=DIRECTION('',(-1.0,0.0,0.0));
#1756=AXIS2_PLACEMENT_3D('',#1753,#1754,#1755);
#1757=CIRCLE('',#1756,0.750000000000000);
#1758=EDGE_CURVE('',#1752,#1752,#1757,.T.);
#1759=ORIENTED_EDGE('',*,*,#1758,.T.);
#1760=EDGE_LOOP('',(#1759));
#1761=FACE_BOUND('',#1760,.T.);
#1762=ADVANCED_FACE('',(#1750,#1761),#1739,.T.);
#1763=CARTESIAN_POINT('',(22.123317462109924,-7.192307577683376,2.099999999998650));
#1764=DIRECTION('',(0.0,1.0,0.0));
#1765=DIRECTION('',(-1.0,0.0,0.0));
#1766=AXIS2_PLACEMENT_3D('',#1763,#1764,#1765);
#1767=CYLINDRICAL_SURFACE('',#1766,0.750000000000000);
#1768=CARTESIAN_POINT('',(22.873317462109924,-7.192307577683376,2.099999999998650));
#1769=VERTEX_POINT('',#1768);
#1770=CARTESIAN_POINT('',(22.123317462109924,-7.192307577683376,2.099999999998650));
#1771=DIRECTION('',(0.0,-1.0,0.0));
#1772=DIRECTION('',(-1.0,0.0,0.0));
#1773=AXIS2_PLACEMENT_3D('',#1770,#1771,#1772);
#1774=CIRCLE('',#1773,0.750000000000000);
#1775=EDGE_CURVE('',#1769,#1769,#1774,.T.);
#1776=ORIENTED_EDGE('',*,*,#1775,.F.);
#1777=EDGE_LOOP('',(#1776));
#1778=FACE_OUTER_BOUND('',#1777,.T.);
#1779=ORIENTED_EDGE('',*,*,#1758,.F.);
#1780=EDGE_LOOP('',(#1779));
#1781=FACE_BOUND('',#1780,.T.);
#1782=ADVANCED_FACE('',(#1778,#1781),#1767,.T.);
#1783=CARTESIAN_POINT('',(22.123317462109924,-6.692307577683376,2.099999999998650));
#1784=DIRECTION('',(0.0,-1.0,0.0));
#1785=DIRECTION('',(0.0,0.0,-1.0));
#1786=AXIS2_PLACEMENT_3D('',#1783,#1784,#1785);
#1787=PLANE('',#1786);
#1788=ORIENTED_EDGE('',*,*,#1747,.F.);
#1789=EDGE_LOOP('',(#1788));
#1790=FACE_OUTER_BOUND('',#1789,.T.);
#1791=ADVANCED_FACE('',(#1790),#1787,.F.);
#1792=CARTESIAN_POINT('',(-4.676682537885649,42.357692422315900,13.900000000001445));
#1793=DIRECTION('',(0.0,1.0,0.0));
#1794=DIRECTION('',(0.0,0.0,1.0));
#1795=AXIS2_PLACEMENT_3D('',#1792,#1793,#1794);
#1796=TOROIDAL_SURFACE('',#1795,0.500000000000000,0.250000000000000);
#1797=CARTESIAN_POINT('',(-4.176682537885649,42.107692422315893,13.900000000001445));
#1798=VERTEX_POINT('',#1797);
#1799=CARTESIAN_POINT('',(-4.676682537885649,42.107692422315893,13.900000000001445));
#1800=DIRECTION('',(0.0,1.0,0.0));
#1801=DIRECTION('',(-1.0,0.0,0.0));
#1802=AXIS2_PLACEMENT_3D('',#1799,#1800,#1801);
#1803=CIRCLE('',#1802,0.500000000000000);
#1804=EDGE_CURVE('',#1798,#1798,#1803,.T.);
#1805=ORIENTED_EDGE('',*,*,#1804,.T.);
#1806=EDGE_LOOP('',(#1805));
#1807=FACE_OUTER_BOUND('',#1806,.T.);
#1808=CARTESIAN_POINT('',(-3.926682537885648,42.357692422315900,13.900000000001445));
#1809=VERTEX_POINT('',#1808);
#1810=CARTESIAN_POINT('',(-4.676682537885649,42.357692422315900,13.900000000001445));
#1811=DIRECTION('',(0.0,-1.0,0.0));
#1812=DIRECTION('',(-1.0,0.0,0.0));
#1813=AXIS2_PLACEMENT_3D('',#1810,#1811,#1812);
#1814=CIRCLE('',#1813,0.750000000000000);
#1815=EDGE_CURVE('',#1809,#1809,#1814,.T.);
#1816=ORIENTED_EDGE('',*,*,#1815,.T.);
#1817=EDGE_LOOP('',(#1816));
#1818=FACE_BOUND('',#1817,.T.);
#1819=ADVANCED_FACE('',(#1807,#1818),#1796,.T.);
#1820=CARTESIAN_POINT('',(-4.676682537885649,42.607692422315893,13.900000000001445));
#1821=DIRECTION('',(0.0,-1.0,0.0));
#1822=DIRECTION('',(-1.0,0.0,0.0));
#1823=AXIS2_PLACEMENT_3D('',#1820,#1821,#1822);
#1824=CYLINDRICAL_SURFACE('',#1823,0.750000000000000);
#1825=ORIENTED_EDGE('',*,*,#1234,.F.);
#1826=EDGE_LOOP('',(#1825));
#1827=FACE_OUTER_BOUND('',#1826,.T.);
#1828=ORIENTED_EDGE('',*,*,#1815,.F.);
#1829=EDGE_LOOP('',(#1828));
#1830=FACE_BOUND('',#1829,.T.);
#1831=ADVANCED_FACE('',(#1827,#1830),#1824,.T.);
#1832=CARTESIAN_POINT('',(-4.676682537885649,42.107692422315893,13.900000000001445));
#1833=DIRECTION('',(0.0,1.0,0.0));
#1834=DIRECTION('',(0.0,0.0,1.0));
#1835=AXIS2_PLACEMENT_3D('',#1832,#1833,#1834);
#1836=PLANE('',#1835);
#1837=ORIENTED_EDGE('',*,*,#1804,.F.);
#1838=EDGE_LOOP('',(#1837));
#1839=FACE_OUTER_BOUND('',#1838,.T.);
#1840=ADVANCED_FACE('',(#1839),#1836,.F.);
#1841=CARTESIAN_POINT('',(-4.676682537885720,42.357692422315900,2.199999999997049));
#1842=DIRECTION('',(0.0,1.0,0.0));
#1843=DIRECTION('',(0.0,0.0,1.0));
#1844=AXIS2_PLACEMENT_3D('',#1841,#1842,#1843);
#1845=TOROIDAL_SURFACE('',#1844,0.500000000000000,0.250000000000000);
#1846=CARTESIAN_POINT('',(-4.176682537885720,42.107692422315893,2.199999999997049));
#1847=VERTEX_POINT('',#1846);
#1848=CARTESIAN_POINT('',(-4.676682537885720,42.107692422315893,2.199999999997049));
#1849=DIRECTION('',(0.0,1.0,0.0));
#1850=DIRECTION('',(-1.0,0.0,0.0));
#1851=AXIS2_PLACEMENT_3D('',#1848,#1849,#1850);
#1852=CIRCLE('',#1851,0.500000000000000);
#1853=EDGE_CURVE('',#1847,#1847,#1852,.T.);
#1854=ORIENTED_EDGE('',*,*,#1853,.T.);
#1855=EDGE_LOOP('',(#1854));
#1856=FACE_OUTER_BOUND('',#1855,.T.);
#1857=CARTESIAN_POINT('',(-3.926682537885719,42.357692422315900,2.199999999997049));
#1858=VERTEX_POINT('',#1857);
#1859=CARTESIAN_POINT('',(-4.676682537885720,42.357692422315900,2.199999999997049));
#1860=DIRECTION('',(0.0,-1.0,0.0));
#1861=DIRECTION('',(-1.0,0.0,0.0));
#1862=AXIS2_PLACEMENT_3D('',#1859,#1860,#1861);
#1863=CIRCLE('',#1862,0.750000000000000);
#1864=EDGE_CURVE('',#1858,#1858,#1863,.T.);
#1865=ORIENTED_EDGE('',*,*,#1864,.T.);
#1866=EDGE_LOOP('',(#1865));
#1867=FACE_BOUND('',#1866,.T.);
#1868=ADVANCED_FACE('',(#1856,#1867),#1845,.T.);
#1869=CARTESIAN_POINT('',(-4.676682537885720,42.607692422315893,2.199999999997049));
#1870=DIRECTION('',(0.0,-1.0,0.0));
#1871=DIRECTION('',(-1.0,0.0,0.0));
#1872=AXIS2_PLACEMENT_3D('',#1869,#1870,#1871);
#1873=CYLINDRICAL_SURFACE('',#1872,0.750000000000000);
#1874=ORIENTED_EDGE('',*,*,#1223,.F.);
#1875=EDGE_LOOP('',(#1874));
#1876=FACE_OUTER_BOUND('',#1875,.T.);
#1877=ORIENTED_EDGE('',*,*,#1864,.F.);
#1878=EDGE_LOOP('',(#1877));
#1879=FACE_BOUND('',#1878,.T.);
#1880=ADVANCED_FACE('',(#1876,#1879),#1873,.T.);
#1881=CARTESIAN_POINT('',(-4.676682537885720,42.107692422315893,2.199999999997049));
#1882=DIRECTION('',(0.0,1.0,0.0));
#1883=DIRECTION('',(0.0,0.0,1.0));
#1884=AXIS2_PLACEMENT_3D('',#1881,#1882,#1883);
#1885=PLANE('',#1884);
#1886=ORIENTED_EDGE('',*,*,#1853,.F.);
#1887=EDGE_LOOP('',(#1886));
#1888=FACE_OUTER_BOUND('',#1887,.T.);
#1889=ADVANCED_FACE('',(#1888),#1885,.F.);
#1890=CARTESIAN_POINT('',(22.123317462109995,42.357692422315900,13.900000000001533));
#1891=DIRECTION('',(0.0,1.0,0.0));
#1892=DIRECTION('',(0.0,0.0,1.0));
#1893=AXIS2_PLACEMENT_3D('',#1890,#1891,#1892);
#1894=TOROIDAL_SURFACE('',#1893,0.500000000000000,0.250000000000000);
#1895=CARTESIAN_POINT('',(22.623317462109995,42.107692422315893,13.900000000001533));
#1896=VERTEX_POINT('',#1895);
#1897=CARTESIAN_POINT('',(22.123317462109995,42.107692422315893,13.900000000001533));
#1898=DIRECTION('',(0.0,1.0,0.0));
#1899=DIRECTION('',(-1.0,0.0,0.0));
#1900=AXIS2_PLACEMENT_3D('',#1897,#1898,#1899);
#1901=CIRCLE('',#1900,0.500000000000000);
#1902=EDGE_CURVE('',#1896,#1896,#1901,.T.);
#1903=ORIENTED_EDGE('',*,*,#1902,.T.);
#1904=EDGE_LOOP('',(#1903));
#1905=FACE_OUTER_BOUND('',#1904,.T.);
#1906=CARTESIAN_POINT('',(22.873317462109995,42.357692422315900,13.900000000001533));
#1907=VERTEX_POINT('',#1906);
#1908=CARTESIAN_POINT('',(22.123317462109995,42.357692422315900,13.900000000001533));
#1909=DIRECTION('',(0.0,-1.0,0.0));
#1910=DIRECTION('',(-1.0,0.0,0.0));
#1911=AXIS2_PLACEMENT_3D('',#1908,#1909,#1910);
#1912=CIRCLE('',#1911,0.750000000000000);
#1913=EDGE_CURVE('',#1907,#1907,#1912,.T.);
#1914=ORIENTED_EDGE('',*,*,#1913,.T.);
#1915=EDGE_LOOP('',(#1914));
#1916=FACE_BOUND('',#1915,.T.);
#1917=ADVANCED_FACE('',(#1905,#1916),#1894,.T.);
#1918=CARTESIAN_POINT('',(22.123317462109995,42.607692422315893,13.900000000001533));
#1919=DIRECTION('',(0.0,-1.0,0.0));
#1920=DIRECTION('',(-1.0,0.0,0.0));
#1921=AXIS2_PLACEMENT_3D('',#1918,#1919,#1920);
#1922=CYLINDRICAL_SURFACE('',#1921,0.750000000000000);
#1923=ORIENTED_EDGE('',*,*,#1212,.F.);
#1924=EDGE_LOOP('',(#1923));
#1925=FACE_OUTER_BOUND('',#1924,.T.);
#1926=ORIENTED_EDGE('',*,*,#1913,.F.);
#1927=EDGE_LOOP('',(#1926));
#1928=FACE_BOUND('',#1927,.T.);
#1929=ADVANCED_FACE('',(#1925,#1928),#1922,.T.);
#1930=CARTESIAN_POINT('',(22.123317462109995,42.107692422315893,13.900000000001533));
#1931=DIRECTION('',(0.0,1.0,0.0));
#1932=DIRECTION('',(0.0,0.0,1.0));
#1933=AXIS2_PLACEMENT_3D('',#1930,#1931,#1932);
#1934=PLANE('',#1933);
#1935=ORIENTED_EDGE('',*,*,#1902,.F.);
#1936=EDGE_LOOP('',(#1935));
#1937=FACE_OUTER_BOUND('',#1936,.T.);
#1938=ADVANCED_FACE('',(#1937),#1934,.F.);
#1939=CARTESIAN_POINT('',(22.123317462110013,42.357692422315900,2.199999999997084));
#1940=DIRECTION('',(0.0,1.0,0.0));
#1941=DIRECTION('',(0.0,0.0,1.0));
#1942=AXIS2_PLACEMENT_3D('',#1939,#1940,#1941);
#1943=TOROIDAL_SURFACE('',#1942,0.500000000000000,0.250000000000000);
#1944=CARTESIAN_POINT('',(22.623317462110009,42.107692422315893,2.199999999997084));
#1945=VERTEX_POINT('',#1944);
#1946=CARTESIAN_POINT('',(22.123317462110013,42.107692422315893,2.199999999997084));
#1947=DIRECTION('',(0.0,1.0,0.0));
#1948=DIRECTION('',(-1.0,0.0,0.0));
#1949=AXIS2_PLACEMENT_3D('',#1946,#1947,#1948);
#1950=CIRCLE('',#1949,0.500000000000000);
#1951=EDGE_CURVE('',#1945,#1945,#1950,.T.);
#1952=ORIENTED_EDGE('',*,*,#1951,.T.);
#1953=EDGE_LOOP('',(#1952));
#1954=FACE_OUTER_BOUND('',#1953,.T.);
#1955=CARTESIAN_POINT('',(22.873317462110016,42.357692422315900,2.199999999997084));
#1956=VERTEX_POINT('',#1955);
#1957=CARTESIAN_POINT('',(22.123317462110013,42.357692422315900,2.199999999997084));
#1958=DIRECTION('',(0.0,-1.0,0.0));
#1959=DIRECTION('',(-1.0,0.0,0.0));
#1960=AXIS2_PLACEMENT_3D('',#1957,#1958,#1959);
#1961=CIRCLE('',#1960,0.750000000000000);
#1962=EDGE_CURVE('',#1956,#1956,#1961,.T.);
#1963=ORIENTED_EDGE('',*,*,#1962,.T.);
#1964=EDGE_LOOP('',(#1963));
#1965=FACE_BOUND('',#1964,.T.);
#1966=ADVANCED_FACE('',(#1954,#1965),#1943,.T.);
#1967=CARTESIAN_POINT('',(22.123317462110013,42.607692422315893,2.199999999997084));
#1968=DIRECTION('',(0.0,-1.0,0.0));
#1969=DIRECTION('',(-1.0,0.0,0.0));
#1970=AXIS2_PLACEMENT_3D('',#1967,#1968,#1969);
#1971=CYLINDRICAL_SURFACE('',#1970,0.750000000000000);
#1972=ORIENTED_EDGE('',*,*,#1201,.F.);
#1973=EDGE_LOOP('',(#1972));
#1974=FACE_OUTER_BOUND('',#1973,.T.);
#1975=ORIENTED_EDGE('',*,*,#1962,.F.);
#1976=EDGE_LOOP('',(#1975));
#1977=FACE_BOUND('',#1976,.T.);
#1978=ADVANCED_FACE('',(#1974,#1977),#1971,.T.);
#1979=CARTESIAN_POINT('',(22.123317462110013,42.107692422315893,2.199999999997084));
#1980=DIRECTION('',(0.0,1.0,0.0));
#1981=DIRECTION('',(0.0,0.0,1.0));
#1982=AXIS2_PLACEMENT_3D('',#1979,#1980,#1981);
#1983=PLANE('',#1982);
#1984=ORIENTED_EDGE('',*,*,#1951,.F.);
#1985=EDGE_LOOP('',(#1984));
#1986=FACE_OUTER_BOUND('',#1985,.T.);
#1987=ADVANCED_FACE('',(#1986),#1983,.F.);
#1988=CARTESIAN_POINT('',(22.123317462110013,42.607692422315893,2.199999999997084));
#1989=DIRECTION('',(0.0,1.0,0.0));
#1990=DIRECTION('',(0.0,0.0,1.0));
#1991=AXIS2_PLACEMENT_3D('',#1988,#1989,#1990);
#1992=PLANE('',#1991);
#1993=CARTESIAN_POINT('',(22.123317462110013,42.607692422315893,2.199999999997084));
#1994=DIRECTION('',(0.0,1.0,0.0));
#1995=DIRECTION('',(-1.0,0.0,0.0));
#1996=AXIS2_PLACEMENT_3D('',#1993,#1994,#1995);
#1997=CIRCLE('',#1996,0.750000000000000);
#1998=EDGE_CURVE('',#1195,#1195,#1997,.T.);
#1999=ORIENTED_EDGE('',*,*,#1998,.T.);
#2000=EDGE_LOOP('',(#1999));
#2001=FACE_OUTER_BOUND('',#2000,.T.);
#2002=ADVANCED_FACE('',(#2001),#1992,.T.);
#2003=CARTESIAN_POINT('',(22.123317462109995,42.607692422315893,13.900000000001533));
#2004=DIRECTION('',(0.0,1.0,0.0));
#2005=DIRECTION('',(0.0,0.0,1.0));
#2006=AXIS2_PLACEMENT_3D('',#2003,#2004,#2005);
#2007=PLANE('',#2006);
#2008=CARTESIAN_POINT('',(22.123317462109995,42.607692422315893,13.900000000001533));
#2009=DIRECTION('',(0.0,1.0,0.0));
#2010=DIRECTION('',(-1.0,0.0,0.0));
#2011=AXIS2_PLACEMENT_3D('',#2008,#2009,#2010);
#2012=CIRCLE('',#2011,0.750000000000000);
#2013=EDGE_CURVE('',#1206,#1206,#2012,.T.);
#2014=ORIENTED_EDGE('',*,*,#2013,.T.);
#2015=EDGE_LOOP('',(#2014));
#2016=FACE_OUTER_BOUND('',#2015,.T.);
#2017=ADVANCED_FACE('',(#2016),#2007,.T.);
#2018=CARTESIAN_POINT('',(-4.676682537885720,42.607692422315893,2.199999999997049));
#2019=DIRECTION('',(0.0,1.0,0.0));
#2020=DIRECTION('',(0.0,0.0,1.0));
#2021=AXIS2_PLACEMENT_3D('',#2018,#2019,#2020);
#2022=PLANE('',#2021);
#2023=CARTESIAN_POINT('',(-4.676682537885720,42.607692422315893,2.199999999997049));
#2024=DIRECTION('',(0.0,1.0,0.0));
#2025=DIRECTION('',(-1.0,0.0,0.0));
#2026=AXIS2_PLACEMENT_3D('',#2023,#2024,#2025);
#2027=CIRCLE('',#2026,0.750000000000000);
#2028=EDGE_CURVE('',#1217,#1217,#2027,.T.);
#2029=ORIENTED_EDGE('',*,*,#2028,.T.);
#2030=EDGE_LOOP('',(#2029));
#2031=FACE_OUTER_BOUND('',#2030,.T.);
#2032=ADVANCED_FACE('',(#2031),#2022,.T.);
#2033=CARTESIAN_POINT('',(-4.676682537885649,42.607692422315893,13.900000000001445));
#2034=DIRECTION('',(0.0,1.0,0.0));
#2035=DIRECTION('',(0.0,0.0,1.0));
#2036=AXIS2_PLACEMENT_3D('',#2033,#2034,#2035);
#2037=PLANE('',#2036);
#2038=CARTESIAN_POINT('',(-4.676682537885649,42.607692422315893,13.900000000001445));
#2039=DIRECTION('',(0.0,1.0,0.0));
#2040=DIRECTION('',(-1.0,0.0,0.0));
#2041=AXIS2_PLACEMENT_3D('',#2038,#2039,#2040);
#2042=CIRCLE('',#2041,0.750000000000000);
#2043=EDGE_CURVE('',#1228,#1228,#2042,.T.);
#2044=ORIENTED_EDGE('',*,*,#2043,.T.);
#2045=EDGE_LOOP('',(#2044));
#2046=FACE_OUTER_BOUND('',#2045,.T.);
#2047=ADVANCED_FACE('',(#2046),#2037,.T.);
#2048=CARTESIAN_POINT('',(-4.676682537885649,43.107692422316632,13.900000000001445));
#2049=DIRECTION('',(0.0,-1.0,0.0));
#2050=DIRECTION('',(-1.0,0.0,0.0));
#2051=AXIS2_PLACEMENT_3D('',#2048,#2049,#2050);
#2052=CYLINDRICAL_SURFACE('',#2051,0.750000000000000);
#2053=ORIENTED_EDGE('',*,*,#2043,.F.);
#2054=EDGE_LOOP('',(#2053));
#2055=FACE_OUTER_BOUND('',#2054,.T.);
#2056=ORIENTED_EDGE('',*,*,#551,.F.);
#2057=EDGE_LOOP('',(#2056));
#2058=FACE_BOUND('',#2057,.T.);
#2059=ADVANCED_FACE('',(#2055,#2058),#2052,.F.);
#2060=CARTESIAN_POINT('',(-4.676682537885720,43.107692422316632,2.199999999997049));
#2061=DIRECTION('',(0.0,-1.0,0.0));
#2062=DIRECTION('',(-1.0,0.0,0.0));
#2063=AXIS2_PLACEMENT_3D('',#2060,#2061,#2062);
#2064=CYLINDRICAL_SURFACE('',#2063,0.750000000000000);
#2065=ORIENTED_EDGE('',*,*,#2028,.F.);
#2066=EDGE_LOOP('',(#2065));
#2067=FACE_OUTER_BOUND('',#2066,.T.);
#2068=ORIENTED_EDGE('',*,*,#540,.F.);
#2069=EDGE_LOOP('',(#2068));
#2070=FACE_BOUND('',#2069,.T.);
#2071=ADVANCED_FACE('',(#2067,#2070),#2064,.F.);
#2072=CARTESIAN_POINT('',(22.123317462109995,43.107692422316632,13.900000000001533));
#2073=DIRECTION('',(0.0,-1.0,0.0));
#2074=DIRECTION('',(-1.0,0.0,0.0));
#2075=AXIS2_PLACEMENT_3D('',#2072,#2073,#2074);
#2076=CYLINDRICAL_SURFACE('',#2075,0.750000000000000);
#2077=ORIENTED_EDGE('',*,*,#2013,.F.);
#2078=EDGE_LOOP('',(#2077));
#2079=FACE_OUTER_BOUND('',#2078,.T.);
#2080=ORIENTED_EDGE('',*,*,#529,.F.);
#2081=EDGE_LOOP('',(#2080));
#2082=FACE_BOUND('',#2081,.T.);
#2083=ADVANCED_FACE('',(#2079,#2082),#2076,.F.);
#2084=CARTESIAN_POINT('',(22.123317462110013,43.107692422316632,2.199999999997084));
#2085=DIRECTION('',(0.0,-1.0,0.0));
#2086=DIRECTION('',(-1.0,0.0,0.0));
#2087=AXIS2_PLACEMENT_3D('',#2084,#2085,#2086);
#2088=CYLINDRICAL_SURFACE('',#2087,0.750000000000000);
#2089=ORIENTED_EDGE('',*,*,#1998,.F.);
#2090=EDGE_LOOP('',(#2089));
#2091=FACE_OUTER_BOUND('',#2090,.T.);
#2092=ORIENTED_EDGE('',*,*,#518,.F.);
#2093=EDGE_LOOP('',(#2092));
#2094=FACE_BOUND('',#2093,.T.);
#2095=ADVANCED_FACE('',(#2091,#2094),#2088,.F.);
#2096=CARTESIAN_POINT('',(22.123317462109995,-7.192307577683376,13.800000000003065));
#2097=DIRECTION('',(0.0,-1.0,0.0));
#2098=DIRECTION('',(0.0,0.0,-1.0));
#2099=AXIS2_PLACEMENT_3D('',#2096,#2097,#2098);
#2100=PLANE('',#2099);
#2101=ORIENTED_EDGE('',*,*,#1718,.T.);
#2102=EDGE_LOOP('',(#2101));
#2103=FACE_OUTER_BOUND('',#2102,.T.);
#2104=ADVANCED_FACE('',(#2103),#2100,.T.);
#2105=CARTESIAN_POINT('',(22.123317462109924,-7.192307577683376,2.099999999998650));
#2106=DIRECTION('',(0.0,-1.0,0.0));
#2107=DIRECTION('',(0.0,0.0,-1.0));
#2108=AXIS2_PLACEMENT_3D('',#2105,#2106,#2107);
#2109=PLANE('',#2108);
#2110=ORIENTED_EDGE('',*,*,#1775,.T.);
#2111=EDGE_LOOP('',(#2110));
#2112=FACE_OUTER_BOUND('',#2111,.T.);
#2113=ADVANCED_FACE('',(#2112),#2109,.T.);
#2114=CARTESIAN_POINT('',(-4.676682537885526,-7.192307577683376,13.800000000002994));
#2115=DIRECTION('',(0.0,-1.0,0.0));
#2116=DIRECTION('',(0.0,0.0,-1.0));
#2117=AXIS2_PLACEMENT_3D('',#2114,#2115,#2116);
#2118=PLANE('',#2117);
#2119=ORIENTED_EDGE('',*,*,#1661,.T.);
#2120=EDGE_LOOP('',(#2119));
#2121=FACE_OUTER_BOUND('',#2120,.T.);
#2122=ADVANCED_FACE('',(#2121),#2118,.T.);
#2123=CARTESIAN_POINT('',(-4.676682537885588,-7.192307577683376,2.099999999998623));
#2124=DIRECTION('',(0.0,-1.0,0.0));
#2125=DIRECTION('',(0.0,0.0,-1.0));
#2126=AXIS2_PLACEMENT_3D('',#2123,#2124,#2125);
#2127=PLANE('',#2126);
#2128=ORIENTED_EDGE('',*,*,#1604,.T.);
#2129=EDGE_LOOP('',(#2128));
#2130=FACE_OUTER_BOUND('',#2129,.T.);
#2131=ADVANCED_FACE('',(#2130),#2127,.T.);
#2132=CARTESIAN_POINT('',(-4.676682537885588,-7.692307577683377,2.099999999998623));
#2133=DIRECTION('',(0.0,1.0,0.0));
#2134=DIRECTION('',(-1.0,0.0,0.0));
#2135=AXIS2_PLACEMENT_3D('',#2132,#2133,#2134);
#2136=CYLINDRICAL_SURFACE('',#2135,0.750000000000000);
#2137=CARTESIAN_POINT('',(-4.676682537885588,-7.192307577683376,2.099999999998623));
#2138=DIRECTION('',(0.0,-1.0,0.0));
#2139=DIRECTION('',(-1.0,0.0,0.0));
#2140=AXIS2_PLACEMENT_3D('',#2137,#2138,#2139);
#2141=CIRCLE('',#2140,0.750000000000000);
#2142=EDGE_CURVE('',#1598,#1598,#2141,.T.);
#2143=ORIENTED_EDGE('',*,*,#2142,.F.);
#2144=EDGE_LOOP('',(#2143));
#2145=FACE_OUTER_BOUND('',#2144,.T.);
#2146=ORIENTED_EDGE('',*,*,#1299,.F.);
#2147=EDGE_LOOP('',(#2146));
#2148=FACE_BOUND('',#2147,.T.);
#2149=ADVANCED_FACE('',(#2145,#2148),#2136,.F.);
#2150=CARTESIAN_POINT('',(-4.676682537885526,-7.692307577683377,13.800000000002994));
#2151=DIRECTION('',(0.0,1.0,0.0));
#2152=DIRECTION('',(-1.0,0.0,0.0));
#2153=AXIS2_PLACEMENT_3D('',#2150,#2151,#2152);
#2154=CYLINDRICAL_SURFACE('',#2153,0.750000000000000);
#2155=CARTESIAN_POINT('',(-4.676682537885526,-7.192307577683376,13.800000000002994));
#2156=DIRECTION('',(0.0,-1.0,0.0));
#2157=DIRECTION('',(-1.0,0.0,0.0));
#2158=AXIS2_PLACEMENT_3D('',#2155,#2156,#2157);
#2159=CIRCLE('',#2158,0.750000000000000);
#2160=EDGE_CURVE('',#1655,#1655,#2159,.T.);
#2161=ORIENTED_EDGE('',*,*,#2160,.F.);
#2162=EDGE_LOOP('',(#2161));
#2163=FACE_OUTER_BOUND('',#2162,.T.);
#2164=ORIENTED_EDGE('',*,*,#1288,.F.);
#2165=EDGE_LOOP('',(#2164));
#2166=FACE_BOUND('',#2165,.T.);
#2167=ADVANCED_FACE('',(#2163,#2166),#2154,.F.);
#2168=CARTESIAN_POINT('',(22.123317462109924,-7.692307577683377,2.099999999998650));
#2169=DIRECTION('',(0.0,1.0,0.0));
#2170=DIRECTION('',(-1.0,0.0,0.0));
#2171=AXIS2_PLACEMENT_3D('',#2168,#2169,#2170);
#2172=CYLINDRICAL_SURFACE('',#2171,0.750000000000000);
#2173=CARTESIAN_POINT('',(22.123317462109924,-7.192307577683376,2.099999999998650));
#2174=DIRECTION('',(0.0,-1.0,0.0));
#2175=DIRECTION('',(-1.0,0.0,0.0));
#2176=AXIS2_PLACEMENT_3D('',#2173,#2174,#2175);
#2177=CIRCLE('',#2176,0.750000000000000);
#2178=EDGE_CURVE('',#1769,#1769,#2177,.T.);
#2179=ORIENTED_EDGE('',*,*,#2178,.F.);
#2180=EDGE_LOOP('',(#2179));
#2181=FACE_OUTER_BOUND('',#2180,.T.);
#2182=ORIENTED_EDGE('',*,*,#1277,.F.);
#2183=EDGE_LOOP('',(#2182));
#2184=FACE_BOUND('',#2183,.T.);
#2185=ADVANCED_FACE('',(#2181,#2184),#2172,.F.);
#2186=CARTESIAN_POINT('',(22.123317462109995,-7.692307577683377,13.800000000003065));
#2187=DIRECTION('',(0.0,1.0,0.0));
#2188=DIRECTION('',(-1.0,0.0,0.0));
#2189=AXIS2_PLACEMENT_3D('',#2186,#2187,#2188);
#2190=CYLINDRICAL_SURFACE('',#2189,0.750000000000000);
#2191=CARTESIAN_POINT('',(22.123317462109995,-7.192307577683376,13.800000000003065));
#2192=DIRECTION('',(0.0,-1.0,0.0));
#2193=DIRECTION('',(-1.0,0.0,0.0));
#2194=AXIS2_PLACEMENT_3D('',#2191,#2192,#2193);
#2195=CIRCLE('',#2194,0.750000000000000);
#2196=EDGE_CURVE('',#1712,#1712,#2195,.T.);
#2197=ORIENTED_EDGE('',*,*,#2196,.F.);
#2198=EDGE_LOOP('',(#2197));
#2199=FACE_OUTER_BOUND('',#2198,.T.);
#2200=ORIENTED_EDGE('',*,*,#1266,.F.);
#2201=EDGE_LOOP('',(#2200));
#2202=FACE_BOUND('',#2201,.T.);
#2203=ADVANCED_FACE('',(#2199,#2202),#2190,.F.);
#2204=CARTESIAN_POINT('',(33.623317462109974,-7.192307577683376,0.0));
#2205=DIRECTION('',(0.0,-1.0,0.0));
#2206=DIRECTION('',(0.0,0.0,-1.0));
#2207=AXIS2_PLACEMENT_3D('',#2204,#2205,#2206);
#2208=PLANE('',#2207);
#2209=ORIENTED_EDGE('',*,*,#1001,.T.);
#2210=ORIENTED_EDGE('',*,*,#1524,.F.);
#2211=ORIENTED_EDGE('',*,*,#1558,.T.);
#2212=CARTESIAN_POINT('',(33.623317462109981,-7.192307577683376,15.500000000000000));
#2213=DIRECTION('',(-1.0,0.0,0.0));
#2214=VECTOR('',#2213,49.800000000003038);
#2215=LINE('',#2212,#2214);
#2216=EDGE_CURVE('',#1481,#1547,#2215,.T.);
#2217=ORIENTED_EDGE('',*,*,#2216,.F.);
#2218=ORIENTED_EDGE('',*,*,#1486,.F.);
#2219=ORIENTED_EDGE('',*,*,#674,.F.);
#2220=ORIENTED_EDGE('',*,*,#1099,.T.);
#2221=ORIENTED_EDGE('',*,*,#1039,.T.);
#2222=EDGE_LOOP('',(#2209,#2210,#2211,#2217,#2218,#2219,#2220,#2221));
#2223=FACE_OUTER_BOUND('',#2222,.T.);
#2224=ORIENTED_EDGE('',*,*,#2142,.T.);
#2225=EDGE_LOOP('',(#2224));
#2226=FACE_BOUND('',#2225,.T.);
#2227=ORIENTED_EDGE('',*,*,#2160,.T.);
#2228=EDGE_LOOP('',(#2227));
#2229=FACE_BOUND('',#2228,.T.);
#2230=ORIENTED_EDGE('',*,*,#2178,.T.);
#2231=EDGE_LOOP('',(#2230));
#2232=FACE_BOUND('',#2231,.T.);
#2233=ORIENTED_EDGE('',*,*,#2196,.T.);
#2234=EDGE_LOOP('',(#2233));
#2235=FACE_BOUND('',#2234,.T.);
#2236=ADVANCED_FACE('',(#2223,#2226,#2229,#2232,#2235),#2208,.F.);
#2237=CARTESIAN_POINT('',(8.723317462108456,17.707692422316256,15.500000000000000));
#2238=DIRECTION('',(0.0,0.0,1.0));
#2239=DIRECTION('',(1.0,0.0,0.0));
#2240=AXIS2_PLACEMENT_3D('',#2237,#2238,#2239);
#2241=PLANE('',#2240);
#2242=ORIENTED_EDGE('',*,*,#1492,.T.);
#2243=ORIENTED_EDGE('',*,*,#2216,.T.);
#2244=ORIENTED_EDGE('',*,*,#1552,.T.);
#2245=ORIENTED_EDGE('',*,*,#1176,.T.);
#2246=EDGE_LOOP('',(#2242,#2243,#2244,#2245));
#2247=FACE_OUTER_BOUND('',#2246,.T.);
#2248=ADVANCED_FACE('',(#2247),#2241,.F.);
#2249=CARTESIAN_POINT('',(-16.676682537890020,-7.692307577683377,0.0));
#2250=DIRECTION('',(-1.0,0.0,0.0));
#2251=DIRECTION('',(0.0,0.0,1.0));
#2252=AXIS2_PLACEMENT_3D('',#2249,#2250,#2251);
#2253=PLANE('',#2252);
#2254=ORIENTED_EDGE('',*,*,#162,.F.);
#2255=CARTESIAN_POINT('',(-16.676682537890020,40.107692422319509,0.0));
#2256=DIRECTION('',(0.0,1.0,0.0));
#2257=VECTOR('',#2256,1.999999999997115);
#2258=LINE('',#2255,#2257);
#2259=EDGE_CURVE('',#1392,#150,#2258,.T.);
#2260=ORIENTED_EDGE('',*,*,#2259,.F.);
#2261=ORIENTED_EDGE('',*,*,#1397,.T.);
#2262=ORIENTED_EDGE('',*,*,#1424,.T.);
#2263=ORIENTED_EDGE('',*,*,#1333,.T.);
#2264=ORIENTED_EDGE('',*,*,#1509,.F.);
#2265=ORIENTED_EDGE('',*,*,#325,.F.);
#2266=ORIENTED_EDGE('',*,*,#451,.F.);
#2267=EDGE_LOOP('',(#2254,#2260,#2261,#2262,#2263,#2264,#2265,#2266));
#2268=FACE_OUTER_BOUND('',#2267,.T.);
#2269=ADVANCED_FACE('',(#2268),#2253,.T.);
#2270=CARTESIAN_POINT('',(8.723317462109980,17.707692422316626,0.0));
#2271=DIRECTION('',(0.0,0.0,1.0));
#2272=DIRECTION('',(1.0,0.0,0.0));
#2273=AXIS2_PLACEMENT_3D('',#2270,#2271,#2272);
#2274=PLANE('',#2273);
#2275=ORIENTED_EDGE('',*,*,#156,.F.);
#2276=ORIENTED_EDGE('',*,*,#507,.T.);
#2277=ORIENTED_EDGE('',*,*,#1146,.T.);
#2278=ORIENTED_EDGE('',*,*,#1190,.T.);
#2279=ORIENTED_EDGE('',*,*,#1543,.T.);
#2280=ORIENTED_EDGE('',*,*,#1403,.T.);
#2281=ORIENTED_EDGE('',*,*,#2259,.T.);
#2282=EDGE_LOOP('',(#2275,#2276,#2277,#2278,#2279,#2280,#2281));
#2283=FACE_OUTER_BOUND('',#2282,.T.);
#2284=ADVANCED_FACE('',(#2283),#2274,.F.);
#2285=CLOSED_SHELL('',(#141,#173,#208,#240,#262,#297,#329,#364,#396,#418,#440,#462,#555,#603,#645,#693,#775,#807,#831,#856,#880,#905,#929,#954,#971,#987,#1027,#1058,#1089,#1111,#1128,#1152,#1238,#1303,#1343,#1367,#1407,#1429,#1453,#1470,#1498,#1530,#1563,#1591,#1611,#1620,#1648,#1668,#1677,#1705,#1725,#1734,#1762,#1782,#1791,#1819,#1831,#1840,#1868,#1880,#1889,#1917,#1929,#1938,#1966,#1978,#1987,#2002,#2017,#2032,#2047,#2059,#2071,#2083,#2095,#2104,#2113,#2122,#2131,#2149,#2167,#2185,#2203,#2236,#2248,#2269,#2284));
#2286=MANIFOLD_SOLID_BREP('\X2\5BE69AD4\X0\1',#2285);
#2287=COLOUR_RGB('\X2\FFFD\X0\w\X2\FFFD\X0\]',0.752941012382507,0.752941012382507,0.752941012382507);
#2288=FILL_AREA_STYLE_COLOUR('\X2\FFFD\X0\w\X2\FFFD\X0\]',#2287);
#2289=FILL_AREA_STYLE('\X2\FFFD\X0\w\X2\FFFD\X0\]',(#2288));
#2290=SURFACE_STYLE_FILL_AREA(#2289);
#2291=SURFACE_SIDE_STYLE('\X2\FFFD\X0\w\X2\FFFD\X0\]',(#2290));
#2292=SURFACE_STYLE_USAGE(.BOTH.,#2291);
#2293=PRESENTATION_STYLE_ASSIGNMENT((#2292));
#2294=STYLED_ITEM('',(#2293),#2286);
#2295=MECHANICAL_DESIGN_GEOMETRIC_PRESENTATION_REPRESENTATION('',(#2294,#2871,#2997),#36);
#2296=ADVANCED_BREP_SHAPE_REPRESENTATION('ABSR',(#2286),#75);
#2297=SHAPE_REPRESENTATION_RELATIONSHIP('SRR','None',#2296,#80);
#2298=GROUP('\X2\FFFDFFFDFFFD\X0\2',$);
#2299=APPLIED_GROUP_ASSIGNMENT(#2298,(#2329,#2368,#2400,#2432));
#2305=(NAMED_UNIT(*)PLANE_ANGLE_UNIT()SI_UNIT($,.RADIAN.));
#2306=DIMENSIONAL_EXPONENTS(0.0,0.0,0.0,0.0,0.0,0.0,0.0);
#2307=PLANE_ANGLE_MEASURE_WITH_UNIT(PLANE_ANGLE_MEASURE(0.017453292500000),#2305);
#2311=(CONVERSION_BASED_UNIT('DEGREE',#2307)NAMED_UNIT(#2306)PLANE_ANGLE_UNIT());
#2315=(NAMED_UNIT(*)SI_UNIT($,.STERADIAN.)SOLID_ANGLE_UNIT());
#2319=(LENGTH_UNIT()NAMED_UNIT(*)SI_UNIT(.MILLI.,.METRE.));
#2321=UNCERTAINTY_MEASURE_WITH_UNIT(LENGTH_MEASURE(0.000001000000000),#2319,'DISTANCE_ACCURACY_VALUE','');
#2323=(GEOMETRIC_REPRESENTATION_CONTEXT(3)GLOBAL_UNCERTAINTY_ASSIGNED_CONTEXT((#2321))GLOBAL_UNIT_ASSIGNED_CONTEXT((#2311,#2315,#2319))REPRESENTATION_CONTEXT('','3D'));
#2324=CARTESIAN_POINT('',(-16.676682537890020,-7.692307577683377,0.0));
#2325=DIRECTION('',(0.0,1.0,0.0));
#2326=VECTOR('',#2325,50.799999999999997);
#2327=LINE('',#2324,#2326);
#2328=CARTESIAN_POINT('',(-16.676682537890020,43.107692422316617,0.0));
#2329=TRIMMED_CURVE('',#2327,(PARAMETER_VALUE(0.0),#2324),(PARAMETER_VALUE(1.0),#2328),.T.,.PARAMETER.);
#2330=COLOUR_RGB('',0.623529374599457,0.223529398441315,0.474509805440903);
#2331=DRAUGHTING_PRE_DEFINED_CURVE_FONT('continuous');
#2332=CURVE_STYLE('',#2331,POSITIVE_LENGTH_MEASURE(0.100000000000000),#2330);
#2333=PRESENTATION_STYLE_ASSIGNMENT((#2332));
#2334=STYLED_ITEM('',(#2333),#2329);
#2335=MECHANICAL_DESIGN_GEOMETRIC_PRESENTATION_REPRESENTATION('',(#2334),#2323);
#2336=GEOMETRIC_SET('GEOSET',(#2329,#2368,#2400,#2432));
#2337=GEOMETRICALLY_BOUNDED_SURFACE_SHAPE_REPRESENTATION('GBSSR',(#2336),#75);
#2338=SHAPE_REPRESENTATION_RELATIONSHIP('SRR','None',#2337,#80);
#2344=(NAMED_UNIT(*)PLANE_ANGLE_UNIT()SI_UNIT($,.RADIAN.));
#2345=DIMENSIONAL_EXPONENTS(0.0,0.0,0.0,0.0,0.0,0.0,0.0);
#2346=PLANE_ANGLE_MEASURE_WITH_UNIT(PLANE_ANGLE_MEASURE(0.017453292500000),#2344);
#2350=(CONVERSION_BASED_UNIT('DEGREE',#2346)NAMED_UNIT(#2345)PLANE_ANGLE_UNIT());
#2354=(NAMED_UNIT(*)SI_UNIT($,.STERADIAN.)SOLID_ANGLE_UNIT());
#2358=(LENGTH_UNIT()NAMED_UNIT(*)SI_UNIT(.MILLI.,.METRE.));
#2360=UNCERTAINTY_MEASURE_WITH_UNIT(LENGTH_MEASURE(0.000001000000000),#2358,'DISTANCE_ACCURACY_VALUE','');
#2362=(GEOMETRIC_REPRESENTATION_CONTEXT(3)GLOBAL_UNCERTAINTY_ASSIGNED_CONTEXT((#2360))GLOBAL_UNIT_ASSIGNED_CONTEXT((#2350,#2354,#2358))REPRESENTATION_CONTEXT('','3D'));
#2363=CARTESIAN_POINT('',(34.123317462109981,-7.692307577683377,0.0));
#2364=DIRECTION('',(-1.0,0.0,0.0));
#2365=VECTOR('',#2364,50.799999999999997);
#2366=LINE('',#2363,#2365);
#2367=CARTESIAN_POINT('',(-16.676682537890017,-7.692307577683377,0.0));
#2368=TRIMMED_CURVE('',#2366,(PARAMETER_VALUE(0.0),#2363),(PARAMETER_VALUE(1.0),#2367),.T.,.PARAMETER.);
#2369=STYLED_ITEM('',(#2333),#2368);
#2370=MECHANICAL_DESIGN_GEOMETRIC_PRESENTATION_REPRESENTATION('',(#2369),#2362);
#2376=(NAMED_UNIT(*)PLANE_ANGLE_UNIT()SI_UNIT($,.RADIAN.));
#2377=DIMENSIONAL_EXPONENTS(0.0,0.0,0.0,0.0,0.0,0.0,0.0);
#2378=PLANE_ANGLE_MEASURE_WITH_UNIT(PLANE_ANGLE_MEASURE(0.017453292500000),#2376);
#2382=(CONVERSION_BASED_UNIT('DEGREE',#2378)NAMED_UNIT(#2377)PLANE_ANGLE_UNIT());
#2386=(NAMED_UNIT(*)SI_UNIT($,.STERADIAN.)SOLID_ANGLE_UNIT());
#2390=(LENGTH_UNIT()NAMED_UNIT(*)SI_UNIT(.MILLI.,.METRE.));
#2392=UNCERTAINTY_MEASURE_WITH_UNIT(LENGTH_MEASURE(0.000001000000000),#2390,'DISTANCE_ACCURACY_VALUE','');
#2394=(GEOMETRIC_REPRESENTATION_CONTEXT(3)GLOBAL_UNCERTAINTY_ASSIGNED_CONTEXT((#2392))GLOBAL_UNIT_ASSIGNED_CONTEXT((#2382,#2386,#2390))REPRESENTATION_CONTEXT('','3D'));
#2395=CARTESIAN_POINT('',(34.123317462109981,43.107692422316632,0.0));
#2396=DIRECTION('',(0.0,-1.0,0.0));
#2397=VECTOR('',#2396,50.799999999999997);
#2398=LINE('',#2395,#2397);
#2399=CARTESIAN_POINT('',(34.123317462109981,-7.692307577683366,0.0));
#2400=TRIMMED_CURVE('',#2398,(PARAMETER_VALUE(0.0),#2395),(PARAMETER_VALUE(1.0),#2399),.T.,.PARAMETER.);
#2401=STYLED_ITEM('',(#2333),#2400);
#2402=MECHANICAL_DESIGN_GEOMETRIC_PRESENTATION_REPRESENTATION('',(#2401),#2394);
#2408=(NAMED_UNIT(*)PLANE_ANGLE_UNIT()SI_UNIT($,.RADIAN.));
#2409=DIMENSIONAL_EXPONENTS(0.0,0.0,0.0,0.0,0.0,0.0,0.0);
#2410=PLANE_ANGLE_MEASURE_WITH_UNIT(PLANE_ANGLE_MEASURE(0.017453292500000),#2408);
#2414=(CONVERSION_BASED_UNIT('DEGREE',#2410)NAMED_UNIT(#2409)PLANE_ANGLE_UNIT());
#2418=(NAMED_UNIT(*)SI_UNIT($,.STERADIAN.)SOLID_ANGLE_UNIT());
#2422=(LENGTH_UNIT()NAMED_UNIT(*)SI_UNIT(.MILLI.,.METRE.));
#2424=UNCERTAINTY_MEASURE_WITH_UNIT(LENGTH_MEASURE(0.000001000000000),#2422,'DISTANCE_ACCURACY_VALUE','');
#2426=(GEOMETRIC_REPRESENTATION_CONTEXT(3)GLOBAL_UNCERTAINTY_ASSIGNED_CONTEXT((#2424))GLOBAL_UNIT_ASSIGNED_CONTEXT((#2414,#2418,#2422))REPRESENTATION_CONTEXT('','3D'));
#2427=CARTESIAN_POINT('',(-16.676682537890020,43.107692422316632,0.0));
#2428=DIRECTION('',(1.0,0.0,0.0));
#2429=VECTOR('',#2428,50.799999999999997);
#2430=LINE('',#2427,#2429);
#2431=CARTESIAN_POINT('',(34.123317462109981,43.107692422316632,0.0));
#2432=TRIMMED_CURVE('',#2430,(PARAMETER_VALUE(0.0),#2427),(PARAMETER_VALUE(1.0),#2431),.T.,.PARAMETER.);
#2433=STYLED_ITEM('',(#2333),#2432);
#2434=MECHANICAL_DESIGN_GEOMETRIC_PRESENTATION_REPRESENTATION('',(#2433),#2426);
#2435=AXIS2_PLACEMENT_3D('',#2436,#2437,#2438);
#2436=CARTESIAN_POINT('',(0.0,0.0,0.0));
#2437=DIRECTION('',(0.0,0.0,1.0));
#2438=DIRECTION('',(1.0,0.0,0.0));
#2439=NEXT_ASSEMBLY_USAGE_OCCURRENCE('SDM30-Case:1','SDM30-Case:1','SDM30-Case:1',#12,#51,'SDM30-Case:1');
#2440=PRODUCT_DEFINITION_SHAPE('SDM30-Case:1','SDM30-Case:1',#2439);
#2441=ITEM_DEFINED_TRANSFORMATION('SDM30-Case:1','SDM30-Case:1',#76,#2435);
#2445=(REPRESENTATION_RELATIONSHIP('SDM30-Case:1','SDM30-Case:1',#80,#41)REPRESENTATION_RELATIONSHIP_WITH_TRANSFORMATION(#2441)SHAPE_REPRESENTATION_RELATIONSHIP());
#2446=CONTEXT_DEPENDENT_SHAPE_REPRESENTATION(#2445,#2440);
#2447=APPLICATION_CONTEXT('automotive design');
#2448=APPLICATION_PROTOCOL_DEFINITION('International Standard','automotive_design',2001,#2447);
#2449=PRODUCT_CONTEXT('',#2447,'mechanical');
#2450=PRODUCT('1HH1','1HH1',$,(#2449));
#2451=PRODUCT_RELATED_PRODUCT_CATEGORY('part',$,(#2450));
#2452=PRODUCT_DEFINITION_FORMATION('',$,#2450);
#2453=PRODUCT_DEFINITION_CONTEXT('part definition',#2447,'design');
#2454=PRODUCT_DEFINITION('',$,#2452,#2453);
#2460=(NAMED_UNIT(*)PLANE_ANGLE_UNIT()SI_UNIT($,.RADIAN.));
#2461=DIMENSIONAL_EXPONENTS(0.0,0.0,0.0,0.0,0.0,0.0,0.0);
#2462=PLANE_ANGLE_MEASURE_WITH_UNIT(PLANE_ANGLE_MEASURE(0.017453292500000),#2460);
#2466=(CONVERSION_BASED_UNIT('DEGREE',#2462)NAMED_UNIT(#2461)PLANE_ANGLE_UNIT());
#2470=(NAMED_UNIT(*)SI_UNIT($,.STERADIAN.)SOLID_ANGLE_UNIT());
#2474=(LENGTH_UNIT()NAMED_UNIT(*)SI_UNIT(.MILLI.,.METRE.));
#2476=UNCERTAINTY_MEASURE_WITH_UNIT(LENGTH_MEASURE(0.010000000000000),#2474,'DISTANCE_ACCURACY_VALUE','');
#2478=(GEOMETRIC_REPRESENTATION_CONTEXT(3)GLOBAL_UNCERTAINTY_ASSIGNED_CONTEXT((#2476))GLOBAL_UNIT_ASSIGNED_CONTEXT((#2466,#2470,#2474))REPRESENTATION_CONTEXT('None','None'));
#2479=AXIS2_PLACEMENT_3D('',#2480,#2481,#2482);
#2480=CARTESIAN_POINT('',(0.0,0.0,0.0));
#2481=DIRECTION('',(0.0,0.0,1.0));
#2482=DIRECTION('',(1.0,0.0,0.0));
#2483=SHAPE_REPRESENTATION('',(#2479),#2478);
#2484=PRODUCT_DEFINITION_SHAPE('','',#2454);
#2485=SHAPE_DEFINITION_REPRESENTATION(#2484,#2483);
#2491=(NAMED_UNIT(*)PLANE_ANGLE_UNIT()SI_UNIT($,.RADIAN.));
#2492=DIMENSIONAL_EXPONENTS(0.0,0.0,0.0,0.0,0.0,0.0,0.0);
#2493=PLANE_ANGLE_MEASURE_WITH_UNIT(PLANE_ANGLE_MEASURE(0.017453292500000),#2491);
#2497=(CONVERSION_BASED_UNIT('DEGREE',#2493)NAMED_UNIT(#2492)PLANE_ANGLE_UNIT());
#2501=(NAMED_UNIT(*)SI_UNIT($,.STERADIAN.)SOLID_ANGLE_UNIT());
#2505=(LENGTH_UNIT()NAMED_UNIT(*)SI_UNIT(.MILLI.,.METRE.));
#2507=UNCERTAINTY_MEASURE_WITH_UNIT(LENGTH_MEASURE(0.000001000000000),#2505,'DISTANCE_ACCURACY_VALUE','');
#2509=(GEOMETRIC_REPRESENTATION_CONTEXT(3)GLOBAL_UNCERTAINTY_ASSIGNED_CONTEXT((#2507))GLOBAL_UNIT_ASSIGNED_CONTEXT((#2497,#2501,#2505))REPRESENTATION_CONTEXT('','3D'));
#2510=CARTESIAN_POINT('',(-8.969437879837642,-0.005501840480065,0.0));
#2511=DIRECTION('',(0.0,0.0,1.0));
#2512=DIRECTION('',(-1.0,0.0,0.0));
#2513=AXIS2_PLACEMENT_3D('',#2510,#2511,#2512);
#2514=CYLINDRICAL_SURFACE('',#2513,0.500000000000000);
#2515=CARTESIAN_POINT('',(-8.469437879837642,-0.005501840480065,0.300000000000000));
#2516=VERTEX_POINT('',#2515);
#2517=CARTESIAN_POINT('',(-8.969437879837642,-0.005501840480065,0.300000000000000));
#2518=DIRECTION('',(0.0,0.0,-1.0));
#2519=DIRECTION('',(-1.0,0.0,0.0));
#2520=AXIS2_PLACEMENT_3D('',#2517,#2518,#2519);
#2521=CIRCLE('',#2520,0.500000000000000);
#2522=EDGE_CURVE('',#2516,#2516,#2521,.T.);
#2523=ORIENTED_EDGE('',*,*,#2522,.F.);
#2524=EDGE_LOOP('',(#2523));
#2525=FACE_OUTER_BOUND('',#2524,.T.);
#2526=CARTESIAN_POINT('',(-8.469437879837642,-0.005501840480065,0.0));
#2527=VERTEX_POINT('',#2526);
#2528=CARTESIAN_POINT('',(-8.969437879837642,-0.005501840480065,0.0));
#2529=DIRECTION('',(0.0,0.0,1.0));
#2530=DIRECTION('',(-1.0,0.0,0.0));
#2531=AXIS2_PLACEMENT_3D('',#2528,#2529,#2530);
#2532=CIRCLE('',#2531,0.500000000000000);
#2533=EDGE_CURVE('',#2527,#2527,#2532,.T.);
#2534=ORIENTED_EDGE('',*,*,#2533,.F.);
#2535=EDGE_LOOP('',(#2534));
#2536=FACE_BOUND('',#2535,.T.);
#2537=ADVANCED_FACE('',(#2525,#2536),#2514,.F.);
#2538=CARTESIAN_POINT('',(1.190562120165851,-0.005501840480065,0.0));
#2539=DIRECTION('',(0.0,0.0,1.0));
#2540=DIRECTION('',(-1.0,0.0,0.0));
#2541=AXIS2_PLACEMENT_3D('',#2538,#2539,#2540);
#2542=CYLINDRICAL_SURFACE('',#2541,0.500000000000000);
#2543=CARTESIAN_POINT('',(1.690562120165851,-0.005501840480065,0.300000000000000));
#2544=VERTEX_POINT('',#2543);
#2545=CARTESIAN_POINT('',(1.190562120165851,-0.005501840480065,0.300000000000000));
#2546=DIRECTION('',(0.0,0.0,-1.0));
#2547=DIRECTION('',(-1.0,0.0,0.0));
#2548=AXIS2_PLACEMENT_3D('',#2545,#2546,#2547);
#2549=CIRCLE('',#2548,0.500000000000000);
#2550=EDGE_CURVE('',#2544,#2544,#2549,.T.);
#2551=ORIENTED_EDGE('',*,*,#2550,.F.);
#2552=EDGE_LOOP('',(#2551));
#2553=FACE_OUTER_BOUND('',#2552,.T.);
#2554=CARTESIAN_POINT('',(1.690562120165851,-0.005501840480065,0.0));
#2555=VERTEX_POINT('',#2554);
#2556=CARTESIAN_POINT('',(1.190562120165851,-0.005501840480065,0.0));
#2557=DIRECTION('',(0.0,0.0,1.0));
#2558=DIRECTION('',(-1.0,0.0,0.0));
#2559=AXIS2_PLACEMENT_3D('',#2556,#2557,#2558);
#2560=CIRCLE('',#2559,0.500000000000000);
#2561=EDGE_CURVE('',#2555,#2555,#2560,.T.);
#2562=ORIENTED_EDGE('',*,*,#2561,.F.);
#2563=EDGE_LOOP('',(#2562));
#2564=FACE_BOUND('',#2563,.T.);
#2565=ADVANCED_FACE('',(#2553,#2564),#2542,.F.);
#2566=CARTESIAN_POINT('',(11.350562120169343,-0.005501840480065,0.0));
#2567=DIRECTION('',(0.0,0.0,1.0));
#2568=DIRECTION('',(-1.0,0.0,0.0));
#2569=AXIS2_PLACEMENT_3D('',#2566,#2567,#2568);
#2570=CYLINDRICAL_SURFACE('',#2569,0.500000000000000);
#2571=CARTESIAN_POINT('',(11.850562120169343,-0.005501840480065,0.300000000000000));
#2572=VERTEX_POINT('',#2571);
#2573=CARTESIAN_POINT('',(11.350562120169343,-0.005501840480065,0.300000000000000));
#2574=DIRECTION('',(0.0,0.0,-1.0));
#2575=DIRECTION('',(-1.0,0.0,0.0));
#2576=AXIS2_PLACEMENT_3D('',#2573,#2574,#2575);
#2577=CIRCLE('',#2576,0.500000000000000);
#2578=EDGE_CURVE('',#2572,#2572,#2577,.T.);
#2579=ORIENTED_EDGE('',*,*,#2578,.F.);
#2580=EDGE_LOOP('',(#2579));
#2581=FACE_OUTER_BOUND('',#2580,.T.);
#2582=CARTESIAN_POINT('',(11.850562120169343,-0.005501840480065,0.0));
#2583=VERTEX_POINT('',#2582);
#2584=CARTESIAN_POINT('',(11.350562120169343,-0.005501840480065,0.0));
#2585=DIRECTION('',(0.0,0.0,1.0));
#2586=DIRECTION('',(-1.0,0.0,0.0));
#2587=AXIS2_PLACEMENT_3D('',#2584,#2585,#2586);
#2588=CIRCLE('',#2587,0.500000000000000);
#2589=EDGE_CURVE('',#2583,#2583,#2588,.T.);
#2590=ORIENTED_EDGE('',*,*,#2589,.F.);
#2591=EDGE_LOOP('',(#2590));
#2592=FACE_BOUND('',#2591,.T.);
#2593=ADVANCED_FACE('',(#2581,#2592),#2570,.F.);
#2594=CARTESIAN_POINT('',(-6.429437879829494,45.714498159521099,0.0));
#2595=DIRECTION('',(0.0,0.0,1.0));
#2596=DIRECTION('',(-1.0,0.0,0.0));
#2597=AXIS2_PLACEMENT_3D('',#2594,#2595,#2596);
#2598=CYLINDRICAL_SURFACE('',#2597,0.500000000000000);
#2599=CARTESIAN_POINT('',(-5.929437879829493,45.714498159521099,0.300000000000000));
#2600=VERTEX_POINT('',#2599);
#2601=CARTESIAN_POINT('',(-6.429437879829494,45.714498159521099,0.300000000000000));
#2602=DIRECTION('',(0.0,0.0,-1.0));
#2603=DIRECTION('',(-1.0,0.0,0.0));
#2604=AXIS2_PLACEMENT_3D('',#2601,#2602,#2603);
#2605=CIRCLE('',#2604,0.500000000000000);
#2606=EDGE_CURVE('',#2600,#2600,#2605,.T.);
#2607=ORIENTED_EDGE('',*,*,#2606,.F.);
#2608=EDGE_LOOP('',(#2607));
#2609=FACE_OUTER_BOUND('',#2608,.T.);
#2610=CARTESIAN_POINT('',(-5.929437879829493,45.714498159521099,0.0));
#2611=VERTEX_POINT('',#2610);
#2612=CARTESIAN_POINT('',(-6.429437879829494,45.714498159521099,0.0));
#2613=DIRECTION('',(0.0,0.0,1.0));
#2614=DIRECTION('',(-1.0,0.0,0.0));
#2615=AXIS2_PLACEMENT_3D('',#2612,#2613,#2614);
#2616=CIRCLE('',#2615,0.500000000000000);
#2617=EDGE_CURVE('',#2611,#2611,#2616,.T.);
#2618=ORIENTED_EDGE('',*,*,#2617,.F.);
#2619=EDGE_LOOP('',(#2618));
#2620=FACE_BOUND('',#2619,.T.);
#2621=ADVANCED_FACE('',(#2609,#2620),#2598,.F.);
#2622=CARTESIAN_POINT('',(3.730562120174000,45.714498159521099,0.0));
#2623=DIRECTION('',(0.0,0.0,1.0));
#2624=DIRECTION('',(-1.0,0.0,0.0));
#2625=AXIS2_PLACEMENT_3D('',#2622,#2623,#2624);
#2626=CYLINDRICAL_SURFACE('',#2625,0.500000000000000);
#2627=CARTESIAN_POINT('',(4.230562120174000,45.714498159521099,0.300000000000000));
#2628=VERTEX_POINT('',#2627);
#2629=CARTESIAN_POINT('',(3.730562120174000,45.714498159521099,0.300000000000000));
#2630=DIRECTION('',(0.0,0.0,-1.0));
#2631=DIRECTION('',(-1.0,0.0,0.0));
#2632=AXIS2_PLACEMENT_3D('',#2629,#2630,#2631);
#2633=CIRCLE('',#2632,0.500000000000000);
#2634=EDGE_CURVE('',#2628,#2628,#2633,.T.);
#2635=ORIENTED_EDGE('',*,*,#2634,.F.);
#2636=EDGE_LOOP('',(#2635));
#2637=FACE_OUTER_BOUND('',#2636,.T.);
#2638=CARTESIAN_POINT('',(4.230562120174000,45.714498159521099,0.0));
#2639=VERTEX_POINT('',#2638);
#2640=CARTESIAN_POINT('',(3.730562120174000,45.714498159521099,0.0));
#2641=DIRECTION('',(0.0,0.0,1.0));
#2642=DIRECTION('',(-1.0,0.0,0.0));
#2643=AXIS2_PLACEMENT_3D('',#2640,#2641,#2642);
#2644=CIRCLE('',#2643,0.500000000000000);
#2645=EDGE_CURVE('',#2639,#2639,#2644,.T.);
#2646=ORIENTED_EDGE('',*,*,#2645,.F.);
#2647=EDGE_LOOP('',(#2646));
#2648=FACE_BOUND('',#2647,.T.);
#2649=ADVANCED_FACE('',(#2637,#2648),#2626,.F.);
#2650=CARTESIAN_POINT('',(8.810562120175746,45.714498159521099,0.0));
#2651=DIRECTION('',(0.0,0.0,1.0));
#2652=DIRECTION('',(-1.0,0.0,0.0));
#2653=AXIS2_PLACEMENT_3D('',#2650,#2651,#2652);
#2654=CYLINDRICAL_SURFACE('',#2653,0.500000000000000);
#2655=CARTESIAN_POINT('',(9.310562120175748,45.714498159521099,0.300000000000000));
#2656=VERTEX_POINT('',#2655);
#2657=CARTESIAN_POINT('',(8.810562120175746,45.714498159521099,0.300000000000000));
#2658=DIRECTION('',(0.0,0.0,-1.0));
#2659=DIRECTION('',(-1.0,0.0,0.0));
#2660=AXIS2_PLACEMENT_3D('',#2657,#2658,#2659);
#2661=CIRCLE('',#2660,0.500000000000000);
#2662=EDGE_CURVE('',#2656,#2656,#2661,.T.);
#2663=ORIENTED_EDGE('',*,*,#2662,.F.);
#2664=EDGE_LOOP('',(#2663));
#2665=FACE_OUTER_BOUND('',#2664,.T.);
#2666=CARTESIAN_POINT('',(9.310562120175748,45.714498159521099,0.0));
#2667=VERTEX_POINT('',#2666);
#2668=CARTESIAN_POINT('',(8.810562120175746,45.714498159521099,0.0));
#2669=DIRECTION('',(0.0,0.0,1.0));
#2670=DIRECTION('',(-1.0,0.0,0.0));
#2671=AXIS2_PLACEMENT_3D('',#2668,#2669,#2670);
#2672=CIRCLE('',#2671,0.500000000000000);
#2673=EDGE_CURVE('',#2667,#2667,#2672,.T.);
#2674=ORIENTED_EDGE('',*,*,#2673,.F.);
#2675=EDGE_LOOP('',(#2674));
#2676=FACE_BOUND('',#2675,.T.);
#2677=ADVANCED_FACE('',(#2665,#2676),#2654,.F.);
#2678=CARTESIAN_POINT('',(30.770562120174873,47.354498159520517,0.0));
#2679=DIRECTION('',(1.0,0.0,0.0));
#2680=DIRECTION('',(0.0,0.0,-1.0));
#2681=AXIS2_PLACEMENT_3D('',#2678,#2679,#2680);
#2682=PLANE('',#2681);
#2683=CARTESIAN_POINT('',(30.770562120174873,47.354498159520517,0.300000000000000));
#2684=VERTEX_POINT('',#2683);
#2685=CARTESIAN_POINT('',(30.770562120174873,-1.645501840479483,0.300000000000000));
#2686=VERTEX_POINT('',#2685);
#2687=CARTESIAN_POINT('',(30.770562120174873,47.354498159520517,0.300000000000000));
#2688=DIRECTION('',(0.0,-1.0,0.0));
#2689=VECTOR('',#2688,49.0);
#2690=LINE('',#2687,#2689);
#2691=EDGE_CURVE('',#2684,#2686,#2690,.T.);
#2692=ORIENTED_EDGE('',*,*,#2691,.T.);
#2693=CARTESIAN_POINT('',(30.770562120174873,-1.645501840479483,0.0));
#2694=VERTEX_POINT('',#2693);
#2695=CARTESIAN_POINT('',(30.770562120174873,-1.645501840479483,0.0));
#2696=DIRECTION('',(0.0,0.0,1.0));
#2697=VECTOR('',#2696,0.300000000000000);
#2698=LINE('',#2695,#2697);
#2699=EDGE_CURVE('',#2694,#2686,#2698,.T.);
#2700=ORIENTED_EDGE('',*,*,#2699,.F.);
#2701=CARTESIAN_POINT('',(30.770562120174873,47.354498159520517,0.0));
#2702=VERTEX_POINT('',#2701);
#2703=CARTESIAN_POINT('',(30.770562120174873,47.354498159520517,0.0));
#2704=DIRECTION('',(0.0,-1.0,0.0));
#2705=VECTOR('',#2704,49.0);
#2706=LINE('',#2703,#2705);
#2707=EDGE_CURVE('',#2702,#2694,#2706,.T.);
#2708=ORIENTED_EDGE('',*,*,#2707,.F.);
#2709=CARTESIAN_POINT('',(30.770562120174873,47.354498159520517,0.0));
#2710=DIRECTION('',(0.0,0.0,1.0));
#2711=VECTOR('',#2710,0.300000000000000);
#2712=LINE('',#2709,#2711);
#2713=EDGE_CURVE('',#2702,#2684,#2712,.T.);
#2714=ORIENTED_EDGE('',*,*,#2713,.T.);
#2715=EDGE_LOOP('',(#2692,#2700,#2708,#2714));
#2716=FACE_OUTER_BOUND('',#2715,.T.);
#2717=ADVANCED_FACE('',(#2716),#2682,.T.);
#2718=CARTESIAN_POINT('',(30.770562120174873,-1.645501840479483,0.0));
#2719=DIRECTION('',(0.0,-1.0,0.0));
#2720=DIRECTION('',(0.0,0.0,-1.0));
#2721=AXIS2_PLACEMENT_3D('',#2718,#2719,#2720);
#2722=PLANE('',#2721);
#2723=CARTESIAN_POINT('',(-18.229437879825127,-1.645501840479483,0.300000000000000));
#2724=VERTEX_POINT('',#2723);
#2725=CARTESIAN_POINT('',(30.770562120174873,-1.645501840479483,0.300000000000000));
#2726=DIRECTION('',(-1.0,0.0,0.0));
#2727=VECTOR('',#2726,49.0);
#2728=LINE('',#2725,#2727);
#2729=EDGE_CURVE('',#2686,#2724,#2728,.T.);
#2730=ORIENTED_EDGE('',*,*,#2729,.T.);
#2731=CARTESIAN_POINT('',(-18.229437879825127,-1.645501840479483,0.0));
#2732=VERTEX_POINT('',#2731);
#2733=CARTESIAN_POINT('',(-18.229437879825127,-1.645501840479483,0.0));
#2734=DIRECTION('',(0.0,0.0,1.0));
#2735=VECTOR('',#2734,0.300000000000000);
#2736=LINE('',#2733,#2735);
#2737=EDGE_CURVE('',#2732,#2724,#2736,.T.);
#2738=ORIENTED_EDGE('',*,*,#2737,.F.);
#2739=CARTESIAN_POINT('',(30.770562120174873,-1.645501840479483,0.0));
#2740=DIRECTION('',(-1.0,0.0,0.0));
#2741=VECTOR('',#2740,49.0);
#2742=LINE('',#2739,#2741);
#2743=EDGE_CURVE('',#2694,#2732,#2742,.T.);
#2744=ORIENTED_EDGE('',*,*,#2743,.F.);
#2745=ORIENTED_EDGE('',*,*,#2699,.T.);
#2746=EDGE_LOOP('',(#2730,#2738,#2744,#2745));
#2747=FACE_OUTER_BOUND('',#2746,.T.);
#2748=ADVANCED_FACE('',(#2747),#2722,.T.);
#2749=CARTESIAN_POINT('',(-18.229437879825127,-1.645501840479483,0.0));
#2750=DIRECTION('',(-1.0,0.0,0.0));
#2751=DIRECTION('',(0.0,0.0,1.0));
#2752=AXIS2_PLACEMENT_3D('',#2749,#2750,#2751);
#2753=PLANE('',#2752);
#2754=CARTESIAN_POINT('',(-18.229437879825127,47.354498159520517,0.300000000000000));
#2755=VERTEX_POINT('',#2754);
#2756=CARTESIAN_POINT('',(-18.229437879825127,-1.645501840479483,0.300000000000000));
#2757=DIRECTION('',(0.0,1.0,0.0));
#2758=VECTOR('',#2757,49.0);
#2759=LINE('',#2756,#2758);
#2760=EDGE_CURVE('',#2724,#2755,#2759,.T.);
#2761=ORIENTED_EDGE('',*,*,#2760,.T.);
#2762=CARTESIAN_POINT('',(-18.229437879825127,47.354498159520517,0.0));
#2763=VERTEX_POINT('',#2762);
#2764=CARTESIAN_POINT('',(-18.229437879825127,47.354498159520517,0.0));
#2765=DIRECTION('',(0.0,0.0,1.0));
#2766=VECTOR('',#2765,0.300000000000000);
#2767=LINE('',#2764,#2766);
#2768=EDGE_CURVE('',#2763,#2755,#2767,.T.);
#2769=ORIENTED_EDGE('',*,*,#2768,.F.);
#2770=CARTESIAN_POINT('',(-18.229437879825127,-1.645501840479483,0.0));
#2771=DIRECTION('',(0.0,1.0,0.0));
#2772=VECTOR('',#2771,49.0);
#2773=LINE('',#2770,#2772);
#2774=EDGE_CURVE('',#2732,#2763,#2773,.T.);
#2775=ORIENTED_EDGE('',*,*,#2774,.F.);
#2776=ORIENTED_EDGE('',*,*,#2737,.T.);
#2777=EDGE_LOOP('',(#2761,#2769,#2775,#2776));
#2778=FACE_OUTER_BOUND('',#2777,.T.);
#2779=ADVANCED_FACE('',(#2778),#2753,.T.);
#2780=CARTESIAN_POINT('',(-18.229437879825127,47.354498159520517,0.0));
#2781=DIRECTION('',(0.0,1.0,0.0));
#2782=DIRECTION('',(0.0,0.0,1.0));
#2783=AXIS2_PLACEMENT_3D('',#2780,#2781,#2782);
#2784=PLANE('',#2783);
#2785=CARTESIAN_POINT('',(-18.229437879825127,47.354498159520517,0.300000000000000));
#2786=DIRECTION('',(1.0,0.0,0.0));
#2787=VECTOR('',#2786,49.0);
#2788=LINE('',#2785,#2787);
#2789=EDGE_CURVE('',#2755,#2684,#2788,.T.);
#2790=ORIENTED_EDGE('',*,*,#2789,.T.);
#2791=ORIENTED_EDGE('',*,*,#2713,.F.);
#2792=CARTESIAN_POINT('',(-18.229437879825127,47.354498159520517,0.0));
#2793=DIRECTION('',(1.0,0.0,0.0));
#2794=VECTOR('',#2793,49.0);
#2795=LINE('',#2792,#2794);
#2796=EDGE_CURVE('',#2763,#2702,#2795,.T.);
#2797=ORIENTED_EDGE('',*,*,#2796,.F.);
#2798=ORIENTED_EDGE('',*,*,#2768,.T.);
#2799=EDGE_LOOP('',(#2790,#2791,#2797,#2798));
#2800=FACE_OUTER_BOUND('',#2799,.T.);
#2801=ADVANCED_FACE('',(#2800),#2784,.T.);
#2802=CARTESIAN_POINT('',(6.270562120174875,22.854498159520517,0.300000000000000));
#2803=DIRECTION('',(0.0,0.0,1.0));
#2804=DIRECTION('',(1.0,0.0,0.0));
#2805=AXIS2_PLACEMENT_3D('',#2802,#2803,#2804);
#2806=PLANE('',#2805);
#2807=ORIENTED_EDGE('',*,*,#2691,.F.);
#2808=ORIENTED_EDGE('',*,*,#2789,.F.);
#2809=ORIENTED_EDGE('',*,*,#2760,.F.);
#2810=ORIENTED_EDGE('',*,*,#2729,.F.);
#2811=EDGE_LOOP('',(#2807,#2808,#2809,#2810));
#2812=FACE_OUTER_BOUND('',#2811,.T.);
#2813=ORIENTED_EDGE('',*,*,#2522,.T.);
#2814=EDGE_LOOP('',(#2813));
#2815=FACE_BOUND('',#2814,.T.);
#2816=ORIENTED_EDGE('',*,*,#2550,.T.);
#2817=EDGE_LOOP('',(#2816));
#2818=FACE_BOUND('',#2817,.T.);
#2819=ORIENTED_EDGE('',*,*,#2578,.T.);
#2820=EDGE_LOOP('',(#2819));
#2821=FACE_BOUND('',#2820,.T.);
#2822=ORIENTED_EDGE('',*,*,#2606,.T.);
#2823=EDGE_LOOP('',(#2822));
#2824=FACE_BOUND('',#2823,.T.);
#2825=ORIENTED_EDGE('',*,*,#2634,.T.);
#2826=EDGE_LOOP('',(#2825));
#2827=FACE_BOUND('',#2826,.T.);
#2828=ORIENTED_EDGE('',*,*,#2662,.T.);
#2829=EDGE_LOOP('',(#2828));
#2830=FACE_BOUND('',#2829,.T.);
#2831=ADVANCED_FACE('',(#2812,#2815,#2818,#2821,#2824,#2827,#2830),#2806,.T.);
#2832=CARTESIAN_POINT('',(6.270562120174875,22.854498159520517,0.0));
#2833=DIRECTION('',(0.0,0.0,1.0));
#2834=DIRECTION('',(1.0,0.0,0.0));
#2835=AXIS2_PLACEMENT_3D('',#2832,#2833,#2834);
#2836=PLANE('',#2835);
#2837=ORIENTED_EDGE('',*,*,#2796,.T.);
#2838=ORIENTED_EDGE('',*,*,#2707,.T.);
#2839=ORIENTED_EDGE('',*,*,#2743,.T.);
#2840=ORIENTED_EDGE('',*,*,#2774,.T.);
#2841=EDGE_LOOP('',(#2837,#2838,#2839,#2840));
#2842=FACE_OUTER_BOUND('',#2841,.T.);
#2843=ORIENTED_EDGE('',*,*,#2533,.T.);
#2844=EDGE_LOOP('',(#2843));
#2845=FACE_BOUND('',#2844,.T.);
#2846=ORIENTED_EDGE('',*,*,#2561,.T.);
#2847=EDGE_LOOP('',(#2846));
#2848=FACE_BOUND('',#2847,.T.);
#2849=ORIENTED_EDGE('',*,*,#2589,.T.);
#2850=EDGE_LOOP('',(#2849));
#2851=FACE_BOUND('',#2850,.T.);
#2852=ORIENTED_EDGE('',*,*,#2617,.T.);
#2853=EDGE_LOOP('',(#2852));
#2854=FACE_BOUND('',#2853,.T.);
#2855=ORIENTED_EDGE('',*,*,#2645,.T.);
#2856=EDGE_LOOP('',(#2855));
#2857=FACE_BOUND('',#2856,.T.);
#2858=ORIENTED_EDGE('',*,*,#2673,.T.);
#2859=EDGE_LOOP('',(#2858));
#2860=FACE_BOUND('',#2859,.T.);
#2861=ADVANCED_FACE('',(#2842,#2845,#2848,#2851,#2854,#2857,#2860),#2836,.F.);
#2862=CLOSED_SHELL('',(#2537,#2565,#2593,#2621,#2649,#2677,#2717,#2748,#2779,#2801,#2831,#2861));
#2863=MANIFOLD_SOLID_BREP('\X2\5BE69AD4\X0\1',#2862);
#2864=DRAUGHTING_PRE_DEFINED_COLOUR('black');
#2865=FILL_AREA_STYLE_COLOUR('\X2\FFFDFFFD\X0\',#2864);
#2866=FILL_AREA_STYLE('\X2\FFFDFFFD\X0\',(#2865));
#2867=SURFACE_STYLE_FILL_AREA(#2866);
#2868=SURFACE_SIDE_STYLE('\X2\FFFDFFFD\X0\',(#2867));
#2869=SURFACE_STYLE_USAGE(.BOTH.,#2868);
#2870=PRESENTATION_STYLE_ASSIGNMENT((#2869));
#2871=STYLED_ITEM('',(#2870),#2863);
#2872=ADVANCED_BREP_SHAPE_REPRESENTATION('ABSR',(#2863),#2478);
#2873=SHAPE_REPRESENTATION_RELATIONSHIP('SRR','None',#2872,#2483);
#2874=AXIS2_PLACEMENT_3D('',#2875,#2876,#2877);
#2875=CARTESIAN_POINT('',(-14.131180697410407,11.437130302140970,0.737099277834478));
#2876=DIRECTION('',(2.465190E-032,-1.232595E-032,-1.000000000000006));
#2877=DIRECTION('',(4.440892E-015,1.000000000000001,-4.069520E-017));
#2878=NEXT_ASSEMBLY_USAGE_OCCURRENCE('1HH1:1','1HH1:1','1HH1:1',#12,#2454,'1HH1:1');
#2879=PRODUCT_DEFINITION_SHAPE('1HH1:1','1HH1:1',#2878);
#2880=ITEM_DEFINED_TRANSFORMATION('1HH1:1','1HH1:1',#2479,#2874);
#2884=(REPRESENTATION_RELATIONSHIP('1HH1:1','1HH1:1',#2483,#41)REPRESENTATION_RELATIONSHIP_WITH_TRANSFORMATION(#2880)SHAPE_REPRESENTATION_RELATIONSHIP());
#2885=CONTEXT_DEPENDENT_SHAPE_REPRESENTATION(#2884,#2879);
#2886=APPLICATION_CONTEXT('automotive design');
#2887=APPLICATION_PROTOCOL_DEFINITION('International Standard','automotive_design',2001,#2886);
#2888=PRODUCT_CONTEXT('',#2886,'mechanical');
#2889=PRODUCT('PIN','PIN',$,(#2888));
#2890=PRODUCT_RELATED_PRODUCT_CATEGORY('part',$,(#2889));
#2891=PRODUCT_DEFINITION_FORMATION('',$,#2889);
#2892=PRODUCT_DEFINITION_CONTEXT('part definition',#2886,'design');
#2893=PRODUCT_DEFINITION('',$,#2891,#2892);
#2899=(NAMED_UNIT(*)PLANE_ANGLE_UNIT()SI_UNIT($,.RADIAN.));
#2900=DIMENSIONAL_EXPONENTS(0.0,0.0,0.0,0.0,0.0,0.0,0.0);
#2901=PLANE_ANGLE_MEASURE_WITH_UNIT(PLANE_ANGLE_MEASURE(0.017453292500000),#2899);
#2905=(CONVERSION_BASED_UNIT('DEGREE',#2901)NAMED_UNIT(#2900)PLANE_ANGLE_UNIT());
#2909=(NAMED_UNIT(*)SI_UNIT($,.STERADIAN.)SOLID_ANGLE_UNIT());
#2913=(LENGTH_UNIT()NAMED_UNIT(*)SI_UNIT(.MILLI.,.METRE.));
#2915=UNCERTAINTY_MEASURE_WITH_UNIT(LENGTH_MEASURE(0.010000000000000),#2913,'DISTANCE_ACCURACY_VALUE','');
#2917=(GEOMETRIC_REPRESENTATION_CONTEXT(3)GLOBAL_UNCERTAINTY_ASSIGNED_CONTEXT((#2915))GLOBAL_UNIT_ASSIGNED_CONTEXT((#2905,#2909,#2913))REPRESENTATION_CONTEXT('None','None'));
#2918=AXIS2_PLACEMENT_3D('',#2919,#2920,#2921);
#2919=CARTESIAN_POINT('',(0.0,0.0,0.0));
#2920=DIRECTION('',(0.0,0.0,1.0));
#2921=DIRECTION('',(1.0,0.0,0.0));
#2922=SHAPE_REPRESENTATION('',(#2918),#2917);
#2923=PRODUCT_DEFINITION_SHAPE('','',#2893);
#2924=SHAPE_DEFINITION_REPRESENTATION(#2923,#2922);
#2930=(NAMED_UNIT(*)PLANE_ANGLE_UNIT()SI_UNIT($,.RADIAN.));
#2931=DIMENSIONAL_EXPONENTS(0.0,0.0,0.0,0.0,0.0,0.0,0.0);
#2932=PLANE_ANGLE_MEASURE_WITH_UNIT(PLANE_ANGLE_MEASURE(0.017453292500000),#2930);
#2936=(CONVERSION_BASED_UNIT('DEGREE',#2932)NAMED_UNIT(#2931)PLANE_ANGLE_UNIT());
#2940=(NAMED_UNIT(*)SI_UNIT($,.STERADIAN.)SOLID_ANGLE_UNIT());
#2944=(LENGTH_UNIT()NAMED_UNIT(*)SI_UNIT(.MILLI.,.METRE.));
#2946=UNCERTAINTY_MEASURE_WITH_UNIT(LENGTH_MEASURE(0.000001000000000),#2944,'DISTANCE_ACCURACY_VALUE','');
#2948=(GEOMETRIC_REPRESENTATION_CONTEXT(3)GLOBAL_UNCERTAINTY_ASSIGNED_CONTEXT((#2946))GLOBAL_UNIT_ASSIGNED_CONTEXT((#2936,#2940,#2944))REPRESENTATION_CONTEXT('','3D'));
#2949=CARTESIAN_POINT('',(-3.819875516365918,8.167701741645798,0.0));
#2950=DIRECTION('',(0.0,0.0,1.0));
#2951=DIRECTION('',(-1.0,0.0,0.0));
#2952=AXIS2_PLACEMENT_3D('',#2949,#2950,#2951);
#2953=CYLINDRICAL_SURFACE('',#2952,0.500000000000000);
#2954=CARTESIAN_POINT('',(-3.319875516365918,8.167701741645798,5.600000000000000));
#2955=VERTEX_POINT('',#2954);
#2956=CARTESIAN_POINT('',(-3.819875516365918,8.167701741645798,5.600000000000000));
#2957=DIRECTION('',(0.0,0.0,-1.0));
#2958=DIRECTION('',(-1.0,0.0,0.0));
#2959=AXIS2_PLACEMENT_3D('',#2956,#2957,#2958);
#2960=CIRCLE('',#2959,0.500000000000000);
#2961=EDGE_CURVE('',#2955,#2955,#2960,.T.);
#2962=ORIENTED_EDGE('',*,*,#2961,.T.);
#2963=EDGE_LOOP('',(#2962));
#2964=FACE_OUTER_BOUND('',#2963,.T.);
#2965=CARTESIAN_POINT('',(-3.319875516365918,8.167701741645798,0.0));
#2966=VERTEX_POINT('',#2965);
#2967=CARTESIAN_POINT('',(-3.819875516365918,8.167701741645798,0.0));
#2968=DIRECTION('',(0.0,0.0,-1.0));
#2969=DIRECTION('',(-1.0,0.0,0.0));
#2970=AXIS2_PLACEMENT_3D('',#2967,#2968,#2969);
#2971=CIRCLE('',#2970,0.500000000000000);
#2972=EDGE_CURVE('',#2966,#2966,#2971,.T.);
#2973=ORIENTED_EDGE('',*,*,#2972,.F.);
#2974=EDGE_LOOP('',(#2973));
#2975=FACE_BOUND('',#2974,.T.);
#2976=ADVANCED_FACE('',(#2964,#2975),#2953,.T.);
#2977=CARTESIAN_POINT('',(-3.819875516365918,8.167701741645798,5.600000000000000));
#2978=DIRECTION('',(0.0,0.0,-1.0));
#2979=DIRECTION('',(-1.0,0.0,0.0));
#2980=AXIS2_PLACEMENT_3D('',#2977,#2978,#2979);
#2981=PLANE('',#2980);
#2982=ORIENTED_EDGE('',*,*,#2961,.F.);
#2983=EDGE_LOOP('',(#2982));
#2984=FACE_OUTER_BOUND('',#2983,.T.);
#2985=ADVANCED_FACE('',(#2984),#2981,.F.);
#2986=CARTESIAN_POINT('',(-3.819875516365918,8.167701741645798,0.0));
#2987=DIRECTION('',(0.0,0.0,-1.0));
#2988=DIRECTION('',(-1.0,0.0,0.0));
#2989=AXIS2_PLACEMENT_3D('',#2986,#2987,#2988);
#2990=PLANE('',#2989);
#2991=ORIENTED_EDGE('',*,*,#2972,.T.);
#2992=EDGE_LOOP('',(#2991));
#2993=FACE_OUTER_BOUND('',#2992,.T.);
#2994=ADVANCED_FACE('',(#2993),#2990,.T.);
#2995=CLOSED_SHELL('',(#2976,#2985,#2994));
#2996=MANIFOLD_SOLID_BREP('\X2\5BE69AD4\X0\1',#2995);
#2997=STYLED_ITEM('',(#2293),#2996);
#2998=ADVANCED_BREP_SHAPE_REPRESENTATION('ABSR',(#2996),#2917);
#2999=SHAPE_REPRESENTATION_RELATIONSHIP('SRR','None',#2998,#2922);
#3000=AXIS2_PLACEMENT_3D('',#3001,#3002,#3003);
#3001=CARTESIAN_POINT('',(35.403192978476447,-3.160009319334312,-4.862900722165519));
#3002=DIRECTION('',(0.0,0.0,1.0));
#3003=DIRECTION('',(1.0,-7.027158E-049,-4.930381E-032));
#3004=NEXT_ASSEMBLY_USAGE_OCCURRENCE('PIN:1','PIN:1','PIN:1',#12,#2893,'PIN:1');
#3005=PRODUCT_DEFINITION_SHAPE('PIN:1','PIN:1',#3004);
#3006=ITEM_DEFINED_TRANSFORMATION('PIN:1','PIN:1',#2918,#3000);
#3010=(REPRESENTATION_RELATIONSHIP('PIN:1','PIN:1',#2922,#41)REPRESENTATION_RELATIONSHIP_WITH_TRANSFORMATION(#3006)SHAPE_REPRESENTATION_RELATIONSHIP());
#3011=CONTEXT_DEPENDENT_SHAPE_REPRESENTATION(#3010,#3005);
#3012=AXIS2_PLACEMENT_3D('',#3013,#3014,#3015);
#3013=CARTESIAN_POINT('',(-10.316807021524500,14.619990680664525,-4.862900722165523));
#3014=DIRECTION('',(0.0,0.0,1.0));
#3015=DIRECTION('',(1.0,-7.027158E-049,-4.930381E-032));
#3016=NEXT_ASSEMBLY_USAGE_OCCURRENCE('PIN:3','PIN:3','PIN:3',#12,#2893,'PIN:3');
#3017=PRODUCT_DEFINITION_SHAPE('PIN:3','PIN:3',#3016);
#3018=ITEM_DEFINED_TRANSFORMATION('PIN:3','PIN:3',#2918,#3012);
#3022=(REPRESENTATION_RELATIONSHIP('PIN:3','PIN:3',#2922,#41)REPRESENTATION_RELATIONSHIP_WITH_TRANSFORMATION(#3018)SHAPE_REPRESENTATION_RELATIONSHIP());
#3023=CONTEXT_DEPENDENT_SHAPE_REPRESENTATION(#3022,#3017);
#3024=AXIS2_PLACEMENT_3D('',#3025,#3026,#3027);
#3025=CARTESIAN_POINT('',(35.403192978476483,6.999990680669185,-4.862900722165519));
#3026=DIRECTION('',(0.0,0.0,1.0));
#3027=DIRECTION('',(1.0,-7.027158E-049,-4.930381E-032));
#3028=NEXT_ASSEMBLY_USAGE_OCCURRENCE('PIN:4','PIN:4','PIN:4',#12,#2893,'PIN:4');
#3029=PRODUCT_DEFINITION_SHAPE('PIN:4','PIN:4',#3028);
#3030=ITEM_DEFINED_TRANSFORMATION('PIN:4','PIN:4',#2918,#3024);
#3034=(REPRESENTATION_RELATIONSHIP('PIN:4','PIN:4',#2922,#41)REPRESENTATION_RELATIONSHIP_WITH_TRANSFORMATION(#3030)SHAPE_REPRESENTATION_RELATIONSHIP());
#3035=CONTEXT_DEPENDENT_SHAPE_REPRESENTATION(#3034,#3029);
#3036=AXIS2_PLACEMENT_3D('',#3037,#3038,#3039);
#3037=CARTESIAN_POINT('',(35.403192978476504,12.079990680670942,-4.862900722165519));
#3038=DIRECTION('',(0.0,0.0,1.0));
#3039=DIRECTION('',(1.0,-7.027158E-049,-4.930381E-032));
#3040=NEXT_ASSEMBLY_USAGE_OCCURRENCE('PIN:5','PIN:5','PIN:5',#12,#2893,'PIN:5');
#3041=PRODUCT_DEFINITION_SHAPE('PIN:5','PIN:5',#3040);
#3042=ITEM_DEFINED_TRANSFORMATION('PIN:5','PIN:5',#2918,#3036);
#3046=(REPRESENTATION_RELATIONSHIP('PIN:5','PIN:5',#2922,#41)REPRESENTATION_RELATIONSHIP_WITH_TRANSFORMATION(#3042)SHAPE_REPRESENTATION_RELATIONSHIP());
#3047=CONTEXT_DEPENDENT_SHAPE_REPRESENTATION(#3046,#3041);
#3048=AXIS2_PLACEMENT_3D('',#3049,#3050,#3051);
#3049=CARTESIAN_POINT('',(-10.316807021524550,4.459990680661020,-4.862900722165523));
#3050=DIRECTION('',(0.0,0.0,1.0));
#3051=DIRECTION('',(1.0,-7.027158E-049,-4.930381E-032));
#3052=NEXT_ASSEMBLY_USAGE_OCCURRENCE('PIN:6','PIN:6','PIN:6',#12,#2893,'PIN:6');
#3053=PRODUCT_DEFINITION_SHAPE('PIN:6','PIN:6',#3052);
#3054=ITEM_DEFINED_TRANSFORMATION('PIN:6','PIN:6',#2918,#3048);
#3058=(REPRESENTATION_RELATIONSHIP('PIN:6','PIN:6',#2922,#41)REPRESENTATION_RELATIONSHIP_WITH_TRANSFORMATION(#3054)SHAPE_REPRESENTATION_RELATIONSHIP());
#3059=CONTEXT_DEPENDENT_SHAPE_REPRESENTATION(#3058,#3053);
#3060=AXIS2_PLACEMENT_3D('',#3061,#3062,#3063);
#3061=CARTESIAN_POINT('',(-10.316807021524594,-5.700009319342474,-4.862900722165521));
#3062=DIRECTION('',(0.0,0.0,1.0));
#3063=DIRECTION('',(1.0,0.0,0.0));
#3064=NEXT_ASSEMBLY_USAGE_OCCURRENCE('PIN:7','PIN:7','PIN:7',#12,#2893,'PIN:7');
#3065=PRODUCT_DEFINITION_SHAPE('PIN:7','PIN:7',#3064);
#3066=ITEM_DEFINED_TRANSFORMATION('PIN:7','PIN:7',#2918,#3060);
#3070=(REPRESENTATION_RELATIONSHIP('PIN:7','PIN:7',#2922,#41)REPRESENTATION_RELATIONSHIP_WITH_TRANSFORMATION(#3066)SHAPE_REPRESENTATION_RELATIONSHIP());
#3071=CONTEXT_DEPENDENT_SHAPE_REPRESENTATION(#3070,#3065);
ENDSEC;
END-ISO-10303-21;
