ISO-10303-21;
HEADER;
FILE_DESCRIPTION((''),'2;1');
FILE_NAME('00_ASM_25_ASM','2022-04-15T',('eng665'),(''),
'PRO/ENGINEER BY PARAMETRIC TECHNOLOGY CORPORATION, 2014000',
'PRO/ENGINEER BY PARAMETRIC TECHNOLOGY CORPORATION, 2014000','');
FILE_SCHEMA(('AUTOMOTIVE_DESIGN { 1 0 10303 214 1 1 1 1 }'));
ENDSEC;
DATA;
#24=DIRECTION('',(-1.E0,0.E0,0.E0));
#25=VECTOR('',#24,4.95E1);
#26=CARTESIAN_POINT('',(2.475E1,0.E0,1.205E1));
#27=LINE('',#26,#25);
#28=DIRECTION('',(1.E0,0.E0,0.E0));
#29=VECTOR('',#28,4.949999999998E1);
#30=CARTESIAN_POINT('',(-2.474999999987E1,7.E-1,1.275E1));
#31=LINE('',#30,#29);
#32=CARTESIAN_POINT('',(-2.475E1,7.E-1,1.205E1));
#33=DIRECTION('',(0.E0,1.E0,0.E0));
#34=DIRECTION('',(-1.E0,0.E0,3.177496361267E-10));
#35=AXIS2_PLACEMENT_3D('',#32,#33,#34);
#37=CARTESIAN_POINT('',(-2.475E1,7.E-1,1.205E1));
#38=DIRECTION('',(1.E0,0.E0,0.E0));
#39=DIRECTION('',(0.E0,0.E0,1.E0));
#40=AXIS2_PLACEMENT_3D('',#37,#38,#39);
#42=CARTESIAN_POINT('',(-2.475E1,7.E-1,1.205E1));
#43=DIRECTION('',(0.E0,0.E0,-1.E0));
#44=DIRECTION('',(0.E0,-1.E0,0.E0));
#45=AXIS2_PLACEMENT_3D('',#42,#43,#44);
#47=DIRECTION('',(0.E0,1.E0,3.599105910820E-12));
#48=VECTOR('',#47,1.03E1);
#49=CARTESIAN_POINT('',(-2.545E1,7.E-1,1.205000000011E1));
#50=LINE('',#49,#48);
#51=DIRECTION('',(-4.321203589127E-12,-1.E0,0.E0));
#52=VECTOR('',#51,1.03E1);
#53=CARTESIAN_POINT('',(-2.474999999982E1,1.1E1,1.275E1));
#54=LINE('',#53,#52);
#55=DIRECTION('',(0.E0,0.E0,1.E0));
#56=VECTOR('',#55,2.409999999997E1);
#57=CARTESIAN_POINT('',(-2.545E1,1.1E1,-1.204999999982E1));
#58=LINE('',#57,#56);
#59=CARTESIAN_POINT('',(-2.545E1,8.4E0,2.5E0));
#60=DIRECTION('',(-1.E0,0.E0,0.E0));
#61=DIRECTION('',(0.E0,1.E0,0.E0));
#62=AXIS2_PLACEMENT_3D('',#59,#60,#61);
#64=CARTESIAN_POINT('',(-2.545E1,8.4E0,2.5E0));
#65=DIRECTION('',(-1.E0,0.E0,0.E0));
#66=DIRECTION('',(0.E0,-1.E0,0.E0));
#67=AXIS2_PLACEMENT_3D('',#64,#65,#66);
#69=DIRECTION('',(0.E0,0.E0,-1.E0));
#70=VECTOR('',#69,2.41E1);
#71=CARTESIAN_POINT('',(-2.475E1,0.E0,1.205E1));
#72=LINE('',#71,#70);
#73=DIRECTION('',(0.E0,0.E0,1.E0));
#74=VECTOR('',#73,2.409999999998E1);
#75=CARTESIAN_POINT('',(-2.545E1,7.E-1,-1.204999999987E1));
#76=LINE('',#75,#74);
#77=CARTESIAN_POINT('',(-2.475E1,7.E-1,-1.205E1));
#78=DIRECTION('',(0.E0,1.E0,0.E0));
#79=DIRECTION('',(-3.177496361267E-10,0.E0,-1.E0));
#80=AXIS2_PLACEMENT_3D('',#77,#78,#79);
#82=CARTESIAN_POINT('',(-2.475E1,7.E-1,-1.205E1));
#83=DIRECTION('',(0.E0,0.E0,1.E0));
#84=DIRECTION('',(-1.E0,0.E0,0.E0));
#85=AXIS2_PLACEMENT_3D('',#82,#83,#84);
#87=CARTESIAN_POINT('',(-2.475E1,7.E-1,-1.205E1));
#88=DIRECTION('',(1.E0,1.049732877143E-14,0.E0));
#89=DIRECTION('',(1.015061051086E-14,-1.E0,0.E0));
#90=AXIS2_PLACEMENT_3D('',#87,#88,#89);
#92=DIRECTION('',(-3.599278372649E-12,1.E0,0.E0));
#93=VECTOR('',#92,1.03E1);
#94=CARTESIAN_POINT('',(-2.475000000011E1,7.E-1,-1.275E1));
#95=LINE('',#94,#93);
#96=DIRECTION('',(0.E0,-1.E0,-4.321203589127E-12));
#97=VECTOR('',#96,1.03E1);
#98=CARTESIAN_POINT('',(-2.545E1,1.1E1,-1.204999999982E1));
#99=LINE('',#98,#97);
#100=DIRECTION('',(-1.E0,0.E0,0.E0));
#101=VECTOR('',#100,4.949999999997E1);
#102=CARTESIAN_POINT('',(2.474999999982E1,1.1E1,-1.275E1));
#103=LINE('',#102,#101);
#104=DIRECTION('',(1.E0,0.E0,0.E0));
#105=VECTOR('',#104,4.95E1);
#106=CARTESIAN_POINT('',(-2.475E1,0.E0,-1.205E1));
#107=LINE('',#106,#105);
#108=DIRECTION('',(-1.E0,0.E0,0.E0));
#109=VECTOR('',#108,4.949999999998E1);
#110=CARTESIAN_POINT('',(2.474999999987E1,7.E-1,-1.275E1));
#111=LINE('',#110,#109);
#112=CARTESIAN_POINT('',(2.475E1,7.E-1,-1.205E1));
#113=DIRECTION('',(0.E0,1.E0,0.E0));
#114=DIRECTION('',(1.E0,0.E0,-3.177496361267E-10));
#115=AXIS2_PLACEMENT_3D('',#112,#113,#114);
#117=CARTESIAN_POINT('',(2.475E1,7.E-1,-1.205E1));
#118=DIRECTION('',(-1.E0,0.E0,0.E0));
#119=DIRECTION('',(0.E0,0.E0,-1.E0));
#120=AXIS2_PLACEMENT_3D('',#117,#118,#119);
#122=CARTESIAN_POINT('',(2.475E1,7.E-1,-1.205E1));
#123=DIRECTION('',(0.E0,0.E0,1.E0));
#124=DIRECTION('',(0.E0,-1.E0,0.E0));
#125=AXIS2_PLACEMENT_3D('',#122,#123,#124);
#127=DIRECTION('',(0.E0,1.E0,-3.599105910820E-12));
#128=VECTOR('',#127,1.03E1);
#129=CARTESIAN_POINT('',(2.545E1,7.E-1,-1.205000000011E1));
#130=LINE('',#129,#128);
#131=DIRECTION('',(4.321203589127E-12,-1.E0,0.E0));
#132=VECTOR('',#131,1.03E1);
#133=CARTESIAN_POINT('',(2.474999999982E1,1.1E1,-1.275E1));
#134=LINE('',#133,#132);
#135=DIRECTION('',(0.E0,0.E0,-1.E0));
#136=VECTOR('',#135,2.409999999997E1);
#137=CARTESIAN_POINT('',(2.545E1,1.1E1,1.204999999982E1));
#138=LINE('',#137,#136);
#139=DIRECTION('',(0.E0,0.E0,1.E0));
#140=VECTOR('',#139,2.41E1);
#141=CARTESIAN_POINT('',(2.475E1,0.E0,-1.205E1));
#142=LINE('',#141,#140);
#143=DIRECTION('',(0.E0,0.E0,-1.E0));
#144=VECTOR('',#143,2.409999999998E1);
#145=CARTESIAN_POINT('',(2.545E1,7.E-1,1.204999999987E1));
#146=LINE('',#145,#144);
#147=CARTESIAN_POINT('',(2.475E1,7.E-1,1.205E1));
#148=DIRECTION('',(0.E0,1.E0,0.E0));
#149=DIRECTION('',(3.177496361267E-10,0.E0,1.E0));
#150=AXIS2_PLACEMENT_3D('',#147,#148,#149);
#152=CARTESIAN_POINT('',(2.475E1,7.E-1,1.205E1));
#153=DIRECTION('',(0.E0,0.E0,-1.E0));
#154=DIRECTION('',(1.E0,0.E0,0.E0));
#155=AXIS2_PLACEMENT_3D('',#152,#153,#154);
#157=CARTESIAN_POINT('',(2.475E1,7.E-1,1.205E1));
#158=DIRECTION('',(-1.E0,1.049732877143E-14,0.E0));
#159=DIRECTION('',(-1.015061051086E-14,-1.E0,0.E0));
#160=AXIS2_PLACEMENT_3D('',#157,#158,#159);
#162=DIRECTION('',(3.599278372649E-12,1.E0,0.E0));
#163=VECTOR('',#162,1.03E1);
#164=CARTESIAN_POINT('',(2.475000000011E1,7.E-1,1.275E1));
#165=LINE('',#164,#163);
#166=DIRECTION('',(0.E0,-1.E0,4.321203589127E-12));
#167=VECTOR('',#166,1.03E1);
#168=CARTESIAN_POINT('',(2.545E1,1.1E1,1.204999999982E1));
#169=LINE('',#168,#167);
#170=DIRECTION('',(1.E0,0.E0,0.E0));
#171=VECTOR('',#170,4.949999999997E1);
#172=CARTESIAN_POINT('',(-2.474999999982E1,1.1E1,1.275E1));
#173=LINE('',#172,#171);
#174=CARTESIAN_POINT('',(-2.475E1,1.1E1,1.205E1));
#175=DIRECTION('',(0.E0,-1.E0,0.E0));
#176=DIRECTION('',(0.E0,0.E0,1.E0));
#177=AXIS2_PLACEMENT_3D('',#174,#175,#176);
#179=CARTESIAN_POINT('',(-2.475E1,1.1E1,-1.205E1));
#180=DIRECTION('',(0.E0,-1.E0,0.E0));
#181=DIRECTION('',(-1.E0,0.E0,0.E0));
#182=AXIS2_PLACEMENT_3D('',#179,#180,#181);
#184=CARTESIAN_POINT('',(2.475E1,1.1E1,-1.205E1));
#185=DIRECTION('',(0.E0,-1.E0,0.E0));
#186=DIRECTION('',(0.E0,0.E0,-1.E0));
#187=AXIS2_PLACEMENT_3D('',#184,#185,#186);
#189=CARTESIAN_POINT('',(2.475E1,1.1E1,1.205E1));
#190=DIRECTION('',(0.E0,-1.E0,0.E0));
#191=DIRECTION('',(1.E0,0.E0,0.E0));
#192=AXIS2_PLACEMENT_3D('',#189,#190,#191);
#194=DIRECTION('',(1.E0,0.E0,0.E0));
#195=VECTOR('',#194,4.949999999972E1);
#196=CARTESIAN_POINT('',(-2.474999999970E1,1.1E1,1.215E1));
#197=LINE('',#196,#195);
#198=CARTESIAN_POINT('',(2.475E1,1.1E1,1.205E1));
#199=DIRECTION('',(0.E0,1.E0,0.E0));
#200=DIRECTION('',(0.E0,0.E0,1.E0));
#201=AXIS2_PLACEMENT_3D('',#198,#199,#200);
#203=DIRECTION('',(0.E0,0.E0,-1.E0));
#204=VECTOR('',#203,2.410000000010E1);
#205=CARTESIAN_POINT('',(2.485E1,1.1E1,1.204999999990E1));
#206=LINE('',#205,#204);
#207=CARTESIAN_POINT('',(2.475E1,1.1E1,-1.205E1));
#208=DIRECTION('',(0.E0,1.E0,0.E0));
#209=DIRECTION('',(1.E0,0.E0,0.E0));
#210=AXIS2_PLACEMENT_3D('',#207,#208,#209);
#212=DIRECTION('',(-1.E0,0.E0,0.E0));
#213=VECTOR('',#212,4.950000000001E1);
#214=CARTESIAN_POINT('',(2.474999999981E1,1.1E1,-1.215E1));
#215=LINE('',#214,#213);
#216=CARTESIAN_POINT('',(-2.475E1,1.1E1,-1.205E1));
#217=DIRECTION('',(0.E0,1.E0,0.E0));
#218=DIRECTION('',(0.E0,0.E0,-1.E0));
#219=AXIS2_PLACEMENT_3D('',#216,#217,#218);
#221=DIRECTION('',(0.E0,0.E0,1.E0));
#222=VECTOR('',#221,2.410000000001E1);
#223=CARTESIAN_POINT('',(-2.485E1,1.1E1,-1.204999999981E1));
#224=LINE('',#223,#222);
#225=CARTESIAN_POINT('',(-2.475E1,1.1E1,1.205E1));
#226=DIRECTION('',(0.E0,1.E0,0.E0));
#227=DIRECTION('',(-1.E0,0.E0,0.E0));
#228=AXIS2_PLACEMENT_3D('',#225,#226,#227);
#230=CARTESIAN_POINT('',(1.8E1,9.500000000004E0,1.214999699888E1));
#231=DIRECTION('',(5.023299650536E-12,-1.053701267936E-11,-1.E0));
#232=DIRECTION('',(1.E0,-3.047522210087E-11,5.023544421850E-12));
#233=AXIS2_PLACEMENT_3D('',#230,#231,#232);
#235=CARTESIAN_POINT('',(1.8E1,9.500000000001E0,1.214999699888E1));
#236=DIRECTION('',(7.874113867968E-12,-7.324117555887E-12,-1.E0));
#237=DIRECTION('',(-1.E0,1.892178047434E-11,-7.872824921355E-12));
#238=AXIS2_PLACEMENT_3D('',#235,#236,#237);
#240=CARTESIAN_POINT('',(-1.8E1,9.500000000004E0,1.214999699888E1));
#241=DIRECTION('',(5.023299650536E-12,-1.053701267936E-11,-1.E0));
#242=DIRECTION('',(1.E0,-3.047522210087E-11,5.023544421850E-12));
#243=AXIS2_PLACEMENT_3D('',#240,#241,#242);
#245=CARTESIAN_POINT('',(-1.8E1,9.500000000001E0,1.214999699888E1));
#246=DIRECTION('',(7.874113867968E-12,-7.324117555887E-12,-1.E0));
#247=DIRECTION('',(-1.E0,1.892178047434E-11,-7.872824921355E-12));
#248=AXIS2_PLACEMENT_3D('',#245,#246,#247);
#250=DIRECTION('',(0.E0,-1.E0,4.244871983582E-11));
#251=VECTOR('',#250,1.03E1);
#252=CARTESIAN_POINT('',(-2.485E1,1.1E1,1.205000000020E1));
#253=LINE('',#252,#251);
#254=DIRECTION('',(2.336788799140E-11,1.E0,0.E0));
#255=VECTOR('',#254,1.03E1);
#256=CARTESIAN_POINT('',(-2.474999999994E1,7.E-1,1.215E1));
#257=LINE('',#256,#255);
#258=CARTESIAN_POINT('',(-2.485E1,8.4E0,2.5E0));
#259=DIRECTION('',(1.E0,0.E0,0.E0));
#260=DIRECTION('',(0.E0,-1.E0,0.E0));
#261=AXIS2_PLACEMENT_3D('',#258,#259,#260);
#263=CARTESIAN_POINT('',(-2.485E1,8.4E0,2.5E0));
#264=DIRECTION('',(1.E0,0.E0,0.E0));
#265=DIRECTION('',(0.E0,1.E0,0.E0));
#266=AXIS2_PLACEMENT_3D('',#263,#264,#265);
#268=DIRECTION('',(-4.244871983582E-11,-1.E0,0.E0));
#269=VECTOR('',#268,1.03E1);
#270=CARTESIAN_POINT('',(-2.475000000020E1,1.1E1,-1.215E1));
#271=LINE('',#270,#269);
#272=DIRECTION('',(0.E0,1.E0,1.204093998187E-11));
#273=VECTOR('',#272,1.03E1);
#274=CARTESIAN_POINT('',(-2.485E1,7.E-1,-1.204999999994E1));
#275=LINE('',#274,#273);
#276=CARTESIAN_POINT('',(1.8E1,9.499999999998E0,-1.214999666985E1));
#277=DIRECTION('',(7.388283792577E-12,6.599955745230E-13,1.E0));
#278=DIRECTION('',(-1.E0,-1.868019856227E-11,7.389656335016E-12));
#279=AXIS2_PLACEMENT_3D('',#276,#277,#278);
#281=CARTESIAN_POINT('',(1.8E1,9.500000000005E0,-1.214999666985E1));
#282=DIRECTION('',(-7.388283792207E-12,-3.982889959943E-12,1.E0));
#283=DIRECTION('',(1.E0,1.001156324620E-11,7.389656335024E-12));
#284=AXIS2_PLACEMENT_3D('',#281,#282,#283);
#286=CARTESIAN_POINT('',(-1.8E1,9.499999999999E0,-1.214999666985E1));
#287=DIRECTION('',(7.388283792577E-12,-1.769154803930E-12,1.E0));
#288=DIRECTION('',(-1.E0,-2.049919089089E-11,7.389656335019E-12));
#289=AXIS2_PLACEMENT_3D('',#286,#287,#288);
#291=CARTESIAN_POINT('',(-1.8E1,9.500000000005E0,-1.214999666985E1));
#292=DIRECTION('',(-7.388283792207E-12,-3.982889959943E-12,1.E0));
#293=DIRECTION('',(1.E0,1.001156324620E-11,7.389656335024E-12));
#294=AXIS2_PLACEMENT_3D('',#291,#292,#293);
#296=DIRECTION('',(0.E0,-1.E0,-4.244871983582E-11));
#297=VECTOR('',#296,1.03E1);
#298=CARTESIAN_POINT('',(2.485E1,1.1E1,-1.205000000020E1));
#299=LINE('',#298,#297);
#300=DIRECTION('',(-1.204093998187E-11,1.E0,0.E0));
#301=VECTOR('',#300,1.03E1);
#302=CARTESIAN_POINT('',(2.474999999994E1,7.E-1,-1.215E1));
#303=LINE('',#302,#301);
#304=DIRECTION('',(-5.725732725057E-13,-1.E0,0.E0));
#305=VECTOR('',#304,1.03E1);
#306=CARTESIAN_POINT('',(2.475000000002E1,1.1E1,1.215E1));
#307=LINE('',#306,#305);
#308=DIRECTION('',(0.E0,1.E0,-2.454476751296E-12));
#309=VECTOR('',#308,1.03E1);
#310=CARTESIAN_POINT('',(2.485E1,7.E-1,1.204999999992E1));
#311=LINE('',#310,#309);
#312=CARTESIAN_POINT('',(2.475E1,7.E-1,1.205E1));
#313=DIRECTION('',(0.E0,-1.E0,0.E0));
#314=DIRECTION('',(1.E0,0.E0,0.E0));
#315=AXIS2_PLACEMENT_3D('',#312,#313,#314);
#317=CARTESIAN_POINT('',(2.475E1,7.E-1,1.205E1));
#318=DIRECTION('',(1.E0,-6.933914907657E-14,0.E0));
#319=DIRECTION('',(0.E0,0.E0,1.E0));
#320=AXIS2_PLACEMENT_3D('',#317,#318,#319);
#322=CARTESIAN_POINT('',(2.475E1,7.E-1,1.205E1));
#323=DIRECTION('',(0.E0,0.E0,1.E0));
#324=DIRECTION('',(0.E0,-1.E0,0.E0));
#325=AXIS2_PLACEMENT_3D('',#322,#323,#324);
#327=DIRECTION('',(1.E0,0.E0,-6.848017102778E-12));
#328=VECTOR('',#327,4.950000000069E1);
#329=CARTESIAN_POINT('',(-2.475000000058E1,6.E-1,1.205000000034E1));
#330=LINE('',#329,#328);
#331=DIRECTION('',(-1.E0,0.E0,0.E0));
#332=VECTOR('',#331,4.949999999995E1);
#333=CARTESIAN_POINT('',(2.475000000002E1,7.E-1,1.215E1));
#334=LINE('',#333,#332);
#335=DIRECTION('',(-5.424448349952E-12,0.E0,1.E0));
#336=VECTOR('',#335,2.410000000092E1);
#337=CARTESIAN_POINT('',(-2.475000000045E1,6.E-1,-1.205000000058E1));
#338=LINE('',#337,#336);
#339=DIRECTION('',(0.E0,0.E0,-1.E0));
#340=VECTOR('',#339,2.410000000057E1);
#341=CARTESIAN_POINT('',(-2.485E1,7.E-1,1.205000000063E1));
#342=LINE('',#341,#340);
#343=CARTESIAN_POINT('',(-2.475E1,7.E-1,1.205E1));
#344=DIRECTION('',(0.E0,-1.E0,0.E0));
#345=DIRECTION('',(0.E0,0.E0,1.E0));
#346=AXIS2_PLACEMENT_3D('',#343,#344,#345);
#348=CARTESIAN_POINT('',(-2.475E1,7.E-1,1.205E1));
#349=DIRECTION('',(5.898840305112E-9,0.E0,1.E0));
#350=DIRECTION('',(-1.E0,0.E0,5.898836974438E-9));
#351=AXIS2_PLACEMENT_3D('',#348,#349,#350);
#353=CARTESIAN_POINT('',(-2.475E1,7.E-1,1.205E1));
#354=DIRECTION('',(-1.E0,9.806346684852E-9,5.898840305112E-9));
#355=DIRECTION('',(-9.806342404772E-9,-1.E0,0.E0));
#356=AXIS2_PLACEMENT_3D('',#353,#354,#355);
#358=CARTESIAN_POINT('',(-2.475E1,7.E-1,-1.205E1));
#359=DIRECTION('',(0.E0,-1.E0,0.E0));
#360=DIRECTION('',(-1.E0,0.E0,0.E0));
#361=AXIS2_PLACEMENT_3D('',#358,#359,#360);
#363=CARTESIAN_POINT('',(-2.475E1,7.E-1,-1.205E1));
#364=DIRECTION('',(-1.E0,0.E0,5.898840471642E-9));
#365=DIRECTION('',(-5.898854738007E-9,0.E0,-1.E0));
#366=AXIS2_PLACEMENT_3D('',#363,#364,#365);
#368=CARTESIAN_POINT('',(-2.475E1,7.E-1,-1.205E1));
#369=DIRECTION('',(-5.898840471642E-9,9.806327144927E-9,-1.E0));
#370=DIRECTION('',(0.E0,-1.E0,-9.806324641204E-9));
#371=AXIS2_PLACEMENT_3D('',#368,#369,#370);
#373=DIRECTION('',(-1.E0,0.E0,-2.640922273181E-12));
#374=VECTOR('',#373,4.950000000102E1);
#375=CARTESIAN_POINT('',(2.475000000058E1,6.E-1,-1.205000000045E1));
#376=LINE('',#375,#374);
#377=DIRECTION('',(1.E0,0.E0,0.E0));
#378=VECTOR('',#377,4.950000000057E1);
#379=CARTESIAN_POINT('',(-2.475000000063E1,7.E-1,-1.215E1));
#380=LINE('',#379,#378);
#381=CARTESIAN_POINT('',(2.475E1,7.E-1,-1.205E1));
#382=DIRECTION('',(0.E0,-1.E0,0.E0));
#383=DIRECTION('',(0.E0,0.E0,-1.E0));
#384=AXIS2_PLACEMENT_3D('',#381,#382,#383);
#386=CARTESIAN_POINT('',(2.475E1,7.E-1,-1.205E1));
#387=DIRECTION('',(-5.898840305112E-9,0.E0,-1.E0));
#388=DIRECTION('',(1.E0,0.E0,-5.898836974438E-9));
#389=AXIS2_PLACEMENT_3D('',#386,#387,#388);
#391=CARTESIAN_POINT('',(2.475E1,7.E-1,-1.205E1));
#392=DIRECTION('',(1.E0,9.806346684852E-9,-5.898840305112E-9));
#393=DIRECTION('',(9.806342404772E-9,-1.E0,0.E0));
#394=AXIS2_PLACEMENT_3D('',#391,#392,#393);
#396=DIRECTION('',(1.948995137673E-11,0.E0,-1.E0));
#397=VECTOR('',#396,2.410000000045E1);
#398=CARTESIAN_POINT('',(2.475000000011E1,6.E-1,1.205E1));
#399=LINE('',#398,#397);
#400=DIRECTION('',(0.E0,0.E0,1.E0));
#401=VECTOR('',#400,2.410000000056E1);
#402=CARTESIAN_POINT('',(2.485E1,7.E-1,-1.205000000063E1));
#403=LINE('',#402,#401);
#404=CARTESIAN_POINT('',(1.802368602790E1,9.499999787037E0,-1.226500000001E1));
#405=DIRECTION('',(8.991009494627E-6,9.999999999596E-1,-6.600615940360E-13));
#406=DIRECTION('',(2.632367785834E-6,-2.300925889689E-11,9.999999999965E-1));
#407=AXIS2_PLACEMENT_3D('',#404,#405,#406);
#409=CARTESIAN_POINT('',(1.8E1,9.499999999999E0,-1.1775E1));
#410=DIRECTION('',(-7.388283792577E-12,-6.599955745230E-13,-1.E0));
#411=DIRECTION('',(9.999999999997E-1,8.006189193957E-7,-7.424247433114E-12));
#412=AXIS2_PLACEMENT_3D('',#409,#410,#411);
#414=CARTESIAN_POINT('',(1.8E1,9.500000000004E0,-1.1775E1));
#415=DIRECTION('',(7.388283792207E-12,3.982889959943E-12,-1.E0));
#416=DIRECTION('',(-9.999999999997E-1,8.109215582892E-7,-7.424239498384E-12));
#417=AXIS2_PLACEMENT_3D('',#414,#415,#416);
#419=CARTESIAN_POINT('',(1.797631397210E1,9.500000212965E0,-1.226500000001E1));
#420=DIRECTION('',(-8.990904416625E-6,-9.999999999596E-1,-3.982957360550E-12));
#421=DIRECTION('',(-2.658206027117E-6,1.991694790907E-11,9.999999999965E-1));
#422=AXIS2_PLACEMENT_3D('',#419,#420,#421);
#424=CARTESIAN_POINT('',(-1.797631397209E1,9.499999787038E0,-1.226500000001E1));
#425=DIRECTION('',(8.991009289194E-6,9.999999999596E-1,1.769088269180E-12));
#426=DIRECTION('',(2.632366828780E-6,-2.543815498341E-11,9.999999999965E-1));
#427=AXIS2_PLACEMENT_3D('',#424,#425,#426);
#429=CARTESIAN_POINT('',(-1.8E1,9.499999999999E0,-1.1775E1));
#430=DIRECTION('',(-7.388283792577E-12,1.769154803930E-12,-1.E0));
#431=DIRECTION('',(9.999999999997E-1,8.006189193957E-7,-7.424247433114E-12));
#432=AXIS2_PLACEMENT_3D('',#429,#430,#431);
#434=CARTESIAN_POINT('',(-1.8E1,9.500000000004E0,-1.1775E1));
#435=DIRECTION('',(7.388283792207E-12,3.982889959943E-12,-1.E0));
#436=DIRECTION('',(-9.999999999997E-1,8.109215582892E-7,-7.424239498384E-12));
#437=AXIS2_PLACEMENT_3D('',#434,#435,#436);
#439=CARTESIAN_POINT('',(-1.802368602790E1,9.500000212965E0,-1.226500000001E1));
#440=DIRECTION('',(-8.990904398487E-6,-9.999999999596E-1,-3.982957360550E-12));
#441=DIRECTION('',(-2.658206034367E-6,1.991694790907E-11,9.999999999965E-1));
#442=AXIS2_PLACEMENT_3D('',#439,#440,#441);
#444=DIRECTION('',(1.E0,0.E0,0.E0));
#445=VECTOR('',#444,6.E-1);
#446=CARTESIAN_POINT('',(-2.545E1,9.E0,2.5E0));
#447=LINE('',#446,#445);
#448=DIRECTION('',(1.E0,0.E0,0.E0));
#449=VECTOR('',#448,6.E-1);
#450=CARTESIAN_POINT('',(-2.545E1,7.8E0,2.5E0));
#451=LINE('',#450,#449);
#452=CARTESIAN_POINT('',(1.797631397209E1,9.499999787043E0,1.226500000001E1));
#453=DIRECTION('',(-8.991051157745E-6,9.999999999596E-1,-1.053705755673E-11));
#454=DIRECTION('',(-2.632353640217E-6,-3.420393220275E-11,-9.999999999965E-1));
#455=AXIS2_PLACEMENT_3D('',#452,#453,#454);
#457=CARTESIAN_POINT('',(1.8E1,9.5E0,1.1775E1));
#458=DIRECTION('',(-5.023299650536E-12,1.053701267936E-11,1.E0));
#459=DIRECTION('',(-9.999999999997E-1,8.005706242769E-7,-5.024490686967E-12));
#460=AXIS2_PLACEMENT_3D('',#457,#458,#459);
#462=CARTESIAN_POINT('',(1.8E1,9.499999999998E0,1.1775E1));
#463=DIRECTION('',(-7.874113867968E-12,7.324117555887E-12,1.E0));
#464=DIRECTION('',(9.999999999997E-1,8.111603337015E-7,7.874193406127E-12));
#465=AXIS2_PLACEMENT_3D('',#462,#463,#464);
#467=CARTESIAN_POINT('',(1.802368602791E1,9.500000212966E0,1.226500000001E1));
#468=DIRECTION('',(8.991144324275E-6,-9.999999999596E-1,7.324189491762E-12));
#469=DIRECTION('',(2.658204091250E-6,1.657449687664E-11,-9.999999999965E-1));
#470=AXIS2_PLACEMENT_3D('',#467,#468,#469);
#472=CARTESIAN_POINT('',(-1.802368602791E1,9.499999787043E0,1.226500000001E1));
#473=DIRECTION('',(-8.991051083387E-6,9.999999999596E-1,-1.053705755673E-11));
#474=DIRECTION('',(-2.632353647468E-6,-3.420393220275E-11,-9.999999999965E-1));
#475=AXIS2_PLACEMENT_3D('',#472,#473,#474);
#477=CARTESIAN_POINT('',(-1.8E1,9.5E0,1.1775E1));
#478=DIRECTION('',(-5.023299650536E-12,1.053701267936E-11,1.E0));
#479=DIRECTION('',(-9.999999999997E-1,8.005706242770E-7,-5.024490686968E-12));
#480=AXIS2_PLACEMENT_3D('',#477,#478,#479);
#482=CARTESIAN_POINT('',(-1.8E1,9.499999999998E0,1.1775E1));
#483=DIRECTION('',(-7.874113867968E-12,7.324117555887E-12,1.E0));
#484=DIRECTION('',(9.999999999997E-1,8.111603337015E-7,7.874193406127E-12));
#485=AXIS2_PLACEMENT_3D('',#482,#483,#484);
#487=CARTESIAN_POINT('',(-1.797631397209E1,9.500000212966E0,1.226500000001E1));
#488=DIRECTION('',(8.991144399312E-6,-9.999999999596E-1,7.324189491763E-12));
#489=DIRECTION('',(2.658204083999E-6,1.657449687664E-11,-9.999999999965E-1));
#490=AXIS2_PLACEMENT_3D('',#487,#488,#489);
#492=CARTESIAN_POINT('',(2.475E1,0.E0,1.205E1));
#493=CARTESIAN_POINT('',(-2.475E1,0.E0,1.205E1));
#494=VERTEX_POINT('',#492);
#495=VERTEX_POINT('',#493);
#496=CARTESIAN_POINT('',(2.475E1,0.E0,-1.205E1));
#497=VERTEX_POINT('',#496);
#498=CARTESIAN_POINT('',(-2.475E1,0.E0,-1.205E1));
#499=VERTEX_POINT('',#498);
#500=CARTESIAN_POINT('',(-2.475E1,7.E-1,1.275E1));
#501=VERTEX_POINT('',#500);
#502=CARTESIAN_POINT('',(2.475000000011E1,7.E-1,1.275E1));
#503=VERTEX_POINT('',#502);
#504=CARTESIAN_POINT('',(-2.545E1,7.E-1,1.205000000022E1));
#505=VERTEX_POINT('',#504);
#506=CARTESIAN_POINT('',(-2.545E1,1.1E1,1.205000000015E1));
#507=VERTEX_POINT('',#506);
#508=CARTESIAN_POINT('',(-2.475E1,1.1E1,1.275E1));
#509=VERTEX_POINT('',#508);
#510=CARTESIAN_POINT('',(-2.545E1,7.E-1,-1.204999999987E1));
#511=VERTEX_POINT('',#510);
#512=CARTESIAN_POINT('',(-2.545E1,1.1E1,-1.204999999982E1));
#513=VERTEX_POINT('',#512);
#514=CARTESIAN_POINT('',(-2.545E1,9.E0,2.5E0));
#515=CARTESIAN_POINT('',(-2.545E1,7.8E0,2.5E0));
#516=VERTEX_POINT('',#514);
#517=VERTEX_POINT('',#515);
#518=CARTESIAN_POINT('',(-2.475000000022E1,7.E-1,-1.275E1));
#519=VERTEX_POINT('',#518);
#520=CARTESIAN_POINT('',(-2.475000000015E1,1.1E1,-1.275E1));
#521=VERTEX_POINT('',#520);
#522=CARTESIAN_POINT('',(2.474999999987E1,7.E-1,-1.275E1));
#523=VERTEX_POINT('',#522);
#524=CARTESIAN_POINT('',(2.474999999982E1,1.1E1,-1.275E1));
#525=VERTEX_POINT('',#524);
#526=CARTESIAN_POINT('',(2.545E1,7.E-1,-1.205000000022E1));
#527=VERTEX_POINT('',#526);
#528=CARTESIAN_POINT('',(2.545E1,1.1E1,-1.205000000015E1));
#529=VERTEX_POINT('',#528);
#530=CARTESIAN_POINT('',(2.545E1,7.E-1,1.204999999987E1));
#531=VERTEX_POINT('',#530);
#532=CARTESIAN_POINT('',(2.545E1,1.1E1,1.204999999982E1));
#533=VERTEX_POINT('',#532);
#534=CARTESIAN_POINT('',(2.475000000015E1,1.1E1,1.275E1));
#535=VERTEX_POINT('',#534);
#536=CARTESIAN_POINT('',(-2.474999999970E1,1.1E1,1.215E1));
#537=CARTESIAN_POINT('',(2.475000000002E1,1.1E1,1.215E1));
#538=VERTEX_POINT('',#536);
#539=VERTEX_POINT('',#537);
#540=CARTESIAN_POINT('',(2.485E1,1.1E1,1.205E1));
#541=VERTEX_POINT('',#540);
#542=CARTESIAN_POINT('',(2.485E1,1.1E1,-1.205000000020E1));
#543=VERTEX_POINT('',#542);
#544=CARTESIAN_POINT('',(2.475E1,1.1E1,-1.215E1));
#545=VERTEX_POINT('',#544);
#546=CARTESIAN_POINT('',(-2.475000000020E1,1.1E1,-1.215E1));
#547=VERTEX_POINT('',#546);
#548=CARTESIAN_POINT('',(-2.485E1,1.1E1,-1.205E1));
#549=VERTEX_POINT('',#548);
#550=CARTESIAN_POINT('',(-2.485E1,1.1E1,1.205000000020E1));
#551=VERTEX_POINT('',#550);
#552=CARTESIAN_POINT('',(-2.474999999994E1,7.E-1,1.215E1));
#553=VERTEX_POINT('',#552);
#554=CARTESIAN_POINT('',(2.475000000002E1,7.E-1,1.215E1));
#555=VERTEX_POINT('',#554);
#556=CARTESIAN_POINT('',(1.849999927541E1,9.499999999988E0,1.214999699888E1));
#557=CARTESIAN_POINT('',(1.750000072459E1,9.500000000010E0,1.214999699887E1));
#558=VERTEX_POINT('',#556);
#559=VERTEX_POINT('',#557);
#560=CARTESIAN_POINT('',(-1.750000072459E1,9.499999999988E0,1.214999699888E1));
#561=CARTESIAN_POINT('',(-1.849999927541E1,9.500000000010E0,1.214999699887E1));
#562=VERTEX_POINT('',#560);
#563=VERTEX_POINT('',#561);
#564=CARTESIAN_POINT('',(-2.485E1,7.E-1,1.205000000063E1));
#565=VERTEX_POINT('',#564);
#566=CARTESIAN_POINT('',(-2.485E1,7.E-1,-1.204999999994E1));
#567=VERTEX_POINT('',#566);
#568=CARTESIAN_POINT('',(-2.485E1,7.8E0,2.5E0));
#569=CARTESIAN_POINT('',(-2.485E1,9.E0,2.5E0));
#570=VERTEX_POINT('',#568);
#571=VERTEX_POINT('',#569);
#572=CARTESIAN_POINT('',(-2.475000000063E1,7.E-1,-1.215E1));
#573=VERTEX_POINT('',#572);
#574=CARTESIAN_POINT('',(2.474999999994E1,7.E-1,-1.215E1));
#575=VERTEX_POINT('',#574);
#576=CARTESIAN_POINT('',(1.750000080403E1,9.499999999989E0,-1.214999666985E1));
#577=CARTESIAN_POINT('',(1.849999919596E1,9.500000000010E0,-1.214999666985E1));
#578=VERTEX_POINT('',#576);
#579=VERTEX_POINT('',#577);
#580=CARTESIAN_POINT('',(-1.849999919597E1,9.499999999989E0,-1.214999666985E1));
#581=CARTESIAN_POINT('',(-1.750000080404E1,9.500000000010E0,-1.214999666985E1));
#582=VERTEX_POINT('',#580);
#583=VERTEX_POINT('',#581);
#584=CARTESIAN_POINT('',(2.485E1,7.E-1,-1.205000000063E1));
#585=VERTEX_POINT('',#584);
#586=CARTESIAN_POINT('',(2.485E1,7.E-1,1.204999999992E1));
#587=VERTEX_POINT('',#586);
#588=CARTESIAN_POINT('',(2.475E1,6.E-1,1.205E1));
#589=VERTEX_POINT('',#588);
#590=CARTESIAN_POINT('',(-2.475000000058E1,6.E-1,1.205000000034E1));
#591=VERTEX_POINT('',#590);
#592=CARTESIAN_POINT('',(-2.475000000045E1,6.E-1,-1.205000000058E1));
#593=VERTEX_POINT('',#592);
#594=CARTESIAN_POINT('',(2.475000000058E1,6.E-1,-1.205000000045E1));
#595=VERTEX_POINT('',#594);
#596=CARTESIAN_POINT('',(1.802368715869E1,9.500000018963E0,-1.1775E1));
#597=CARTESIAN_POINT('',(1.797631284131E1,9.500000019212E0,-1.1775E1));
#598=VERTEX_POINT('',#596);
#599=VERTEX_POINT('',#597);
#600=CARTESIAN_POINT('',(-1.797631284131E1,9.500000018963E0,-1.1775E1));
#601=CARTESIAN_POINT('',(-1.802368715869E1,9.500000019212E0,-1.1775E1));
#602=VERTEX_POINT('',#600);
#603=VERTEX_POINT('',#601);
#604=CARTESIAN_POINT('',(1.797631284131E1,9.500000018963E0,1.1775E1));
#605=CARTESIAN_POINT('',(1.802368715869E1,9.500000019212E0,1.1775E1));
#606=VERTEX_POINT('',#604);
#607=VERTEX_POINT('',#605);
#608=CARTESIAN_POINT('',(-1.802368715869E1,9.500000018963E0,1.1775E1));
#609=CARTESIAN_POINT('',(-1.797631284131E1,9.500000019212E0,1.1775E1));
#610=VERTEX_POINT('',#608);
#611=VERTEX_POINT('',#609);
#612=CARTESIAN_POINT('',(0.E0,0.E0,0.E0));
#613=DIRECTION('',(0.E0,1.E0,0.E0));
#614=DIRECTION('',(1.E0,0.E0,0.E0));
#615=AXIS2_PLACEMENT_3D('',#612,#613,#614);
#616=PLANE('',#615);
#618=ORIENTED_EDGE('',*,*,#617,.F.);
#620=ORIENTED_EDGE('',*,*,#619,.F.);
#622=ORIENTED_EDGE('',*,*,#621,.F.);
#624=ORIENTED_EDGE('',*,*,#623,.F.);
#625=EDGE_LOOP('',(#618,#620,#622,#624));
#626=FACE_OUTER_BOUND('',#625,.F.);
#628=FILL_AREA_STYLE_COLOUR('',#10);
#629=FILL_AREA_STYLE('',(#628));
#630=SURFACE_STYLE_FILL_AREA(#629);
#631=SURFACE_SIDE_STYLE('',(#630));
#632=SURFACE_STYLE_USAGE(.BOTH.,#631);
#633=PRESENTATION_STYLE_ASSIGNMENT((#632));
#634=STYLED_ITEM('',(#633),#627);
#635=CARTESIAN_POINT('',(2.487665127694E1,7.E-1,1.205E1));
#636=DIRECTION('',(-1.E0,0.E0,0.E0));
#637=DIRECTION('',(0.E0,-1.E0,0.E0));
#638=AXIS2_PLACEMENT_3D('',#635,#636,#637);
#639=CYLINDRICAL_SURFACE('',#638,7.E-1);
#640=ORIENTED_EDGE('',*,*,#617,.T.);
#642=ORIENTED_EDGE('',*,*,#641,.F.);
#644=ORIENTED_EDGE('',*,*,#643,.T.);
#646=ORIENTED_EDGE('',*,*,#645,.F.);
#647=EDGE_LOOP('',(#640,#642,#644,#646));
#648=FACE_OUTER_BOUND('',#647,.F.);
#650=FILL_AREA_STYLE_COLOUR('',#10);
#651=FILL_AREA_STYLE('',(#650));
#652=SURFACE_STYLE_FILL_AREA(#651);
#653=SURFACE_SIDE_STYLE('',(#652));
#654=SURFACE_STYLE_USAGE(.BOTH.,#653);
#655=PRESENTATION_STYLE_ASSIGNMENT((#654));
#656=STYLED_ITEM('',(#655),#649);
#657=CARTESIAN_POINT('',(-2.475E1,7.E-1,1.205E1));
#658=DIRECTION('',(-1.E0,0.E0,0.E0));
#659=DIRECTION('',(0.E0,0.E0,-1.E0));
#660=AXIS2_PLACEMENT_3D('',#657,#658,#659);
#661=SPHERICAL_SURFACE('',#660,7.E-1);
#663=ORIENTED_EDGE('',*,*,#662,.T.);
#664=ORIENTED_EDGE('',*,*,#641,.T.);
#666=ORIENTED_EDGE('',*,*,#665,.T.);
#667=EDGE_LOOP('',(#663,#664,#666));
#668=FACE_OUTER_BOUND('',#667,.F.);
#670=FILL_AREA_STYLE_COLOUR('',#10);
#671=FILL_AREA_STYLE('',(#670));
#672=SURFACE_STYLE_FILL_AREA(#671);
#673=SURFACE_SIDE_STYLE('',(#672));
#674=SURFACE_STYLE_USAGE(.BOTH.,#673);
#675=PRESENTATION_STYLE_ASSIGNMENT((#674));
#676=STYLED_ITEM('',(#675),#669);
#677=CARTESIAN_POINT('',(-2.475E1,2.53396E1,1.205E1));
#678=DIRECTION('',(0.E0,-1.E0,0.E0));
#679=DIRECTION('',(0.E0,0.E0,1.E0));
#680=AXIS2_PLACEMENT_3D('',#677,#678,#679);
#681=CYLINDRICAL_SURFACE('',#680,7.E-1);
#682=ORIENTED_EDGE('',*,*,#662,.F.);
#684=ORIENTED_EDGE('',*,*,#683,.T.);
#686=ORIENTED_EDGE('',*,*,#685,.F.);
#688=ORIENTED_EDGE('',*,*,#687,.T.);
#689=EDGE_LOOP('',(#682,#684,#686,#688));
#690=FACE_OUTER_BOUND('',#689,.F.);
#692=FILL_AREA_STYLE_COLOUR('',#10);
#693=FILL_AREA_STYLE('',(#692));
#694=SURFACE_STYLE_FILL_AREA(#693);
#695=SURFACE_SIDE_STYLE('',(#694));
#696=SURFACE_STYLE_USAGE(.BOTH.,#695);
#697=PRESENTATION_STYLE_ASSIGNMENT((#696));
#698=STYLED_ITEM('',(#697),#691);
#699=CARTESIAN_POINT('',(-2.545E1,0.E0,-1.275E1));
#700=DIRECTION('',(-1.E0,0.E0,0.E0));
#701=DIRECTION('',(0.E0,0.E0,1.E0));
#702=AXIS2_PLACEMENT_3D('',#699,#700,#701);
#703=PLANE('',#702);
#705=ORIENTED_EDGE('',*,*,#704,.F.);
#707=ORIENTED_EDGE('',*,*,#706,.F.);
#709=ORIENTED_EDGE('',*,*,#708,.T.);
#710=ORIENTED_EDGE('',*,*,#683,.F.);
#711=EDGE_LOOP('',(#705,#707,#709,#710));
#712=FACE_OUTER_BOUND('',#711,.F.);
#714=ORIENTED_EDGE('',*,*,#713,.T.);
#716=ORIENTED_EDGE('',*,*,#715,.T.);
#717=EDGE_LOOP('',(#714,#716));
#718=FACE_BOUND('',#717,.F.);
#720=FILL_AREA_STYLE_COLOUR('',#10);
#721=FILL_AREA_STYLE('',(#720));
#722=SURFACE_STYLE_FILL_AREA(#721);
#723=SURFACE_SIDE_STYLE('',(#722));
#724=SURFACE_STYLE_USAGE(.BOTH.,#723);
#725=PRESENTATION_STYLE_ASSIGNMENT((#724));
#726=STYLED_ITEM('',(#725),#719);
#727=CARTESIAN_POINT('',(-2.475E1,7.E-1,1.217665127694E1));
#728=DIRECTION('',(0.E0,0.E0,-1.E0));
#729=DIRECTION('',(0.E0,-1.E0,0.E0));
#730=AXIS2_PLACEMENT_3D('',#727,#728,#729);
#731=CYLINDRICAL_SURFACE('',#730,7.E-1);
#732=ORIENTED_EDGE('',*,*,#623,.T.);
#734=ORIENTED_EDGE('',*,*,#733,.F.);
#735=ORIENTED_EDGE('',*,*,#704,.T.);
#736=ORIENTED_EDGE('',*,*,#665,.F.);
#737=EDGE_LOOP('',(#732,#734,#735,#736));
#738=FACE_OUTER_BOUND('',#737,.F.);
#740=FILL_AREA_STYLE_COLOUR('',#10);
#741=FILL_AREA_STYLE('',(#740));
#742=SURFACE_STYLE_FILL_AREA(#741);
#743=SURFACE_SIDE_STYLE('',(#742));
#744=SURFACE_STYLE_USAGE(.BOTH.,#743);
#745=PRESENTATION_STYLE_ASSIGNMENT((#744));
#746=STYLED_ITEM('',(#745),#739);
#747=CARTESIAN_POINT('',(-2.475E1,7.E-1,-1.205E1));
#748=DIRECTION('',(0.E0,0.E0,-1.E0));
#749=DIRECTION('',(1.E0,0.E0,0.E0));
#750=AXIS2_PLACEMENT_3D('',#747,#748,#749);
#751=SPHERICAL_SURFACE('',#750,7.E-1);
#753=ORIENTED_EDGE('',*,*,#752,.T.);
#754=ORIENTED_EDGE('',*,*,#733,.T.);
#756=ORIENTED_EDGE('',*,*,#755,.T.);
#757=EDGE_LOOP('',(#753,#754,#756));
#758=FACE_OUTER_BOUND('',#757,.F.);
#760=FILL_AREA_STYLE_COLOUR('',#10);
#761=FILL_AREA_STYLE('',(#760));
#762=SURFACE_STYLE_FILL_AREA(#761);
#763=SURFACE_SIDE_STYLE('',(#762));
#764=SURFACE_STYLE_USAGE(.BOTH.,#763);
#765=PRESENTATION_STYLE_ASSIGNMENT((#764));
#766=STYLED_ITEM('',(#765),#759);
#767=CARTESIAN_POINT('',(-2.475E1,2.53396E1,-1.205E1));
#768=DIRECTION('',(0.E0,-1.E0,0.E0));
#769=DIRECTION('',(-1.E0,0.E0,0.E0));
#770=AXIS2_PLACEMENT_3D('',#767,#768,#769);
#771=CYLINDRICAL_SURFACE('',#770,7.E-1);
#772=ORIENTED_EDGE('',*,*,#752,.F.);
#774=ORIENTED_EDGE('',*,*,#773,.T.);
#776=ORIENTED_EDGE('',*,*,#775,.F.);
#777=ORIENTED_EDGE('',*,*,#706,.T.);
#778=EDGE_LOOP('',(#772,#774,#776,#777));
#779=FACE_OUTER_BOUND('',#778,.F.);
#781=FILL_AREA_STYLE_COLOUR('',#10);
#782=FILL_AREA_STYLE('',(#781));
#783=SURFACE_STYLE_FILL_AREA(#782);
#784=SURFACE_SIDE_STYLE('',(#783));
#785=SURFACE_STYLE_USAGE(.BOTH.,#784);
#786=PRESENTATION_STYLE_ASSIGNMENT((#785));
#787=STYLED_ITEM('',(#786),#780);
#788=CARTESIAN_POINT('',(2.545E1,0.E0,-1.275E1));
#789=DIRECTION('',(0.E0,0.E0,-1.E0));
#790=DIRECTION('',(-1.E0,0.E0,0.E0));
#791=AXIS2_PLACEMENT_3D('',#788,#789,#790);
#792=PLANE('',#791);
#794=ORIENTED_EDGE('',*,*,#793,.F.);
#796=ORIENTED_EDGE('',*,*,#795,.F.);
#798=ORIENTED_EDGE('',*,*,#797,.T.);
#799=ORIENTED_EDGE('',*,*,#773,.F.);
#800=EDGE_LOOP('',(#794,#796,#798,#799));
#801=FACE_OUTER_BOUND('',#800,.F.);
#803=FILL_AREA_STYLE_COLOUR('',#10);
#804=FILL_AREA_STYLE('',(#803));
#805=SURFACE_STYLE_FILL_AREA(#804);
#806=SURFACE_SIDE_STYLE('',(#805));
#807=SURFACE_STYLE_USAGE(.BOTH.,#806);
#808=PRESENTATION_STYLE_ASSIGNMENT((#807));
#809=STYLED_ITEM('',(#808),#802);
#810=CARTESIAN_POINT('',(-2.487665127694E1,7.E-1,-1.205E1));
#811=DIRECTION('',(1.E0,0.E0,0.E0));
#812=DIRECTION('',(0.E0,-1.E0,0.E0));
#813=AXIS2_PLACEMENT_3D('',#810,#811,#812);
#814=CYLINDRICAL_SURFACE('',#813,7.E-1);
#815=ORIENTED_EDGE('',*,*,#621,.T.);
#817=ORIENTED_EDGE('',*,*,#816,.F.);
#818=ORIENTED_EDGE('',*,*,#793,.T.);
#819=ORIENTED_EDGE('',*,*,#755,.F.);
#820=EDGE_LOOP('',(#815,#817,#818,#819));
#821=FACE_OUTER_BOUND('',#820,.F.);
#823=FILL_AREA_STYLE_COLOUR('',#10);
#824=FILL_AREA_STYLE('',(#823));
#825=SURFACE_STYLE_FILL_AREA(#824);
#826=SURFACE_SIDE_STYLE('',(#825));
#827=SURFACE_STYLE_USAGE(.BOTH.,#826);
#828=PRESENTATION_STYLE_ASSIGNMENT((#827));
#829=STYLED_ITEM('',(#828),#822);
#830=CARTESIAN_POINT('',(2.475E1,7.E-1,-1.205E1));
#831=DIRECTION('',(1.E0,0.E0,0.E0));
#832=DIRECTION('',(0.E0,0.E0,1.E0));
#833=AXIS2_PLACEMENT_3D('',#830,#831,#832);
#834=SPHERICAL_SURFACE('',#833,7.E-1);
#836=ORIENTED_EDGE('',*,*,#835,.T.);
#837=ORIENTED_EDGE('',*,*,#816,.T.);
#839=ORIENTED_EDGE('',*,*,#838,.T.);
#840=EDGE_LOOP('',(#836,#837,#839));
#841=FACE_OUTER_BOUND('',#840,.F.);
#843=FILL_AREA_STYLE_COLOUR('',#10);
#844=FILL_AREA_STYLE('',(#843));
#845=SURFACE_STYLE_FILL_AREA(#844);
#846=SURFACE_SIDE_STYLE('',(#845));
#847=SURFACE_STYLE_USAGE(.BOTH.,#846);
#848=PRESENTATION_STYLE_ASSIGNMENT((#847));
#849=STYLED_ITEM('',(#848),#842);
#850=CARTESIAN_POINT('',(2.475E1,2.53396E1,-1.205E1));
#851=DIRECTION('',(0.E0,-1.E0,0.E0));
#852=DIRECTION('',(0.E0,0.E0,-1.E0));
#853=AXIS2_PLACEMENT_3D('',#850,#851,#852);
#854=CYLINDRICAL_SURFACE('',#853,7.E-1);
#855=ORIENTED_EDGE('',*,*,#835,.F.);
#857=ORIENTED_EDGE('',*,*,#856,.T.);
#859=ORIENTED_EDGE('',*,*,#858,.F.);
#860=ORIENTED_EDGE('',*,*,#795,.T.);
#861=EDGE_LOOP('',(#855,#857,#859,#860));
#862=FACE_OUTER_BOUND('',#861,.F.);
#864=FILL_AREA_STYLE_COLOUR('',#10);
#865=FILL_AREA_STYLE('',(#864));
#866=SURFACE_STYLE_FILL_AREA(#865);
#867=SURFACE_SIDE_STYLE('',(#866));
#868=SURFACE_STYLE_USAGE(.BOTH.,#867);
#869=PRESENTATION_STYLE_ASSIGNMENT((#868));
#870=STYLED_ITEM('',(#869),#863);
#871=CARTESIAN_POINT('',(2.545E1,0.E0,1.275E1));
#872=DIRECTION('',(1.E0,0.E0,0.E0));
#873=DIRECTION('',(0.E0,0.E0,-1.E0));
#874=AXIS2_PLACEMENT_3D('',#871,#872,#873);
#875=PLANE('',#874);
#877=ORIENTED_EDGE('',*,*,#876,.F.);
#879=ORIENTED_EDGE('',*,*,#878,.F.);
#881=ORIENTED_EDGE('',*,*,#880,.T.);
#882=ORIENTED_EDGE('',*,*,#856,.F.);
#883=EDGE_LOOP('',(#877,#879,#881,#882));
#884=FACE_OUTER_BOUND('',#883,.F.);
#886=FILL_AREA_STYLE_COLOUR('',#10);
#887=FILL_AREA_STYLE('',(#886));
#888=SURFACE_STYLE_FILL_AREA(#887);
#889=SURFACE_SIDE_STYLE('',(#888));
#890=SURFACE_STYLE_USAGE(.BOTH.,#889);
#891=PRESENTATION_STYLE_ASSIGNMENT((#890));
#892=STYLED_ITEM('',(#891),#885);
#893=CARTESIAN_POINT('',(2.475E1,7.E-1,-1.217665127694E1));
#894=DIRECTION('',(0.E0,0.E0,1.E0));
#895=DIRECTION('',(0.E0,-1.E0,0.E0));
#896=AXIS2_PLACEMENT_3D('',#893,#894,#895);
#897=CYLINDRICAL_SURFACE('',#896,7.E-1);
#898=ORIENTED_EDGE('',*,*,#619,.T.);
#900=ORIENTED_EDGE('',*,*,#899,.F.);
#901=ORIENTED_EDGE('',*,*,#876,.T.);
#902=ORIENTED_EDGE('',*,*,#838,.F.);
#903=EDGE_LOOP('',(#898,#900,#901,#902));
#904=FACE_OUTER_BOUND('',#903,.F.);
#906=FILL_AREA_STYLE_COLOUR('',#10);
#907=FILL_AREA_STYLE('',(#906));
#908=SURFACE_STYLE_FILL_AREA(#907);
#909=SURFACE_SIDE_STYLE('',(#908));
#910=SURFACE_STYLE_USAGE(.BOTH.,#909);
#911=PRESENTATION_STYLE_ASSIGNMENT((#910));
#912=STYLED_ITEM('',(#911),#905);
#913=CARTESIAN_POINT('',(2.475E1,7.E-1,1.205E1));
#914=DIRECTION('',(0.E0,0.E0,1.E0));
#915=DIRECTION('',(-1.E0,0.E0,0.E0));
#916=AXIS2_PLACEMENT_3D('',#913,#914,#915);
#917=SPHERICAL_SURFACE('',#916,7.E-1);
#919=ORIENTED_EDGE('',*,*,#918,.T.);
#920=ORIENTED_EDGE('',*,*,#899,.T.);
#921=ORIENTED_EDGE('',*,*,#645,.T.);
#922=EDGE_LOOP('',(#919,#920,#921));
#923=FACE_OUTER_BOUND('',#922,.F.);
#925=FILL_AREA_STYLE_COLOUR('',#10);
#926=FILL_AREA_STYLE('',(#925));
#927=SURFACE_STYLE_FILL_AREA(#926);
#928=SURFACE_SIDE_STYLE('',(#927));
#929=SURFACE_STYLE_USAGE(.BOTH.,#928);
#930=PRESENTATION_STYLE_ASSIGNMENT((#929));
#931=STYLED_ITEM('',(#930),#924);
#932=CARTESIAN_POINT('',(2.475E1,2.53396E1,1.205E1));
#933=DIRECTION('',(0.E0,-1.E0,0.E0));
#934=DIRECTION('',(1.E0,0.E0,0.E0));
#935=AXIS2_PLACEMENT_3D('',#932,#933,#934);
#936=CYLINDRICAL_SURFACE('',#935,7.E-1);
#937=ORIENTED_EDGE('',*,*,#918,.F.);
#939=ORIENTED_EDGE('',*,*,#938,.T.);
#941=ORIENTED_EDGE('',*,*,#940,.F.);
#942=ORIENTED_EDGE('',*,*,#878,.T.);
#943=EDGE_LOOP('',(#937,#939,#941,#942));
#944=FACE_OUTER_BOUND('',#943,.F.);
#946=FILL_AREA_STYLE_COLOUR('',#10);
#947=FILL_AREA_STYLE('',(#946));
#948=SURFACE_STYLE_FILL_AREA(#947);
#949=SURFACE_SIDE_STYLE('',(#948));
#950=SURFACE_STYLE_USAGE(.BOTH.,#949);
#951=PRESENTATION_STYLE_ASSIGNMENT((#950));
#952=STYLED_ITEM('',(#951),#945);
#953=CARTESIAN_POINT('',(-2.545E1,0.E0,1.275E1));
#954=DIRECTION('',(0.E0,0.E0,1.E0));
#955=DIRECTION('',(1.E0,0.E0,0.E0));
#956=AXIS2_PLACEMENT_3D('',#953,#954,#955);
#957=PLANE('',#956);
#958=ORIENTED_EDGE('',*,*,#643,.F.);
#959=ORIENTED_EDGE('',*,*,#687,.F.);
#961=ORIENTED_EDGE('',*,*,#960,.T.);
#962=ORIENTED_EDGE('',*,*,#938,.F.);
#963=EDGE_LOOP('',(#958,#959,#961,#962));
#964=FACE_OUTER_BOUND('',#963,.F.);
#966=FILL_AREA_STYLE_COLOUR('',#10);
#967=FILL_AREA_STYLE('',(#966));
#968=SURFACE_STYLE_FILL_AREA(#967);
#969=SURFACE_SIDE_STYLE('',(#968));
#970=SURFACE_STYLE_USAGE(.BOTH.,#969);
#971=PRESENTATION_STYLE_ASSIGNMENT((#970));
#972=STYLED_ITEM('',(#971),#965);
#973=CARTESIAN_POINT('',(0.E0,1.1E1,0.E0));
#974=DIRECTION('',(0.E0,1.E0,0.E0));
#975=DIRECTION('',(1.E0,0.E0,0.E0));
#976=AXIS2_PLACEMENT_3D('',#973,#974,#975);
#977=PLANE('',#976);
#978=ORIENTED_EDGE('',*,*,#685,.T.);
#979=ORIENTED_EDGE('',*,*,#708,.F.);
#980=ORIENTED_EDGE('',*,*,#775,.T.);
#981=ORIENTED_EDGE('',*,*,#797,.F.);
#982=ORIENTED_EDGE('',*,*,#858,.T.);
#983=ORIENTED_EDGE('',*,*,#880,.F.);
#984=ORIENTED_EDGE('',*,*,#940,.T.);
#985=ORIENTED_EDGE('',*,*,#960,.F.);
#986=EDGE_LOOP('',(#978,#979,#980,#981,#982,#983,#984,#985));
#987=FACE_OUTER_BOUND('',#986,.F.);
#989=ORIENTED_EDGE('',*,*,#988,.T.);
#991=ORIENTED_EDGE('',*,*,#990,.T.);
#993=ORIENTED_EDGE('',*,*,#992,.T.);
#995=ORIENTED_EDGE('',*,*,#994,.T.);
#997=ORIENTED_EDGE('',*,*,#996,.T.);
#999=ORIENTED_EDGE('',*,*,#998,.T.);
#1001=ORIENTED_EDGE('',*,*,#1000,.T.);
#1003=ORIENTED_EDGE('',*,*,#1002,.T.);
#1004=EDGE_LOOP('',(#989,#991,#993,#995,#997,#999,#1001,#1003));
#1005=FACE_BOUND('',#1004,.F.);
#1007=FILL_AREA_STYLE_COLOUR('',#10);
#1008=FILL_AREA_STYLE('',(#1007));
#1009=SURFACE_STYLE_FILL_AREA(#1008);
#1010=SURFACE_SIDE_STYLE('',(#1009));
#1011=SURFACE_STYLE_USAGE(.BOTH.,#1010);
#1012=PRESENTATION_STYLE_ASSIGNMENT((#1011));
#1013=STYLED_ITEM('',(#1012),#1006);
#1014=CARTESIAN_POINT('',(-2.545E1,0.E0,1.215E1));
#1015=DIRECTION('',(0.E0,0.E0,1.E0));
#1016=DIRECTION('',(1.E0,0.E0,0.E0));
#1017=AXIS2_PLACEMENT_3D('',#1014,#1015,#1016);
#1018=PLANE('',#1017);
#1019=ORIENTED_EDGE('',*,*,#988,.F.);
#1021=ORIENTED_EDGE('',*,*,#1020,.F.);
#1023=ORIENTED_EDGE('',*,*,#1022,.F.);
#1025=ORIENTED_EDGE('',*,*,#1024,.F.);
#1026=EDGE_LOOP('',(#1019,#1021,#1023,#1025));
#1027=FACE_OUTER_BOUND('',#1026,.F.);
#1029=ORIENTED_EDGE('',*,*,#1028,.T.);
#1031=ORIENTED_EDGE('',*,*,#1030,.T.);
#1032=EDGE_LOOP('',(#1029,#1031));
#1033=FACE_BOUND('',#1032,.F.);
#1035=ORIENTED_EDGE('',*,*,#1034,.T.);
#1037=ORIENTED_EDGE('',*,*,#1036,.T.);
#1038=EDGE_LOOP('',(#1035,#1037));
#1039=FACE_BOUND('',#1038,.F.);
#1041=FILL_AREA_STYLE_COLOUR('',#10);
#1042=FILL_AREA_STYLE('',(#1041));
#1043=SURFACE_STYLE_FILL_AREA(#1042);
#1044=SURFACE_SIDE_STYLE('',(#1043));
#1045=SURFACE_STYLE_USAGE(.BOTH.,#1044);
#1046=PRESENTATION_STYLE_ASSIGNMENT((#1045));
#1047=STYLED_ITEM('',(#1046),#1040);
#1048=CARTESIAN_POINT('',(-2.475E1,2.53396E1,1.205E1));
#1049=DIRECTION('',(0.E0,-1.E0,0.E0));
#1050=DIRECTION('',(0.E0,0.E0,1.E0));
#1051=AXIS2_PLACEMENT_3D('',#1048,#1049,#1050);
#1052=CYLINDRICAL_SURFACE('',#1051,1.E-1);
#1053=ORIENTED_EDGE('',*,*,#1002,.F.);
#1055=ORIENTED_EDGE('',*,*,#1054,.T.);
#1057=ORIENTED_EDGE('',*,*,#1056,.F.);
#1058=ORIENTED_EDGE('',*,*,#1020,.T.);
#1059=EDGE_LOOP('',(#1053,#1055,#1057,#1058));
#1060=FACE_OUTER_BOUND('',#1059,.F.);
#1062=FILL_AREA_STYLE_COLOUR('',#10);
#1063=FILL_AREA_STYLE('',(#1062));
#1064=SURFACE_STYLE_FILL_AREA(#1063);
#1065=SURFACE_SIDE_STYLE('',(#1064));
#1066=SURFACE_STYLE_USAGE(.BOTH.,#1065);
#1067=PRESENTATION_STYLE_ASSIGNMENT((#1066));
#1068=STYLED_ITEM('',(#1067),#1061);
#1069=CARTESIAN_POINT('',(-2.485E1,0.E0,-1.275E1));
#1070=DIRECTION('',(-1.E0,0.E0,0.E0));
#1071=DIRECTION('',(0.E0,0.E0,1.E0));
#1072=AXIS2_PLACEMENT_3D('',#1069,#1070,#1071);
#1073=PLANE('',#1072);
#1074=ORIENTED_EDGE('',*,*,#1000,.F.);
#1076=ORIENTED_EDGE('',*,*,#1075,.F.);
#1078=ORIENTED_EDGE('',*,*,#1077,.F.);
#1079=ORIENTED_EDGE('',*,*,#1054,.F.);
#1080=EDGE_LOOP('',(#1074,#1076,#1078,#1079));
#1081=FACE_OUTER_BOUND('',#1080,.F.);
#1083=ORIENTED_EDGE('',*,*,#1082,.T.);
#1085=ORIENTED_EDGE('',*,*,#1084,.T.);
#1086=EDGE_LOOP('',(#1083,#1085));
#1087=FACE_BOUND('',#1086,.F.);
#1089=FILL_AREA_STYLE_COLOUR('',#10);
#1090=FILL_AREA_STYLE('',(#1089));
#1091=SURFACE_STYLE_FILL_AREA(#1090);
#1092=SURFACE_SIDE_STYLE('',(#1091));
#1093=SURFACE_STYLE_USAGE(.BOTH.,#1092);
#1094=PRESENTATION_STYLE_ASSIGNMENT((#1093));
#1095=STYLED_ITEM('',(#1094),#1088);
#1096=CARTESIAN_POINT('',(-2.475E1,2.53396E1,-1.205E1));
#1097=DIRECTION('',(0.E0,-1.E0,0.E0));
#1098=DIRECTION('',(-1.E0,0.E0,0.E0));
#1099=AXIS2_PLACEMENT_3D('',#1096,#1097,#1098);
#1100=CYLINDRICAL_SURFACE('',#1099,1.E-1);
#1101=ORIENTED_EDGE('',*,*,#998,.F.);
#1103=ORIENTED_EDGE('',*,*,#1102,.T.);
#1105=ORIENTED_EDGE('',*,*,#1104,.F.);
#1106=ORIENTED_EDGE('',*,*,#1075,.T.);
#1107=EDGE_LOOP('',(#1101,#1103,#1105,#1106));
#1108=FACE_OUTER_BOUND('',#1107,.F.);
#1110=FILL_AREA_STYLE_COLOUR('',#10);
#1111=FILL_AREA_STYLE('',(#1110));
#1112=SURFACE_STYLE_FILL_AREA(#1111);
#1113=SURFACE_SIDE_STYLE('',(#1112));
#1114=SURFACE_STYLE_USAGE(.BOTH.,#1113);
#1115=PRESENTATION_STYLE_ASSIGNMENT((#1114));
#1116=STYLED_ITEM('',(#1115),#1109);
#1117=CARTESIAN_POINT('',(2.545E1,0.E0,-1.215E1));
#1118=DIRECTION('',(0.E0,0.E0,-1.E0));
#1119=DIRECTION('',(-1.E0,0.E0,0.E0));
#1120=AXIS2_PLACEMENT_3D('',#1117,#1118,#1119);
#1121=PLANE('',#1120);
#1122=ORIENTED_EDGE('',*,*,#996,.F.);
#1124=ORIENTED_EDGE('',*,*,#1123,.F.);
#1126=ORIENTED_EDGE('',*,*,#1125,.F.);
#1127=ORIENTED_EDGE('',*,*,#1102,.F.);
#1128=EDGE_LOOP('',(#1122,#1124,#1126,#1127));
#1129=FACE_OUTER_BOUND('',#1128,.F.);
#1131=ORIENTED_EDGE('',*,*,#1130,.T.);
#1133=ORIENTED_EDGE('',*,*,#1132,.T.);
#1134=EDGE_LOOP('',(#1131,#1133));
#1135=FACE_BOUND('',#1134,.F.);
#1137=ORIENTED_EDGE('',*,*,#1136,.T.);
#1139=ORIENTED_EDGE('',*,*,#1138,.T.);
#1140=EDGE_LOOP('',(#1137,#1139));
#1141=FACE_BOUND('',#1140,.F.);
#1143=FILL_AREA_STYLE_COLOUR('',#10);
#1144=FILL_AREA_STYLE('',(#1143));
#1145=SURFACE_STYLE_FILL_AREA(#1144);
#1146=SURFACE_SIDE_STYLE('',(#1145));
#1147=SURFACE_STYLE_USAGE(.BOTH.,#1146);
#1148=PRESENTATION_STYLE_ASSIGNMENT((#1147));
#1149=STYLED_ITEM('',(#1148),#1142);
#1150=CARTESIAN_POINT('',(2.475E1,2.53396E1,-1.205E1));
#1151=DIRECTION('',(0.E0,-1.E0,0.E0));
#1152=DIRECTION('',(0.E0,0.E0,-1.E0));
#1153=AXIS2_PLACEMENT_3D('',#1150,#1151,#1152);
#1154=CYLINDRICAL_SURFACE('',#1153,1.E-1);
#1155=ORIENTED_EDGE('',*,*,#994,.F.);
#1157=ORIENTED_EDGE('',*,*,#1156,.T.);
#1159=ORIENTED_EDGE('',*,*,#1158,.F.);
#1160=ORIENTED_EDGE('',*,*,#1123,.T.);
#1161=EDGE_LOOP('',(#1155,#1157,#1159,#1160));
#1162=FACE_OUTER_BOUND('',#1161,.F.);
#1164=FILL_AREA_STYLE_COLOUR('',#10);
#1165=FILL_AREA_STYLE('',(#1164));
#1166=SURFACE_STYLE_FILL_AREA(#1165);
#1167=SURFACE_SIDE_STYLE('',(#1166));
#1168=SURFACE_STYLE_USAGE(.BOTH.,#1167);
#1169=PRESENTATION_STYLE_ASSIGNMENT((#1168));
#1170=STYLED_ITEM('',(#1169),#1163);
#1171=CARTESIAN_POINT('',(2.485E1,0.E0,1.275E1));
#1172=DIRECTION('',(1.E0,0.E0,0.E0));
#1173=DIRECTION('',(0.E0,0.E0,-1.E0));
#1174=AXIS2_PLACEMENT_3D('',#1171,#1172,#1173);
#1175=PLANE('',#1174);
#1176=ORIENTED_EDGE('',*,*,#992,.F.);
#1178=ORIENTED_EDGE('',*,*,#1177,.F.);
#1180=ORIENTED_EDGE('',*,*,#1179,.F.);
#1181=ORIENTED_EDGE('',*,*,#1156,.F.);
#1182=EDGE_LOOP('',(#1176,#1178,#1180,#1181));
#1183=FACE_OUTER_BOUND('',#1182,.F.);
#1185=FILL_AREA_STYLE_COLOUR('',#10);
#1186=FILL_AREA_STYLE('',(#1185));
#1187=SURFACE_STYLE_FILL_AREA(#1186);
#1188=SURFACE_SIDE_STYLE('',(#1187));
#1189=SURFACE_STYLE_USAGE(.BOTH.,#1188);
#1190=PRESENTATION_STYLE_ASSIGNMENT((#1189));
#1191=STYLED_ITEM('',(#1190),#1184);
#1192=CARTESIAN_POINT('',(2.475E1,2.53396E1,1.205E1));
#1193=DIRECTION('',(0.E0,-1.E0,0.E0));
#1194=DIRECTION('',(1.E0,0.E0,0.E0));
#1195=AXIS2_PLACEMENT_3D('',#1192,#1193,#1194);
#1196=CYLINDRICAL_SURFACE('',#1195,1.E-1);
#1197=ORIENTED_EDGE('',*,*,#990,.F.);
#1198=ORIENTED_EDGE('',*,*,#1024,.T.);
#1200=ORIENTED_EDGE('',*,*,#1199,.F.);
#1201=ORIENTED_EDGE('',*,*,#1177,.T.);
#1202=EDGE_LOOP('',(#1197,#1198,#1200,#1201));
#1203=FACE_OUTER_BOUND('',#1202,.F.);
#1205=FILL_AREA_STYLE_COLOUR('',#10);
#1206=FILL_AREA_STYLE('',(#1205));
#1207=SURFACE_STYLE_FILL_AREA(#1206);
#1208=SURFACE_SIDE_STYLE('',(#1207));
#1209=SURFACE_STYLE_USAGE(.BOTH.,#1208);
#1210=PRESENTATION_STYLE_ASSIGNMENT((#1209));
#1211=STYLED_ITEM('',(#1210),#1204);
#1212=CARTESIAN_POINT('',(2.475E1,7.E-1,1.205E1));
#1213=DIRECTION('',(0.E0,0.E0,1.E0));
#1214=DIRECTION('',(-1.E0,0.E0,0.E0));
#1215=AXIS2_PLACEMENT_3D('',#1212,#1213,#1214);
#1216=SPHERICAL_SURFACE('',#1215,1.E-1);
#1217=ORIENTED_EDGE('',*,*,#1199,.T.);
#1219=ORIENTED_EDGE('',*,*,#1218,.T.);
#1221=ORIENTED_EDGE('',*,*,#1220,.T.);
#1222=EDGE_LOOP('',(#1217,#1219,#1221));
#1223=FACE_OUTER_BOUND('',#1222,.F.);
#1225=FILL_AREA_STYLE_COLOUR('',#10);
#1226=FILL_AREA_STYLE('',(#1225));
#1227=SURFACE_STYLE_FILL_AREA(#1226);
#1228=SURFACE_SIDE_STYLE('',(#1227));
#1229=SURFACE_STYLE_USAGE(.BOTH.,#1228);
#1230=PRESENTATION_STYLE_ASSIGNMENT((#1229));
#1231=STYLED_ITEM('',(#1230),#1224);
#1232=CARTESIAN_POINT('',(2.487665127694E1,7.E-1,1.205E1));
#1233=DIRECTION('',(-1.E0,0.E0,0.E0));
#1234=DIRECTION('',(0.E0,-1.E0,0.E0));
#1235=AXIS2_PLACEMENT_3D('',#1232,#1233,#1234);
#1236=CYLINDRICAL_SURFACE('',#1235,1.E-1);
#1238=ORIENTED_EDGE('',*,*,#1237,.T.);
#1239=ORIENTED_EDGE('',*,*,#1218,.F.);
#1240=ORIENTED_EDGE('',*,*,#1022,.T.);
#1242=ORIENTED_EDGE('',*,*,#1241,.F.);
#1243=EDGE_LOOP('',(#1238,#1239,#1240,#1242));
#1244=FACE_OUTER_BOUND('',#1243,.F.);
#1246=FILL_AREA_STYLE_COLOUR('',#10);
#1247=FILL_AREA_STYLE('',(#1246));
#1248=SURFACE_STYLE_FILL_AREA(#1247);
#1249=SURFACE_SIDE_STYLE('',(#1248));
#1250=SURFACE_STYLE_USAGE(.BOTH.,#1249);
#1251=PRESENTATION_STYLE_ASSIGNMENT((#1250));
#1252=STYLED_ITEM('',(#1251),#1245);
#1253=CARTESIAN_POINT('',(0.E0,6.E-1,0.E0));
#1254=DIRECTION('',(0.E0,1.E0,0.E0));
#1255=DIRECTION('',(1.E0,0.E0,0.E0));
#1256=AXIS2_PLACEMENT_3D('',#1253,#1254,#1255);
#1257=PLANE('',#1256);
#1258=ORIENTED_EDGE('',*,*,#1237,.F.);
#1260=ORIENTED_EDGE('',*,*,#1259,.F.);
#1262=ORIENTED_EDGE('',*,*,#1261,.F.);
#1264=ORIENTED_EDGE('',*,*,#1263,.F.);
#1265=EDGE_LOOP('',(#1258,#1260,#1262,#1264));
#1266=FACE_OUTER_BOUND('',#1265,.F.);
#1268=FILL_AREA_STYLE_COLOUR('',#10);
#1269=FILL_AREA_STYLE('',(#1268));
#1270=SURFACE_STYLE_FILL_AREA(#1269);
#1271=SURFACE_SIDE_STYLE('',(#1270));
#1272=SURFACE_STYLE_USAGE(.BOTH.,#1271);
#1273=PRESENTATION_STYLE_ASSIGNMENT((#1272));
#1274=STYLED_ITEM('',(#1273),#1267);
#1275=CARTESIAN_POINT('',(-2.475E1,7.E-1,1.217665127694E1));
#1276=DIRECTION('',(0.E0,0.E0,-1.E0));
#1277=DIRECTION('',(0.E0,-1.E0,0.E0));
#1278=AXIS2_PLACEMENT_3D('',#1275,#1276,#1277);
#1279=CYLINDRICAL_SURFACE('',#1278,1.E-1);
#1280=ORIENTED_EDGE('',*,*,#1259,.T.);
#1282=ORIENTED_EDGE('',*,*,#1281,.F.);
#1283=ORIENTED_EDGE('',*,*,#1077,.T.);
#1285=ORIENTED_EDGE('',*,*,#1284,.F.);
#1286=EDGE_LOOP('',(#1280,#1282,#1283,#1285));
#1287=FACE_OUTER_BOUND('',#1286,.F.);
#1289=FILL_AREA_STYLE_COLOUR('',#10);
#1290=FILL_AREA_STYLE('',(#1289));
#1291=SURFACE_STYLE_FILL_AREA(#1290);
#1292=SURFACE_SIDE_STYLE('',(#1291));
#1293=SURFACE_STYLE_USAGE(.BOTH.,#1292);
#1294=PRESENTATION_STYLE_ASSIGNMENT((#1293));
#1295=STYLED_ITEM('',(#1294),#1288);
#1296=CARTESIAN_POINT('',(-2.475E1,7.E-1,1.205E1));
#1297=DIRECTION('',(5.898840305112E-9,0.E0,1.E0));
#1298=DIRECTION('',(-1.E0,0.E0,5.898840305112E-9));
#1299=AXIS2_PLACEMENT_3D('',#1296,#1297,#1298);
#1300=SPHERICAL_SURFACE('',#1299,1.E-1);
#1301=ORIENTED_EDGE('',*,*,#1056,.T.);
#1302=ORIENTED_EDGE('',*,*,#1281,.T.);
#1303=ORIENTED_EDGE('',*,*,#1241,.T.);
#1304=EDGE_LOOP('',(#1301,#1302,#1303));
#1305=FACE_OUTER_BOUND('',#1304,.F.);
#1307=FILL_AREA_STYLE_COLOUR('',#10);
#1308=FILL_AREA_STYLE('',(#1307));
#1309=SURFACE_STYLE_FILL_AREA(#1308);
#1310=SURFACE_SIDE_STYLE('',(#1309));
#1311=SURFACE_STYLE_USAGE(.BOTH.,#1310);
#1312=PRESENTATION_STYLE_ASSIGNMENT((#1311));
#1313=STYLED_ITEM('',(#1312),#1306);
#1314=CARTESIAN_POINT('',(-2.475E1,7.E-1,-1.205E1));
#1315=DIRECTION('',(-1.E0,0.E0,5.898840471642E-9));
#1316=DIRECTION('',(-5.898840471642E-9,0.E0,-1.E0));
#1317=AXIS2_PLACEMENT_3D('',#1314,#1315,#1316);
#1318=SPHERICAL_SURFACE('',#1317,1.E-1);
#1319=ORIENTED_EDGE('',*,*,#1104,.T.);
#1321=ORIENTED_EDGE('',*,*,#1320,.T.);
#1322=ORIENTED_EDGE('',*,*,#1284,.T.);
#1323=EDGE_LOOP('',(#1319,#1321,#1322));
#1324=FACE_OUTER_BOUND('',#1323,.F.);
#1326=FILL_AREA_STYLE_COLOUR('',#10);
#1327=FILL_AREA_STYLE('',(#1326));
#1328=SURFACE_STYLE_FILL_AREA(#1327);
#1329=SURFACE_SIDE_STYLE('',(#1328));
#1330=SURFACE_STYLE_USAGE(.BOTH.,#1329);
#1331=PRESENTATION_STYLE_ASSIGNMENT((#1330));
#1332=STYLED_ITEM('',(#1331),#1325);
#1333=CARTESIAN_POINT('',(-2.487665127694E1,7.E-1,-1.205E1));
#1334=DIRECTION('',(1.E0,0.E0,0.E0));
#1335=DIRECTION('',(0.E0,-1.E0,0.E0));
#1336=AXIS2_PLACEMENT_3D('',#1333,#1334,#1335);
#1337=CYLINDRICAL_SURFACE('',#1336,1.E-1);
#1338=ORIENTED_EDGE('',*,*,#1261,.T.);
#1339=ORIENTED_EDGE('',*,*,#1320,.F.);
#1340=ORIENTED_EDGE('',*,*,#1125,.T.);
#1342=ORIENTED_EDGE('',*,*,#1341,.F.);
#1343=EDGE_LOOP('',(#1338,#1339,#1340,#1342));
#1344=FACE_OUTER_BOUND('',#1343,.F.);
#1346=FILL_AREA_STYLE_COLOUR('',#10);
#1347=FILL_AREA_STYLE('',(#1346));
#1348=SURFACE_STYLE_FILL_AREA(#1347);
#1349=SURFACE_SIDE_STYLE('',(#1348));
#1350=SURFACE_STYLE_USAGE(.BOTH.,#1349);
#1351=PRESENTATION_STYLE_ASSIGNMENT((#1350));
#1352=STYLED_ITEM('',(#1351),#1345);
#1353=CARTESIAN_POINT('',(2.475E1,7.E-1,-1.205E1));
#1354=DIRECTION('',(-5.898840305112E-9,0.E0,-1.E0));
#1355=DIRECTION('',(1.E0,0.E0,-5.898840305112E-9));
#1356=AXIS2_PLACEMENT_3D('',#1353,#1354,#1355);
#1357=SPHERICAL_SURFACE('',#1356,1.E-1);
#1358=ORIENTED_EDGE('',*,*,#1158,.T.);
#1360=ORIENTED_EDGE('',*,*,#1359,.T.);
#1361=ORIENTED_EDGE('',*,*,#1341,.T.);
#1362=EDGE_LOOP('',(#1358,#1360,#1361));
#1363=FACE_OUTER_BOUND('',#1362,.F.);
#1365=FILL_AREA_STYLE_COLOUR('',#10);
#1366=FILL_AREA_STYLE('',(#1365));
#1367=SURFACE_STYLE_FILL_AREA(#1366);
#1368=SURFACE_SIDE_STYLE('',(#1367));
#1369=SURFACE_STYLE_USAGE(.BOTH.,#1368);
#1370=PRESENTATION_STYLE_ASSIGNMENT((#1369));
#1371=STYLED_ITEM('',(#1370),#1364);
#1372=CARTESIAN_POINT('',(2.475E1,7.E-1,-1.217665127694E1));
#1373=DIRECTION('',(0.E0,0.E0,1.E0));
#1374=DIRECTION('',(0.E0,-1.E0,0.E0));
#1375=AXIS2_PLACEMENT_3D('',#1372,#1373,#1374);
#1376=CYLINDRICAL_SURFACE('',#1375,1.E-1);
#1377=ORIENTED_EDGE('',*,*,#1263,.T.);
#1378=ORIENTED_EDGE('',*,*,#1359,.F.);
#1379=ORIENTED_EDGE('',*,*,#1179,.T.);
#1380=ORIENTED_EDGE('',*,*,#1220,.F.);
#1381=EDGE_LOOP('',(#1377,#1378,#1379,#1380));
#1382=FACE_OUTER_BOUND('',#1381,.F.);
#1384=FILL_AREA_STYLE_COLOUR('',#10);
#1385=FILL_AREA_STYLE('',(#1384));
#1386=SURFACE_STYLE_FILL_AREA(#1385);
#1387=SURFACE_SIDE_STYLE('',(#1386));
#1388=SURFACE_STYLE_USAGE(.BOTH.,#1387);
#1389=PRESENTATION_STYLE_ASSIGNMENT((#1388));
#1390=STYLED_ITEM('',(#1389),#1383);
#1391=CARTESIAN_POINT('',(1.801059546037E1,9.500666778841E0,-1.177517433167E1));
#1392=CARTESIAN_POINT('',(1.825689604440E1,9.516166626191E0,-1.176858949934E1));
#1393=CARTESIAN_POINT('',(1.845048703799E1,9.528349426572E0,-1.192130390456E1));
#1394=CARTESIAN_POINT('',(1.850190472985E1,9.531585173568E0,-1.216274402941E1));
#1395=CARTESIAN_POINT('',(1.801100579705E1,9.494146316854E0,-1.177517433167E1));
#1396=CARTESIAN_POINT('',(1.826684501008E1,9.358072420363E0,-1.176858949934E1));
#1397=CARTESIAN_POINT('',(1.846793331705E1,9.251119036857E0,-1.192130390456E1));
#1398=CARTESIAN_POINT('',(1.852134229240E1,9.222712260203E0,-1.216274402941E1));
#1399=CARTESIAN_POINT('',(1.800653346527E1,9.489383644375E0,-1.177517433167E1));
#1400=CARTESIAN_POINT('',(1.815840948159E1,9.242597332161E0,-1.176858949934E1));
#1401=CARTESIAN_POINT('',(1.827778325009E1,9.048624558727E0,-1.192130390456E1));
#1402=CARTESIAN_POINT('',(1.830948887612E1,8.997105466285E0,-1.216274402941E1));
#1403=CARTESIAN_POINT('',(1.800000010467E1,9.489383579961E0,-1.177517433167E1));
#1404=CARTESIAN_POINT('',(1.800000253783E1,9.242595770377E0,-1.176858949934E1));
#1405=CARTESIAN_POINT('',(1.800000445028E1,9.048621820019E0,-1.192130390455E1));
#1406=CARTESIAN_POINT('',(1.800000495822E1,8.997102414986E0,-1.216274402940E1));
#1407=CARTESIAN_POINT('',(1.799346674407E1,9.489383515546E0,-1.177517433167E1));
#1408=CARTESIAN_POINT('',(1.784159559407E1,9.242594208594E0,-1.176858949934E1));
#1409=CARTESIAN_POINT('',(1.772222565046E1,9.048619081310E0,-1.192130390455E1));
#1410=CARTESIAN_POINT('',(1.769052104032E1,8.997099363687E0,-1.216274402940E1));
#1411=CARTESIAN_POINT('',(1.798899431837E1,9.494146099836E0,-1.177517433167E1));
#1412=CARTESIAN_POINT('',(1.773315778859E1,9.358067158573E0,-1.176858949934E1));
#1413=CARTESIAN_POINT('',(1.753207159063E1,9.251109809902E0,-1.192130390455E1));
#1414=CARTESIAN_POINT('',(1.747866317543E1,9.222701980102E0,-1.216274402940E1));
#1415=CARTESIAN_POINT('',(1.798940452649E1,9.500666569913E0,-1.177517433167E1));
#1416=CARTESIAN_POINT('',(1.774310363686E1,9.516161560551E0,-1.176858949934E1));
#1417=CARTESIAN_POINT('',(1.754951240309E1,9.528340543580E0,-1.192130390455E1));
#1418=CARTESIAN_POINT('',(1.749809464743E1,9.531575276689E0,-1.216274402940E1));
#1419=(BOUNDED_SURFACE()B_SPLINE_SURFACE(3,3,((#1391,#1392,#1393,#1394),(#1395,
#1396,#1397,#1398),(#1399,#1400,#1401,#1402),(#1403,#1404,#1405,#1406),(#1407,
#1408,#1409,#1410),(#1411,#1412,#1413,#1414),(#1415,#1416,#1417,#1418)),
.UNSPECIFIED.,.F.,.F.,.F.)B_SPLINE_SURFACE_WITH_KNOTS((4,3,4),(4,4),(0.E0,1.E0,
2.E0),(0.E0,1.E0),.UNSPECIFIED.)GEOMETRIC_REPRESENTATION_ITEM()RATIONAL_B_SPLINE_SURFACE(((1.342348275238E0,1.135569615600E0,1.135569615600E0,1.342348275238E0),(
1.060047877500E0,8.967554717179E-1,8.967554717179E-1,1.060047877500E0),(
1.060047877500E0,8.967554717179E-1,8.967554717179E-1,1.060047877500E0),(
1.342348275238E0,1.135569615600E0,1.135569615600E0,1.342348275238E0),(
1.060047877500E0,8.967554717179E-1,8.967554717179E-1,1.060047877500E0),(
1.060047877500E0,8.967554717179E-1,8.967554717179E-1,1.060047877500E0),(
1.342348275238E0,1.135569615600E0,1.135569615600E0,1.342348275238E0)))REPRESENTATION_ITEM('')SURFACE());
#1421=ORIENTED_EDGE('',*,*,#1420,.F.);
#1423=ORIENTED_EDGE('',*,*,#1422,.T.);
#1424=ORIENTED_EDGE('',*,*,#1130,.F.);
#1426=ORIENTED_EDGE('',*,*,#1425,.F.);
#1427=EDGE_LOOP('',(#1421,#1423,#1424,#1426));
#1428=FACE_OUTER_BOUND('',#1427,.F.);
#1430=FILL_AREA_STYLE_COLOUR('',#10);
#1431=FILL_AREA_STYLE('',(#1430));
#1432=SURFACE_STYLE_FILL_AREA(#1431);
#1433=SURFACE_SIDE_STYLE('',(#1432));
#1434=SURFACE_STYLE_USAGE(.BOTH.,#1433);
#1435=PRESENTATION_STYLE_ASSIGNMENT((#1434));
#1436=STYLED_ITEM('',(#1435),#1429);
#1437=CARTESIAN_POINT('',(0.E0,0.E0,-1.1775E1));
#1438=DIRECTION('',(0.E0,0.E0,-1.E0));
#1439=DIRECTION('',(-1.E0,0.E0,0.E0));
#1440=AXIS2_PLACEMENT_3D('',#1437,#1438,#1439);
#1441=PLANE('',#1440);
#1442=ORIENTED_EDGE('',*,*,#1420,.T.);
#1444=ORIENTED_EDGE('',*,*,#1443,.T.);
#1445=EDGE_LOOP('',(#1442,#1444));
#1446=FACE_OUTER_BOUND('',#1445,.F.);
#1448=FILL_AREA_STYLE_COLOUR('',#10);
#1449=FILL_AREA_STYLE('',(#1448));
#1450=SURFACE_STYLE_FILL_AREA(#1449);
#1451=SURFACE_SIDE_STYLE('',(#1450));
#1452=SURFACE_STYLE_USAGE(.BOTH.,#1451);
#1453=PRESENTATION_STYLE_ASSIGNMENT((#1452));
#1454=STYLED_ITEM('',(#1453),#1447);
#1455=CARTESIAN_POINT('',(1.798940451779E1,9.499333327784E0,-1.177517433127E1));
#1456=CARTESIAN_POINT('',(1.774310378281E1,9.483835981414E0,-1.176858950673E1));
#1457=CARTESIAN_POINT('',(1.754951267305E1,9.471655146946E0,-1.192130391078E1));
#1458=CARTESIAN_POINT('',(1.749809494957E1,9.468419922049E0,-1.216274402912E1));
#1459=CARTESIAN_POINT('',(1.798899424917E1,9.505853764256E0,-1.177517433127E1));
#1460=CARTESIAN_POINT('',(1.773315648128E1,9.641929349031E0,-1.176858950672E1));
#1461=CARTESIAN_POINT('',(1.753206931275E1,9.748884058159E0,-1.192130391078E1));
#1462=CARTESIAN_POINT('',(1.747866063898E1,9.777291187317E0,-1.216274402912E1));
#1463=CARTESIAN_POINT('',(1.799346659064E1,9.510616386840E0,-1.177517433127E1));
#1464=CARTESIAN_POINT('',(1.784159209411E1,9.757403067094E0,-1.176858950672E1));
#1465=CARTESIAN_POINT('',(1.772221952167E1,9.951376127339E0,-1.192130391077E1));
#1466=CARTESIAN_POINT('',(1.769051421284E1,1.000289529672E1,-1.216274402911E1));
#1467=CARTESIAN_POINT('',(1.799999992150E1,9.510616435146E0,-1.177517433127E1));
#1468=CARTESIAN_POINT('',(1.799999809681E1,9.757404238316E0,-1.176858950672E1));
#1469=CARTESIAN_POINT('',(1.799999666260E1,9.951378181167E0,-1.192130391077E1));
#1470=CARTESIAN_POINT('',(1.799999628168E1,1.000289758497E1,-1.216274402911E1));
#1471=CARTESIAN_POINT('',(1.800653325236E1,9.510616483452E0,-1.177517433127E1));
#1472=CARTESIAN_POINT('',(1.815840409950E1,9.757405409538E0,-1.176858950672E1));
#1473=CARTESIAN_POINT('',(1.827777380354E1,9.951380234995E0,-1.192130391077E1));
#1474=CARTESIAN_POINT('',(1.830947835052E1,1.000289987321E1,-1.216274402911E1));
#1475=CARTESIAN_POINT('',(1.801100566427E1,9.505853927004E0,-1.177517433127E1));
#1476=CARTESIAN_POINT('',(1.826684141989E1,9.641933294990E0,-1.176858950672E1));
#1477=CARTESIAN_POINT('',(1.846792700680E1,9.748890977702E0,-1.192130391077E1));
#1478=CARTESIAN_POINT('',(1.852133526050E1,9.777298896643E0,-1.216274402911E1));
#1479=CARTESIAN_POINT('',(1.801059549207E1,9.499333484466E0,-1.177517433127E1));
#1480=CARTESIAN_POINT('',(1.825689645619E1,9.483839780293E0,-1.176858950672E1));
#1481=CARTESIAN_POINT('',(1.845048774606E1,9.471661808574E0,-1.192130391077E1));
#1482=CARTESIAN_POINT('',(1.850190551737E1,9.468427344022E0,-1.216274402911E1));
#1483=(BOUNDED_SURFACE()B_SPLINE_SURFACE(3,3,((#1455,#1456,#1457,#1458),(#1459,
#1460,#1461,#1462),(#1463,#1464,#1465,#1466),(#1467,#1468,#1469,#1470),(#1471,
#1472,#1473,#1474),(#1475,#1476,#1477,#1478),(#1479,#1480,#1481,#1482)),
.UNSPECIFIED.,.F.,.F.,.F.)B_SPLINE_SURFACE_WITH_KNOTS((4,3,4),(4,4),(0.E0,1.E0,
2.E0),(0.E0,1.E0),.UNSPECIFIED.)GEOMETRIC_REPRESENTATION_ITEM()RATIONAL_B_SPLINE_SURFACE(((1.342346034965E0,1.135567729421E0,1.135567729421E0,1.342346034965E0),(
1.060048615690E0,8.967561032999E-1,8.967561032999E-1,1.060048615690E0),(
1.060048615690E0,8.967561032999E-1,8.967561032999E-1,1.060048615690E0),(
1.342346034965E0,1.135567729421E0,1.135567729421E0,1.342346034965E0),(
1.060048615690E0,8.967561032999E-1,8.967561032999E-1,1.060048615690E0),(
1.060048615690E0,8.967561032999E-1,8.967561032999E-1,1.060048615690E0),(
1.342346034965E0,1.135567729421E0,1.135567729421E0,1.342346034965E0)))REPRESENTATION_ITEM('')SURFACE());
#1484=ORIENTED_EDGE('',*,*,#1443,.F.);
#1485=ORIENTED_EDGE('',*,*,#1425,.T.);
#1486=ORIENTED_EDGE('',*,*,#1132,.F.);
#1487=ORIENTED_EDGE('',*,*,#1422,.F.);
#1488=EDGE_LOOP('',(#1484,#1485,#1486,#1487));
#1489=FACE_OUTER_BOUND('',#1488,.F.);
#1491=FILL_AREA_STYLE_COLOUR('',#10);
#1492=FILL_AREA_STYLE('',(#1491));
#1493=SURFACE_STYLE_FILL_AREA(#1492);
#1494=SURFACE_SIDE_STYLE('',(#1493));
#1495=SURFACE_STYLE_USAGE(.BOTH.,#1494);
#1496=PRESENTATION_STYLE_ASSIGNMENT((#1495));
#1497=STYLED_ITEM('',(#1496),#1490);
#1498=CARTESIAN_POINT('',(-1.798940453963E1,9.500666778841E0,
-1.177517433167E1));
#1499=CARTESIAN_POINT('',(-1.774310395560E1,9.516166626191E0,
-1.176858949934E1));
#1500=CARTESIAN_POINT('',(-1.754951296201E1,9.528349426572E0,
-1.192130390456E1));
#1501=CARTESIAN_POINT('',(-1.749809527015E1,9.531585173568E0,
-1.216274402941E1));
#1502=CARTESIAN_POINT('',(-1.798899420295E1,9.494146316854E0,
-1.177517433167E1));
#1503=CARTESIAN_POINT('',(-1.773315498992E1,9.358072420363E0,
-1.176858949934E1));
#1504=CARTESIAN_POINT('',(-1.753206668295E1,9.251119036857E0,
-1.192130390456E1));
#1505=CARTESIAN_POINT('',(-1.747865770760E1,9.222712260204E0,
-1.216274402941E1));
#1506=CARTESIAN_POINT('',(-1.799346653473E1,9.489383644375E0,
-1.177517433167E1));
#1507=CARTESIAN_POINT('',(-1.784159051841E1,9.242597332161E0,
-1.176858949934E1));
#1508=CARTESIAN_POINT('',(-1.772221674991E1,9.048624558727E0,
-1.192130390456E1));
#1509=CARTESIAN_POINT('',(-1.769051112388E1,8.997105466286E0,
-1.216274402941E1));
#1510=CARTESIAN_POINT('',(-1.799999989533E1,9.489383579961E0,
-1.177517433167E1));
#1511=CARTESIAN_POINT('',(-1.799999746217E1,9.242595770377E0,
-1.176858949934E1));
#1512=CARTESIAN_POINT('',(-1.799999554972E1,9.048621820019E0,
-1.192130390456E1));
#1513=CARTESIAN_POINT('',(-1.799999504178E1,8.997102414987E0,
-1.216274402940E1));
#1514=CARTESIAN_POINT('',(-1.800653325593E1,9.489383515546E0,
-1.177517433167E1));
#1515=CARTESIAN_POINT('',(-1.815840440593E1,9.242594208593E0,
-1.176858949934E1));
#1516=CARTESIAN_POINT('',(-1.827777434954E1,9.048619081310E0,
-1.192130390455E1));
#1517=CARTESIAN_POINT('',(-1.830947895968E1,8.997099363688E0,
-1.216274402940E1));
#1518=CARTESIAN_POINT('',(-1.801100568163E1,9.494146099836E0,
-1.177517433167E1));
#1519=CARTESIAN_POINT('',(-1.826684221141E1,9.358067158573E0,
-1.176858949934E1));
#1520=CARTESIAN_POINT('',(-1.846792840937E1,9.251109809902E0,
-1.192130390455E1));
#1521=CARTESIAN_POINT('',(-1.852133682457E1,9.222701980103E0,
-1.216274402940E1));
#1522=CARTESIAN_POINT('',(-1.801059547351E1,9.500666569913E0,
-1.177517433167E1));
#1523=CARTESIAN_POINT('',(-1.825689636314E1,9.516161560550E0,
-1.176858949934E1));
#1524=CARTESIAN_POINT('',(-1.845048759691E1,9.528340543580E0,
-1.192130390455E1));
#1525=CARTESIAN_POINT('',(-1.850190535257E1,9.531575276690E0,
-1.216274402940E1));
#1526=(BOUNDED_SURFACE()B_SPLINE_SURFACE(3,3,((#1498,#1499,#1500,#1501),(#1502,
#1503,#1504,#1505),(#1506,#1507,#1508,#1509),(#1510,#1511,#1512,#1513),(#1514,
#1515,#1516,#1517),(#1518,#1519,#1520,#1521),(#1522,#1523,#1524,#1525)),
.UNSPECIFIED.,.F.,.F.,.F.)B_SPLINE_SURFACE_WITH_KNOTS((4,3,4),(4,4),(0.E0,1.E0,
2.E0),(0.E0,1.E0),.UNSPECIFIED.)GEOMETRIC_REPRESENTATION_ITEM()RATIONAL_B_SPLINE_SURFACE(((1.342348275238E0,1.135569615600E0,1.135569615600E0,1.342348275238E0),(
1.060047877501E0,8.967554717179E-1,8.967554717179E-1,1.060047877501E0),(
1.060047877501E0,8.967554717179E-1,8.967554717179E-1,1.060047877501E0),(
1.342348275238E0,1.135569615600E0,1.135569615600E0,1.342348275238E0),(
1.060047877501E0,8.967554717179E-1,8.967554717179E-1,1.060047877501E0),(
1.060047877501E0,8.967554717179E-1,8.967554717179E-1,1.060047877501E0),(
1.342348275238E0,1.135569615600E0,1.135569615600E0,1.342348275238E0)))REPRESENTATION_ITEM('')SURFACE());
#1528=ORIENTED_EDGE('',*,*,#1527,.F.);
#1530=ORIENTED_EDGE('',*,*,#1529,.T.);
#1531=ORIENTED_EDGE('',*,*,#1136,.F.);
#1533=ORIENTED_EDGE('',*,*,#1532,.F.);
#1534=EDGE_LOOP('',(#1528,#1530,#1531,#1533));
#1535=FACE_OUTER_BOUND('',#1534,.F.);
#1537=FILL_AREA_STYLE_COLOUR('',#10);
#1538=FILL_AREA_STYLE('',(#1537));
#1539=SURFACE_STYLE_FILL_AREA(#1538);
#1540=SURFACE_SIDE_STYLE('',(#1539));
#1541=SURFACE_STYLE_USAGE(.BOTH.,#1540);
#1542=PRESENTATION_STYLE_ASSIGNMENT((#1541));
#1543=STYLED_ITEM('',(#1542),#1536);
#1544=CARTESIAN_POINT('',(0.E0,0.E0,-1.1775E1));
#1545=DIRECTION('',(0.E0,0.E0,-1.E0));
#1546=DIRECTION('',(-1.E0,0.E0,0.E0));
#1547=AXIS2_PLACEMENT_3D('',#1544,#1545,#1546);
#1548=PLANE('',#1547);
#1549=ORIENTED_EDGE('',*,*,#1527,.T.);
#1551=ORIENTED_EDGE('',*,*,#1550,.T.);
#1552=EDGE_LOOP('',(#1549,#1551));
#1553=FACE_OUTER_BOUND('',#1552,.F.);
#1555=FILL_AREA_STYLE_COLOUR('',#10);
#1556=FILL_AREA_STYLE('',(#1555));
#1557=SURFACE_STYLE_FILL_AREA(#1556);
#1558=SURFACE_SIDE_STYLE('',(#1557));
#1559=SURFACE_STYLE_USAGE(.BOTH.,#1558);
#1560=PRESENTATION_STYLE_ASSIGNMENT((#1559));
#1561=STYLED_ITEM('',(#1560),#1554);
#1562=CARTESIAN_POINT('',(-1.801059548221E1,9.499333327784E0,
-1.177517433127E1));
#1563=CARTESIAN_POINT('',(-1.825689621719E1,9.483835981414E0,
-1.176858950673E1));
#1564=CARTESIAN_POINT('',(-1.845048732695E1,9.471655146946E0,
-1.192130391078E1));
#1565=CARTESIAN_POINT('',(-1.850190505043E1,9.468419922049E0,
-1.216274402912E1));
#1566=CARTESIAN_POINT('',(-1.801100575083E1,9.505853764256E0,
-1.177517433127E1));
#1567=CARTESIAN_POINT('',(-1.826684351872E1,9.641929349031E0,
-1.176858950672E1));
#1568=CARTESIAN_POINT('',(-1.846793068725E1,9.748884058159E0,
-1.192130391078E1));
#1569=CARTESIAN_POINT('',(-1.852133936102E1,9.777291187317E0,
-1.216274402912E1));
#1570=CARTESIAN_POINT('',(-1.800653340936E1,9.510616386840E0,
-1.177517433127E1));
#1571=CARTESIAN_POINT('',(-1.815840790589E1,9.757403067094E0,
-1.176858950672E1));
#1572=CARTESIAN_POINT('',(-1.827778047833E1,9.951376127339E0,
-1.192130391077E1));
#1573=CARTESIAN_POINT('',(-1.830948578716E1,1.000289529672E1,
-1.216274402911E1));
#1574=CARTESIAN_POINT('',(-1.800000007850E1,9.510616435146E0,
-1.177517433127E1));
#1575=CARTESIAN_POINT('',(-1.800000190319E1,9.757404238316E0,
-1.176858950672E1));
#1576=CARTESIAN_POINT('',(-1.800000333740E1,9.951378181167E0,
-1.192130391077E1));
#1577=CARTESIAN_POINT('',(-1.800000371832E1,1.000289758497E1,
-1.216274402911E1));
#1578=CARTESIAN_POINT('',(-1.799346674764E1,9.510616483452E0,
-1.177517433127E1));
#1579=CARTESIAN_POINT('',(-1.784159590050E1,9.757405409538E0,
-1.176858950672E1));
#1580=CARTESIAN_POINT('',(-1.772222619646E1,9.951380234995E0,
-1.192130391077E1));
#1581=CARTESIAN_POINT('',(-1.769052164948E1,1.000289987321E1,
-1.216274402911E1));
#1582=CARTESIAN_POINT('',(-1.798899433573E1,9.505853927004E0,
-1.177517433127E1));
#1583=CARTESIAN_POINT('',(-1.773315858011E1,9.641933294990E0,
-1.176858950672E1));
#1584=CARTESIAN_POINT('',(-1.753207299320E1,9.748890977702E0,
-1.192130391077E1));
#1585=CARTESIAN_POINT('',(-1.747866473950E1,9.777298896643E0,
-1.216274402911E1));
#1586=CARTESIAN_POINT('',(-1.798940450793E1,9.499333484466E0,
-1.177517433127E1));
#1587=CARTESIAN_POINT('',(-1.774310354381E1,9.483839780293E0,
-1.176858950672E1));
#1588=CARTESIAN_POINT('',(-1.754951225394E1,9.471661808574E0,
-1.192130391077E1));
#1589=CARTESIAN_POINT('',(-1.749809448263E1,9.468427344022E0,
-1.216274402911E1));
#1590=(BOUNDED_SURFACE()B_SPLINE_SURFACE(3,3,((#1562,#1563,#1564,#1565),(#1566,
#1567,#1568,#1569),(#1570,#1571,#1572,#1573),(#1574,#1575,#1576,#1577),(#1578,
#1579,#1580,#1581),(#1582,#1583,#1584,#1585),(#1586,#1587,#1588,#1589)),
.UNSPECIFIED.,.F.,.F.,.F.)B_SPLINE_SURFACE_WITH_KNOTS((4,3,4),(4,4),(0.E0,1.E0,
2.E0),(0.E0,1.E0),.UNSPECIFIED.)GEOMETRIC_REPRESENTATION_ITEM()RATIONAL_B_SPLINE_SURFACE(((1.342346034965E0,1.135567729421E0,1.135567729421E0,1.342346034965E0),(
1.060048615690E0,8.967561033E-1,8.967561033E-1,1.060048615690E0),(
1.060048615690E0,8.967561033E-1,8.967561033E-1,1.060048615690E0),(
1.342346034965E0,1.135567729421E0,1.135567729421E0,1.342346034965E0),(
1.060048615690E0,8.967561033E-1,8.967561033E-1,1.060048615690E0),(
1.060048615690E0,8.967561033E-1,8.967561033E-1,1.060048615690E0),(
1.342346034965E0,1.135567729421E0,1.135567729421E0,1.342346034965E0)))REPRESENTATION_ITEM('')SURFACE());
#1591=ORIENTED_EDGE('',*,*,#1550,.F.);
#1592=ORIENTED_EDGE('',*,*,#1532,.T.);
#1593=ORIENTED_EDGE('',*,*,#1138,.F.);
#1594=ORIENTED_EDGE('',*,*,#1529,.F.);
#1595=EDGE_LOOP('',(#1591,#1592,#1593,#1594));
#1596=FACE_OUTER_BOUND('',#1595,.F.);
#1598=FILL_AREA_STYLE_COLOUR('',#10);
#1599=FILL_AREA_STYLE('',(#1598));
#1600=SURFACE_STYLE_FILL_AREA(#1599);
#1601=SURFACE_SIDE_STYLE('',(#1600));
#1602=SURFACE_STYLE_USAGE(.BOTH.,#1601);
#1603=PRESENTATION_STYLE_ASSIGNMENT((#1602));
#1604=STYLED_ITEM('',(#1603),#1597);
#1605=CARTESIAN_POINT('',(0.E0,8.4E0,2.5E0));
#1606=DIRECTION('',(1.E0,0.E0,0.E0));
#1607=DIRECTION('',(0.E0,-1.E0,0.E0));
#1608=AXIS2_PLACEMENT_3D('',#1605,#1606,#1607);
#1609=CYLINDRICAL_SURFACE('',#1608,6.E-1);
#1610=ORIENTED_EDGE('',*,*,#713,.F.);
#1612=ORIENTED_EDGE('',*,*,#1611,.T.);
#1613=ORIENTED_EDGE('',*,*,#1082,.F.);
#1615=ORIENTED_EDGE('',*,*,#1614,.F.);
#1616=EDGE_LOOP('',(#1610,#1612,#1613,#1615));
#1617=FACE_OUTER_BOUND('',#1616,.F.);
#1619=FILL_AREA_STYLE_COLOUR('',#10);
#1620=FILL_AREA_STYLE('',(#1619));
#1621=SURFACE_STYLE_FILL_AREA(#1620);
#1622=SURFACE_SIDE_STYLE('',(#1621));
#1623=SURFACE_STYLE_USAGE(.BOTH.,#1622);
#1624=PRESENTATION_STYLE_ASSIGNMENT((#1623));
#1625=STYLED_ITEM('',(#1624),#1618);
#1626=CARTESIAN_POINT('',(0.E0,8.4E0,2.5E0));
#1627=DIRECTION('',(1.E0,0.E0,0.E0));
#1628=DIRECTION('',(0.E0,-1.E0,0.E0));
#1629=AXIS2_PLACEMENT_3D('',#1626,#1627,#1628);
#1630=CYLINDRICAL_SURFACE('',#1629,6.E-1);
#1631=ORIENTED_EDGE('',*,*,#715,.F.);
#1632=ORIENTED_EDGE('',*,*,#1614,.T.);
#1633=ORIENTED_EDGE('',*,*,#1084,.F.);
#1634=ORIENTED_EDGE('',*,*,#1611,.F.);
#1635=EDGE_LOOP('',(#1631,#1632,#1633,#1634));
#1636=FACE_OUTER_BOUND('',#1635,.F.);
#1638=FILL_AREA_STYLE_COLOUR('',#10);
#1639=FILL_AREA_STYLE('',(#1638));
#1640=SURFACE_STYLE_FILL_AREA(#1639);
#1641=SURFACE_SIDE_STYLE('',(#1640));
#1642=SURFACE_STYLE_USAGE(.BOTH.,#1641);
#1643=PRESENTATION_STYLE_ASSIGNMENT((#1642));
#1644=STYLED_ITEM('',(#1643),#1637);
#1645=CARTESIAN_POINT('',(1.850190541323E1,9.531575280511E0,1.216274431425E1));
#1646=CARTESIAN_POINT('',(1.845048777422E1,9.528340554737E0,1.192130403392E1));
#1647=CARTESIAN_POINT('',(1.825689648474E1,9.516161568201E0,1.176858949321E1));
#1648=CARTESIAN_POINT('',(1.801059546781E1,9.500666569555E0,1.177517433183E1));
#1649=CARTESIAN_POINT('',(1.852133688758E1,9.222701946590E0,1.216274431426E1));
#1650=CARTESIAN_POINT('',(1.846792859353E1,9.251109711946E0,1.192130403392E1));
#1651=CARTESIAN_POINT('',(1.826684233772E1,9.358067091392E0,1.176858949321E1));
#1652=CARTESIAN_POINT('',(1.801100567570E1,9.494146102986E0,1.177517433183E1));
#1653=CARTESIAN_POINT('',(1.830947899708E1,8.997099302906E0,1.216274431426E1));
#1654=CARTESIAN_POINT('',(1.827777445886E1,9.048618903657E0,1.192130403392E1));
#1655=CARTESIAN_POINT('',(1.815840448091E1,9.242594086756E0,1.176858949321E1));
#1656=CARTESIAN_POINT('',(1.800653325241E1,9.489383521259E0,1.177517433183E1));
#1657=CARTESIAN_POINT('',(1.799999504177E1,8.997102354205E0,1.216274431426E1));
#1658=CARTESIAN_POINT('',(1.799999554972E1,9.048621642366E0,1.192130403392E1));
#1659=CARTESIAN_POINT('',(1.799999746217E1,9.242595648540E0,1.176858949321E1));
#1660=CARTESIAN_POINT('',(1.799999989533E1,9.489383585673E0,1.177517433183E1));
#1661=CARTESIAN_POINT('',(1.769051108647E1,8.997105405504E0,1.216274431425E1));
#1662=CARTESIAN_POINT('',(1.772221664057E1,9.048624381074E0,1.192130403392E1));
#1663=CARTESIAN_POINT('',(1.784159044343E1,9.242597210324E0,1.176858949321E1));
#1664=CARTESIAN_POINT('',(1.799346653825E1,9.489383650087E0,1.177517433183E1));
#1665=CARTESIAN_POINT('',(1.747865764459E1,9.222712226690E0,1.216274431425E1));
#1666=CARTESIAN_POINT('',(1.753206649878E1,9.251118938902E0,1.192130403392E1));
#1667=CARTESIAN_POINT('',(1.773315486361E1,9.358072353184E0,1.176858949321E1));
#1668=CARTESIAN_POINT('',(1.798899420887E1,9.494146320004E0,1.177517433183E1));
#1669=CARTESIAN_POINT('',(1.749809520948E1,9.531585177388E0,1.216274431425E1));
#1670=CARTESIAN_POINT('',(1.754951278471E1,9.528349437730E0,1.192130403392E1));
#1671=CARTESIAN_POINT('',(1.774310383400E1,9.516166633843E0,1.176858949321E1));
#1672=CARTESIAN_POINT('',(1.798940454533E1,9.500666778483E0,1.177517433183E1));
#1673=(BOUNDED_SURFACE()B_SPLINE_SURFACE(3,3,((#1645,#1646,#1647,#1648),(#1649,
#1650,#1651,#1652),(#1653,#1654,#1655,#1656),(#1657,#1658,#1659,#1660),(#1661,
#1662,#1663,#1664),(#1665,#1666,#1667,#1668),(#1669,#1670,#1671,#1672)),
.UNSPECIFIED.,.F.,.F.,.F.)B_SPLINE_SURFACE_WITH_KNOTS((4,3,4),(4,4),(0.E0,1.E0,
2.E0),(0.E0,1.E0),.UNSPECIFIED.)GEOMETRIC_REPRESENTATION_ITEM()RATIONAL_B_SPLINE_SURFACE(((1.342348422253E0,1.135569566594E0,1.135569566594E0,1.342348422253E0),(
1.060047993599E0,8.967554330188E-1,8.967554330188E-1,1.060047993599E0),(
1.060047993599E0,8.967554330188E-1,8.967554330188E-1,1.060047993599E0),(
1.342348422253E0,1.135569566594E0,1.135569566594E0,1.342348422253E0),(
1.060047993599E0,8.967554330188E-1,8.967554330188E-1,1.060047993599E0),(
1.060047993599E0,8.967554330188E-1,8.967554330188E-1,1.060047993599E0),(
1.342348422253E0,1.135569566594E0,1.135569566594E0,1.342348422253E0)))REPRESENTATION_ITEM('')SURFACE());
#1675=ORIENTED_EDGE('',*,*,#1674,.F.);
#1677=ORIENTED_EDGE('',*,*,#1676,.T.);
#1678=ORIENTED_EDGE('',*,*,#1028,.F.);
#1680=ORIENTED_EDGE('',*,*,#1679,.F.);
#1681=EDGE_LOOP('',(#1675,#1677,#1678,#1680));
#1682=FACE_OUTER_BOUND('',#1681,.F.);
#1684=FILL_AREA_STYLE_COLOUR('',#10);
#1685=FILL_AREA_STYLE('',(#1684));
#1686=SURFACE_STYLE_FILL_AREA(#1685);
#1687=SURFACE_SIDE_STYLE('',(#1686));
#1688=SURFACE_STYLE_USAGE(.BOTH.,#1687);
#1689=PRESENTATION_STYLE_ASSIGNMENT((#1688));
#1690=STYLED_ITEM('',(#1689),#1683);
#1691=CARTESIAN_POINT('',(0.E0,0.E0,1.1775E1));
#1692=DIRECTION('',(0.E0,0.E0,-1.E0));
#1693=DIRECTION('',(-1.E0,0.E0,0.E0));
#1694=AXIS2_PLACEMENT_3D('',#1691,#1692,#1693);
#1695=PLANE('',#1694);
#1696=ORIENTED_EDGE('',*,*,#1674,.T.);
#1698=ORIENTED_EDGE('',*,*,#1697,.T.);
#1699=EDGE_LOOP('',(#1696,#1698));
#1700=FACE_OUTER_BOUND('',#1699,.F.);
#1702=FILL_AREA_STYLE_COLOUR('',#10);
#1703=FILL_AREA_STYLE('',(#1702));
#1704=SURFACE_STYLE_FILL_AREA(#1703);
#1705=SURFACE_SIDE_STYLE('',(#1704));
#1706=SURFACE_STYLE_USAGE(.BOTH.,#1705);
#1707=PRESENTATION_STYLE_ASSIGNMENT((#1706));
#1708=STYLED_ITEM('',(#1707),#1701);
#1709=CARTESIAN_POINT('',(1.749809442196E1,9.468427340297E0,1.216274431395E1));
#1710=CARTESIAN_POINT('',(1.754951207664E1,9.471661797501E0,1.192130404013E1));
#1711=CARTESIAN_POINT('',(1.774310342221E1,9.483839772687E0,1.176858950059E1));
#1712=CARTESIAN_POINT('',(1.798940451363E1,9.499333484820E0,1.177517433142E1));
#1713=CARTESIAN_POINT('',(1.747866467655E1,9.777298930231E0,1.216274431395E1));
#1714=CARTESIAN_POINT('',(1.753207280909E1,9.748891075723E0,1.192130404013E1));
#1715=CARTESIAN_POINT('',(1.773315845383E1,9.641933362206E0,1.176858950059E1));
#1716=CARTESIAN_POINT('',(1.798899434165E1,9.505853923856E0,1.177517433142E1));
#1717=CARTESIAN_POINT('',(1.769052161215E1,1.000289993402E1,1.216274431395E1));
#1718=CARTESIAN_POINT('',(1.772222608720E1,9.951380412670E0,1.192130404013E1));
#1719=CARTESIAN_POINT('',(1.784159582556E1,9.757405531389E0,1.176858950059E1));
#1720=CARTESIAN_POINT('',(1.799346675115E1,9.510616477744E0,1.177517433142E1));
#1721=CARTESIAN_POINT('',(1.800000371837E1,1.000289764575E1,1.216274431395E1));
#1722=CARTESIAN_POINT('',(1.800000333745E1,9.951378358816E0,1.192130404013E1));
#1723=CARTESIAN_POINT('',(1.800000190322E1,9.757404360152E0,1.176858950059E1));
#1724=CARTESIAN_POINT('',(1.800000007850E1,9.510616429438E0,1.177517433142E1));
#1725=CARTESIAN_POINT('',(1.830948582459E1,1.000289535747E1,1.216274431395E1));
#1726=CARTESIAN_POINT('',(1.827778058769E1,9.951376304962E0,1.192130404014E1));
#1727=CARTESIAN_POINT('',(1.815840798089E1,9.757403188915E0,1.176858950059E1));
#1728=CARTESIAN_POINT('',(1.800653340585E1,9.510616381131E0,1.177517433142E1));
#1729=CARTESIAN_POINT('',(1.852133942403E1,9.777291220809E0,1.216274431396E1));
#1730=CARTESIAN_POINT('',(1.846793087142E1,9.748884156092E0,1.192130404014E1));
#1731=CARTESIAN_POINT('',(1.826684364503E1,9.641929416197E0,1.176858950060E1));
#1732=CARTESIAN_POINT('',(1.801100574492E1,9.505853761106E0,1.177517433142E1));
#1733=CARTESIAN_POINT('',(1.850190511110E1,9.468419918232E0,1.216274431396E1));
#1734=CARTESIAN_POINT('',(1.845048750426E1,9.471655135789E0,1.192130404014E1));
#1735=CARTESIAN_POINT('',(1.825689633880E1,9.483835973759E0,1.176858950060E1));
#1736=CARTESIAN_POINT('',(1.801059547652E1,9.499333328136E0,1.177517433142E1));
#1737=(BOUNDED_SURFACE()B_SPLINE_SURFACE(3,3,((#1709,#1710,#1711,#1712),(#1713,
#1714,#1715,#1716),(#1717,#1718,#1719,#1720),(#1721,#1722,#1723,#1724),(#1725,
#1726,#1727,#1728),(#1729,#1730,#1731,#1732),(#1733,#1734,#1735,#1736)),
.UNSPECIFIED.,.F.,.F.,.F.)B_SPLINE_SURFACE_WITH_KNOTS((4,3,4),(4,4),(0.E0,1.E0,
2.E0),(0.E0,1.E0),.UNSPECIFIED.)GEOMETRIC_REPRESENTATION_ITEM()RATIONAL_B_SPLINE_SURFACE(((1.342346181948E0,1.135567680393E0,1.135567680393E0,1.342346181948E0),(
1.060048731794E0,8.967560646099E-1,8.967560646099E-1,1.060048731794E0),(
1.060048731794E0,8.967560646099E-1,8.967560646099E-1,1.060048731794E0),(
1.342346181948E0,1.135567680393E0,1.135567680393E0,1.342346181948E0),(
1.060048731794E0,8.967560646099E-1,8.967560646099E-1,1.060048731794E0),(
1.060048731794E0,8.967560646099E-1,8.967560646099E-1,1.060048731794E0),(
1.342346181948E0,1.135567680393E0,1.135567680393E0,1.342346181948E0)))REPRESENTATION_ITEM('')SURFACE());
#1738=ORIENTED_EDGE('',*,*,#1697,.F.);
#1739=ORIENTED_EDGE('',*,*,#1679,.T.);
#1740=ORIENTED_EDGE('',*,*,#1030,.F.);
#1741=ORIENTED_EDGE('',*,*,#1676,.F.);
#1742=EDGE_LOOP('',(#1738,#1739,#1740,#1741));
#1743=FACE_OUTER_BOUND('',#1742,.F.);
#1745=FILL_AREA_STYLE_COLOUR('',#10);
#1746=FILL_AREA_STYLE('',(#1745));
#1747=SURFACE_STYLE_FILL_AREA(#1746);
#1748=SURFACE_SIDE_STYLE('',(#1747));
#1749=SURFACE_STYLE_USAGE(.BOTH.,#1748);
#1750=PRESENTATION_STYLE_ASSIGNMENT((#1749));
#1751=STYLED_ITEM('',(#1750),#1744);
#1752=CARTESIAN_POINT('',(-1.749809458677E1,9.531575280511E0,1.216274431425E1));
#1753=CARTESIAN_POINT('',(-1.754951222578E1,9.528340554737E0,1.192130403392E1));
#1754=CARTESIAN_POINT('',(-1.774310351526E1,9.516161568201E0,1.176858949321E1));
#1755=CARTESIAN_POINT('',(-1.798940453219E1,9.500666569555E0,1.177517433183E1));
#1756=CARTESIAN_POINT('',(-1.747866311242E1,9.222701946590E0,1.216274431426E1));
#1757=CARTESIAN_POINT('',(-1.753207140647E1,9.251109711946E0,1.192130403392E1));
#1758=CARTESIAN_POINT('',(-1.773315766228E1,9.358067091392E0,1.176858949321E1));
#1759=CARTESIAN_POINT('',(-1.798899432430E1,9.494146102986E0,1.177517433183E1));
#1760=CARTESIAN_POINT('',(-1.769052100292E1,8.997099302906E0,1.216274431426E1));
#1761=CARTESIAN_POINT('',(-1.772222554114E1,9.048618903657E0,1.192130403392E1));
#1762=CARTESIAN_POINT('',(-1.784159551909E1,9.242594086756E0,1.176858949321E1));
#1763=CARTESIAN_POINT('',(-1.799346674759E1,9.489383521259E0,1.177517433183E1));
#1764=CARTESIAN_POINT('',(-1.800000495823E1,8.997102354205E0,1.216274431426E1));
#1765=CARTESIAN_POINT('',(-1.800000445028E1,9.048621642366E0,1.192130403392E1));
#1766=CARTESIAN_POINT('',(-1.800000253783E1,9.242595648540E0,1.176858949321E1));
#1767=CARTESIAN_POINT('',(-1.800000010467E1,9.489383585673E0,1.177517433183E1));
#1768=CARTESIAN_POINT('',(-1.830948891353E1,8.997105405504E0,1.216274431425E1));
#1769=CARTESIAN_POINT('',(-1.827778335943E1,9.048624381074E0,1.192130403392E1));
#1770=CARTESIAN_POINT('',(-1.815840955657E1,9.242597210324E0,1.176858949321E1));
#1771=CARTESIAN_POINT('',(-1.800653346175E1,9.489383650087E0,1.177517433183E1));
#1772=CARTESIAN_POINT('',(-1.852134235541E1,9.222712226690E0,1.216274431425E1));
#1773=CARTESIAN_POINT('',(-1.846793350122E1,9.251118938902E0,1.192130403392E1));
#1774=CARTESIAN_POINT('',(-1.826684513639E1,9.358072353184E0,1.176858949321E1));
#1775=CARTESIAN_POINT('',(-1.801100579113E1,9.494146320004E0,1.177517433183E1));
#1776=CARTESIAN_POINT('',(-1.850190479052E1,9.531585177388E0,1.216274431425E1));
#1777=CARTESIAN_POINT('',(-1.845048721529E1,9.528349437730E0,1.192130403392E1));
#1778=CARTESIAN_POINT('',(-1.825689616600E1,9.516166633843E0,1.176858949321E1));
#1779=CARTESIAN_POINT('',(-1.801059545467E1,9.500666778483E0,1.177517433183E1));
#1780=(BOUNDED_SURFACE()B_SPLINE_SURFACE(3,3,((#1752,#1753,#1754,#1755),(#1756,
#1757,#1758,#1759),(#1760,#1761,#1762,#1763),(#1764,#1765,#1766,#1767),(#1768,
#1769,#1770,#1771),(#1772,#1773,#1774,#1775),(#1776,#1777,#1778,#1779)),
.UNSPECIFIED.,.F.,.F.,.F.)B_SPLINE_SURFACE_WITH_KNOTS((4,3,4),(4,4),(0.E0,1.E0,
2.E0),(0.E0,1.E0),.UNSPECIFIED.)GEOMETRIC_REPRESENTATION_ITEM()RATIONAL_B_SPLINE_SURFACE(((1.342348422253E0,1.135569566594E0,1.135569566594E0,1.342348422253E0),(
1.060047993599E0,8.967554330188E-1,8.967554330188E-1,1.060047993599E0),(
1.060047993599E0,8.967554330188E-1,8.967554330188E-1,1.060047993599E0),(
1.342348422253E0,1.135569566594E0,1.135569566594E0,1.342348422253E0),(
1.060047993599E0,8.967554330188E-1,8.967554330188E-1,1.060047993599E0),(
1.060047993599E0,8.967554330188E-1,8.967554330188E-1,1.060047993599E0),(
1.342348422253E0,1.135569566594E0,1.135569566594E0,1.342348422253E0)))REPRESENTATION_ITEM('')SURFACE());
#1782=ORIENTED_EDGE('',*,*,#1781,.F.);
#1784=ORIENTED_EDGE('',*,*,#1783,.T.);
#1785=ORIENTED_EDGE('',*,*,#1034,.F.);
#1787=ORIENTED_EDGE('',*,*,#1786,.F.);
#1788=EDGE_LOOP('',(#1782,#1784,#1785,#1787));
#1789=FACE_OUTER_BOUND('',#1788,.F.);
#1791=FILL_AREA_STYLE_COLOUR('',#10);
#1792=FILL_AREA_STYLE('',(#1791));
#1793=SURFACE_STYLE_FILL_AREA(#1792);
#1794=SURFACE_SIDE_STYLE('',(#1793));
#1795=SURFACE_STYLE_USAGE(.BOTH.,#1794);
#1796=PRESENTATION_STYLE_ASSIGNMENT((#1795));
#1797=STYLED_ITEM('',(#1796),#1790);
#1798=CARTESIAN_POINT('',(0.E0,0.E0,1.1775E1));
#1799=DIRECTION('',(0.E0,0.E0,-1.E0));
#1800=DIRECTION('',(-1.E0,0.E0,0.E0));
#1801=AXIS2_PLACEMENT_3D('',#1798,#1799,#1800);
#1802=PLANE('',#1801);
#1803=ORIENTED_EDGE('',*,*,#1781,.T.);
#1805=ORIENTED_EDGE('',*,*,#1804,.T.);
#1806=EDGE_LOOP('',(#1803,#1805));
#1807=FACE_OUTER_BOUND('',#1806,.F.);
#1809=FILL_AREA_STYLE_COLOUR('',#10);
#1810=FILL_AREA_STYLE('',(#1809));
#1811=SURFACE_STYLE_FILL_AREA(#1810);
#1812=SURFACE_SIDE_STYLE('',(#1811));
#1813=SURFACE_STYLE_USAGE(.BOTH.,#1812);
#1814=PRESENTATION_STYLE_ASSIGNMENT((#1813));
#1815=STYLED_ITEM('',(#1814),#1808);
#1816=CARTESIAN_POINT('',(-1.850190557804E1,9.468427340297E0,1.216274431395E1));
#1817=CARTESIAN_POINT('',(-1.845048792336E1,9.471661797501E0,1.192130404013E1));
#1818=CARTESIAN_POINT('',(-1.825689657779E1,9.483839772687E0,1.176858950059E1));
#1819=CARTESIAN_POINT('',(-1.801059548637E1,9.499333484820E0,1.177517433142E1));
#1820=CARTESIAN_POINT('',(-1.852133532345E1,9.777298930231E0,1.216274431395E1));
#1821=CARTESIAN_POINT('',(-1.846792719091E1,9.748891075723E0,1.192130404013E1));
#1822=CARTESIAN_POINT('',(-1.826684154617E1,9.641933362206E0,1.176858950059E1));
#1823=CARTESIAN_POINT('',(-1.801100565835E1,9.505853923856E0,1.177517433142E1));
#1824=CARTESIAN_POINT('',(-1.830947838785E1,1.000289993402E1,1.216274431395E1));
#1825=CARTESIAN_POINT('',(-1.827777391280E1,9.951380412670E0,1.192130404013E1));
#1826=CARTESIAN_POINT('',(-1.815840417444E1,9.757405531389E0,1.176858950059E1));
#1827=CARTESIAN_POINT('',(-1.800653324885E1,9.510616477744E0,1.177517433142E1));
#1828=CARTESIAN_POINT('',(-1.799999628163E1,1.000289764575E1,1.216274431395E1));
#1829=CARTESIAN_POINT('',(-1.799999666255E1,9.951378358816E0,1.192130404013E1));
#1830=CARTESIAN_POINT('',(-1.799999809678E1,9.757404360152E0,1.176858950059E1));
#1831=CARTESIAN_POINT('',(-1.799999992150E1,9.510616429438E0,1.177517433142E1));
#1832=CARTESIAN_POINT('',(-1.769051417541E1,1.000289535747E1,1.216274431395E1));
#1833=CARTESIAN_POINT('',(-1.772221941231E1,9.951376304962E0,1.192130404014E1));
#1834=CARTESIAN_POINT('',(-1.784159201911E1,9.757403188915E0,1.176858950059E1));
#1835=CARTESIAN_POINT('',(-1.799346659415E1,9.510616381131E0,1.177517433142E1));
#1836=CARTESIAN_POINT('',(-1.747866057597E1,9.777291220809E0,1.216274431396E1));
#1837=CARTESIAN_POINT('',(-1.753206912858E1,9.748884156092E0,1.192130404014E1));
#1838=CARTESIAN_POINT('',(-1.773315635497E1,9.641929416197E0,1.176858950060E1));
#1839=CARTESIAN_POINT('',(-1.798899425508E1,9.505853761106E0,1.177517433142E1));
#1840=CARTESIAN_POINT('',(-1.749809488890E1,9.468419918232E0,1.216274431396E1));
#1841=CARTESIAN_POINT('',(-1.754951249574E1,9.471655135789E0,1.192130404014E1));
#1842=CARTESIAN_POINT('',(-1.774310366120E1,9.483835973759E0,1.176858950060E1));
#1843=CARTESIAN_POINT('',(-1.798940452348E1,9.499333328136E0,1.177517433142E1));
#1844=(BOUNDED_SURFACE()B_SPLINE_SURFACE(3,3,((#1816,#1817,#1818,#1819),(#1820,
#1821,#1822,#1823),(#1824,#1825,#1826,#1827),(#1828,#1829,#1830,#1831),(#1832,
#1833,#1834,#1835),(#1836,#1837,#1838,#1839),(#1840,#1841,#1842,#1843)),
.UNSPECIFIED.,.F.,.F.,.F.)B_SPLINE_SURFACE_WITH_KNOTS((4,3,4),(4,4),(0.E0,1.E0,
2.E0),(0.E0,1.E0),.UNSPECIFIED.)GEOMETRIC_REPRESENTATION_ITEM()RATIONAL_B_SPLINE_SURFACE(((1.342346181948E0,1.135567680393E0,1.135567680393E0,1.342346181948E0),(
1.060048731794E0,8.967560646099E-1,8.967560646099E-1,1.060048731794E0),(
1.060048731794E0,8.967560646099E-1,8.967560646099E-1,1.060048731794E0),(
1.342346181948E0,1.135567680393E0,1.135567680393E0,1.342346181948E0),(
1.060048731794E0,8.967560646099E-1,8.967560646099E-1,1.060048731794E0),(
1.060048731794E0,8.967560646099E-1,8.967560646099E-1,1.060048731794E0),(
1.342346181948E0,1.135567680393E0,1.135567680393E0,1.342346181948E0)))REPRESENTATION_ITEM('')SURFACE());
#1845=ORIENTED_EDGE('',*,*,#1804,.F.);
#1846=ORIENTED_EDGE('',*,*,#1786,.T.);
#1847=ORIENTED_EDGE('',*,*,#1036,.F.);
#1848=ORIENTED_EDGE('',*,*,#1783,.F.);
#1849=EDGE_LOOP('',(#1845,#1846,#1847,#1848));
#1850=FACE_OUTER_BOUND('',#1849,.F.);
#1852=FILL_AREA_STYLE_COLOUR('',#10);
#1853=FILL_AREA_STYLE('',(#1852));
#1854=SURFACE_STYLE_FILL_AREA(#1853);
#1855=SURFACE_SIDE_STYLE('',(#1854));
#1856=SURFACE_STYLE_USAGE(.BOTH.,#1855);
#1857=PRESENTATION_STYLE_ASSIGNMENT((#1856));
#1858=STYLED_ITEM('',(#1857),#1851);
#1859=CLOSED_SHELL('',(#627,#649,#669,#691,#719,#739,#759,#780,#802,#822,#842,
#863,#885,#905,#924,#945,#965,#1006,#1040,#1061,#1088,#1109,#1142,#1163,#1184,
#1204,#1224,#1245,#1267,#1288,#1306,#1325,#1345,#1364,#1383,#1429,#1447,#1490,
#1536,#1554,#1597,#1618,#1637,#1683,#1701,#1744,#1790,#1808,#1851));
#1860=MANIFOLD_SOLID_BREP('',#1859);
#1863=PLANE_ANGLE_MEASURE_WITH_UNIT(PLANE_ANGLE_MEASURE(1.745329251994E-2),
#1862);
#1864=(CONVERSION_BASED_UNIT('DEGREE',#1863)NAMED_UNIT(*)PLANE_ANGLE_UNIT());
#1866=UNCERTAINTY_MEASURE_WITH_UNIT(LENGTH_MEASURE(5.798095411926E-3),#1861,
'distance_accuracy_value',
'Maximum model space distance between geometric entities at asserted connectivities');
#1868=CARTESIAN_POINT('',(0.E0,0.E0,0.E0));
#1869=DIRECTION('',(0.E0,0.E0,1.E0));
#1870=DIRECTION('',(1.E0,0.E0,0.E0));
#1873=APPLICATION_CONTEXT('automotive_design');
#1874=APPLICATION_PROTOCOL_DEFINITION('international standard',
'automotive_design',2001,#1873);
#1875=PRODUCT_DEFINITION_CONTEXT('part definition',#1873,'design');
#1876=PRODUCT_CONTEXT('',#1873,'mechanical');
#1877=PRODUCT('11020191_RW_UR_LD-40WR3_M_-A_2','11020191_RW_UR_LD-40WR3_M_-A_2',
'NOT SPECIFIED',(#1876));
#1878=PRODUCT_DEFINITION_FORMATION('1','LAST_VERSION',#1877);
#1886=DERIVED_UNIT_ELEMENT(#1885,2.E0);
#1887=DERIVED_UNIT((#1886));
#1888=MEASURE_REPRESENTATION_ITEM('surface area measure',AREA_MEASURE(
5.749812651905E3),#1887);
#1893=DERIVED_UNIT_ELEMENT(#1892,3.E0);
#1894=DERIVED_UNIT((#1893));
#1895=MEASURE_REPRESENTATION_ITEM('volume measure',VOLUME_MEASURE(
1.697255437436E3),#1894);
#1899=CARTESIAN_POINT('centre point',(1.005569023109E-2,3.329431277822E0,
-9.995482920904E-4));
#1904=DERIVED_UNIT_ELEMENT(#1903,2.E0);
#1905=DERIVED_UNIT((#1904));
#1906=MEASURE_REPRESENTATION_ITEM('surface area measure',AREA_MEASURE(
5.749812651905E3),#1905);
#1911=DERIVED_UNIT_ELEMENT(#1910,3.E0);
#1912=DERIVED_UNIT((#1911));
#1913=MEASURE_REPRESENTATION_ITEM('volume measure',VOLUME_MEASURE(
1.697255437436E3),#1912);
#1917=CARTESIAN_POINT('centre point',(1.005569023109E-2,3.329431277822E0,
-9.995482920904E-4));
#1923=GENERAL_PROPERTY('','DESCRIPTION','user defined attribute');
#1924=GENERAL_PROPERTY_ASSOCIATION('user defined attribute','',#1923,#1922);
#1925=DESCRIPTIVE_REPRESENTATION_ITEM('DESCRIPTION','');
#1929=GENERAL_PROPERTY('','MODELED_BY','user defined attribute');
#1930=GENERAL_PROPERTY_ASSOCIATION('user defined attribute','',#1929,#1928);
#1931=DESCRIPTIVE_REPRESENTATION_ITEM('MODELED_BY','');
#1939=CARTESIAN_POINT('centre point',(1.005569023109E-2,3.329431277822E0,
-9.995482920904E-4));
#1943=CARTESIAN_POINT('',(0.E0,0.E0,0.E0));
#1944=DIRECTION('',(0.E0,0.E0,1.E0));
#1945=DIRECTION('',(1.E0,0.E0,0.E0));
#1946=AXIS2_PLACEMENT_3D('',#1943,#1944,#1945);
#1947=ITEM_DEFINED_TRANSFORMATION('','',#1871,#1946);
#1948=(REPRESENTATION_RELATIONSHIP('','',#1872,#1936)REPRESENTATION_RELATIONSHIP_WITH_TRANSFORMATION(#1947)SHAPE_REPRESENTATION_RELATIONSHIP());
#1949=CONTEXT_DEPENDENT_SHAPE_REPRESENTATION(#1948,#1938);
#1950=DIRECTION('',(0.E0,0.E0,-1.E0));
#1951=VECTOR('',#1950,2.400000000108E1);
#1952=CARTESIAN_POINT('',(-2.54E1,5.E-1,1.200000000140E1));
#1953=LINE('',#1952,#1951);
#1954=DIRECTION('',(0.E0,0.E0,-1.E0));
#1955=VECTOR('',#1954,2.31E1);
#1956=CARTESIAN_POINT('',(-2.475E1,5.E-1,1.155E1));
#1957=LINE('',#1956,#1955);
#1958=CARTESIAN_POINT('',(-2.425E1,5.E-1,-1.155E1));
#1959=DIRECTION('',(0.E0,-1.E0,0.E0));
#1960=DIRECTION('',(-1.E0,0.E0,0.E0));
#1961=AXIS2_PLACEMENT_3D('',#1958,#1959,#1960);
#1963=DIRECTION('',(1.E0,0.E0,0.E0));
#1964=VECTOR('',#1963,1.525E1);
#1965=CARTESIAN_POINT('',(-2.425E1,5.E-1,-1.205E1));
#1966=LINE('',#1965,#1964);
#1967=DIRECTION('',(0.E0,0.E0,-1.E0));
#1968=VECTOR('',#1967,6.5E-1);
#1969=CARTESIAN_POINT('',(-9.E0,5.E-1,-1.205E1));
#1970=LINE('',#1969,#1968);
#1971=CARTESIAN_POINT('',(-2.47E1,5.E-1,-1.2E1));
#1972=DIRECTION('',(0.E0,1.E0,0.E0));
#1973=DIRECTION('',(0.E0,0.E0,-1.E0));
#1974=AXIS2_PLACEMENT_3D('',#1971,#1972,#1973);
#1976=CARTESIAN_POINT('',(-2.47E1,5.E-1,1.2E1));
#1977=DIRECTION('',(0.E0,1.E0,0.E0));
#1978=DIRECTION('',(-1.E0,0.E0,0.E0));
#1979=AXIS2_PLACEMENT_3D('',#1976,#1977,#1978);
#1981=DIRECTION('',(-1.E0,0.E0,0.E0));
#1982=VECTOR('',#1981,1.525E1);
#1983=CARTESIAN_POINT('',(-9.E0,5.E-1,1.205E1));
#1984=LINE('',#1983,#1982);
#1985=CARTESIAN_POINT('',(-2.425E1,5.E-1,1.155E1));
#1986=DIRECTION('',(0.E0,-1.E0,0.E0));
#1987=DIRECTION('',(0.E0,0.E0,1.E0));
#1988=AXIS2_PLACEMENT_3D('',#1985,#1986,#1987);
#1990=DIRECTION('',(0.E0,9.990482215819E-1,-4.361938736545E-2));
#1991=VECTOR('',#1990,2.656819513979E-1);
#1992=CARTESIAN_POINT('',(-2.475E1,-2.300000000003E0,4.010161216327E0));
#1993=LINE('',#1992,#1991);
#1994=CARTESIAN_POINT('',(-2.475E1,-2.1E0,2.5E0));
#1995=DIRECTION('',(-1.E0,0.E0,0.E0));
#1996=DIRECTION('',(0.E0,4.361938736367E-2,9.990482215819E-1));
#1997=AXIS2_PLACEMENT_3D('',#1994,#1995,#1996);
#1999=DIRECTION('',(-1.337205504588E-14,-9.990482215819E-1,-4.361938736545E-2));
#2000=VECTOR('',#1999,2.656819513987E-1);
#2001=CARTESIAN_POINT('',(-2.475E1,-2.034570918952E0,1.001427667627E0));
#2002=LINE('',#2001,#2000);
#2003=DIRECTION('',(0.E0,0.E0,-1.E0));
#2004=VECTOR('',#2003,1.55E0);
#2005=CARTESIAN_POINT('',(-2.475E1,-1.2E0,-1.E1));
#2006=LINE('',#2005,#2004);
#2007=DIRECTION('',(0.E0,0.E0,-1.E0));
#2008=VECTOR('',#2007,1.55E0);
#2009=CARTESIAN_POINT('',(-2.475E1,-1.2E0,1.155E1));
#2010=LINE('',#2009,#2008);
#2011=DIRECTION('',(0.E0,-1.E0,0.E0));
#2012=VECTOR('',#2011,1.1E0);
#2013=CARTESIAN_POINT('',(-2.475E1,-1.2E0,1.E1));
#2014=LINE('',#2013,#2012);
#2015=DIRECTION('',(4.468729796612E-1,-8.937459593486E-1,3.902179130624E-2));
#2016=VECTOR('',#2015,1.265301566101E-1);
#2017=CARTESIAN_POINT('',(-2.475E1,-2.300000000003E0,4.010161216327E0));
#2018=LINE('',#2017,#2016);
#2019=DIRECTION('',(-1.E0,-2.693834412213E-13,8.011403456396E-14));
#2020=VECTOR('',#2019,4.434570918987E-1);
#2021=CARTESIAN_POINT('',(-2.425E1,-2.413085816209E0,4.015098649692E0));
#2022=LINE('',#2021,#2020);
#2023=CARTESIAN_POINT('',(-2.469345709190E1,-2.413085816208E0,
4.015098649692E0));
#2024=CARTESIAN_POINT('',(-2.464815818592E1,-2.503683628168E0,
4.019054235587E0));
#2025=CARTESIAN_POINT('',(-2.458758557910E1,-2.624828841807E0,
4.091533123852E0));
#2026=CARTESIAN_POINT('',(-2.455E1,-2.7E0,4.213444476664E0));
#2027=CARTESIAN_POINT('',(-2.455E1,-2.7E0,4.314813116167E0));
#2029=DIRECTION('',(1.E0,0.E0,0.E0));
#2030=VECTOR('',#2029,3.E-1);
#2031=CARTESIAN_POINT('',(-2.455E1,-2.7E0,4.314813116167E0));
#2032=LINE('',#2031,#2030);
#2033=CARTESIAN_POINT('',(-2.425E1,-2.4E0,4.314813116167E0));
#2034=DIRECTION('',(-1.E0,0.E0,0.E0));
#2035=DIRECTION('',(0.E0,-4.361938735874E-2,-9.990482215821E-1));
#2036=AXIS2_PLACEMENT_3D('',#2033,#2034,#2035);
#2038=DIRECTION('',(0.E0,0.E0,1.E0));
#2039=VECTOR('',#2038,1.55E0);
#2040=CARTESIAN_POINT('',(-2.425E1,-1.2E0,1.E1));
#2041=LINE('',#2040,#2039);
#2042=DIRECTION('',(0.E0,-1.E0,0.E0));
#2043=VECTOR('',#2042,1.2E0);
#2044=CARTESIAN_POINT('',(-2.425E1,0.E0,-1.155E1));
#2045=LINE('',#2044,#2043);
#2046=DIRECTION('',(0.E0,0.E0,1.E0));
#2047=VECTOR('',#2046,1.55E0);
#2048=CARTESIAN_POINT('',(-2.425E1,-1.2E0,-1.155E1));
#2049=LINE('',#2048,#2047);
#2050=DIRECTION('',(0.E0,-1.E0,0.E0));
#2051=VECTOR('',#2050,1.5E0);
#2052=CARTESIAN_POINT('',(-2.425E1,-1.2E0,-1.E1));
#2053=LINE('',#2052,#2051);
#2054=CARTESIAN_POINT('',(-2.425E1,-2.4E0,6.851868838335E-1));
#2055=DIRECTION('',(-1.E0,0.E0,0.E0));
#2056=DIRECTION('',(0.E0,-1.E0,0.E0));
#2057=AXIS2_PLACEMENT_3D('',#2054,#2055,#2056);
#2059=DIRECTION('',(0.E0,9.990482215819E-1,4.361938736531E-2));
#2060=VECTOR('',#2059,3.788755027846E-1);
#2061=CARTESIAN_POINT('',(-2.425E1,-2.413085816210E0,9.849013503080E-1));
#2062=LINE('',#2061,#2060);
#2063=CARTESIAN_POINT('',(-2.425E1,-2.1E0,2.5E0));
#2064=DIRECTION('',(1.E0,0.E0,0.E0));
#2065=DIRECTION('',(0.E0,4.361938736526E-2,-9.990482215819E-1));
#2066=AXIS2_PLACEMENT_3D('',#2063,#2064,#2065);
#2068=DIRECTION('',(0.E0,-9.990482215818E-1,4.361938736574E-2));
#2069=VECTOR('',#2068,3.788755027839E-1);
#2070=CARTESIAN_POINT('',(-2.425E1,-2.034570918952E0,3.998572332373E0));
#2071=LINE('',#2070,#2069);
#2072=DIRECTION('',(0.E0,0.E0,1.E0));
#2073=VECTOR('',#2072,5.685186883833E0);
#2074=CARTESIAN_POINT('',(-2.455E1,-2.7E0,4.314813116167E0));
#2075=LINE('',#2074,#2073);
#2076=DIRECTION('',(0.E0,0.E0,-1.E0));
#2077=VECTOR('',#2076,5.685186883833E0);
#2078=CARTESIAN_POINT('',(-2.425E1,-2.7E0,1.E1));
#2079=LINE('',#2078,#2077);
#2080=DIRECTION('',(0.E0,5.559790680415E-13,1.E0));
#2081=VECTOR('',#2080,5.989838783673E0);
#2082=CARTESIAN_POINT('',(-2.475E1,-2.300000000003E0,4.010161216327E0));
#2083=LINE('',#2082,#2081);
#2084=DIRECTION('',(-4.472135955E-1,8.944271909999E-1,0.E0));
#2085=VECTOR('',#2084,4.472135955E-1);
#2086=CARTESIAN_POINT('',(-2.455E1,-2.7E0,1.E1));
#2087=LINE('',#2086,#2085);
#2088=DIRECTION('',(0.E0,-1.E0,0.E0));
#2089=VECTOR('',#2088,1.5E0);
#2090=CARTESIAN_POINT('',(-2.425E1,-1.2E0,1.E1));
#2091=LINE('',#2090,#2089);
#2092=DIRECTION('',(-1.E0,0.E0,0.E0));
#2093=VECTOR('',#2092,3.E-1);
#2094=CARTESIAN_POINT('',(-2.425E1,-2.7E0,1.E1));
#2095=LINE('',#2094,#2093);
#2096=CARTESIAN_POINT('',(-2.425E1,-1.2E0,1.155E1));
#2097=DIRECTION('',(0.E0,1.E0,0.E0));
#2098=DIRECTION('',(-1.E0,0.E0,0.E0));
#2099=AXIS2_PLACEMENT_3D('',#2096,#2097,#2098);
#2101=DIRECTION('',(0.E0,0.E0,-1.E0));
#2102=VECTOR('',#2101,5.E-1);
#2103=CARTESIAN_POINT('',(-2.3E1,-1.2E0,1.205E1));
#2104=LINE('',#2103,#2102);
#2105=DIRECTION('',(-1.E0,0.E0,0.E0));
#2106=VECTOR('',#2105,5.E-1);
#2107=CARTESIAN_POINT('',(-2.425E1,-1.2E0,1.E1));
#2108=LINE('',#2107,#2106);
#2109=DIRECTION('',(0.E0,1.E0,0.E0));
#2110=VECTOR('',#2109,1.7E0);
#2111=CARTESIAN_POINT('',(-2.475E1,-1.2E0,1.155E1));
#2112=LINE('',#2111,#2110);
#2113=DIRECTION('',(0.E0,-1.E0,0.E0));
#2114=VECTOR('',#2113,1.7E0);
#2115=CARTESIAN_POINT('',(-2.425E1,5.E-1,1.205E1));
#2116=LINE('',#2115,#2114);
#2117=DIRECTION('',(-1.E0,0.E0,0.E0));
#2118=VECTOR('',#2117,4.6E1);
#2119=CARTESIAN_POINT('',(2.3E1,-2.3E0,1.205E1));
#2120=LINE('',#2119,#2118);
#2121=DIRECTION('',(-1.E0,0.E0,0.E0));
#2122=VECTOR('',#2121,1.25E0);
#2123=CARTESIAN_POINT('',(-2.3E1,-1.2E0,1.205E1));
#2124=LINE('',#2123,#2122);
#2125=DIRECTION('',(0.E0,-1.E0,0.E0));
#2126=VECTOR('',#2125,1.E0);
#2127=CARTESIAN_POINT('',(-9.E0,5.E-1,1.205E1));
#2128=LINE('',#2127,#2126);
#2129=DIRECTION('',(1.E0,0.E0,0.E0));
#2130=VECTOR('',#2129,2.2E0);
#2131=CARTESIAN_POINT('',(-9.E0,-5.E-1,1.205E1));
#2132=LINE('',#2131,#2130);
#2133=DIRECTION('',(1.E0,0.E0,0.E0));
#2134=VECTOR('',#2133,2.2E0);
#2135=CARTESIAN_POINT('',(6.8E0,-5.E-1,1.205E1));
#2136=LINE('',#2135,#2134);
#2137=DIRECTION('',(-1.E0,0.E0,0.E0));
#2138=VECTOR('',#2137,1.25E0);
#2139=CARTESIAN_POINT('',(2.425E1,-1.2E0,1.205E1));
#2140=LINE('',#2139,#2138);
#2141=DIRECTION('',(0.E0,-1.E0,0.E0));
#2142=VECTOR('',#2141,1.1E0);
#2143=CARTESIAN_POINT('',(2.3E1,-1.2E0,1.205E1));
#2144=LINE('',#2143,#2142);
#2145=CARTESIAN_POINT('',(-1.8E1,-1.E0,1.205E1));
#2146=DIRECTION('',(0.E0,0.E0,1.E0));
#2147=DIRECTION('',(-1.E0,0.E0,0.E0));
#2148=AXIS2_PLACEMENT_3D('',#2145,#2146,#2147);
#2150=CARTESIAN_POINT('',(-1.8E1,-1.E0,1.205E1));
#2151=DIRECTION('',(0.E0,0.E0,1.E0));
#2152=DIRECTION('',(1.E0,0.E0,0.E0));
#2153=AXIS2_PLACEMENT_3D('',#2150,#2151,#2152);
#2155=CARTESIAN_POINT('',(1.8E1,-1.E0,1.205E1));
#2156=DIRECTION('',(0.E0,0.E0,1.E0));
#2157=DIRECTION('',(-1.E0,0.E0,0.E0));
#2158=AXIS2_PLACEMENT_3D('',#2155,#2156,#2157);
#2160=CARTESIAN_POINT('',(1.8E1,-1.E0,1.205E1));
#2161=DIRECTION('',(0.E0,0.E0,1.E0));
#2162=DIRECTION('',(1.E0,0.E0,0.E0));
#2163=AXIS2_PLACEMENT_3D('',#2160,#2161,#2162);
#2165=DIRECTION('',(-1.E0,0.E0,0.E0));
#2166=VECTOR('',#2165,4.6E1);
#2167=CARTESIAN_POINT('',(2.3E1,-2.7E0,1.185E1));
#2168=LINE('',#2167,#2166);
#2169=DIRECTION('',(0.E0,8.944271909999E-1,4.472135955E-1));
#2170=VECTOR('',#2169,4.472135955E-1);
#2171=CARTESIAN_POINT('',(2.3E1,-2.7E0,1.185E1));
#2172=LINE('',#2171,#2170);
#2173=DIRECTION('',(0.E0,-1.E0,0.E0));
#2174=VECTOR('',#2173,1.5E0);
#2175=CARTESIAN_POINT('',(2.3E1,-1.2E0,1.155E1));
#2176=LINE('',#2175,#2174);
#2177=DIRECTION('',(0.E0,0.E0,1.E0));
#2178=VECTOR('',#2177,3.E-1);
#2179=CARTESIAN_POINT('',(2.3E1,-2.7E0,1.155E1));
#2180=LINE('',#2179,#2178);
#2181=CARTESIAN_POINT('',(2.425E1,-1.2E0,1.155E1));
#2182=DIRECTION('',(0.E0,1.E0,0.E0));
#2183=DIRECTION('',(0.E0,0.E0,1.E0));
#2184=AXIS2_PLACEMENT_3D('',#2181,#2182,#2183);
#2186=DIRECTION('',(-1.E0,0.E0,0.E0));
#2187=VECTOR('',#2186,5.E-1);
#2188=CARTESIAN_POINT('',(2.475E1,-1.2E0,1.E1));
#2189=LINE('',#2188,#2187);
#2190=DIRECTION('',(0.E0,0.E0,1.E0));
#2191=VECTOR('',#2190,5.E-1);
#2192=CARTESIAN_POINT('',(2.3E1,-1.2E0,1.155E1));
#2193=LINE('',#2192,#2191);
#2194=DIRECTION('',(0.E0,1.E0,0.E0));
#2195=VECTOR('',#2194,1.7E0);
#2196=CARTESIAN_POINT('',(2.425E1,-1.2E0,1.205E1));
#2197=LINE('',#2196,#2195);
#2198=DIRECTION('',(0.E0,-1.E0,0.E0));
#2199=VECTOR('',#2198,1.7E0);
#2200=CARTESIAN_POINT('',(2.475E1,5.E-1,1.155E1));
#2201=LINE('',#2200,#2199);
#2202=DIRECTION('',(0.E0,0.E0,1.E0));
#2203=VECTOR('',#2202,2.31E1);
#2204=CARTESIAN_POINT('',(2.475E1,5.E-1,-1.155E1));
#2205=LINE('',#2204,#2203);
#2206=CARTESIAN_POINT('',(2.425E1,5.E-1,1.155E1));
#2207=DIRECTION('',(0.E0,-1.E0,0.E0));
#2208=DIRECTION('',(1.E0,0.E0,0.E0));
#2209=AXIS2_PLACEMENT_3D('',#2206,#2207,#2208);
#2211=DIRECTION('',(-1.E0,0.E0,0.E0));
#2212=VECTOR('',#2211,1.525E1);
#2213=CARTESIAN_POINT('',(2.425E1,5.E-1,1.205E1));
#2214=LINE('',#2213,#2212);
#2215=DIRECTION('',(0.E0,0.E0,1.E0));
#2216=VECTOR('',#2215,6.5E-1);
#2217=CARTESIAN_POINT('',(9.E0,5.E-1,1.205E1));
#2218=LINE('',#2217,#2216);
#2219=CARTESIAN_POINT('',(2.47E1,5.E-1,1.2E1));
#2220=DIRECTION('',(0.E0,1.E0,0.E0));
#2221=DIRECTION('',(0.E0,0.E0,1.E0));
#2222=AXIS2_PLACEMENT_3D('',#2219,#2220,#2221);
#2224=CARTESIAN_POINT('',(2.47E1,5.E-1,-1.2E1));
#2225=DIRECTION('',(0.E0,1.E0,0.E0));
#2226=DIRECTION('',(1.E0,0.E0,0.E0));
#2227=AXIS2_PLACEMENT_3D('',#2224,#2225,#2226);
#2229=DIRECTION('',(1.E0,0.E0,0.E0));
#2230=VECTOR('',#2229,1.525E1);
#2231=CARTESIAN_POINT('',(9.E0,5.E-1,-1.205E1));
#2232=LINE('',#2231,#2230);
#2233=CARTESIAN_POINT('',(2.425E1,5.E-1,-1.155E1));
#2234=DIRECTION('',(0.E0,-1.E0,0.E0));
#2235=DIRECTION('',(0.E0,0.E0,-1.E0));
#2236=AXIS2_PLACEMENT_3D('',#2233,#2234,#2235);
#2238=DIRECTION('',(0.E0,0.E0,1.E0));
#2239=VECTOR('',#2238,1.55E0);
#2240=CARTESIAN_POINT('',(2.475E1,-1.2E0,1.E1));
#2241=LINE('',#2240,#2239);
#2242=DIRECTION('',(0.E0,0.E0,1.E0));
#2243=VECTOR('',#2242,1.55E0);
#2244=CARTESIAN_POINT('',(2.475E1,-1.2E0,-1.155E1));
#2245=LINE('',#2244,#2243);
#2246=DIRECTION('',(0.E0,-1.E0,0.E0));
#2247=VECTOR('',#2246,1.1E0);
#2248=CARTESIAN_POINT('',(2.475E1,-1.2E0,-1.E1));
#2249=LINE('',#2248,#2247);
#2250=DIRECTION('',(0.E0,0.E0,-1.E0));
#2251=VECTOR('',#2250,2.E1);
#2252=CARTESIAN_POINT('',(2.475E1,-2.3E0,1.E1));
#2253=LINE('',#2252,#2251);
#2254=DIRECTION('',(-4.472135955E-1,-8.944271909999E-1,0.E0));
#2255=VECTOR('',#2254,4.472135954999E-1);
#2256=CARTESIAN_POINT('',(2.475E1,-2.3E0,1.E1));
#2257=LINE('',#2256,#2255);
#2258=DIRECTION('',(0.E0,-1.E0,0.E0));
#2259=VECTOR('',#2258,1.1E0);
#2260=CARTESIAN_POINT('',(2.475E1,-1.2E0,1.E1));
#2261=LINE('',#2260,#2259);
#2262=DIRECTION('',(0.E0,0.E0,-1.E0));
#2263=VECTOR('',#2262,2.E1);
#2264=CARTESIAN_POINT('',(2.455E1,-2.7E0,1.E1));
#2265=LINE('',#2264,#2263);
#2266=DIRECTION('',(0.E0,0.E0,1.E0));
#2267=VECTOR('',#2266,2.E1);
#2268=CARTESIAN_POINT('',(2.425E1,-2.7E0,-1.E1));
#2269=LINE('',#2268,#2267);
#2270=DIRECTION('',(1.E0,0.E0,0.E0));
#2271=VECTOR('',#2270,3.E-1);
#2272=CARTESIAN_POINT('',(2.425E1,-2.7E0,1.E1));
#2273=LINE('',#2272,#2271);
#2274=DIRECTION('',(4.472135955E-1,8.944271909999E-1,0.E0));
#2275=VECTOR('',#2274,4.472135955E-1);
#2276=CARTESIAN_POINT('',(2.455E1,-2.7E0,-1.E1));
#2277=LINE('',#2276,#2275);
#2278=DIRECTION('',(0.E0,-1.E0,0.E0));
#2279=VECTOR('',#2278,1.5E0);
#2280=CARTESIAN_POINT('',(2.425E1,-1.2E0,-1.E1));
#2281=LINE('',#2280,#2279);
#2282=DIRECTION('',(1.E0,0.E0,0.E0));
#2283=VECTOR('',#2282,3.E-1);
#2284=CARTESIAN_POINT('',(2.425E1,-2.7E0,-1.E1));
#2285=LINE('',#2284,#2283);
#2286=CARTESIAN_POINT('',(2.425E1,-1.2E0,-1.155E1));
#2287=DIRECTION('',(0.E0,1.E0,0.E0));
#2288=DIRECTION('',(1.E0,0.E0,0.E0));
#2289=AXIS2_PLACEMENT_3D('',#2286,#2287,#2288);
#2291=DIRECTION('',(0.E0,0.E0,1.E0));
#2292=VECTOR('',#2291,5.E-1);
#2293=CARTESIAN_POINT('',(2.3E1,-1.2E0,-1.205E1));
#2294=LINE('',#2293,#2292);
#2295=DIRECTION('',(1.E0,0.E0,0.E0));
#2296=VECTOR('',#2295,5.E-1);
#2297=CARTESIAN_POINT('',(2.425E1,-1.2E0,-1.E1));
#2298=LINE('',#2297,#2296);
#2299=DIRECTION('',(0.E0,1.E0,0.E0));
#2300=VECTOR('',#2299,1.7E0);
#2301=CARTESIAN_POINT('',(2.475E1,-1.2E0,-1.155E1));
#2302=LINE('',#2301,#2300);
#2303=DIRECTION('',(0.E0,-1.E0,0.E0));
#2304=VECTOR('',#2303,1.7E0);
#2305=CARTESIAN_POINT('',(2.425E1,5.E-1,-1.205E1));
#2306=LINE('',#2305,#2304);
#2307=DIRECTION('',(1.E0,0.E0,0.E0));
#2308=VECTOR('',#2307,4.6E1);
#2309=CARTESIAN_POINT('',(-2.3E1,-2.3E0,-1.205E1));
#2310=LINE('',#2309,#2308);
#2311=DIRECTION('',(1.E0,0.E0,0.E0));
#2312=VECTOR('',#2311,1.25E0);
#2313=CARTESIAN_POINT('',(2.3E1,-1.2E0,-1.205E1));
#2314=LINE('',#2313,#2312);
#2315=DIRECTION('',(0.E0,-1.E0,0.E0));
#2316=VECTOR('',#2315,1.E0);
#2317=CARTESIAN_POINT('',(9.E0,5.E-1,-1.205E1));
#2318=LINE('',#2317,#2316);
#2319=DIRECTION('',(-1.E0,0.E0,0.E0));
#2320=VECTOR('',#2319,2.2E0);
#2321=CARTESIAN_POINT('',(9.E0,-5.E-1,-1.205E1));
#2322=LINE('',#2321,#2320);
#2323=DIRECTION('',(-1.E0,0.E0,0.E0));
#2324=VECTOR('',#2323,2.2E0);
#2325=CARTESIAN_POINT('',(-6.8E0,-5.E-1,-1.205E1));
#2326=LINE('',#2325,#2324);
#2327=DIRECTION('',(1.E0,0.E0,0.E0));
#2328=VECTOR('',#2327,1.25E0);
#2329=CARTESIAN_POINT('',(-2.425E1,-1.2E0,-1.205E1));
#2330=LINE('',#2329,#2328);
#2331=DIRECTION('',(0.E0,-1.E0,0.E0));
#2332=VECTOR('',#2331,1.1E0);
#2333=CARTESIAN_POINT('',(-2.3E1,-1.2E0,-1.205E1));
#2334=LINE('',#2333,#2332);
#2335=CARTESIAN_POINT('',(-1.8E1,-1.E0,-1.205E1));
#2336=DIRECTION('',(0.E0,0.E0,-1.E0));
#2337=DIRECTION('',(1.E0,0.E0,0.E0));
#2338=AXIS2_PLACEMENT_3D('',#2335,#2336,#2337);
#2340=CARTESIAN_POINT('',(-1.8E1,-1.E0,-1.205E1));
#2341=DIRECTION('',(0.E0,0.E0,-1.E0));
#2342=DIRECTION('',(-1.E0,0.E0,0.E0));
#2343=AXIS2_PLACEMENT_3D('',#2340,#2341,#2342);
#2345=CARTESIAN_POINT('',(1.8E1,-1.E0,-1.205E1));
#2346=DIRECTION('',(0.E0,0.E0,-1.E0));
#2347=DIRECTION('',(1.E0,0.E0,0.E0));
#2348=AXIS2_PLACEMENT_3D('',#2345,#2346,#2347);
#2350=CARTESIAN_POINT('',(1.8E1,-1.E0,-1.205E1));
#2351=DIRECTION('',(0.E0,0.E0,-1.E0));
#2352=DIRECTION('',(-1.E0,0.E0,0.E0));
#2353=AXIS2_PLACEMENT_3D('',#2350,#2351,#2352);
#2355=DIRECTION('',(1.E0,0.E0,0.E0));
#2356=VECTOR('',#2355,4.6E1);
#2357=CARTESIAN_POINT('',(-2.3E1,-2.7E0,-1.185E1));
#2358=LINE('',#2357,#2356);
#2359=DIRECTION('',(0.E0,8.944271909999E-1,-4.472135955E-1));
#2360=VECTOR('',#2359,4.472135955E-1);
#2361=CARTESIAN_POINT('',(-2.3E1,-2.7E0,-1.185E1));
#2362=LINE('',#2361,#2360);
#2363=DIRECTION('',(0.E0,-1.E0,0.E0));
#2364=VECTOR('',#2363,1.5E0);
#2365=CARTESIAN_POINT('',(-2.3E1,-1.2E0,-1.155E1));
#2366=LINE('',#2365,#2364);
#2367=DIRECTION('',(0.E0,0.E0,-1.E0));
#2368=VECTOR('',#2367,3.E-1);
#2369=CARTESIAN_POINT('',(-2.3E1,-2.7E0,-1.155E1));
#2370=LINE('',#2369,#2368);
#2371=DIRECTION('',(1.E0,0.E0,0.E0));
#2372=VECTOR('',#2371,5.E-1);
#2373=CARTESIAN_POINT('',(-2.475E1,-1.2E0,-1.E1));
#2374=LINE('',#2373,#2372);
#2375=DIRECTION('',(0.E0,0.E0,-1.E0));
#2376=VECTOR('',#2375,5.E-1);
#2377=CARTESIAN_POINT('',(-2.3E1,-1.2E0,-1.155E1));
#2378=LINE('',#2377,#2376);
#2379=CARTESIAN_POINT('',(-2.425E1,-1.2E0,-1.155E1));
#2380=DIRECTION('',(0.E0,1.E0,0.E0));
#2381=DIRECTION('',(0.E0,0.E0,-1.E0));
#2382=AXIS2_PLACEMENT_3D('',#2379,#2380,#2381);
#2384=DIRECTION('',(4.472135955E-1,-8.944271909999E-1,0.E0));
#2385=VECTOR('',#2384,4.472135954999E-1);
#2386=CARTESIAN_POINT('',(-2.475E1,-2.3E0,-1.E1));
#2387=LINE('',#2386,#2385);
#2388=DIRECTION('',(0.E0,-1.E0,0.E0));
#2389=VECTOR('',#2388,1.1E0);
#2390=CARTESIAN_POINT('',(-2.475E1,-1.2E0,-1.E1));
#2391=LINE('',#2390,#2389);
#2392=DIRECTION('',(0.E0,-3.018557835906E-13,1.E0));
#2393=VECTOR('',#2392,1.098983878367E1);
#2394=CARTESIAN_POINT('',(-2.475E1,-2.3E0,-1.E1));
#2395=LINE('',#2394,#2393);
#2396=CARTESIAN_POINT('',(-2.455E1,-2.7E0,6.851868838335E-1));
#2397=CARTESIAN_POINT('',(-2.455E1,-2.7E0,7.865555233364E-1));
#2398=CARTESIAN_POINT('',(-2.458758557910E1,-2.624828841807E0,
9.084668761481E-1));
#2399=CARTESIAN_POINT('',(-2.464815818592E1,-2.503683628168E0,
9.809457644130E-1));
#2400=CARTESIAN_POINT('',(-2.469345709190E1,-2.413085816208E0,
9.849013503081E-1));
#2402=DIRECTION('',(1.E0,-1.349921482403E-12,0.E0));
#2403=VECTOR('',#2402,4.434570918987E-1);
#2404=CARTESIAN_POINT('',(-2.469345709190E1,-2.413085816209E0,
9.849013503080E-1));
#2405=LINE('',#2404,#2403);
#2406=DIRECTION('',(-1.E0,0.E0,0.E0));
#2407=VECTOR('',#2406,3.E-1);
#2408=CARTESIAN_POINT('',(-2.425E1,-2.7E0,6.851868838335E-1));
#2409=LINE('',#2408,#2407);
#2410=DIRECTION('',(-4.468729796612E-1,8.937459593487E-1,3.902179130571E-2));
#2411=VECTOR('',#2410,1.265301566101E-1);
#2412=CARTESIAN_POINT('',(-2.469345709190E1,-2.413085816209E0,
9.849013503080E-1));
#2413=LINE('',#2412,#2411);
#2414=DIRECTION('',(1.E0,1.572963981289E-12,-2.717825964282E-13));
#2415=VECTOR('',#2414,5.E-1);
#2416=CARTESIAN_POINT('',(-2.475E1,-2.034570918953E0,3.998572332373E0));
#2417=LINE('',#2416,#2415);
#2418=DIRECTION('',(-1.E0,-3.197442310920E-14,0.E0));
#2419=VECTOR('',#2418,5.E-1);
#2420=CARTESIAN_POINT('',(-2.425E1,-2.034570918952E0,1.001427667627E0));
#2421=LINE('',#2420,#2419);
#2422=DIRECTION('',(0.E0,0.E0,-1.E0));
#2423=VECTOR('',#2422,1.068518688383E1);
#2424=CARTESIAN_POINT('',(-2.425E1,-2.7E0,6.851868838335E-1));
#2425=LINE('',#2424,#2423);
#2426=DIRECTION('',(-1.E0,0.E0,0.E0));
#2427=VECTOR('',#2426,3.E-1);
#2428=CARTESIAN_POINT('',(-2.425E1,-2.7E0,-1.E1));
#2429=LINE('',#2428,#2427);
#2430=DIRECTION('',(0.E0,0.E0,1.E0));
#2431=VECTOR('',#2430,1.068518688383E1);
#2432=CARTESIAN_POINT('',(-2.455E1,-2.7E0,-1.E1));
#2433=LINE('',#2432,#2431);
#2434=DIRECTION('',(0.E0,1.E0,0.E0));
#2435=VECTOR('',#2434,1.2E0);
#2436=CARTESIAN_POINT('',(9.8E0,-1.2E0,-1.155E1));
#2437=LINE('',#2436,#2435);
#2438=DIRECTION('',(1.E0,0.E0,0.E0));
#2439=VECTOR('',#2438,7.E-1);
#2440=CARTESIAN_POINT('',(1.65E1,-2.E0,-1.155E1));
#2441=LINE('',#2440,#2439);
#2442=DIRECTION('',(0.E0,1.E0,0.E0));
#2443=VECTOR('',#2442,2.E0);
#2444=CARTESIAN_POINT('',(1.72E1,-2.E0,-1.155E1));
#2445=LINE('',#2444,#2443);
#2446=DIRECTION('',(0.E0,-1.E0,0.E0));
#2447=VECTOR('',#2446,1.2E0);
#2448=CARTESIAN_POINT('',(2.425E1,0.E0,-1.155E1));
#2449=LINE('',#2448,#2447);
#2450=DIRECTION('',(-1.E0,0.E0,0.E0));
#2451=VECTOR('',#2450,1.25E0);
#2452=CARTESIAN_POINT('',(2.425E1,-1.2E0,-1.155E1));
#2453=LINE('',#2452,#2451);
#2454=DIRECTION('',(0.E0,-1.E0,0.E0));
#2455=VECTOR('',#2454,1.5E0);
#2456=CARTESIAN_POINT('',(2.3E1,-1.2E0,-1.155E1));
#2457=LINE('',#2456,#2455);
#2458=DIRECTION('',(-1.E0,0.E0,0.E0));
#2459=VECTOR('',#2458,1.25E0);
#2460=CARTESIAN_POINT('',(-2.3E1,-1.2E0,-1.155E1));
#2461=LINE('',#2460,#2459);
#2462=DIRECTION('',(1.E0,0.E0,0.E0));
#2463=VECTOR('',#2462,7.E-1);
#2464=CARTESIAN_POINT('',(-1.72E1,-2.E0,-1.155E1));
#2465=LINE('',#2464,#2463);
#2466=DIRECTION('',(0.E0,1.E0,0.E0));
#2467=VECTOR('',#2466,2.E0);
#2468=CARTESIAN_POINT('',(-1.65E1,-2.E0,-1.155E1));
#2469=LINE('',#2468,#2467);
#2470=DIRECTION('',(0.E0,1.E0,0.E0));
#2471=VECTOR('',#2470,1.2E0);
#2472=CARTESIAN_POINT('',(-6.E0,-1.2E0,-1.155E1));
#2473=LINE('',#2472,#2471);
#2474=CARTESIAN_POINT('',(-1.8E1,-1.E0,-1.155E1));
#2475=DIRECTION('',(0.E0,0.E0,1.E0));
#2476=DIRECTION('',(-1.E0,0.E0,0.E0));
#2477=AXIS2_PLACEMENT_3D('',#2474,#2475,#2476);
#2479=CARTESIAN_POINT('',(-1.8E1,-1.E0,-1.155E1));
#2480=DIRECTION('',(0.E0,0.E0,1.E0));
#2481=DIRECTION('',(1.E0,0.E0,0.E0));
#2482=AXIS2_PLACEMENT_3D('',#2479,#2480,#2481);
#2484=CARTESIAN_POINT('',(1.8E1,-1.E0,-1.155E1));
#2485=DIRECTION('',(0.E0,0.E0,1.E0));
#2486=DIRECTION('',(-1.E0,0.E0,0.E0));
#2487=AXIS2_PLACEMENT_3D('',#2484,#2485,#2486);
#2489=CARTESIAN_POINT('',(1.8E1,-1.E0,-1.155E1));
#2490=DIRECTION('',(0.E0,0.E0,1.E0));
#2491=DIRECTION('',(1.E0,0.E0,0.E0));
#2492=AXIS2_PLACEMENT_3D('',#2489,#2490,#2491);
#2494=DIRECTION('',(-1.E0,0.E0,0.E0));
#2495=VECTOR('',#2494,3.8E0);
#2496=CARTESIAN_POINT('',(9.8E0,-1.2E0,-1.155E1));
#2497=LINE('',#2496,#2495);
#2498=DIRECTION('',(0.E0,0.E0,1.E0));
#2499=VECTOR('',#2498,5.5E-1);
#2500=CARTESIAN_POINT('',(6.E0,-1.2E0,-1.155E1));
#2501=LINE('',#2500,#2499);
#2502=DIRECTION('',(1.E0,0.E0,0.E0));
#2503=VECTOR('',#2502,3.8E0);
#2504=CARTESIAN_POINT('',(6.E0,-1.2E0,-1.1E1));
#2505=LINE('',#2504,#2503);
#2506=DIRECTION('',(0.E0,0.E0,-1.E0));
#2507=VECTOR('',#2506,5.5E-1);
#2508=CARTESIAN_POINT('',(9.8E0,-1.2E0,-1.1E1));
#2509=LINE('',#2508,#2507);
#2510=DIRECTION('',(0.E0,1.E0,0.E0));
#2511=VECTOR('',#2510,1.2E0);
#2512=CARTESIAN_POINT('',(6.E0,-1.2E0,-1.155E1));
#2513=LINE('',#2512,#2511);
#2514=DIRECTION('',(0.E0,0.E0,-1.E0));
#2515=VECTOR('',#2514,5.5E-1);
#2516=CARTESIAN_POINT('',(6.E0,0.E0,-1.1E1));
#2517=LINE('',#2516,#2515);
#2518=DIRECTION('',(-1.E0,0.E0,0.E0));
#2519=VECTOR('',#2518,1.2E1);
#2520=CARTESIAN_POINT('',(6.E0,0.E0,-1.155E1));
#2521=LINE('',#2520,#2519);
#2522=DIRECTION('',(0.E0,0.E0,-1.E0));
#2523=VECTOR('',#2522,5.5E-1);
#2524=CARTESIAN_POINT('',(-6.E0,0.E0,-1.1E1));
#2525=LINE('',#2524,#2523);
#2526=DIRECTION('',(0.E0,1.E0,0.E0));
#2527=VECTOR('',#2526,1.2E0);
#2528=CARTESIAN_POINT('',(-6.E0,-1.2E0,-1.1E1));
#2529=LINE('',#2528,#2527);
#2530=DIRECTION('',(-1.E0,0.E0,0.E0));
#2531=VECTOR('',#2530,3.8E0);
#2532=CARTESIAN_POINT('',(-6.E0,-1.2E0,-1.155E1));
#2533=LINE('',#2532,#2531);
#2534=DIRECTION('',(0.E0,0.E0,1.E0));
#2535=VECTOR('',#2534,5.5E-1);
#2536=CARTESIAN_POINT('',(-9.8E0,-1.2E0,-1.155E1));
#2537=LINE('',#2536,#2535);
#2538=DIRECTION('',(1.E0,0.E0,0.E0));
#2539=VECTOR('',#2538,3.8E0);
#2540=CARTESIAN_POINT('',(-9.8E0,-1.2E0,-1.1E1));
#2541=LINE('',#2540,#2539);
#2542=DIRECTION('',(0.E0,0.E0,-1.E0));
#2543=VECTOR('',#2542,5.5E-1);
#2544=CARTESIAN_POINT('',(-6.E0,-1.2E0,-1.1E1));
#2545=LINE('',#2544,#2543);
#2546=DIRECTION('',(0.E0,1.E0,0.E0));
#2547=VECTOR('',#2546,1.2E0);
#2548=CARTESIAN_POINT('',(-9.8E0,-1.2E0,-1.155E1));
#2549=LINE('',#2548,#2547);
#2550=DIRECTION('',(0.E0,0.E0,-1.E0));
#2551=VECTOR('',#2550,5.5E-1);
#2552=CARTESIAN_POINT('',(-9.8E0,0.E0,-1.1E1));
#2553=LINE('',#2552,#2551);
#2554=DIRECTION('',(-1.E0,0.E0,0.E0));
#2555=VECTOR('',#2554,6.7E0);
#2556=CARTESIAN_POINT('',(-9.8E0,0.E0,-1.155E1));
#2557=LINE('',#2556,#2555);
#2558=DIRECTION('',(0.E0,9.544799780350E-1,2.982749931359E-1));
#2559=VECTOR('',#2558,1.676305461424E0);
#2560=CARTESIAN_POINT('',(-1.65E1,-2.E0,-1.115E1));
#2561=LINE('',#2560,#2559);
#2562=DIRECTION('',(0.E0,1.E0,4.263256414561E-14));
#2563=VECTOR('',#2562,2.5E-1);
#2564=CARTESIAN_POINT('',(-1.65E1,-4.E-1,-1.065E1));
#2565=LINE('',#2564,#2563);
#2566=DIRECTION('',(0.E0,1.E0,0.E0));
#2567=VECTOR('',#2566,1.5E-1);
#2568=CARTESIAN_POINT('',(-1.65E1,-1.5E-1,-1.1E1));
#2569=LINE('',#2568,#2567);
#2570=DIRECTION('',(0.E0,0.E0,-1.E0));
#2571=VECTOR('',#2570,5.5E-1);
#2572=CARTESIAN_POINT('',(-1.65E1,0.E0,-1.1E1));
#2573=LINE('',#2572,#2571);
#2574=DIRECTION('',(1.E0,-9.643079985316E-14,0.E0));
#2575=VECTOR('',#2574,7.E-1);
#2576=CARTESIAN_POINT('',(-1.72E1,-3.999999999999E-1,-1.065E1));
#2577=LINE('',#2576,#2575);
#2578=DIRECTION('',(0.E0,-9.544799780350E-1,-2.982749931359E-1));
#2579=VECTOR('',#2578,1.676305461424E0);
#2580=CARTESIAN_POINT('',(-1.72E1,-3.999999999999E-1,-1.065E1));
#2581=LINE('',#2580,#2579);
#2582=DIRECTION('',(0.E0,1.E0,0.E0));
#2583=VECTOR('',#2582,2.E0);
#2584=CARTESIAN_POINT('',(-1.72E1,-2.E0,-1.155E1));
#2585=LINE('',#2584,#2583);
#2586=DIRECTION('',(0.E0,0.E0,1.E0));
#2587=VECTOR('',#2586,5.5E-1);
#2588=CARTESIAN_POINT('',(-1.72E1,0.E0,-1.155E1));
#2589=LINE('',#2588,#2587);
#2590=DIRECTION('',(0.E0,0.E0,1.E0));
#2591=VECTOR('',#2590,3.5E-1);
#2592=CARTESIAN_POINT('',(-1.72E1,-1.5E-1,-1.1E1));
#2593=LINE('',#2592,#2591);
#2594=DIRECTION('',(1.E0,0.E0,3.045183153258E-14));
#2595=VECTOR('',#2594,7.E-1);
#2596=CARTESIAN_POINT('',(-1.72E1,-2.E0,-1.115E1));
#2597=LINE('',#2596,#2595);
#2598=DIRECTION('',(0.E0,0.E0,-1.E0));
#2599=VECTOR('',#2598,4.E-1);
#2600=CARTESIAN_POINT('',(-1.65E1,-2.E0,-1.115E1));
#2601=LINE('',#2600,#2599);
#2602=DIRECTION('',(0.E0,0.E0,1.E0));
#2603=VECTOR('',#2602,4.E-1);
#2604=CARTESIAN_POINT('',(-1.72E1,-2.E0,-1.155E1));
#2605=LINE('',#2604,#2603);
#2606=CARTESIAN_POINT('',(-2.286E1,0.E0,7.62E0));
#2607=DIRECTION('',(0.E0,1.E0,0.E0));
#2608=DIRECTION('',(-7.777777777778E-2,0.E0,9.969707203745E-1));
#2609=AXIS2_PLACEMENT_3D('',#2606,#2607,#2608);
#2611=CARTESIAN_POINT('',(-2.286E1,0.E0,7.62E0));
#2612=DIRECTION('',(0.E0,1.E0,0.E0));
#2613=DIRECTION('',(1.E0,0.E0,0.E0));
#2614=AXIS2_PLACEMENT_3D('',#2611,#2612,#2613);
#2616=CARTESIAN_POINT('',(-2.286E1,0.E0,-2.54E0));
#2617=DIRECTION('',(0.E0,1.E0,0.E0));
#2618=DIRECTION('',(-7.777777777778E-2,0.E0,9.969707203745E-1));
#2619=AXIS2_PLACEMENT_3D('',#2616,#2617,#2618);
#2621=CARTESIAN_POINT('',(-2.286E1,0.E0,-2.54E0));
#2622=DIRECTION('',(0.E0,1.E0,0.E0));
#2623=DIRECTION('',(1.E0,0.E0,0.E0));
#2624=AXIS2_PLACEMENT_3D('',#2621,#2622,#2623);
#2626=CARTESIAN_POINT('',(-2.286E1,0.E0,-7.62E0));
#2627=DIRECTION('',(0.E0,1.E0,0.E0));
#2628=DIRECTION('',(-7.777777777778E-2,0.E0,9.969707203745E-1));
#2629=AXIS2_PLACEMENT_3D('',#2626,#2627,#2628);
#2631=CARTESIAN_POINT('',(-2.286E1,0.E0,-7.62E0));
#2632=DIRECTION('',(0.E0,1.E0,0.E0));
#2633=DIRECTION('',(1.E0,0.E0,0.E0));
#2634=AXIS2_PLACEMENT_3D('',#2631,#2632,#2633);
#2636=DIRECTION('',(-1.E0,0.E0,0.E0));
#2637=VECTOR('',#2636,7.05E0);
#2638=CARTESIAN_POINT('',(-1.72E1,0.E0,-1.155E1));
#2639=LINE('',#2638,#2637);
#2640=DIRECTION('',(0.E0,0.E0,1.E0));
#2641=VECTOR('',#2640,2.31E1);
#2642=CARTESIAN_POINT('',(-2.425E1,0.E0,-1.155E1));
#2643=LINE('',#2642,#2641);
#2644=DIRECTION('',(1.E0,0.E0,0.E0));
#2645=VECTOR('',#2644,7.05E0);
#2646=CARTESIAN_POINT('',(-2.425E1,0.E0,1.155E1));
#2647=LINE('',#2646,#2645);
#2648=CARTESIAN_POINT('',(-2.286E1,0.E0,-2.54E0));
#2649=DIRECTION('',(0.E0,-1.E0,0.E0));
#2650=DIRECTION('',(1.E0,0.E0,0.E0));
#2651=AXIS2_PLACEMENT_3D('',#2648,#2649,#2650);
#2653=CARTESIAN_POINT('',(-2.286E1,0.E0,-2.54E0));
#2654=DIRECTION('',(0.E0,-1.E0,0.E0));
#2655=DIRECTION('',(0.E0,0.E0,1.E0));
#2656=AXIS2_PLACEMENT_3D('',#2653,#2654,#2655);
#2658=CARTESIAN_POINT('',(-2.286E1,0.E0,-2.54E0));
#2659=DIRECTION('',(0.E0,-1.E0,0.E0));
#2660=DIRECTION('',(-1.E0,0.E0,0.E0));
#2661=AXIS2_PLACEMENT_3D('',#2658,#2659,#2660);
#2663=CARTESIAN_POINT('',(-2.286E1,0.E0,-2.54E0));
#2664=DIRECTION('',(0.E0,-1.E0,0.E0));
#2665=DIRECTION('',(0.E0,0.E0,-1.E0));
#2666=AXIS2_PLACEMENT_3D('',#2663,#2664,#2665);
#2668=CARTESIAN_POINT('',(-2.286E1,0.E0,-7.62E0));
#2669=DIRECTION('',(0.E0,-1.E0,0.E0));
#2670=DIRECTION('',(1.E0,0.E0,0.E0));
#2671=AXIS2_PLACEMENT_3D('',#2668,#2669,#2670);
#2673=CARTESIAN_POINT('',(-2.286E1,0.E0,-7.62E0));
#2674=DIRECTION('',(0.E0,-1.E0,0.E0));
#2675=DIRECTION('',(0.E0,0.E0,1.E0));
#2676=AXIS2_PLACEMENT_3D('',#2673,#2674,#2675);
#2678=CARTESIAN_POINT('',(-2.286E1,0.E0,-7.62E0));
#2679=DIRECTION('',(0.E0,-1.E0,0.E0));
#2680=DIRECTION('',(-1.E0,0.E0,0.E0));
#2681=AXIS2_PLACEMENT_3D('',#2678,#2679,#2680);
#2683=CARTESIAN_POINT('',(-2.286E1,0.E0,-7.62E0));
#2684=DIRECTION('',(0.E0,-1.E0,0.E0));
#2685=DIRECTION('',(0.E0,0.E0,-1.E0));
#2686=AXIS2_PLACEMENT_3D('',#2683,#2684,#2685);
#2688=CARTESIAN_POINT('',(-2.286E1,0.E0,7.62E0));
#2689=DIRECTION('',(0.E0,-1.E0,0.E0));
#2690=DIRECTION('',(1.E0,0.E0,0.E0));
#2691=AXIS2_PLACEMENT_3D('',#2688,#2689,#2690);
#2693=CARTESIAN_POINT('',(-2.286E1,0.E0,7.62E0));
#2694=DIRECTION('',(0.E0,-1.E0,0.E0));
#2695=DIRECTION('',(0.E0,0.E0,1.E0));
#2696=AXIS2_PLACEMENT_3D('',#2693,#2694,#2695);
#2698=CARTESIAN_POINT('',(-2.286E1,0.E0,7.62E0));
#2699=DIRECTION('',(0.E0,-1.E0,0.E0));
#2700=DIRECTION('',(-1.E0,0.E0,0.E0));
#2701=AXIS2_PLACEMENT_3D('',#2698,#2699,#2700);
#2703=CARTESIAN_POINT('',(-2.286E1,0.E0,7.62E0));
#2704=DIRECTION('',(0.E0,-1.E0,0.E0));
#2705=DIRECTION('',(0.E0,0.E0,-1.E0));
#2706=AXIS2_PLACEMENT_3D('',#2703,#2704,#2705);
#2708=DIRECTION('',(1.E0,0.E0,0.E0));
#2709=VECTOR('',#2708,4.54E0);
#2710=CARTESIAN_POINT('',(-1.65E1,0.E0,1.1E1));
#2711=LINE('',#2710,#2709);
#2712=DIRECTION('',(0.E0,-1.E0,0.E0));
#2713=VECTOR('',#2712,1.5E-1);
#2714=CARTESIAN_POINT('',(-2.3E1,1.5E-1,1.1E1));
#2715=LINE('',#2714,#2713);
#2716=DIRECTION('',(1.E0,0.E0,0.E0));
#2717=VECTOR('',#2716,5.8E0);
#2718=CARTESIAN_POINT('',(-2.3E1,0.E0,1.1E1));
#2719=LINE('',#2718,#2717);
#2720=DIRECTION('',(1.E0,0.E0,0.E0));
#2721=VECTOR('',#2720,7.E-1);
#2722=CARTESIAN_POINT('',(-1.72E1,-1.5E-1,1.1E1));
#2723=LINE('',#2722,#2721);
#2724=DIRECTION('',(0.E0,1.E0,0.E0));
#2725=VECTOR('',#2724,1.5E-1);
#2726=CARTESIAN_POINT('',(-1.65E1,-1.5E-1,1.1E1));
#2727=LINE('',#2726,#2725);
#2728=CARTESIAN_POINT('',(-1.016E1,0.E0,1.016E1));
#2729=DIRECTION('',(0.E0,1.E0,0.E0));
#2730=DIRECTION('',(1.E0,0.E0,0.E0));
#2731=AXIS2_PLACEMENT_3D('',#2728,#2729,#2730);
#2733=DIRECTION('',(1.E0,0.E0,0.E0));
#2734=VECTOR('',#2733,6.7E0);
#2735=CARTESIAN_POINT('',(-1.65E1,0.E0,1.155E1));
#2736=LINE('',#2735,#2734);
#2737=CARTESIAN_POINT('',(-1.016E1,0.E0,1.016E1));
#2738=DIRECTION('',(0.E0,-1.E0,0.E0));
#2739=DIRECTION('',(1.E0,0.E0,0.E0));
#2740=AXIS2_PLACEMENT_3D('',#2737,#2738,#2739);
#2742=CARTESIAN_POINT('',(-1.016E1,0.E0,1.016E1));
#2743=DIRECTION('',(0.E0,-1.E0,0.E0));
#2744=DIRECTION('',(0.E0,0.E0,1.E0));
#2745=AXIS2_PLACEMENT_3D('',#2742,#2743,#2744);
#2747=CARTESIAN_POINT('',(-1.016E1,0.E0,1.016E1));
#2748=DIRECTION('',(0.E0,-1.E0,0.E0));
#2749=DIRECTION('',(-1.E0,0.E0,0.E0));
#2750=AXIS2_PLACEMENT_3D('',#2747,#2748,#2749);
#2752=CARTESIAN_POINT('',(-1.016E1,0.E0,1.016E1));
#2753=DIRECTION('',(0.E0,-1.E0,0.E0));
#2754=DIRECTION('',(0.E0,0.E0,-1.E0));
#2755=AXIS2_PLACEMENT_3D('',#2752,#2753,#2754);
#2757=DIRECTION('',(0.E0,0.E0,1.E0));
#2758=VECTOR('',#2757,5.5E-1);
#2759=CARTESIAN_POINT('',(-9.8E0,0.E0,1.1E1));
#2760=LINE('',#2759,#2758);
#2761=DIRECTION('',(0.E0,1.E0,0.E0));
#2762=VECTOR('',#2761,1.2E0);
#2763=CARTESIAN_POINT('',(-9.8E0,-1.2E0,1.1E1));
#2764=LINE('',#2763,#2762);
#2765=DIRECTION('',(1.E0,0.E0,0.E0));
#2766=VECTOR('',#2765,1.25E0);
#2767=CARTESIAN_POINT('',(2.3E1,-1.2E0,1.155E1));
#2768=LINE('',#2767,#2766);
#2769=DIRECTION('',(0.E0,1.E0,0.E0));
#2770=VECTOR('',#2769,2.E0);
#2771=CARTESIAN_POINT('',(1.65E1,-2.E0,1.155E1));
#2772=LINE('',#2771,#2770);
#2773=DIRECTION('',(0.E0,1.E0,0.E0));
#2774=VECTOR('',#2773,1.2E0);
#2775=CARTESIAN_POINT('',(6.E0,-1.2E0,1.155E1));
#2776=LINE('',#2775,#2774);
#2777=DIRECTION('',(0.E0,1.E0,0.E0));
#2778=VECTOR('',#2777,1.2E0);
#2779=CARTESIAN_POINT('',(-9.8E0,-1.2E0,1.155E1));
#2780=LINE('',#2779,#2778);
#2781=DIRECTION('',(0.E0,1.E0,0.E0));
#2782=VECTOR('',#2781,2.E0);
#2783=CARTESIAN_POINT('',(-1.72E1,-2.E0,1.155E1));
#2784=LINE('',#2783,#2782);
#2785=DIRECTION('',(0.E0,-1.E0,0.E0));
#2786=VECTOR('',#2785,1.2E0);
#2787=CARTESIAN_POINT('',(-2.425E1,0.E0,1.155E1));
#2788=LINE('',#2787,#2786);
#2789=DIRECTION('',(1.E0,0.E0,0.E0));
#2790=VECTOR('',#2789,1.25E0);
#2791=CARTESIAN_POINT('',(-2.425E1,-1.2E0,1.155E1));
#2792=LINE('',#2791,#2790);
#2793=DIRECTION('',(0.E0,-1.E0,0.E0));
#2794=VECTOR('',#2793,1.5E0);
#2795=CARTESIAN_POINT('',(-2.3E1,-1.2E0,1.155E1));
#2796=LINE('',#2795,#2794);
#2797=CARTESIAN_POINT('',(-1.8E1,-1.E0,1.155E1));
#2798=DIRECTION('',(0.E0,0.E0,-1.E0));
#2799=DIRECTION('',(1.E0,0.E0,0.E0));
#2800=AXIS2_PLACEMENT_3D('',#2797,#2798,#2799);
#2802=CARTESIAN_POINT('',(-1.8E1,-1.E0,1.155E1));
#2803=DIRECTION('',(0.E0,0.E0,-1.E0));
#2804=DIRECTION('',(-1.E0,0.E0,0.E0));
#2805=AXIS2_PLACEMENT_3D('',#2802,#2803,#2804);
#2807=CARTESIAN_POINT('',(1.8E1,-1.E0,1.155E1));
#2808=DIRECTION('',(0.E0,0.E0,-1.E0));
#2809=DIRECTION('',(1.E0,0.E0,0.E0));
#2810=AXIS2_PLACEMENT_3D('',#2807,#2808,#2809);
#2812=CARTESIAN_POINT('',(1.8E1,-1.E0,1.155E1));
#2813=DIRECTION('',(0.E0,0.E0,-1.E0));
#2814=DIRECTION('',(-1.E0,0.E0,0.E0));
#2815=AXIS2_PLACEMENT_3D('',#2812,#2813,#2814);
#2817=DIRECTION('',(-1.E0,0.E0,0.E0));
#2818=VECTOR('',#2817,4.6E1);
#2819=CARTESIAN_POINT('',(2.3E1,-2.7E0,1.155E1));
#2820=LINE('',#2819,#2818);
#2821=DIRECTION('',(0.E0,0.E0,1.E0));
#2822=VECTOR('',#2821,3.E-1);
#2823=CARTESIAN_POINT('',(-2.3E1,-2.7E0,1.155E1));
#2824=LINE('',#2823,#2822);
#2825=DIRECTION('',(0.E0,-8.944271909999E-1,-4.472135955E-1));
#2826=VECTOR('',#2825,4.472135954999E-1);
#2827=CARTESIAN_POINT('',(-2.3E1,-2.3E0,1.205E1));
#2828=LINE('',#2827,#2826);
#2829=DIRECTION('',(0.E0,-1.E0,0.E0));
#2830=VECTOR('',#2829,1.1E0);
#2831=CARTESIAN_POINT('',(-2.3E1,-1.2E0,1.205E1));
#2832=LINE('',#2831,#2830);
#2833=DIRECTION('',(0.E0,0.E0,-1.E0));
#2834=VECTOR('',#2833,1.55E0);
#2835=CARTESIAN_POINT('',(2.425E1,-1.2E0,-1.E1));
#2836=LINE('',#2835,#2834);
#2837=DIRECTION('',(0.E0,-1.E0,0.E0));
#2838=VECTOR('',#2837,1.2E0);
#2839=CARTESIAN_POINT('',(2.425E1,0.E0,1.155E1));
#2840=LINE('',#2839,#2838);
#2841=DIRECTION('',(0.E0,0.E0,-1.E0));
#2842=VECTOR('',#2841,1.55E0);
#2843=CARTESIAN_POINT('',(2.425E1,-1.2E0,1.155E1));
#2844=LINE('',#2843,#2842);
#2845=DIRECTION('',(0.E0,-1.E0,0.E0));
#2846=VECTOR('',#2845,1.5E0);
#2847=CARTESIAN_POINT('',(2.425E1,-1.2E0,1.E1));
#2848=LINE('',#2847,#2846);
#2849=DIRECTION('',(1.E0,0.E0,0.E0));
#2850=VECTOR('',#2849,7.05E0);
#2851=CARTESIAN_POINT('',(1.72E1,0.E0,1.155E1));
#2852=LINE('',#2851,#2850);
#2853=DIRECTION('',(0.E0,0.E0,-1.E0));
#2854=VECTOR('',#2853,2.31E1);
#2855=CARTESIAN_POINT('',(2.425E1,0.E0,1.155E1));
#2856=LINE('',#2855,#2854);
#2857=DIRECTION('',(-1.E0,0.E0,0.E0));
#2858=VECTOR('',#2857,7.05E0);
#2859=CARTESIAN_POINT('',(2.425E1,0.E0,-1.155E1));
#2860=LINE('',#2859,#2858);
#2861=CARTESIAN_POINT('',(2.286E1,0.E0,-1.016E1));
#2862=DIRECTION('',(0.E0,1.E0,0.E0));
#2863=DIRECTION('',(-1.E0,0.E0,0.E0));
#2864=AXIS2_PLACEMENT_3D('',#2861,#2862,#2863);
#2866=CARTESIAN_POINT('',(2.286E1,0.E0,-1.398840616139E-13));
#2867=DIRECTION('',(0.E0,1.E0,0.E0));
#2868=DIRECTION('',(7.777777777778E-2,0.E0,-9.969707203745E-1));
#2869=AXIS2_PLACEMENT_3D('',#2866,#2867,#2868);
#2871=CARTESIAN_POINT('',(2.286E1,0.E0,-1.398840616139E-13));
#2872=DIRECTION('',(0.E0,1.E0,0.E0));
#2873=DIRECTION('',(-1.E0,0.E0,0.E0));
#2874=AXIS2_PLACEMENT_3D('',#2871,#2872,#2873);
#2876=CARTESIAN_POINT('',(2.286E1,0.E0,1.016E1));
#2877=DIRECTION('',(0.E0,1.E0,0.E0));
#2878=DIRECTION('',(7.777777777778E-2,0.E0,-9.969707203745E-1));
#2879=AXIS2_PLACEMENT_3D('',#2876,#2877,#2878);
#2881=CARTESIAN_POINT('',(2.286E1,0.E0,0.E0));
#2882=DIRECTION('',(0.E0,-1.E0,0.E0));
#2883=DIRECTION('',(1.E0,0.E0,0.E0));
#2884=AXIS2_PLACEMENT_3D('',#2881,#2882,#2883);
#2886=CARTESIAN_POINT('',(2.286E1,0.E0,0.E0));
#2887=DIRECTION('',(0.E0,-1.E0,0.E0));
#2888=DIRECTION('',(0.E0,0.E0,1.E0));
#2889=AXIS2_PLACEMENT_3D('',#2886,#2887,#2888);
#2891=CARTESIAN_POINT('',(2.286E1,0.E0,0.E0));
#2892=DIRECTION('',(0.E0,-1.E0,0.E0));
#2893=DIRECTION('',(-1.E0,0.E0,0.E0));
#2894=AXIS2_PLACEMENT_3D('',#2891,#2892,#2893);
#2896=CARTESIAN_POINT('',(2.286E1,0.E0,0.E0));
#2897=DIRECTION('',(0.E0,-1.E0,0.E0));
#2898=DIRECTION('',(0.E0,0.E0,-1.E0));
#2899=AXIS2_PLACEMENT_3D('',#2896,#2897,#2898);
#2901=CARTESIAN_POINT('',(2.286E1,0.E0,-1.016E1));
#2902=DIRECTION('',(0.E0,-1.E0,0.E0));
#2903=DIRECTION('',(1.E0,0.E0,0.E0));
#2904=AXIS2_PLACEMENT_3D('',#2901,#2902,#2903);
#2906=CARTESIAN_POINT('',(2.286E1,0.E0,-1.016E1));
#2907=DIRECTION('',(0.E0,-1.E0,0.E0));
#2908=DIRECTION('',(0.E0,0.E0,1.E0));
#2909=AXIS2_PLACEMENT_3D('',#2906,#2907,#2908);
#2911=CARTESIAN_POINT('',(2.286E1,0.E0,-1.016E1));
#2912=DIRECTION('',(0.E0,-1.E0,0.E0));
#2913=DIRECTION('',(-1.E0,0.E0,0.E0));
#2914=AXIS2_PLACEMENT_3D('',#2911,#2912,#2913);
#2916=CARTESIAN_POINT('',(2.286E1,0.E0,-1.016E1));
#2917=DIRECTION('',(0.E0,-1.E0,0.E0));
#2918=DIRECTION('',(0.E0,0.E0,-1.E0));
#2919=AXIS2_PLACEMENT_3D('',#2916,#2917,#2918);
#2921=CARTESIAN_POINT('',(2.286E1,0.E0,1.016E1));
#2922=DIRECTION('',(0.E0,-1.E0,0.E0));
#2923=DIRECTION('',(1.E0,0.E0,0.E0));
#2924=AXIS2_PLACEMENT_3D('',#2921,#2922,#2923);
#2926=CARTESIAN_POINT('',(2.286E1,0.E0,1.016E1));
#2927=DIRECTION('',(0.E0,-1.E0,0.E0));
#2928=DIRECTION('',(0.E0,0.E0,1.E0));
#2929=AXIS2_PLACEMENT_3D('',#2926,#2927,#2928);
#2931=CARTESIAN_POINT('',(2.286E1,0.E0,1.016E1));
#2932=DIRECTION('',(0.E0,-1.E0,0.E0));
#2933=DIRECTION('',(-1.E0,0.E0,0.E0));
#2934=AXIS2_PLACEMENT_3D('',#2931,#2932,#2933);
#2936=CARTESIAN_POINT('',(2.286E1,0.E0,1.016E1));
#2937=DIRECTION('',(0.E0,-1.E0,0.E0));
#2938=DIRECTION('',(0.E0,0.E0,-1.E0));
#2939=AXIS2_PLACEMENT_3D('',#2936,#2937,#2938);
#2941=DIRECTION('',(1.E0,0.E0,0.E0));
#2942=VECTOR('',#2941,3.86E0);
#2943=CARTESIAN_POINT('',(1.72E1,0.E0,1.1E1));
#2944=LINE('',#2943,#2942);
#2945=DIRECTION('',(0.E0,-1.E0,0.E0));
#2946=VECTOR('',#2945,1.5E-1);
#2947=CARTESIAN_POINT('',(1.196E1,1.5E-1,1.1E1));
#2948=LINE('',#2947,#2946);
#2949=DIRECTION('',(1.E0,0.E0,0.E0));
#2950=VECTOR('',#2949,4.54E0);
#2951=CARTESIAN_POINT('',(1.196E1,0.E0,1.1E1));
#2952=LINE('',#2951,#2950);
#2953=DIRECTION('',(1.E0,0.E0,0.E0));
#2954=VECTOR('',#2953,7.E-1);
#2955=CARTESIAN_POINT('',(1.65E1,-1.5E-1,1.1E1));
#2956=LINE('',#2955,#2954);
#2957=DIRECTION('',(0.E0,1.E0,0.E0));
#2958=VECTOR('',#2957,1.5E-1);
#2959=CARTESIAN_POINT('',(1.72E1,-1.5E-1,1.1E1));
#2960=LINE('',#2959,#2958);
#2961=DIRECTION('',(-2.114710523095E-14,0.E0,-1.E0));
#2962=VECTOR('',#2961,8.4E-1);
#2963=CARTESIAN_POINT('',(2.106E1,0.E0,1.1E1));
#2964=LINE('',#2963,#2962);
#2965=DIRECTION('',(0.E0,-1.E0,0.E0));
#2966=VECTOR('',#2965,1.5E-1);
#2967=CARTESIAN_POINT('',(2.106E1,1.5E-1,1.1E1));
#2968=LINE('',#2967,#2966);
#2969=DIRECTION('',(0.E0,1.E0,-2.131628207280E-13));
#2970=VECTOR('',#2969,1.5E-1);
#2971=CARTESIAN_POINT('',(2.3E1,0.E0,8.365452703326E0));
#2972=LINE('',#2971,#2970);
#2973=DIRECTION('',(0.E0,-1.E0,2.368475785867E-13));
#2974=VECTOR('',#2973,1.5E-1);
#2975=CARTESIAN_POINT('',(2.106E1,1.5E-1,1.016E1));
#2976=LINE('',#2975,#2974);
#2977=DIRECTION('',(0.E0,0.E0,-1.E0));
#2978=VECTOR('',#2977,6.570905406652E0);
#2979=CARTESIAN_POINT('',(2.3E1,0.E0,8.365452703326E0));
#2980=LINE('',#2979,#2978);
#2981=DIRECTION('',(0.E0,1.E0,2.960594732334E-14));
#2982=VECTOR('',#2981,1.5E-1);
#2983=CARTESIAN_POINT('',(2.3E1,0.E0,-1.794547296674E0));
#2984=LINE('',#2983,#2982);
#2985=DIRECTION('',(0.E0,-1.E0,2.087219286295E-13));
#2986=VECTOR('',#2985,1.5E-1);
#2987=CARTESIAN_POINT('',(2.3E1,1.5E-1,1.794547296674E0));
#2988=LINE('',#2987,#2986);
#2989=DIRECTION('',(0.E0,0.E0,-1.E0));
#2990=VECTOR('',#2989,6.570905406652E0);
#2991=CARTESIAN_POINT('',(2.3E1,0.E0,-1.794547296674E0));
#2992=LINE('',#2991,#2990);
#2993=DIRECTION('',(0.E0,1.E0,1.184237892934E-14));
#2994=VECTOR('',#2993,1.5E-1);
#2995=CARTESIAN_POINT('',(2.106E1,0.E0,-1.016E1));
#2996=LINE('',#2995,#2994);
#2997=DIRECTION('',(0.E0,-1.E0,-3.552713678801E-14));
#2998=VECTOR('',#2997,1.5E-1);
#2999=CARTESIAN_POINT('',(2.3E1,1.5E-1,-8.365452703326E0));
#3000=LINE('',#2999,#2998);
#3001=DIRECTION('',(0.E0,0.E0,-1.E0));
#3002=VECTOR('',#3001,8.4E-1);
#3003=CARTESIAN_POINT('',(2.106E1,0.E0,-1.016E1));
#3004=LINE('',#3003,#3002);
#3005=DIRECTION('',(-1.E0,0.E0,0.E0));
#3006=VECTOR('',#3005,4.54E0);
#3007=CARTESIAN_POINT('',(1.65E1,0.E0,-1.1E1));
#3008=LINE('',#3007,#3006);
#3009=DIRECTION('',(0.E0,-1.E0,0.E0));
#3010=VECTOR('',#3009,1.5E-1);
#3011=CARTESIAN_POINT('',(2.106E1,1.5E-1,-1.1E1));
#3012=LINE('',#3011,#3010);
#3013=DIRECTION('',(-1.E0,0.E0,0.E0));
#3014=VECTOR('',#3013,3.86E0);
#3015=CARTESIAN_POINT('',(2.106E1,0.E0,-1.1E1));
#3016=LINE('',#3015,#3014);
#3017=DIRECTION('',(-1.E0,0.E0,0.E0));
#3018=VECTOR('',#3017,7.E-1);
#3019=CARTESIAN_POINT('',(1.72E1,-1.5E-1,-1.1E1));
#3020=LINE('',#3019,#3018);
#3021=DIRECTION('',(0.E0,1.E0,0.E0));
#3022=VECTOR('',#3021,1.5E-1);
#3023=CARTESIAN_POINT('',(1.65E1,-1.5E-1,-1.1E1));
#3024=LINE('',#3023,#3022);
#3025=CARTESIAN_POINT('',(1.016E1,0.E0,-1.016E1));
#3026=DIRECTION('',(0.E0,1.E0,0.E0));
#3027=DIRECTION('',(-1.E0,0.E0,-1.213843840257E-13));
#3028=AXIS2_PLACEMENT_3D('',#3025,#3026,#3027);
#3030=DIRECTION('',(-1.E0,0.E0,0.E0));
#3031=VECTOR('',#3030,6.7E0);
#3032=CARTESIAN_POINT('',(1.65E1,0.E0,-1.155E1));
#3033=LINE('',#3032,#3031);
#3034=CARTESIAN_POINT('',(1.016E1,0.E0,-1.016E1));
#3035=DIRECTION('',(0.E0,-1.E0,0.E0));
#3036=DIRECTION('',(1.E0,0.E0,0.E0));
#3037=AXIS2_PLACEMENT_3D('',#3034,#3035,#3036);
#3039=CARTESIAN_POINT('',(1.016E1,0.E0,-1.016E1));
#3040=DIRECTION('',(0.E0,-1.E0,0.E0));
#3041=DIRECTION('',(0.E0,0.E0,1.E0));
#3042=AXIS2_PLACEMENT_3D('',#3039,#3040,#3041);
#3044=CARTESIAN_POINT('',(1.016E1,0.E0,-1.016E1));
#3045=DIRECTION('',(0.E0,-1.E0,0.E0));
#3046=DIRECTION('',(-1.E0,0.E0,0.E0));
#3047=AXIS2_PLACEMENT_3D('',#3044,#3045,#3046);
#3049=CARTESIAN_POINT('',(1.016E1,0.E0,-1.016E1));
#3050=DIRECTION('',(0.E0,-1.E0,0.E0));
#3051=DIRECTION('',(0.E0,0.E0,-1.E0));
#3052=AXIS2_PLACEMENT_3D('',#3049,#3050,#3051);
#3054=DIRECTION('',(0.E0,0.E0,-1.E0));
#3055=VECTOR('',#3054,5.5E-1);
#3056=CARTESIAN_POINT('',(9.8E0,0.E0,-1.1E1));
#3057=LINE('',#3056,#3055);
#3058=DIRECTION('',(0.E0,1.E0,0.E0));
#3059=VECTOR('',#3058,1.2E0);
#3060=CARTESIAN_POINT('',(9.8E0,-1.2E0,-1.1E1));
#3061=LINE('',#3060,#3059);
#3062=DIRECTION('',(-1.E0,0.E0,0.E0));
#3063=VECTOR('',#3062,1.2E1);
#3064=CARTESIAN_POINT('',(6.E0,0.E0,-1.1E1));
#3065=LINE('',#3064,#3063);
#3066=DIRECTION('',(0.E0,1.E0,0.E0));
#3067=VECTOR('',#3066,1.2E0);
#3068=CARTESIAN_POINT('',(-9.8E0,-1.2E0,-1.1E1));
#3069=LINE('',#3068,#3067);
#3070=DIRECTION('',(-1.E0,0.E0,0.E0));
#3071=VECTOR('',#3070,6.7E0);
#3072=CARTESIAN_POINT('',(-9.8E0,0.E0,-1.1E1));
#3073=LINE('',#3072,#3071);
#3074=DIRECTION('',(-1.E0,0.E0,0.E0));
#3075=VECTOR('',#3074,7.E-1);
#3076=CARTESIAN_POINT('',(-1.65E1,-1.5E-1,-1.1E1));
#3077=LINE('',#3076,#3075);
#3078=DIRECTION('',(2.368475785867E-14,1.E0,0.E0));
#3079=VECTOR('',#3078,1.5E-1);
#3080=CARTESIAN_POINT('',(-1.72E1,-1.5E-1,-1.1E1));
#3081=LINE('',#3080,#3079);
#3082=DIRECTION('',(-1.E0,0.E0,0.E0));
#3083=VECTOR('',#3082,5.8E0);
#3084=CARTESIAN_POINT('',(-1.72E1,0.E0,-1.1E1));
#3085=LINE('',#3084,#3083);
#3086=DIRECTION('',(0.E0,-1.E0,0.E0));
#3087=VECTOR('',#3086,1.5E-1);
#3088=CARTESIAN_POINT('',(8.36E0,1.5E-1,-1.1E1));
#3089=LINE('',#3088,#3087);
#3090=DIRECTION('',(1.E0,0.E0,0.E0));
#3091=VECTOR('',#3090,1.44E0);
#3092=CARTESIAN_POINT('',(8.36E0,0.E0,-1.1E1));
#3093=LINE('',#3092,#3091);
#3094=DIRECTION('',(0.E0,1.E0,0.E0));
#3095=VECTOR('',#3094,1.2E0);
#3096=CARTESIAN_POINT('',(6.E0,-1.2E0,-1.1E1));
#3097=LINE('',#3096,#3095);
#3098=DIRECTION('',(0.E0,0.E0,1.E0));
#3099=VECTOR('',#3098,3.5E-1);
#3100=CARTESIAN_POINT('',(-1.65E1,-1.5E-1,-1.1E1));
#3101=LINE('',#3100,#3099);
#3102=DIRECTION('',(0.E0,1.E0,4.263256414562E-14));
#3103=VECTOR('',#3102,2.499999999999E-1);
#3104=CARTESIAN_POINT('',(-1.72E1,-3.999999999999E-1,-1.065E1));
#3105=LINE('',#3104,#3103);
#3106=DIRECTION('',(1.E0,0.E0,0.E0));
#3107=VECTOR('',#3106,7.E-1);
#3108=CARTESIAN_POINT('',(-1.72E1,-1.5E-1,-1.065E1));
#3109=LINE('',#3108,#3107);
#3110=DIRECTION('',(0.E0,0.E0,1.E0));
#3111=VECTOR('',#3110,1.585452703326E0);
#3112=CARTESIAN_POINT('',(-2.3E1,0.E0,-1.1E1));
#3113=LINE('',#3112,#3111);
#3114=DIRECTION('',(0.E0,-1.E0,0.E0));
#3115=VECTOR('',#3114,1.5E-1);
#3116=CARTESIAN_POINT('',(-2.3E1,1.5E-1,-1.1E1));
#3117=LINE('',#3116,#3115);
#3118=DIRECTION('',(0.E0,1.E0,0.E0));
#3119=VECTOR('',#3118,1.5E-1);
#3120=CARTESIAN_POINT('',(-2.3E1,0.E0,-5.825452703326E0));
#3121=LINE('',#3120,#3119);
#3122=DIRECTION('',(0.E0,-1.E0,-4.736951571734E-14));
#3123=VECTOR('',#3122,1.5E-1);
#3124=CARTESIAN_POINT('',(-2.3E1,1.5E-1,-9.414547296674E0));
#3125=LINE('',#3124,#3123);
#3126=DIRECTION('',(0.E0,0.E0,1.E0));
#3127=VECTOR('',#3126,1.490905406652E0);
#3128=CARTESIAN_POINT('',(-2.3E1,0.E0,-5.825452703326E0));
#3129=LINE('',#3128,#3127);
#3130=DIRECTION('',(0.E0,1.E0,0.E0));
#3131=VECTOR('',#3130,1.5E-1);
#3132=CARTESIAN_POINT('',(-2.3E1,0.E0,-7.454527033260E-1));
#3133=LINE('',#3132,#3131);
#3134=DIRECTION('',(0.E0,-1.E0,1.184237892934E-14));
#3135=VECTOR('',#3134,1.5E-1);
#3136=CARTESIAN_POINT('',(-2.3E1,1.5E-1,-4.334547296674E0));
#3137=LINE('',#3136,#3135);
#3138=DIRECTION('',(0.E0,0.E0,1.E0));
#3139=VECTOR('',#3138,6.570905406652E0);
#3140=CARTESIAN_POINT('',(-2.3E1,0.E0,-7.454527033260E-1));
#3141=LINE('',#3140,#3139);
#3142=DIRECTION('',(0.E0,1.E0,-2.368475785867E-14));
#3143=VECTOR('',#3142,1.5E-1);
#3144=CARTESIAN_POINT('',(-2.3E1,0.E0,9.414547296674E0));
#3145=LINE('',#3144,#3143);
#3146=DIRECTION('',(0.E0,-1.E0,0.E0));
#3147=VECTOR('',#3146,1.5E-1);
#3148=CARTESIAN_POINT('',(-2.3E1,1.5E-1,5.825452703326E0));
#3149=LINE('',#3148,#3147);
#3150=DIRECTION('',(0.E0,0.E0,1.E0));
#3151=VECTOR('',#3150,1.585452703326E0);
#3152=CARTESIAN_POINT('',(-2.3E1,0.E0,9.414547296674E0));
#3153=LINE('',#3152,#3151);
#3154=DIRECTION('',(1.E0,0.E0,0.E0));
#3155=VECTOR('',#3154,9.1E0);
#3156=CARTESIAN_POINT('',(1.196E1,1.5E-1,1.1E1));
#3157=LINE('',#3156,#3155);
#3158=DIRECTION('',(-2.114710523095E-14,0.E0,-1.E0));
#3159=VECTOR('',#3158,8.400000000001E-1);
#3160=CARTESIAN_POINT('',(2.106E1,1.5E-1,1.1E1));
#3161=LINE('',#3160,#3159);
#3162=CARTESIAN_POINT('',(2.286E1,1.5E-1,1.016E1));
#3163=DIRECTION('',(0.E0,-1.E0,0.E0));
#3164=DIRECTION('',(-1.E0,0.E0,-1.154631945610E-13));
#3165=AXIS2_PLACEMENT_3D('',#3162,#3163,#3164);
#3167=DIRECTION('',(0.E0,0.E0,-1.E0));
#3168=VECTOR('',#3167,6.570905406652E0);
#3169=CARTESIAN_POINT('',(2.3E1,1.5E-1,8.365452703326E0));
#3170=LINE('',#3169,#3168);
#3171=CARTESIAN_POINT('',(2.286E1,1.5E-1,-1.398840616139E-13));
#3172=DIRECTION('',(0.E0,-1.E0,0.E0));
#3173=DIRECTION('',(7.777777777778E-2,0.E0,9.969707203745E-1));
#3174=AXIS2_PLACEMENT_3D('',#3171,#3172,#3173);
#3176=CARTESIAN_POINT('',(2.286E1,1.5E-1,-1.398840616139E-13));
#3177=DIRECTION('',(0.E0,-1.E0,0.E0));
#3178=DIRECTION('',(-1.E0,0.E0,0.E0));
#3179=AXIS2_PLACEMENT_3D('',#3176,#3177,#3178);
#3181=DIRECTION('',(0.E0,0.E0,-1.E0));
#3182=VECTOR('',#3181,6.570905406652E0);
#3183=CARTESIAN_POINT('',(2.3E1,1.5E-1,-1.794547296674E0));
#3184=LINE('',#3183,#3182);
#3185=CARTESIAN_POINT('',(2.286E1,1.5E-1,-1.016E1));
#3186=DIRECTION('',(0.E0,-1.E0,0.E0));
#3187=DIRECTION('',(7.777777777778E-2,0.E0,9.969707203745E-1));
#3188=AXIS2_PLACEMENT_3D('',#3185,#3186,#3187);
#3190=DIRECTION('',(0.E0,0.E0,-1.E0));
#3191=VECTOR('',#3190,8.4E-1);
#3192=CARTESIAN_POINT('',(2.106E1,1.5E-1,-1.016E1));
#3193=LINE('',#3192,#3191);
#3194=DIRECTION('',(-1.E0,0.E0,0.E0));
#3195=VECTOR('',#3194,9.1E0);
#3196=CARTESIAN_POINT('',(2.106E1,1.5E-1,-1.1E1));
#3197=LINE('',#3196,#3195);
#3198=DIRECTION('',(2.114710523095E-14,0.E0,1.E0));
#3199=VECTOR('',#3198,8.400000000001E-1);
#3200=CARTESIAN_POINT('',(1.196E1,1.5E-1,-1.1E1));
#3201=LINE('',#3200,#3199);
#3202=CARTESIAN_POINT('',(1.016E1,1.5E-1,-1.016E1));
#3203=DIRECTION('',(0.E0,-1.E0,0.E0));
#3204=DIRECTION('',(1.E0,0.E0,1.302661682227E-13));
#3205=AXIS2_PLACEMENT_3D('',#3202,#3203,#3204);
#3207=DIRECTION('',(1.903239470786E-14,0.E0,-1.E0));
#3208=VECTOR('',#3207,8.399999999999E-1);
#3209=CARTESIAN_POINT('',(8.36E0,1.5E-1,-1.016E1));
#3210=LINE('',#3209,#3208);
#3211=DIRECTION('',(-1.E0,0.E0,0.E0));
#3212=VECTOR('',#3211,3.136E1);
#3213=CARTESIAN_POINT('',(8.36E0,1.5E-1,-1.1E1));
#3214=LINE('',#3213,#3212);
#3215=DIRECTION('',(0.E0,0.E0,1.E0));
#3216=VECTOR('',#3215,1.585452703326E0);
#3217=CARTESIAN_POINT('',(-2.3E1,1.5E-1,-1.1E1));
#3218=LINE('',#3217,#3216);
#3219=CARTESIAN_POINT('',(-2.286E1,1.5E-1,-7.62E0));
#3220=DIRECTION('',(0.E0,-1.E0,0.E0));
#3221=DIRECTION('',(-7.777777777778E-2,0.E0,-9.969707203745E-1));
#3222=AXIS2_PLACEMENT_3D('',#3219,#3220,#3221);
#3224=CARTESIAN_POINT('',(-2.286E1,1.5E-1,-7.62E0));
#3225=DIRECTION('',(0.E0,-1.E0,0.E0));
#3226=DIRECTION('',(1.E0,0.E0,0.E0));
#3227=AXIS2_PLACEMENT_3D('',#3224,#3225,#3226);
#3229=DIRECTION('',(0.E0,0.E0,1.E0));
#3230=VECTOR('',#3229,1.490905406652E0);
#3231=CARTESIAN_POINT('',(-2.3E1,1.5E-1,-5.825452703326E0));
#3232=LINE('',#3231,#3230);
#3233=CARTESIAN_POINT('',(-2.286E1,1.5E-1,-2.54E0));
#3234=DIRECTION('',(0.E0,-1.E0,0.E0));
#3235=DIRECTION('',(-7.777777777778E-2,0.E0,-9.969707203745E-1));
#3236=AXIS2_PLACEMENT_3D('',#3233,#3234,#3235);
#3238=CARTESIAN_POINT('',(-2.286E1,1.5E-1,-2.54E0));
#3239=DIRECTION('',(0.E0,-1.E0,0.E0));
#3240=DIRECTION('',(1.E0,0.E0,0.E0));
#3241=AXIS2_PLACEMENT_3D('',#3238,#3239,#3240);
#3243=DIRECTION('',(0.E0,0.E0,1.E0));
#3244=VECTOR('',#3243,6.570905406652E0);
#3245=CARTESIAN_POINT('',(-2.3E1,1.5E-1,-7.454527033260E-1));
#3246=LINE('',#3245,#3244);
#3247=CARTESIAN_POINT('',(-2.286E1,1.5E-1,7.62E0));
#3248=DIRECTION('',(0.E0,-1.E0,0.E0));
#3249=DIRECTION('',(-7.777777777778E-2,0.E0,-9.969707203745E-1));
#3250=AXIS2_PLACEMENT_3D('',#3247,#3248,#3249);
#3252=CARTESIAN_POINT('',(-2.286E1,1.5E-1,7.62E0));
#3253=DIRECTION('',(0.E0,-1.E0,0.E0));
#3254=DIRECTION('',(1.E0,0.E0,0.E0));
#3255=AXIS2_PLACEMENT_3D('',#3252,#3253,#3254);
#3257=DIRECTION('',(0.E0,0.E0,1.E0));
#3258=VECTOR('',#3257,1.585452703326E0);
#3259=CARTESIAN_POINT('',(-2.3E1,1.5E-1,9.414547296674E0));
#3260=LINE('',#3259,#3258);
#3261=DIRECTION('',(1.E0,0.E0,0.E0));
#3262=VECTOR('',#3261,1.104E1);
#3263=CARTESIAN_POINT('',(-2.3E1,1.5E-1,1.1E1));
#3264=LINE('',#3263,#3262);
#3265=DIRECTION('',(0.E0,0.E0,-1.E0));
#3266=VECTOR('',#3265,8.4E-1);
#3267=CARTESIAN_POINT('',(-1.196E1,1.5E-1,1.1E1));
#3268=LINE('',#3267,#3266);
#3269=CARTESIAN_POINT('',(-1.016E1,1.5E-1,1.016E1));
#3270=DIRECTION('',(0.E0,-1.E0,0.E0));
#3271=DIRECTION('',(-1.E0,0.E0,0.E0));
#3272=AXIS2_PLACEMENT_3D('',#3269,#3270,#3271);
#3274=DIRECTION('',(0.E0,0.E0,1.E0));
#3275=VECTOR('',#3274,8.4E-1);
#3276=CARTESIAN_POINT('',(-8.36E0,1.5E-1,1.016E1));
#3277=LINE('',#3276,#3275);
#3278=DIRECTION('',(1.E0,0.E0,0.E0));
#3279=VECTOR('',#3278,1.672E1);
#3280=CARTESIAN_POINT('',(-8.36E0,1.5E-1,1.1E1));
#3281=LINE('',#3280,#3279);
#3282=DIRECTION('',(0.E0,0.E0,-1.E0));
#3283=VECTOR('',#3282,8.4E-1);
#3284=CARTESIAN_POINT('',(8.36E0,1.5E-1,1.1E1));
#3285=LINE('',#3284,#3283);
#3286=CARTESIAN_POINT('',(1.016E1,1.5E-1,1.016E1));
#3287=DIRECTION('',(0.E0,-1.E0,0.E0));
#3288=DIRECTION('',(-1.E0,0.E0,0.E0));
#3289=AXIS2_PLACEMENT_3D('',#3286,#3287,#3288);
#3291=DIRECTION('',(0.E0,0.E0,1.E0));
#3292=VECTOR('',#3291,8.4E-1);
#3293=CARTESIAN_POINT('',(1.196E1,1.5E-1,1.016E1));
#3294=LINE('',#3293,#3292);
#3295=CARTESIAN_POINT('',(-1.016E1,1.5E-1,2.54E0));
#3296=DIRECTION('',(0.E0,-1.E0,0.E0));
#3297=DIRECTION('',(1.E0,0.E0,0.E0));
#3298=AXIS2_PLACEMENT_3D('',#3295,#3296,#3297);
#3300=CARTESIAN_POINT('',(-1.016E1,1.5E-1,2.54E0));
#3301=DIRECTION('',(0.E0,-1.E0,0.E0));
#3302=DIRECTION('',(-1.E0,0.E0,0.E0));
#3303=AXIS2_PLACEMENT_3D('',#3300,#3301,#3302);
#3305=CARTESIAN_POINT('',(1.016E1,1.5E-1,0.E0));
#3306=DIRECTION('',(0.E0,-1.E0,0.E0));
#3307=DIRECTION('',(1.E0,0.E0,0.E0));
#3308=AXIS2_PLACEMENT_3D('',#3305,#3306,#3307);
#3310=CARTESIAN_POINT('',(1.016E1,1.5E-1,0.E0));
#3311=DIRECTION('',(0.E0,-1.E0,0.E0));
#3312=DIRECTION('',(-1.E0,0.E0,0.E0));
#3313=AXIS2_PLACEMENT_3D('',#3310,#3311,#3312);
#3315=CARTESIAN_POINT('',(-1.016E1,1.5E-1,-2.54E0));
#3316=DIRECTION('',(0.E0,-1.E0,0.E0));
#3317=DIRECTION('',(1.E0,0.E0,0.E0));
#3318=AXIS2_PLACEMENT_3D('',#3315,#3316,#3317);
#3320=CARTESIAN_POINT('',(-1.016E1,1.5E-1,-2.54E0));
#3321=DIRECTION('',(0.E0,-1.E0,0.E0));
#3322=DIRECTION('',(-1.E0,0.E0,0.E0));
#3323=AXIS2_PLACEMENT_3D('',#3320,#3321,#3322);
#3325=DIRECTION('',(2.114710523095E-14,0.E0,1.E0));
#3326=VECTOR('',#3325,8.4E-1);
#3327=CARTESIAN_POINT('',(1.196E1,0.E0,-1.1E1));
#3328=LINE('',#3327,#3326);
#3329=DIRECTION('',(0.E0,-1.E0,0.E0));
#3330=VECTOR('',#3329,1.5E-1);
#3331=CARTESIAN_POINT('',(1.196E1,1.5E-1,-1.1E1));
#3332=LINE('',#3331,#3330);
#3333=DIRECTION('',(1.184237892934E-14,1.E0,-2.605323364454E-13));
#3334=VECTOR('',#3333,1.5E-1);
#3335=CARTESIAN_POINT('',(8.36E0,0.E0,-1.016E1));
#3336=LINE('',#3335,#3334);
#3337=DIRECTION('',(0.E0,-1.E0,-2.605323364454E-13));
#3338=VECTOR('',#3337,1.5E-1);
#3339=CARTESIAN_POINT('',(1.196E1,1.5E-1,-1.016E1));
#3340=LINE('',#3339,#3338);
#3341=DIRECTION('',(1.903239470786E-14,0.E0,-1.E0));
#3342=VECTOR('',#3341,8.399999999999E-1);
#3343=CARTESIAN_POINT('',(8.36E0,0.E0,-1.016E1));
#3344=LINE('',#3343,#3342);
#3345=DIRECTION('',(0.E0,0.E0,-1.E0));
#3346=VECTOR('',#3345,8.4E-1);
#3347=CARTESIAN_POINT('',(-1.196E1,0.E0,1.1E1));
#3348=LINE('',#3347,#3346);
#3349=DIRECTION('',(0.E0,-1.E0,0.E0));
#3350=VECTOR('',#3349,1.5E-1);
#3351=CARTESIAN_POINT('',(-1.196E1,1.5E-1,1.1E1));
#3352=LINE('',#3351,#3350);
#3353=DIRECTION('',(0.E0,1.E0,1.184237892934E-14));
#3354=VECTOR('',#3353,1.5E-1);
#3355=CARTESIAN_POINT('',(-8.36E0,0.E0,1.016E1));
#3356=LINE('',#3355,#3354);
#3357=DIRECTION('',(0.E0,-1.E0,0.E0));
#3358=VECTOR('',#3357,1.5E-1);
#3359=CARTESIAN_POINT('',(-1.196E1,1.5E-1,1.016E1));
#3360=LINE('',#3359,#3358);
#3361=DIRECTION('',(0.E0,0.E0,1.E0));
#3362=VECTOR('',#3361,8.4E-1);
#3363=CARTESIAN_POINT('',(-8.36E0,0.E0,1.016E1));
#3364=LINE('',#3363,#3362);
#3365=DIRECTION('',(0.E0,-1.E0,0.E0));
#3366=VECTOR('',#3365,1.5E-1);
#3367=CARTESIAN_POINT('',(-8.36E0,1.5E-1,1.1E1));
#3368=LINE('',#3367,#3366);
#3369=DIRECTION('',(-1.E0,0.E0,0.E0));
#3370=VECTOR('',#3369,1.44E0);
#3371=CARTESIAN_POINT('',(-8.36E0,0.E0,1.1E1));
#3372=LINE('',#3371,#3370);
#3373=DIRECTION('',(0.E0,1.E0,0.E0));
#3374=VECTOR('',#3373,1.2E0);
#3375=CARTESIAN_POINT('',(-6.E0,-1.2E0,1.1E1));
#3376=LINE('',#3375,#3374);
#3377=DIRECTION('',(1.E0,0.E0,0.E0));
#3378=VECTOR('',#3377,1.2E1);
#3379=CARTESIAN_POINT('',(-6.E0,0.E0,1.1E1));
#3380=LINE('',#3379,#3378);
#3381=DIRECTION('',(0.E0,1.E0,0.E0));
#3382=VECTOR('',#3381,1.2E0);
#3383=CARTESIAN_POINT('',(9.8E0,-1.2E0,1.1E1));
#3384=LINE('',#3383,#3382);
#3385=DIRECTION('',(-1.E0,0.E0,0.E0));
#3386=VECTOR('',#3385,1.44E0);
#3387=CARTESIAN_POINT('',(9.8E0,0.E0,1.1E1));
#3388=LINE('',#3387,#3386);
#3389=DIRECTION('',(1.E0,0.E0,0.E0));
#3390=VECTOR('',#3389,3.8E0);
#3391=CARTESIAN_POINT('',(-9.8E0,-1.2E0,1.155E1));
#3392=LINE('',#3391,#3390);
#3393=DIRECTION('',(0.E0,0.E0,-1.E0));
#3394=VECTOR('',#3393,5.5E-1);
#3395=CARTESIAN_POINT('',(-6.E0,-1.2E0,1.155E1));
#3396=LINE('',#3395,#3394);
#3397=DIRECTION('',(-1.E0,0.E0,0.E0));
#3398=VECTOR('',#3397,3.8E0);
#3399=CARTESIAN_POINT('',(-6.E0,-1.2E0,1.1E1));
#3400=LINE('',#3399,#3398);
#3401=DIRECTION('',(0.E0,0.E0,1.E0));
#3402=VECTOR('',#3401,5.5E-1);
#3403=CARTESIAN_POINT('',(-9.8E0,-1.2E0,1.1E1));
#3404=LINE('',#3403,#3402);
#3405=DIRECTION('',(0.E0,1.E0,0.E0));
#3406=VECTOR('',#3405,1.2E0);
#3407=CARTESIAN_POINT('',(-6.E0,-1.2E0,1.155E1));
#3408=LINE('',#3407,#3406);
#3409=DIRECTION('',(0.E0,0.E0,1.E0));
#3410=VECTOR('',#3409,5.5E-1);
#3411=CARTESIAN_POINT('',(-6.E0,0.E0,1.1E1));
#3412=LINE('',#3411,#3410);
#3413=DIRECTION('',(1.E0,0.E0,0.E0));
#3414=VECTOR('',#3413,1.2E1);
#3415=CARTESIAN_POINT('',(-6.E0,0.E0,1.155E1));
#3416=LINE('',#3415,#3414);
#3417=DIRECTION('',(0.E0,0.E0,1.E0));
#3418=VECTOR('',#3417,5.5E-1);
#3419=CARTESIAN_POINT('',(6.E0,0.E0,1.1E1));
#3420=LINE('',#3419,#3418);
#3421=DIRECTION('',(0.E0,1.E0,0.E0));
#3422=VECTOR('',#3421,1.2E0);
#3423=CARTESIAN_POINT('',(6.E0,-1.2E0,1.1E1));
#3424=LINE('',#3423,#3422);
#3425=DIRECTION('',(1.E0,0.E0,0.E0));
#3426=VECTOR('',#3425,3.8E0);
#3427=CARTESIAN_POINT('',(6.E0,-1.2E0,1.155E1));
#3428=LINE('',#3427,#3426);
#3429=DIRECTION('',(0.E0,0.E0,-1.E0));
#3430=VECTOR('',#3429,5.5E-1);
#3431=CARTESIAN_POINT('',(9.8E0,-1.2E0,1.155E1));
#3432=LINE('',#3431,#3430);
#3433=DIRECTION('',(-1.E0,0.E0,0.E0));
#3434=VECTOR('',#3433,3.8E0);
#3435=CARTESIAN_POINT('',(9.8E0,-1.2E0,1.1E1));
#3436=LINE('',#3435,#3434);
#3437=DIRECTION('',(0.E0,0.E0,1.E0));
#3438=VECTOR('',#3437,5.5E-1);
#3439=CARTESIAN_POINT('',(6.E0,-1.2E0,1.1E1));
#3440=LINE('',#3439,#3438);
#3441=DIRECTION('',(0.E0,1.E0,0.E0));
#3442=VECTOR('',#3441,1.2E0);
#3443=CARTESIAN_POINT('',(9.8E0,-1.2E0,1.155E1));
#3444=LINE('',#3443,#3442);
#3445=DIRECTION('',(0.E0,0.E0,1.E0));
#3446=VECTOR('',#3445,5.5E-1);
#3447=CARTESIAN_POINT('',(9.8E0,0.E0,1.1E1));
#3448=LINE('',#3447,#3446);
#3449=DIRECTION('',(1.E0,0.E0,0.E0));
#3450=VECTOR('',#3449,6.7E0);
#3451=CARTESIAN_POINT('',(9.8E0,0.E0,1.155E1));
#3452=LINE('',#3451,#3450);
#3453=CARTESIAN_POINT('',(1.016E1,0.E0,1.016E1));
#3454=DIRECTION('',(0.E0,1.E0,0.E0));
#3455=DIRECTION('',(1.E0,0.E0,0.E0));
#3456=AXIS2_PLACEMENT_3D('',#3453,#3454,#3455);
#3458=CARTESIAN_POINT('',(1.016E1,0.E0,1.016E1));
#3459=DIRECTION('',(0.E0,-1.E0,0.E0));
#3460=DIRECTION('',(1.E0,0.E0,0.E0));
#3461=AXIS2_PLACEMENT_3D('',#3458,#3459,#3460);
#3463=CARTESIAN_POINT('',(1.016E1,0.E0,1.016E1));
#3464=DIRECTION('',(0.E0,-1.E0,0.E0));
#3465=DIRECTION('',(0.E0,0.E0,1.E0));
#3466=AXIS2_PLACEMENT_3D('',#3463,#3464,#3465);
#3468=CARTESIAN_POINT('',(1.016E1,0.E0,1.016E1));
#3469=DIRECTION('',(0.E0,-1.E0,0.E0));
#3470=DIRECTION('',(-1.E0,0.E0,0.E0));
#3471=AXIS2_PLACEMENT_3D('',#3468,#3469,#3470);
#3473=CARTESIAN_POINT('',(1.016E1,0.E0,1.016E1));
#3474=DIRECTION('',(0.E0,-1.E0,0.E0));
#3475=DIRECTION('',(0.E0,0.E0,-1.E0));
#3476=AXIS2_PLACEMENT_3D('',#3473,#3474,#3475);
#3478=DIRECTION('',(0.E0,9.544799780350E-1,-2.982749931359E-1));
#3479=VECTOR('',#3478,1.676305461424E0);
#3480=CARTESIAN_POINT('',(1.65E1,-2.E0,1.115E1));
#3481=LINE('',#3480,#3479);
#3482=DIRECTION('',(0.E0,1.E0,-4.263256414561E-14));
#3483=VECTOR('',#3482,2.5E-1);
#3484=CARTESIAN_POINT('',(1.65E1,-4.E-1,1.065E1));
#3485=LINE('',#3484,#3483);
#3486=DIRECTION('',(0.E0,1.E0,0.E0));
#3487=VECTOR('',#3486,1.5E-1);
#3488=CARTESIAN_POINT('',(1.65E1,-1.5E-1,1.1E1));
#3489=LINE('',#3488,#3487);
#3490=DIRECTION('',(0.E0,0.E0,1.E0));
#3491=VECTOR('',#3490,5.5E-1);
#3492=CARTESIAN_POINT('',(1.65E1,0.E0,1.1E1));
#3493=LINE('',#3492,#3491);
#3494=DIRECTION('',(-1.E0,-9.643079985316E-14,0.E0));
#3495=VECTOR('',#3494,7.E-1);
#3496=CARTESIAN_POINT('',(1.72E1,-3.999999999999E-1,1.065E1));
#3497=LINE('',#3496,#3495);
#3498=DIRECTION('',(0.E0,-9.544799780350E-1,2.982749931359E-1));
#3499=VECTOR('',#3498,1.676305461424E0);
#3500=CARTESIAN_POINT('',(1.72E1,-3.999999999999E-1,1.065E1));
#3501=LINE('',#3500,#3499);
#3502=DIRECTION('',(0.E0,1.E0,0.E0));
#3503=VECTOR('',#3502,2.E0);
#3504=CARTESIAN_POINT('',(1.72E1,-2.E0,1.155E1));
#3505=LINE('',#3504,#3503);
#3506=DIRECTION('',(0.E0,0.E0,-1.E0));
#3507=VECTOR('',#3506,5.5E-1);
#3508=CARTESIAN_POINT('',(1.72E1,0.E0,1.155E1));
#3509=LINE('',#3508,#3507);
#3510=DIRECTION('',(0.E0,0.E0,-1.E0));
#3511=VECTOR('',#3510,3.5E-1);
#3512=CARTESIAN_POINT('',(1.72E1,-1.5E-1,1.1E1));
#3513=LINE('',#3512,#3511);
#3514=DIRECTION('',(-1.E0,0.E0,-3.045183153258E-14));
#3515=VECTOR('',#3514,7.E-1);
#3516=CARTESIAN_POINT('',(1.72E1,-2.E0,1.115E1));
#3517=LINE('',#3516,#3515);
#3518=DIRECTION('',(0.E0,0.E0,1.E0));
#3519=VECTOR('',#3518,4.E-1);
#3520=CARTESIAN_POINT('',(1.65E1,-2.E0,1.115E1));
#3521=LINE('',#3520,#3519);
#3522=DIRECTION('',(1.E0,0.E0,0.E0));
#3523=VECTOR('',#3522,7.E-1);
#3524=CARTESIAN_POINT('',(1.65E1,-2.E0,1.155E1));
#3525=LINE('',#3524,#3523);
#3526=DIRECTION('',(0.E0,0.E0,-1.E0));
#3527=VECTOR('',#3526,4.E-1);
#3528=CARTESIAN_POINT('',(1.72E1,-2.E0,1.155E1));
#3529=LINE('',#3528,#3527);
#3530=DIRECTION('',(0.E0,0.E0,-1.E0));
#3531=VECTOR('',#3530,3.5E-1);
#3532=CARTESIAN_POINT('',(1.65E1,-1.5E-1,1.1E1));
#3533=LINE('',#3532,#3531);
#3534=DIRECTION('',(0.E0,1.E0,-4.263256414562E-14));
#3535=VECTOR('',#3534,2.499999999999E-1);
#3536=CARTESIAN_POINT('',(1.72E1,-3.999999999999E-1,1.065E1));
#3537=LINE('',#3536,#3535);
#3538=DIRECTION('',(-1.E0,0.E0,0.E0));
#3539=VECTOR('',#3538,7.E-1);
#3540=CARTESIAN_POINT('',(1.72E1,-1.5E-1,1.065E1));
#3541=LINE('',#3540,#3539);
#3542=DIRECTION('',(0.E0,0.E0,1.E0));
#3543=VECTOR('',#3542,8.4E-1);
#3544=CARTESIAN_POINT('',(1.196E1,0.E0,1.016E1));
#3545=LINE('',#3544,#3543);
#3546=DIRECTION('',(0.E0,1.E0,1.184237892934E-14));
#3547=VECTOR('',#3546,1.5E-1);
#3548=CARTESIAN_POINT('',(1.196E1,0.E0,1.016E1));
#3549=LINE('',#3548,#3547);
#3550=DIRECTION('',(0.E0,-1.E0,0.E0));
#3551=VECTOR('',#3550,1.5E-1);
#3552=CARTESIAN_POINT('',(8.36E0,1.5E-1,1.016E1));
#3553=LINE('',#3552,#3551);
#3554=DIRECTION('',(0.E0,0.E0,-1.E0));
#3555=VECTOR('',#3554,8.4E-1);
#3556=CARTESIAN_POINT('',(8.36E0,0.E0,1.1E1));
#3557=LINE('',#3556,#3555);
#3558=DIRECTION('',(0.E0,-1.E0,0.E0));
#3559=VECTOR('',#3558,1.5E-1);
#3560=CARTESIAN_POINT('',(8.36E0,1.5E-1,1.1E1));
#3561=LINE('',#3560,#3559);
#3562=CARTESIAN_POINT('',(1.016E1,9.E-1,1.016E1));
#3563=DIRECTION('',(0.E0,-1.E0,0.E0));
#3564=DIRECTION('',(1.E0,0.E0,-4.802727527844E-10));
#3565=AXIS2_PLACEMENT_3D('',#3562,#3563,#3564);
#3567=CARTESIAN_POINT('',(1.016E1,9.E-1,1.016E1));
#3568=DIRECTION('',(0.E0,-1.E0,0.E0));
#3569=DIRECTION('',(0.E0,0.E0,1.E0));
#3570=AXIS2_PLACEMENT_3D('',#3567,#3568,#3569);
#3572=DIRECTION('',(-1.104315260749E-1,-9.938837346736E-1,1.905495698710E-10));
#3573=VECTOR('',#3572,9.055385138137E-1);
#3574=CARTESIAN_POINT('',(9.635E0,9.E-1,1.016000000029E1));
#3575=LINE('',#3574,#3573);
#3576=DIRECTION('',(1.776356839400E-14,1.E0,1.469011579047E-9));
#3577=VECTOR('',#3576,2.E-1);
#3578=CARTESIAN_POINT('',(9.635E0,7.E-1,1.016E1));
#3579=LINE('',#3578,#3577);
#3580=DIRECTION('',(0.E0,1.E0,-1.258895210299E-9));
#3581=VECTOR('',#3580,2.E-1);
#3582=CARTESIAN_POINT('',(1.0685E1,7.E-1,1.015999999983E1));
#3583=LINE('',#3582,#3581);
#3584=CARTESIAN_POINT('',(1.016E1,9.E-1,1.016E1));
#3585=DIRECTION('',(0.E0,-1.E0,0.E0));
#3586=DIRECTION('',(-1.E0,0.E0,0.E0));
#3587=AXIS2_PLACEMENT_3D('',#3584,#3585,#3586);
#3589=CARTESIAN_POINT('',(1.016E1,9.E-1,1.016E1));
#3590=DIRECTION('',(0.E0,-1.E0,0.E0));
#3591=DIRECTION('',(0.E0,0.E0,-1.E0));
#3592=AXIS2_PLACEMENT_3D('',#3589,#3590,#3591);
#3594=DIRECTION('',(1.104315260748E-1,-9.938837346736E-1,-5.132678068784E-11));
#3595=VECTOR('',#3594,9.055385138137E-1);
#3596=CARTESIAN_POINT('',(1.0685E1,9.E-1,1.015999999958E1));
#3597=LINE('',#3596,#3595);
#3598=CARTESIAN_POINT('',(1.016E1,7.E-1,1.016E1));
#3599=DIRECTION('',(0.E0,1.E0,0.E0));
#3600=DIRECTION('',(-1.E0,0.E0,0.E0));
#3601=AXIS2_PLACEMENT_3D('',#3598,#3599,#3600);
#3603=CARTESIAN_POINT('',(1.016E1,7.E-1,1.016E1));
#3604=DIRECTION('',(0.E0,1.E0,0.E0));
#3605=DIRECTION('',(1.E0,0.E0,0.E0));
#3606=AXIS2_PLACEMENT_3D('',#3603,#3604,#3605);
#3608=DIRECTION('',(0.E0,-1.E0,0.E0));
#3609=VECTOR('',#3608,1.5E-1);
#3610=CARTESIAN_POINT('',(-8.36E0,1.5E-1,2.54E0));
#3611=LINE('',#3610,#3609);
#3612=CARTESIAN_POINT('',(-1.016E1,0.E0,2.54E0));
#3613=DIRECTION('',(0.E0,1.E0,0.E0));
#3614=DIRECTION('',(-1.E0,0.E0,0.E0));
#3615=AXIS2_PLACEMENT_3D('',#3612,#3613,#3614);
#3617=CARTESIAN_POINT('',(-1.016E1,0.E0,2.54E0));
#3618=DIRECTION('',(0.E0,1.E0,0.E0));
#3619=DIRECTION('',(1.E0,0.E0,0.E0));
#3620=AXIS2_PLACEMENT_3D('',#3617,#3618,#3619);
#3622=CARTESIAN_POINT('',(-1.016E1,0.E0,2.54E0));
#3623=DIRECTION('',(0.E0,-1.E0,0.E0));
#3624=DIRECTION('',(1.E0,0.E0,0.E0));
#3625=AXIS2_PLACEMENT_3D('',#3622,#3623,#3624);
#3627=CARTESIAN_POINT('',(-1.016E1,0.E0,2.54E0));
#3628=DIRECTION('',(0.E0,-1.E0,0.E0));
#3629=DIRECTION('',(0.E0,0.E0,1.E0));
#3630=AXIS2_PLACEMENT_3D('',#3627,#3628,#3629);
#3632=CARTESIAN_POINT('',(-1.016E1,0.E0,2.54E0));
#3633=DIRECTION('',(0.E0,-1.E0,0.E0));
#3634=DIRECTION('',(-1.E0,0.E0,0.E0));
#3635=AXIS2_PLACEMENT_3D('',#3632,#3633,#3634);
#3637=CARTESIAN_POINT('',(-1.016E1,0.E0,2.54E0));
#3638=DIRECTION('',(0.E0,-1.E0,0.E0));
#3639=DIRECTION('',(0.E0,0.E0,-1.E0));
#3640=AXIS2_PLACEMENT_3D('',#3637,#3638,#3639);
#3642=DIRECTION('',(0.E0,-1.E0,0.E0));
#3643=VECTOR('',#3642,1.5E-1);
#3644=CARTESIAN_POINT('',(-1.196E1,1.5E-1,2.54E0));
#3645=LINE('',#3644,#3643);
#3646=CARTESIAN_POINT('',(-1.016E1,9.E-1,2.54E0));
#3647=DIRECTION('',(0.E0,-1.E0,0.E0));
#3648=DIRECTION('',(1.E0,0.E0,-4.726547195960E-10));
#3649=AXIS2_PLACEMENT_3D('',#3646,#3647,#3648);
#3651=CARTESIAN_POINT('',(-1.016E1,9.E-1,2.54E0));
#3652=DIRECTION('',(0.E0,-1.E0,0.E0));
#3653=DIRECTION('',(0.E0,0.E0,1.E0));
#3654=AXIS2_PLACEMENT_3D('',#3651,#3652,#3653);
#3656=DIRECTION('',(-1.104315260748E-1,-9.938837346736E-1,1.896614292268E-10));
#3657=VECTOR('',#3656,9.055385138137E-1);
#3658=CARTESIAN_POINT('',(-1.0685E1,9.E-1,2.540000000292E0));
#3659=LINE('',#3658,#3657);
#3660=DIRECTION('',(0.E0,1.E0,1.462159282539E-9));
#3661=VECTOR('',#3660,2.E-1);
#3662=CARTESIAN_POINT('',(-1.0685E1,7.E-1,2.54E0));
#3663=LINE('',#3662,#3661);
#3664=DIRECTION('',(-1.776356839400E-14,1.E0,-1.255371362419E-9));
#3665=VECTOR('',#3664,2.E-1);
#3666=CARTESIAN_POINT('',(-9.635E0,7.E-1,2.539999999835E0));
#3667=LINE('',#3666,#3665);
#3668=CARTESIAN_POINT('',(-1.016E1,9.E-1,2.54E0));
#3669=DIRECTION('',(0.E0,-1.E0,0.E0));
#3670=DIRECTION('',(-1.E0,0.E0,0.E0));
#3671=AXIS2_PLACEMENT_3D('',#3668,#3669,#3670);
#3673=CARTESIAN_POINT('',(-1.016E1,9.E-1,2.54E0));
#3674=DIRECTION('',(0.E0,-1.E0,0.E0));
#3675=DIRECTION('',(0.E0,0.E0,-1.E0));
#3676=AXIS2_PLACEMENT_3D('',#3673,#3674,#3675);
#3678=DIRECTION('',(1.104315260749E-1,-9.938837346736E-1,-5.264746691364E-11));
#3679=VECTOR('',#3678,9.055385138137E-1);
#3680=CARTESIAN_POINT('',(-9.635E0,9.E-1,2.539999999583E0));
#3681=LINE('',#3680,#3679);
#3682=CARTESIAN_POINT('',(-1.016E1,7.E-1,2.54E0));
#3683=DIRECTION('',(0.E0,1.E0,0.E0));
#3684=DIRECTION('',(-1.E0,0.E0,0.E0));
#3685=AXIS2_PLACEMENT_3D('',#3682,#3683,#3684);
#3687=CARTESIAN_POINT('',(-1.016E1,7.E-1,2.54E0));
#3688=DIRECTION('',(0.E0,1.E0,0.E0));
#3689=DIRECTION('',(1.E0,0.E0,0.E0));
#3690=AXIS2_PLACEMENT_3D('',#3687,#3688,#3689);
#3692=DIRECTION('',(0.E0,-1.E0,0.E0));
#3693=VECTOR('',#3692,1.5E-1);
#3694=CARTESIAN_POINT('',(1.196E1,1.5E-1,0.E0));
#3695=LINE('',#3694,#3693);
#3696=CARTESIAN_POINT('',(1.016E1,0.E0,0.E0));
#3697=DIRECTION('',(0.E0,1.E0,0.E0));
#3698=DIRECTION('',(-1.E0,0.E0,0.E0));
#3699=AXIS2_PLACEMENT_3D('',#3696,#3697,#3698);
#3701=CARTESIAN_POINT('',(1.016E1,0.E0,0.E0));
#3702=DIRECTION('',(0.E0,1.E0,0.E0));
#3703=DIRECTION('',(1.E0,0.E0,0.E0));
#3704=AXIS2_PLACEMENT_3D('',#3701,#3702,#3703);
#3706=CARTESIAN_POINT('',(1.016E1,0.E0,0.E0));
#3707=DIRECTION('',(0.E0,-1.E0,0.E0));
#3708=DIRECTION('',(1.E0,0.E0,0.E0));
#3709=AXIS2_PLACEMENT_3D('',#3706,#3707,#3708);
#3711=CARTESIAN_POINT('',(1.016E1,0.E0,0.E0));
#3712=DIRECTION('',(0.E0,-1.E0,0.E0));
#3713=DIRECTION('',(0.E0,0.E0,1.E0));
#3714=AXIS2_PLACEMENT_3D('',#3711,#3712,#3713);
#3716=CARTESIAN_POINT('',(1.016E1,0.E0,0.E0));
#3717=DIRECTION('',(0.E0,-1.E0,0.E0));
#3718=DIRECTION('',(-1.E0,0.E0,0.E0));
#3719=AXIS2_PLACEMENT_3D('',#3716,#3717,#3718);
#3721=CARTESIAN_POINT('',(1.016E1,0.E0,0.E0));
#3722=DIRECTION('',(0.E0,-1.E0,0.E0));
#3723=DIRECTION('',(0.E0,0.E0,-1.E0));
#3724=AXIS2_PLACEMENT_3D('',#3721,#3722,#3723);
#3726=DIRECTION('',(0.E0,-1.E0,0.E0));
#3727=VECTOR('',#3726,1.5E-1);
#3728=CARTESIAN_POINT('',(8.36E0,1.5E-1,0.E0));
#3729=LINE('',#3728,#3727);
#3730=CARTESIAN_POINT('',(1.016E1,9.E-1,0.E0));
#3731=DIRECTION('',(0.E0,-1.E0,0.E0));
#3732=DIRECTION('',(1.E0,0.E0,-4.721071197240E-10));
#3733=AXIS2_PLACEMENT_3D('',#3730,#3731,#3732);
#3735=CARTESIAN_POINT('',(1.016E1,9.E-1,0.E0));
#3736=DIRECTION('',(0.E0,-1.E0,0.E0));
#3737=DIRECTION('',(0.E0,0.E0,1.E0));
#3738=AXIS2_PLACEMENT_3D('',#3735,#3736,#3737);
#3740=DIRECTION('',(-1.104315260749E-1,-9.938837346736E-1,1.896157986737E-10));
#3741=VECTOR('',#3740,9.055385138137E-1);
#3742=CARTESIAN_POINT('',(9.635E0,9.E-1,2.923614844416E-10));
#3743=LINE('',#3742,#3741);
#3744=DIRECTION('',(1.776356839400E-14,1.E0,1.461807690223E-9));
#3745=VECTOR('',#3744,2.E-1);
#3746=CARTESIAN_POINT('',(9.635E0,7.E-1,0.E0));
#3747=LINE('',#3746,#3745);
#3748=DIRECTION('',(0.E0,1.E0,-1.255261063199E-9));
#3749=VECTOR('',#3748,2.E-1);
#3750=CARTESIAN_POINT('',(1.0685E1,7.E-1,-1.652374811631E-10));
#3751=LINE('',#3750,#3749);
#3752=CARTESIAN_POINT('',(1.016E1,9.E-1,0.E0));
#3753=DIRECTION('',(0.E0,-1.E0,0.E0));
#3754=DIRECTION('',(-1.E0,0.E0,0.E0));
#3755=AXIS2_PLACEMENT_3D('',#3752,#3753,#3754);
#3757=CARTESIAN_POINT('',(1.016E1,9.E-1,0.E0));
#3758=DIRECTION('',(0.E0,-1.E0,0.E0));
#3759=DIRECTION('',(0.E0,0.E0,-1.E0));
#3760=AXIS2_PLACEMENT_3D('',#3757,#3758,#3759);
#3762=DIRECTION('',(1.104315260748E-1,-9.938837346736E-1,-5.276008800851E-11));
#3763=VECTOR('',#3762,9.055385138137E-1);
#3764=CARTESIAN_POINT('',(1.0685E1,9.E-1,-4.162896938028E-10));
#3765=LINE('',#3764,#3763);
#3766=CARTESIAN_POINT('',(1.016E1,7.E-1,0.E0));
#3767=DIRECTION('',(0.E0,1.E0,0.E0));
#3768=DIRECTION('',(-1.E0,0.E0,0.E0));
#3769=AXIS2_PLACEMENT_3D('',#3766,#3767,#3768);
#3771=CARTESIAN_POINT('',(1.016E1,7.E-1,0.E0));
#3772=DIRECTION('',(0.E0,1.E0,0.E0));
#3773=DIRECTION('',(1.E0,0.E0,0.E0));
#3774=AXIS2_PLACEMENT_3D('',#3771,#3772,#3773);
#3776=DIRECTION('',(0.E0,-1.E0,0.E0));
#3777=VECTOR('',#3776,1.5E-1);
#3778=CARTESIAN_POINT('',(-8.36E0,1.5E-1,-2.54E0));
#3779=LINE('',#3778,#3777);
#3780=CARTESIAN_POINT('',(-1.016E1,0.E0,-2.54E0));
#3781=DIRECTION('',(0.E0,1.E0,0.E0));
#3782=DIRECTION('',(-1.E0,0.E0,0.E0));
#3783=AXIS2_PLACEMENT_3D('',#3780,#3781,#3782);
#3785=CARTESIAN_POINT('',(-1.016E1,0.E0,-2.54E0));
#3786=DIRECTION('',(0.E0,1.E0,0.E0));
#3787=DIRECTION('',(1.E0,0.E0,0.E0));
#3788=AXIS2_PLACEMENT_3D('',#3785,#3786,#3787);
#3790=CARTESIAN_POINT('',(-1.016E1,0.E0,-2.54E0));
#3791=DIRECTION('',(0.E0,-1.E0,0.E0));
#3792=DIRECTION('',(1.E0,0.E0,0.E0));
#3793=AXIS2_PLACEMENT_3D('',#3790,#3791,#3792);
#3795=CARTESIAN_POINT('',(-1.016E1,0.E0,-2.54E0));
#3796=DIRECTION('',(0.E0,-1.E0,0.E0));
#3797=DIRECTION('',(0.E0,0.E0,1.E0));
#3798=AXIS2_PLACEMENT_3D('',#3795,#3796,#3797);
#3800=CARTESIAN_POINT('',(-1.016E1,0.E0,-2.54E0));
#3801=DIRECTION('',(0.E0,-1.E0,0.E0));
#3802=DIRECTION('',(-1.E0,0.E0,0.E0));
#3803=AXIS2_PLACEMENT_3D('',#3800,#3801,#3802);
#3805=CARTESIAN_POINT('',(-1.016E1,0.E0,-2.54E0));
#3806=DIRECTION('',(0.E0,-1.E0,0.E0));
#3807=DIRECTION('',(0.E0,0.E0,-1.E0));
#3808=AXIS2_PLACEMENT_3D('',#3805,#3806,#3807);
#3810=DIRECTION('',(0.E0,-1.E0,0.E0));
#3811=VECTOR('',#3810,1.5E-1);
#3812=CARTESIAN_POINT('',(-1.196E1,1.5E-1,-2.54E0));
#3813=LINE('',#3812,#3811);
#3814=CARTESIAN_POINT('',(-1.016E1,9.E-1,-2.54E0));
#3815=DIRECTION('',(0.E0,-1.E0,0.E0));
#3816=DIRECTION('',(1.E0,0.E0,-4.726547195960E-10));
#3817=AXIS2_PLACEMENT_3D('',#3814,#3815,#3816);
#3819=CARTESIAN_POINT('',(-1.016E1,9.E-1,-2.54E0));
#3820=DIRECTION('',(0.E0,-1.E0,0.E0));
#3821=DIRECTION('',(0.E0,0.E0,1.E0));
#3822=AXIS2_PLACEMENT_3D('',#3819,#3820,#3821);
#3824=DIRECTION('',(-1.104315260748E-1,-9.938837346736E-1,1.896614292268E-10));
#3825=VECTOR('',#3824,9.055385138137E-1);
#3826=CARTESIAN_POINT('',(-1.0685E1,9.E-1,-2.539999999708E0));
#3827=LINE('',#3826,#3825);
#3828=DIRECTION('',(0.E0,1.E0,1.462159282539E-9));
#3829=VECTOR('',#3828,2.E-1);
#3830=CARTESIAN_POINT('',(-1.0685E1,7.E-1,-2.54E0));
#3831=LINE('',#3830,#3829);
#3832=DIRECTION('',(-1.776356839400E-14,1.E0,-1.255373582865E-9));
#3833=VECTOR('',#3832,2.E-1);
#3834=CARTESIAN_POINT('',(-9.635E0,7.E-1,-2.540000000165E0));
#3835=LINE('',#3834,#3833);
#3836=CARTESIAN_POINT('',(-1.016E1,9.E-1,-2.54E0));
#3837=DIRECTION('',(0.E0,-1.E0,0.E0));
#3838=DIRECTION('',(-1.E0,0.E0,0.E0));
#3839=AXIS2_PLACEMENT_3D('',#3836,#3837,#3838);
#3841=CARTESIAN_POINT('',(-1.016E1,9.E-1,-2.54E0));
#3842=DIRECTION('',(0.E0,-1.E0,0.E0));
#3843=DIRECTION('',(0.E0,0.E0,-1.E0));
#3844=AXIS2_PLACEMENT_3D('',#3841,#3842,#3843);
#3846=DIRECTION('',(1.104315260749E-1,-9.938837346736E-1,-5.264648608465E-11));
#3847=VECTOR('',#3846,9.055385138137E-1);
#3848=CARTESIAN_POINT('',(-9.635E0,9.E-1,-2.540000000417E0));
#3849=LINE('',#3848,#3847);
#3850=CARTESIAN_POINT('',(-1.016E1,7.E-1,-2.54E0));
#3851=DIRECTION('',(0.E0,1.E0,0.E0));
#3852=DIRECTION('',(-1.E0,0.E0,0.E0));
#3853=AXIS2_PLACEMENT_3D('',#3850,#3851,#3852);
#3855=CARTESIAN_POINT('',(-1.016E1,7.E-1,-2.54E0));
#3856=DIRECTION('',(0.E0,1.E0,0.E0));
#3857=DIRECTION('',(1.E0,0.E0,0.E0));
#3858=AXIS2_PLACEMENT_3D('',#3855,#3856,#3857);
#3860=DIRECTION('',(0.E0,-9.544799780350E-1,-2.982749931359E-1));
#3861=VECTOR('',#3860,1.676305461424E0);
#3862=CARTESIAN_POINT('',(1.65E1,-3.999999999999E-1,-1.065E1));
#3863=LINE('',#3862,#3861);
#3864=DIRECTION('',(0.E0,1.E0,0.E0));
#3865=VECTOR('',#3864,2.E0);
#3866=CARTESIAN_POINT('',(1.65E1,-2.E0,-1.155E1));
#3867=LINE('',#3866,#3865);
#3868=DIRECTION('',(0.E0,0.E0,1.E0));
#3869=VECTOR('',#3868,5.5E-1);
#3870=CARTESIAN_POINT('',(1.65E1,0.E0,-1.155E1));
#3871=LINE('',#3870,#3869);
#3872=DIRECTION('',(0.E0,0.E0,1.E0));
#3873=VECTOR('',#3872,3.5E-1);
#3874=CARTESIAN_POINT('',(1.65E1,-1.5E-1,-1.1E1));
#3875=LINE('',#3874,#3873);
#3876=DIRECTION('',(1.E0,-9.643079985316E-14,0.E0));
#3877=VECTOR('',#3876,7.E-1);
#3878=CARTESIAN_POINT('',(1.65E1,-3.999999999999E-1,-1.065E1));
#3879=LINE('',#3878,#3877);
#3880=DIRECTION('',(0.E0,1.E0,4.263256414562E-14));
#3881=VECTOR('',#3880,2.499999999999E-1);
#3882=CARTESIAN_POINT('',(1.65E1,-3.999999999999E-1,-1.065E1));
#3883=LINE('',#3882,#3881);
#3884=DIRECTION('',(1.E0,0.E0,0.E0));
#3885=VECTOR('',#3884,7.E-1);
#3886=CARTESIAN_POINT('',(1.65E1,-1.5E-1,-1.065E1));
#3887=LINE('',#3886,#3885);
#3888=DIRECTION('',(0.E0,0.E0,1.E0));
#3889=VECTOR('',#3888,3.5E-1);
#3890=CARTESIAN_POINT('',(1.72E1,-1.5E-1,-1.1E1));
#3891=LINE('',#3890,#3889);
#3892=DIRECTION('',(0.E0,9.544799780350E-1,2.982749931359E-1));
#3893=VECTOR('',#3892,1.676305461424E0);
#3894=CARTESIAN_POINT('',(1.72E1,-2.E0,-1.115E1));
#3895=LINE('',#3894,#3893);
#3896=DIRECTION('',(0.E0,1.E0,4.263256414561E-14));
#3897=VECTOR('',#3896,2.5E-1);
#3898=CARTESIAN_POINT('',(1.72E1,-4.E-1,-1.065E1));
#3899=LINE('',#3898,#3897);
#3900=DIRECTION('',(0.E0,1.E0,0.E0));
#3901=VECTOR('',#3900,1.5E-1);
#3902=CARTESIAN_POINT('',(1.72E1,-1.5E-1,-1.1E1));
#3903=LINE('',#3902,#3901);
#3904=DIRECTION('',(0.E0,0.E0,-1.E0));
#3905=VECTOR('',#3904,5.5E-1);
#3906=CARTESIAN_POINT('',(1.72E1,0.E0,-1.1E1));
#3907=LINE('',#3906,#3905);
#3908=DIRECTION('',(1.E0,0.E0,3.045183153258E-14));
#3909=VECTOR('',#3908,7.E-1);
#3910=CARTESIAN_POINT('',(1.65E1,-2.E0,-1.115E1));
#3911=LINE('',#3910,#3909);
#3912=DIRECTION('',(0.E0,0.E0,-1.E0));
#3913=VECTOR('',#3912,4.E-1);
#3914=CARTESIAN_POINT('',(1.72E1,-2.E0,-1.115E1));
#3915=LINE('',#3914,#3913);
#3916=DIRECTION('',(0.E0,0.E0,1.E0));
#3917=VECTOR('',#3916,4.E-1);
#3918=CARTESIAN_POINT('',(1.65E1,-2.E0,-1.155E1));
#3919=LINE('',#3918,#3917);
#3920=CARTESIAN_POINT('',(1.016E1,9.E-1,-1.016E1));
#3921=DIRECTION('',(0.E0,-1.E0,0.E0));
#3922=DIRECTION('',(1.E0,0.E0,-4.802727527844E-10));
#3923=AXIS2_PLACEMENT_3D('',#3920,#3921,#3922);
#3925=CARTESIAN_POINT('',(1.016E1,9.E-1,-1.016E1));
#3926=DIRECTION('',(0.E0,-1.E0,0.E0));
#3927=DIRECTION('',(0.E0,0.E0,1.E0));
#3928=AXIS2_PLACEMENT_3D('',#3925,#3926,#3927);
#3930=DIRECTION('',(-1.104315260749E-1,-9.938837346736E-1,1.905495698710E-10));
#3931=VECTOR('',#3930,9.055385138137E-1);
#3932=CARTESIAN_POINT('',(9.635E0,9.E-1,-1.015999999971E1));
#3933=LINE('',#3932,#3931);
#3934=DIRECTION('',(1.776356839400E-14,1.E0,1.469011579047E-9));
#3935=VECTOR('',#3934,2.E-1);
#3936=CARTESIAN_POINT('',(9.635E0,7.E-1,-1.016E1));
#3937=LINE('',#3936,#3935);
#3938=DIRECTION('',(0.E0,1.E0,-1.258895210299E-9));
#3939=VECTOR('',#3938,2.E-1);
#3940=CARTESIAN_POINT('',(1.0685E1,7.E-1,-1.016000000017E1));
#3941=LINE('',#3940,#3939);
#3942=CARTESIAN_POINT('',(1.016E1,9.E-1,-1.016E1));
#3943=DIRECTION('',(0.E0,-1.E0,0.E0));
#3944=DIRECTION('',(-1.E0,0.E0,0.E0));
#3945=AXIS2_PLACEMENT_3D('',#3942,#3943,#3944);
#3947=CARTESIAN_POINT('',(1.016E1,9.E-1,-1.016E1));
#3948=DIRECTION('',(0.E0,-1.E0,0.E0));
#3949=DIRECTION('',(0.E0,0.E0,-1.E0));
#3950=AXIS2_PLACEMENT_3D('',#3947,#3948,#3949);
#3952=DIRECTION('',(1.104315260748E-1,-9.938837346736E-1,-5.132678068784E-11));
#3953=VECTOR('',#3952,9.055385138137E-1);
#3954=CARTESIAN_POINT('',(1.0685E1,9.E-1,-1.016000000042E1));
#3955=LINE('',#3954,#3953);
#3956=CARTESIAN_POINT('',(1.016E1,7.E-1,-1.016E1));
#3957=DIRECTION('',(0.E0,1.E0,0.E0));
#3958=DIRECTION('',(-1.E0,0.E0,0.E0));
#3959=AXIS2_PLACEMENT_3D('',#3956,#3957,#3958);
#3961=CARTESIAN_POINT('',(1.016E1,7.E-1,-1.016E1));
#3962=DIRECTION('',(0.E0,1.E0,0.E0));
#3963=DIRECTION('',(1.E0,0.E0,0.E0));
#3964=AXIS2_PLACEMENT_3D('',#3961,#3962,#3963);
#3966=DIRECTION('',(-1.104315260749E-1,-9.938837346736E-1,-3.745926471365E-10));
#3967=VECTOR('',#3966,7.043077329662E-1);
#3968=CARTESIAN_POINT('',(2.231277777778E1,7.E-1,9.117951421492E-10));
#3969=LINE('',#3968,#3967);
#3970=CARTESIAN_POINT('',(2.286E1,7.E-1,0.E0));
#3971=DIRECTION('',(0.E0,1.E0,0.E0));
#3972=DIRECTION('',(1.E0,0.E0,-1.888432554674E-9));
#3973=AXIS2_PLACEMENT_3D('',#3970,#3971,#3972);
#3975=CARTESIAN_POINT('',(2.286E1,7.E-1,0.E0));
#3976=DIRECTION('',(0.E0,1.E0,0.E0));
#3977=DIRECTION('',(0.E0,0.E0,-1.E0));
#3978=AXIS2_PLACEMENT_3D('',#3975,#3976,#3977);
#3980=CARTESIAN_POINT('',(2.286E1,7.E-1,0.E0));
#3981=DIRECTION('',(0.E0,1.E0,0.E0));
#3982=DIRECTION('',(-1.E0,0.E0,1.888432554674E-9));
#3983=AXIS2_PLACEMENT_3D('',#3980,#3981,#3982);
#3985=CARTESIAN_POINT('',(2.286E1,7.E-1,0.E0));
#3986=DIRECTION('',(0.E0,1.E0,0.E0));
#3987=DIRECTION('',(0.E0,0.E0,1.E0));
#3988=AXIS2_PLACEMENT_3D('',#3985,#3986,#3987);
#3990=CARTESIAN_POINT('',(2.286E1,7.E-1,0.E0));
#3991=DIRECTION('',(0.E0,-1.E0,0.E0));
#3992=DIRECTION('',(-1.E0,0.E0,0.E0));
#3993=AXIS2_PLACEMENT_3D('',#3990,#3991,#3992);
#3995=CARTESIAN_POINT('',(2.286E1,7.E-1,0.E0));
#3996=DIRECTION('',(0.E0,-1.E0,0.E0));
#3997=DIRECTION('',(1.E0,0.E0,0.E0));
#3998=AXIS2_PLACEMENT_3D('',#3995,#3996,#3997);
#4000=DIRECTION('',(1.104315260749E-1,-9.938837346736E-1,3.745927125251E-10));
#4001=VECTOR('',#4000,7.043077329662E-1);
#4002=CARTESIAN_POINT('',(2.340722222222E1,7.E-1,-9.117948181285E-10));
#4003=LINE('',#4002,#4001);
#4004=DIRECTION('',(0.E0,-1.E0,0.E0));
#4005=VECTOR('',#4004,5.E-1);
#4006=CARTESIAN_POINT('',(2.3385E1,1.2E0,0.E0));
#4007=LINE('',#4006,#4005);
#4008=DIRECTION('',(-1.E0,0.E0,0.E0));
#4009=VECTOR('',#4008,2.2E0);
#4010=CARTESIAN_POINT('',(-6.8E0,1.2E0,1.155E1));
#4011=LINE('',#4010,#4009);
#4012=DIRECTION('',(0.E0,0.E0,1.E0));
#4013=VECTOR('',#4012,8.5E-1);
#4014=CARTESIAN_POINT('',(-9.E0,1.2E0,1.155E1));
#4015=LINE('',#4014,#4013);
#4016=CARTESIAN_POINT('',(-2.47E1,1.2E0,1.2E1));
#4017=DIRECTION('',(0.E0,-1.E0,0.E0));
#4018=DIRECTION('',(0.E0,0.E0,1.E0));
#4019=AXIS2_PLACEMENT_3D('',#4016,#4017,#4018);
#4021=CARTESIAN_POINT('',(-2.47E1,1.2E0,-1.2E1));
#4022=DIRECTION('',(0.E0,-1.E0,0.E0));
#4023=DIRECTION('',(-1.E0,0.E0,5.773159728051E-14));
#4024=AXIS2_PLACEMENT_3D('',#4021,#4022,#4023);
#4026=DIRECTION('',(1.E0,0.E0,0.E0));
#4027=VECTOR('',#4026,2.2E0);
#4028=CARTESIAN_POINT('',(-9.E0,1.2E0,-1.155E1));
#4029=LINE('',#4028,#4027);
#4030=DIRECTION('',(0.E0,0.E0,-1.E0));
#4031=VECTOR('',#4030,8.5E-1);
#4032=CARTESIAN_POINT('',(-6.8E0,1.2E0,-1.155E1));
#4033=LINE('',#4032,#4031);
#4034=DIRECTION('',(1.E0,0.E0,0.E0));
#4035=VECTOR('',#4034,2.2E0);
#4036=CARTESIAN_POINT('',(6.8E0,1.2E0,-1.155E1));
#4037=LINE('',#4036,#4035);
#4038=DIRECTION('',(0.E0,0.E0,-1.E0));
#4039=VECTOR('',#4038,8.5E-1);
#4040=CARTESIAN_POINT('',(9.E0,1.2E0,-1.155E1));
#4041=LINE('',#4040,#4039);
#4042=CARTESIAN_POINT('',(2.47E1,1.2E0,-1.2E1));
#4043=DIRECTION('',(0.E0,-1.E0,0.E0));
#4044=DIRECTION('',(0.E0,0.E0,-1.E0));
#4045=AXIS2_PLACEMENT_3D('',#4042,#4043,#4044);
#4047=CARTESIAN_POINT('',(2.47E1,1.2E0,1.2E1));
#4048=DIRECTION('',(0.E0,-1.E0,0.E0));
#4049=DIRECTION('',(1.E0,0.E0,-5.773159728051E-14));
#4050=AXIS2_PLACEMENT_3D('',#4047,#4048,#4049);
#4052=DIRECTION('',(-1.E0,0.E0,0.E0));
#4053=VECTOR('',#4052,2.2E0);
#4054=CARTESIAN_POINT('',(9.E0,1.2E0,1.155E1));
#4055=LINE('',#4054,#4053);
#4056=DIRECTION('',(0.E0,0.E0,1.E0));
#4057=VECTOR('',#4056,8.5E-1);
#4058=CARTESIAN_POINT('',(6.8E0,1.2E0,1.155E1));
#4059=LINE('',#4058,#4057);
#4060=CARTESIAN_POINT('',(2.286E1,1.2E0,-1.016E1));
#4061=DIRECTION('',(0.E0,1.E0,0.E0));
#4062=DIRECTION('',(1.E0,0.E0,0.E0));
#4063=AXIS2_PLACEMENT_3D('',#4060,#4061,#4062);
#4065=CARTESIAN_POINT('',(2.286E1,1.2E0,-1.016E1));
#4066=DIRECTION('',(0.E0,1.E0,0.E0));
#4067=DIRECTION('',(-1.E0,0.E0,0.E0));
#4068=AXIS2_PLACEMENT_3D('',#4065,#4066,#4067);
#4070=CARTESIAN_POINT('',(2.286E1,1.2E0,0.E0));
#4071=DIRECTION('',(0.E0,1.E0,0.E0));
#4072=DIRECTION('',(1.E0,0.E0,0.E0));
#4073=AXIS2_PLACEMENT_3D('',#4070,#4071,#4072);
#4075=CARTESIAN_POINT('',(2.286E1,1.2E0,0.E0));
#4076=DIRECTION('',(0.E0,1.E0,0.E0));
#4077=DIRECTION('',(-1.E0,0.E0,0.E0));
#4078=AXIS2_PLACEMENT_3D('',#4075,#4076,#4077);
#4080=CARTESIAN_POINT('',(2.286E1,1.2E0,1.016E1));
#4081=DIRECTION('',(0.E0,1.E0,0.E0));
#4082=DIRECTION('',(1.E0,0.E0,0.E0));
#4083=AXIS2_PLACEMENT_3D('',#4080,#4081,#4082);
#4085=CARTESIAN_POINT('',(2.286E1,1.2E0,1.016E1));
#4086=DIRECTION('',(0.E0,1.E0,0.E0));
#4087=DIRECTION('',(-1.E0,0.E0,0.E0));
#4088=AXIS2_PLACEMENT_3D('',#4085,#4086,#4087);
#4090=CARTESIAN_POINT('',(-2.286E1,1.2E0,7.62E0));
#4091=DIRECTION('',(0.E0,1.E0,0.E0));
#4092=DIRECTION('',(1.E0,0.E0,0.E0));
#4093=AXIS2_PLACEMENT_3D('',#4090,#4091,#4092);
#4095=CARTESIAN_POINT('',(-2.286E1,1.2E0,7.62E0));
#4096=DIRECTION('',(0.E0,1.E0,0.E0));
#4097=DIRECTION('',(-1.E0,0.E0,0.E0));
#4098=AXIS2_PLACEMENT_3D('',#4095,#4096,#4097);
#4100=CARTESIAN_POINT('',(-2.286E1,1.2E0,-2.54E0));
#4101=DIRECTION('',(0.E0,1.E0,0.E0));
#4102=DIRECTION('',(1.E0,0.E0,0.E0));
#4103=AXIS2_PLACEMENT_3D('',#4100,#4101,#4102);
#4105=CARTESIAN_POINT('',(-2.286E1,1.2E0,-2.54E0));
#4106=DIRECTION('',(0.E0,1.E0,0.E0));
#4107=DIRECTION('',(-1.E0,0.E0,0.E0));
#4108=AXIS2_PLACEMENT_3D('',#4105,#4106,#4107);
#4110=CARTESIAN_POINT('',(-2.286E1,1.2E0,-7.62E0));
#4111=DIRECTION('',(0.E0,1.E0,0.E0));
#4112=DIRECTION('',(1.E0,0.E0,0.E0));
#4113=AXIS2_PLACEMENT_3D('',#4110,#4111,#4112);
#4115=CARTESIAN_POINT('',(-2.286E1,1.2E0,-7.62E0));
#4116=DIRECTION('',(0.E0,1.E0,0.E0));
#4117=DIRECTION('',(-1.E0,0.E0,0.E0));
#4118=AXIS2_PLACEMENT_3D('',#4115,#4116,#4117);
#4120=DIRECTION('',(0.E0,1.E0,0.E0));
#4121=VECTOR('',#4120,1.7E0);
#4122=CARTESIAN_POINT('',(-6.8E0,-5.E-1,1.155E1));
#4123=LINE('',#4122,#4121);
#4124=DIRECTION('',(0.E0,0.E0,1.E0));
#4125=VECTOR('',#4124,8.5E-1);
#4126=CARTESIAN_POINT('',(-6.8E0,1.2E0,1.155E1));
#4127=LINE('',#4126,#4125);
#4128=CARTESIAN_POINT('',(-6.8E0,9.E-1,1.24E1));
#4129=DIRECTION('',(1.E0,0.E0,0.E0));
#4130=DIRECTION('',(0.E0,1.E0,0.E0));
#4131=AXIS2_PLACEMENT_3D('',#4128,#4129,#4130);
#4133=DIRECTION('',(0.E0,0.E0,-1.E0));
#4134=VECTOR('',#4133,6.5E-1);
#4135=CARTESIAN_POINT('',(-6.8E0,5.E-1,1.27E1));
#4136=LINE('',#4135,#4134);
#4137=DIRECTION('',(0.E0,-1.E0,0.E0));
#4138=VECTOR('',#4137,1.E0);
#4139=CARTESIAN_POINT('',(-6.8E0,5.E-1,1.205E1));
#4140=LINE('',#4139,#4138);
#4141=DIRECTION('',(0.E0,0.E0,-1.E0));
#4142=VECTOR('',#4141,5.E-1);
#4143=CARTESIAN_POINT('',(-6.8E0,-5.E-1,1.205E1));
#4144=LINE('',#4143,#4142);
#4145=DIRECTION('',(-1.E0,0.E0,0.E0));
#4146=VECTOR('',#4145,2.2E0);
#4147=CARTESIAN_POINT('',(-6.8E0,-5.E-1,1.155E1));
#4148=LINE('',#4147,#4146);
#4149=DIRECTION('',(0.E0,0.E0,-1.E0));
#4150=VECTOR('',#4149,5.E-1);
#4151=CARTESIAN_POINT('',(-9.E0,-5.E-1,1.205E1));
#4152=LINE('',#4151,#4150);
#4153=DIRECTION('',(0.E0,-1.E0,0.E0));
#4154=VECTOR('',#4153,1.7E0);
#4155=CARTESIAN_POINT('',(-9.E0,1.2E0,1.155E1));
#4156=LINE('',#4155,#4154);
#4157=DIRECTION('',(0.E0,0.E0,1.E0));
#4158=VECTOR('',#4157,6.5E-1);
#4159=CARTESIAN_POINT('',(-9.E0,5.E-1,1.205E1));
#4160=LINE('',#4159,#4158);
#4161=CARTESIAN_POINT('',(-9.E0,9.E-1,1.24E1));
#4162=DIRECTION('',(-1.E0,0.E0,0.E0));
#4163=DIRECTION('',(0.E0,3.071617034796E-14,1.E0));
#4164=AXIS2_PLACEMENT_3D('',#4161,#4162,#4163);
#4166=DIRECTION('',(0.E0,-1.E0,0.E0));
#4167=VECTOR('',#4166,4.E-1);
#4168=CARTESIAN_POINT('',(-9.E0,9.E-1,1.27E1));
#4169=LINE('',#4168,#4167);
#4170=DIRECTION('',(-1.E0,0.E0,0.E0));
#4171=VECTOR('',#4170,1.569999999969E1);
#4172=CARTESIAN_POINT('',(-9.E0,5.E-1,1.27E1));
#4173=LINE('',#4172,#4171);
#4174=DIRECTION('',(1.963140761063E-10,-1.E0,0.E0));
#4175=VECTOR('',#4174,4.E-1);
#4176=CARTESIAN_POINT('',(-2.469999999976E1,9.E-1,1.27E1));
#4177=LINE('',#4176,#4175);
#4178=DIRECTION('',(0.E0,1.E0,-8.726308564633E-10));
#4179=VECTOR('',#4178,4.E-1);
#4180=CARTESIAN_POINT('',(-2.54E1,5.E-1,1.200000000140E1));
#4181=LINE('',#4180,#4179);
#4182=CARTESIAN_POINT('',(-2.47E1,9.E-1,1.24E1));
#4183=DIRECTION('',(1.E0,0.E0,0.E0));
#4184=DIRECTION('',(0.E0,1.E0,0.E0));
#4185=AXIS2_PLACEMENT_3D('',#4182,#4183,#4184);
#4187=CARTESIAN_POINT('',(-2.47E1,9.E-1,1.2E1));
#4188=DIRECTION('',(0.E0,-1.E0,0.E0));
#4189=DIRECTION('',(0.E0,0.E0,1.E0));
#4190=AXIS2_PLACEMENT_3D('',#4187,#4188,#4189);
#4192=CARTESIAN_POINT('',(-2.51E1,9.E-1,1.2E1));
#4193=DIRECTION('',(0.E0,0.E0,-1.E0));
#4194=DIRECTION('',(-1.E0,0.E0,0.E0));
#4195=AXIS2_PLACEMENT_3D('',#4192,#4193,#4194);
#4197=DIRECTION('',(-1.E0,0.E0,0.E0));
#4198=VECTOR('',#4197,1.569999999976E1);
#4199=CARTESIAN_POINT('',(-9.E0,9.E-1,1.27E1));
#4200=LINE('',#4199,#4198);
#4201=DIRECTION('',(1.E0,0.E0,0.E0));
#4202=VECTOR('',#4201,1.57E1);
#4203=CARTESIAN_POINT('',(-2.47E1,1.2E0,1.24E1));
#4204=LINE('',#4203,#4202);
#4205=DIRECTION('',(0.E0,0.E0,1.E0));
#4206=VECTOR('',#4205,2.4E1);
#4207=CARTESIAN_POINT('',(-2.51E1,1.2E0,-1.2E1));
#4208=LINE('',#4207,#4206);
#4209=DIRECTION('',(0.E0,0.E0,-1.E0));
#4210=VECTOR('',#4209,2.400000000081E1);
#4211=CARTESIAN_POINT('',(-2.54E1,9.E-1,1.200000000105E1));
#4212=LINE('',#4211,#4210);
#4213=CARTESIAN_POINT('',(-2.51E1,9.E-1,-1.2E1));
#4214=DIRECTION('',(0.E0,0.E0,1.E0));
#4215=DIRECTION('',(-1.184237892934E-14,1.E0,0.E0));
#4216=AXIS2_PLACEMENT_3D('',#4213,#4214,#4215);
#4218=CARTESIAN_POINT('',(-2.47E1,9.E-1,-1.2E1));
#4219=DIRECTION('',(0.E0,-1.E0,0.E0));
#4220=DIRECTION('',(-1.E0,0.E0,0.E0));
#4221=AXIS2_PLACEMENT_3D('',#4218,#4219,#4220);
#4223=CARTESIAN_POINT('',(-2.47E1,9.E-1,-1.24E1));
#4224=DIRECTION('',(1.E0,0.E0,0.E0));
#4225=DIRECTION('',(0.E0,0.E0,-1.E0));
#4226=AXIS2_PLACEMENT_3D('',#4223,#4224,#4225);
#4228=DIRECTION('',(0.E0,-1.E0,1.963229578905E-10));
#4229=VECTOR('',#4228,4.E-1);
#4230=CARTESIAN_POINT('',(-2.54E1,9.E-1,-1.199999999976E1));
#4231=LINE('',#4230,#4229);
#4232=DIRECTION('',(8.726352973554E-10,1.E0,0.E0));
#4233=VECTOR('',#4232,4.E-1);
#4234=CARTESIAN_POINT('',(-2.470000000140E1,5.E-1,-1.27E1));
#4235=LINE('',#4234,#4233);
#4236=DIRECTION('',(1.E0,0.E0,0.E0));
#4237=VECTOR('',#4236,1.570000000140E1);
#4238=CARTESIAN_POINT('',(-2.470000000140E1,5.E-1,-1.27E1));
#4239=LINE('',#4238,#4237);
#4240=DIRECTION('',(0.E0,1.E0,0.E0));
#4241=VECTOR('',#4240,1.7E0);
#4242=CARTESIAN_POINT('',(-9.E0,-5.E-1,-1.155E1));
#4243=LINE('',#4242,#4241);
#4244=DIRECTION('',(0.E0,0.E0,-1.E0));
#4245=VECTOR('',#4244,8.5E-1);
#4246=CARTESIAN_POINT('',(-9.E0,1.2E0,-1.155E1));
#4247=LINE('',#4246,#4245);
#4248=CARTESIAN_POINT('',(-9.E0,9.E-1,-1.24E1));
#4249=DIRECTION('',(-1.E0,0.E0,0.E0));
#4250=DIRECTION('',(0.E0,1.E0,0.E0));
#4251=AXIS2_PLACEMENT_3D('',#4248,#4249,#4250);
#4253=DIRECTION('',(0.E0,-1.E0,0.E0));
#4254=VECTOR('',#4253,4.E-1);
#4255=CARTESIAN_POINT('',(-9.E0,9.E-1,-1.27E1));
#4256=LINE('',#4255,#4254);
#4257=DIRECTION('',(0.E0,-1.E0,0.E0));
#4258=VECTOR('',#4257,1.E0);
#4259=CARTESIAN_POINT('',(-9.E0,5.E-1,-1.205E1));
#4260=LINE('',#4259,#4258);
#4261=DIRECTION('',(0.E0,0.E0,1.E0));
#4262=VECTOR('',#4261,5.E-1);
#4263=CARTESIAN_POINT('',(-9.E0,-5.E-1,-1.205E1));
#4264=LINE('',#4263,#4262);
#4265=DIRECTION('',(1.E0,0.E0,0.E0));
#4266=VECTOR('',#4265,2.2E0);
#4267=CARTESIAN_POINT('',(-9.E0,-5.E-1,-1.155E1));
#4268=LINE('',#4267,#4266);
#4269=DIRECTION('',(0.E0,0.E0,1.E0));
#4270=VECTOR('',#4269,5.E-1);
#4271=CARTESIAN_POINT('',(-6.8E0,-5.E-1,-1.205E1));
#4272=LINE('',#4271,#4270);
#4273=DIRECTION('',(0.E0,-1.E0,0.E0));
#4274=VECTOR('',#4273,1.7E0);
#4275=CARTESIAN_POINT('',(-6.8E0,1.2E0,-1.155E1));
#4276=LINE('',#4275,#4274);
#4277=DIRECTION('',(0.E0,1.E0,0.E0));
#4278=VECTOR('',#4277,1.E0);
#4279=CARTESIAN_POINT('',(-6.8E0,-5.E-1,-1.205E1));
#4280=LINE('',#4279,#4278);
#4281=DIRECTION('',(0.E0,0.E0,-1.E0));
#4282=VECTOR('',#4281,6.5E-1);
#4283=CARTESIAN_POINT('',(-6.8E0,5.E-1,-1.205E1));
#4284=LINE('',#4283,#4282);
#4285=CARTESIAN_POINT('',(-6.8E0,9.E-1,-1.24E1));
#4286=DIRECTION('',(1.E0,0.E0,0.E0));
#4287=DIRECTION('',(0.E0,2.960594732334E-14,-1.E0));
#4288=AXIS2_PLACEMENT_3D('',#4285,#4286,#4287);
#4290=DIRECTION('',(1.E0,0.E0,0.E0));
#4291=VECTOR('',#4290,1.36E1);
#4292=CARTESIAN_POINT('',(-6.8E0,5.E-1,-1.205E1));
#4293=LINE('',#4292,#4291);
#4294=DIRECTION('',(1.E0,0.E0,0.E0));
#4295=VECTOR('',#4294,1.36E1);
#4296=CARTESIAN_POINT('',(-6.8E0,5.E-1,-1.27E1));
#4297=LINE('',#4296,#4295);
#4298=DIRECTION('',(0.E0,1.E0,0.E0));
#4299=VECTOR('',#4298,4.E-1);
#4300=CARTESIAN_POINT('',(6.8E0,5.E-1,-1.27E1));
#4301=LINE('',#4300,#4299);
#4302=DIRECTION('',(0.E0,-1.E0,0.E0));
#4303=VECTOR('',#4302,4.E-1);
#4304=CARTESIAN_POINT('',(-6.8E0,9.E-1,-1.27E1));
#4305=LINE('',#4304,#4303);
#4306=DIRECTION('',(0.E0,1.E0,0.E0));
#4307=VECTOR('',#4306,1.7E0);
#4308=CARTESIAN_POINT('',(6.8E0,-5.E-1,-1.155E1));
#4309=LINE('',#4308,#4307);
#4310=DIRECTION('',(0.E0,0.E0,-1.E0));
#4311=VECTOR('',#4310,8.5E-1);
#4312=CARTESIAN_POINT('',(6.8E0,1.2E0,-1.155E1));
#4313=LINE('',#4312,#4311);
#4314=CARTESIAN_POINT('',(6.8E0,9.E-1,-1.24E1));
#4315=DIRECTION('',(-1.E0,0.E0,0.E0));
#4316=DIRECTION('',(0.E0,1.E0,0.E0));
#4317=AXIS2_PLACEMENT_3D('',#4314,#4315,#4316);
#4319=DIRECTION('',(0.E0,0.E0,1.E0));
#4320=VECTOR('',#4319,6.5E-1);
#4321=CARTESIAN_POINT('',(6.8E0,5.E-1,-1.27E1));
#4322=LINE('',#4321,#4320);
#4323=DIRECTION('',(0.E0,-1.E0,0.E0));
#4324=VECTOR('',#4323,1.E0);
#4325=CARTESIAN_POINT('',(6.8E0,5.E-1,-1.205E1));
#4326=LINE('',#4325,#4324);
#4327=DIRECTION('',(0.E0,0.E0,1.E0));
#4328=VECTOR('',#4327,5.E-1);
#4329=CARTESIAN_POINT('',(6.8E0,-5.E-1,-1.205E1));
#4330=LINE('',#4329,#4328);
#4331=DIRECTION('',(1.E0,0.E0,0.E0));
#4332=VECTOR('',#4331,2.2E0);
#4333=CARTESIAN_POINT('',(6.8E0,-5.E-1,-1.155E1));
#4334=LINE('',#4333,#4332);
#4335=DIRECTION('',(0.E0,0.E0,1.E0));
#4336=VECTOR('',#4335,5.E-1);
#4337=CARTESIAN_POINT('',(9.E0,-5.E-1,-1.205E1));
#4338=LINE('',#4337,#4336);
#4339=DIRECTION('',(0.E0,-1.E0,0.E0));
#4340=VECTOR('',#4339,1.7E0);
#4341=CARTESIAN_POINT('',(9.E0,1.2E0,-1.155E1));
#4342=LINE('',#4341,#4340);
#4343=DIRECTION('',(0.E0,0.E0,-1.E0));
#4344=VECTOR('',#4343,6.5E-1);
#4345=CARTESIAN_POINT('',(9.E0,5.E-1,-1.205E1));
#4346=LINE('',#4345,#4344);
#4347=CARTESIAN_POINT('',(9.E0,9.E-1,-1.24E1));
#4348=DIRECTION('',(1.E0,0.E0,0.E0));
#4349=DIRECTION('',(0.E0,3.071617034796E-14,-1.E0));
#4350=AXIS2_PLACEMENT_3D('',#4347,#4348,#4349);
#4352=DIRECTION('',(0.E0,-1.E0,0.E0));
#4353=VECTOR('',#4352,4.E-1);
#4354=CARTESIAN_POINT('',(9.E0,9.E-1,-1.27E1));
#4355=LINE('',#4354,#4353);
#4356=DIRECTION('',(1.E0,0.E0,0.E0));
#4357=VECTOR('',#4356,1.569999999969E1);
#4358=CARTESIAN_POINT('',(9.E0,5.E-1,-1.27E1));
#4359=LINE('',#4358,#4357);
#4360=DIRECTION('',(-1.963140761063E-10,-1.E0,0.E0));
#4361=VECTOR('',#4360,4.E-1);
#4362=CARTESIAN_POINT('',(2.469999999976E1,9.E-1,-1.27E1));
#4363=LINE('',#4362,#4361);
#4364=DIRECTION('',(0.E0,1.E0,8.726308564633E-10));
#4365=VECTOR('',#4364,4.E-1);
#4366=CARTESIAN_POINT('',(2.54E1,5.E-1,-1.200000000140E1));
#4367=LINE('',#4366,#4365);
#4368=CARTESIAN_POINT('',(2.47E1,9.E-1,-1.24E1));
#4369=DIRECTION('',(-1.E0,0.E0,0.E0));
#4370=DIRECTION('',(0.E0,1.E0,0.E0));
#4371=AXIS2_PLACEMENT_3D('',#4368,#4369,#4370);
#4373=CARTESIAN_POINT('',(2.47E1,9.E-1,-1.2E1));
#4374=DIRECTION('',(0.E0,-1.E0,0.E0));
#4375=DIRECTION('',(0.E0,0.E0,-1.E0));
#4376=AXIS2_PLACEMENT_3D('',#4373,#4374,#4375);
#4378=CARTESIAN_POINT('',(2.51E1,9.E-1,-1.2E1));
#4379=DIRECTION('',(0.E0,0.E0,1.E0));
#4380=DIRECTION('',(1.E0,0.E0,0.E0));
#4381=AXIS2_PLACEMENT_3D('',#4378,#4379,#4380);
#4383=DIRECTION('',(1.E0,0.E0,0.E0));
#4384=VECTOR('',#4383,1.569999999976E1);
#4385=CARTESIAN_POINT('',(9.E0,9.E-1,-1.27E1));
#4386=LINE('',#4385,#4384);
#4387=DIRECTION('',(-1.E0,0.E0,0.E0));
#4388=VECTOR('',#4387,1.57E1);
#4389=CARTESIAN_POINT('',(2.47E1,1.2E0,-1.24E1));
#4390=LINE('',#4389,#4388);
#4391=DIRECTION('',(0.E0,0.E0,-1.E0));
#4392=VECTOR('',#4391,2.4E1);
#4393=CARTESIAN_POINT('',(2.51E1,1.2E0,1.2E1));
#4394=LINE('',#4393,#4392);
#4395=DIRECTION('',(0.E0,0.E0,1.E0));
#4396=VECTOR('',#4395,2.400000000081E1);
#4397=CARTESIAN_POINT('',(2.54E1,9.E-1,-1.200000000105E1));
#4398=LINE('',#4397,#4396);
#4399=DIRECTION('',(0.E0,0.E0,1.E0));
#4400=VECTOR('',#4399,2.400000000108E1);
#4401=CARTESIAN_POINT('',(2.54E1,5.E-1,-1.200000000140E1));
#4402=LINE('',#4401,#4400);
#4403=DIRECTION('',(0.E0,-1.E0,-1.963229578905E-10));
#4404=VECTOR('',#4403,4.E-1);
#4405=CARTESIAN_POINT('',(2.54E1,9.E-1,1.199999999976E1));
#4406=LINE('',#4405,#4404);
#4407=DIRECTION('',(-8.726352973554E-10,1.E0,0.E0));
#4408=VECTOR('',#4407,4.E-1);
#4409=CARTESIAN_POINT('',(2.470000000140E1,5.E-1,1.27E1));
#4410=LINE('',#4409,#4408);
#4411=CARTESIAN_POINT('',(2.51E1,9.E-1,1.2E1));
#4412=DIRECTION('',(0.E0,0.E0,-1.E0));
#4413=DIRECTION('',(1.184237892934E-14,1.E0,0.E0));
#4414=AXIS2_PLACEMENT_3D('',#4411,#4412,#4413);
#4416=CARTESIAN_POINT('',(2.47E1,9.E-1,1.2E1));
#4417=DIRECTION('',(0.E0,-1.E0,0.E0));
#4418=DIRECTION('',(1.E0,0.E0,0.E0));
#4419=AXIS2_PLACEMENT_3D('',#4416,#4417,#4418);
#4421=CARTESIAN_POINT('',(2.47E1,9.E-1,1.24E1));
#4422=DIRECTION('',(-1.E0,0.E0,0.E0));
#4423=DIRECTION('',(0.E0,0.E0,1.E0));
#4424=AXIS2_PLACEMENT_3D('',#4421,#4422,#4423);
#4426=DIRECTION('',(1.E0,0.E0,0.E0));
#4427=VECTOR('',#4426,1.57E1);
#4428=CARTESIAN_POINT('',(9.E0,1.2E0,1.24E1));
#4429=LINE('',#4428,#4427);
#4430=DIRECTION('',(-1.E0,0.E0,0.E0));
#4431=VECTOR('',#4430,1.570000000105E1);
#4432=CARTESIAN_POINT('',(2.470000000105E1,9.E-1,1.27E1));
#4433=LINE('',#4432,#4431);
#4434=DIRECTION('',(0.E0,1.E0,0.E0));
#4435=VECTOR('',#4434,1.7E0);
#4436=CARTESIAN_POINT('',(9.E0,-5.E-1,1.155E1));
#4437=LINE('',#4436,#4435);
#4438=DIRECTION('',(0.E0,0.E0,1.E0));
#4439=VECTOR('',#4438,8.5E-1);
#4440=CARTESIAN_POINT('',(9.E0,1.2E0,1.155E1));
#4441=LINE('',#4440,#4439);
#4442=CARTESIAN_POINT('',(9.E0,9.E-1,1.24E1));
#4443=DIRECTION('',(1.E0,0.E0,0.E0));
#4444=DIRECTION('',(0.E0,1.E0,0.E0));
#4445=AXIS2_PLACEMENT_3D('',#4442,#4443,#4444);
#4447=DIRECTION('',(0.E0,-1.E0,0.E0));
#4448=VECTOR('',#4447,4.E-1);
#4449=CARTESIAN_POINT('',(9.E0,9.E-1,1.27E1));
#4450=LINE('',#4449,#4448);
#4451=DIRECTION('',(0.E0,-1.E0,0.E0));
#4452=VECTOR('',#4451,1.E0);
#4453=CARTESIAN_POINT('',(9.E0,5.E-1,1.205E1));
#4454=LINE('',#4453,#4452);
#4455=DIRECTION('',(0.E0,0.E0,-1.E0));
#4456=VECTOR('',#4455,5.E-1);
#4457=CARTESIAN_POINT('',(9.E0,-5.E-1,1.205E1));
#4458=LINE('',#4457,#4456);
#4459=DIRECTION('',(-1.E0,0.E0,0.E0));
#4460=VECTOR('',#4459,2.2E0);
#4461=CARTESIAN_POINT('',(9.E0,-5.E-1,1.155E1));
#4462=LINE('',#4461,#4460);
#4463=DIRECTION('',(0.E0,0.E0,-1.E0));
#4464=VECTOR('',#4463,5.E-1);
#4465=CARTESIAN_POINT('',(6.8E0,-5.E-1,1.205E1));
#4466=LINE('',#4465,#4464);
#4467=DIRECTION('',(0.E0,-1.E0,0.E0));
#4468=VECTOR('',#4467,1.7E0);
#4469=CARTESIAN_POINT('',(6.8E0,1.2E0,1.155E1));
#4470=LINE('',#4469,#4468);
#4471=DIRECTION('',(0.E0,1.E0,0.E0));
#4472=VECTOR('',#4471,1.E0);
#4473=CARTESIAN_POINT('',(6.8E0,-5.E-1,1.205E1));
#4474=LINE('',#4473,#4472);
#4475=DIRECTION('',(0.E0,0.E0,1.E0));
#4476=VECTOR('',#4475,6.5E-1);
#4477=CARTESIAN_POINT('',(6.8E0,5.E-1,1.205E1));
#4478=LINE('',#4477,#4476);
#4479=CARTESIAN_POINT('',(6.8E0,9.E-1,1.24E1));
#4480=DIRECTION('',(-1.E0,0.E0,0.E0));
#4481=DIRECTION('',(0.E0,2.960594732334E-14,1.E0));
#4482=AXIS2_PLACEMENT_3D('',#4479,#4480,#4481);
#4484=DIRECTION('',(1.E0,0.E0,0.E0));
#4485=VECTOR('',#4484,1.36E1);
#4486=CARTESIAN_POINT('',(-6.8E0,5.E-1,1.27E1));
#4487=LINE('',#4486,#4485);
#4488=DIRECTION('',(-1.E0,0.E0,0.E0));
#4489=VECTOR('',#4488,1.36E1);
#4490=CARTESIAN_POINT('',(6.8E0,5.E-1,1.205E1));
#4491=LINE('',#4490,#4489);
#4492=DIRECTION('',(0.E0,1.E0,0.E0));
#4493=VECTOR('',#4492,4.E-1);
#4494=CARTESIAN_POINT('',(-6.8E0,5.E-1,1.27E1));
#4495=LINE('',#4494,#4493);
#4496=DIRECTION('',(0.E0,-1.E0,0.E0));
#4497=VECTOR('',#4496,4.E-1);
#4498=CARTESIAN_POINT('',(6.8E0,9.E-1,1.27E1));
#4499=LINE('',#4498,#4497);
#4500=DIRECTION('',(1.E0,0.E0,0.E0));
#4501=VECTOR('',#4500,1.36E1);
#4502=CARTESIAN_POINT('',(-6.8E0,1.2E0,1.24E1));
#4503=LINE('',#4502,#4501);
#4504=DIRECTION('',(-1.E0,0.E0,0.E0));
#4505=VECTOR('',#4504,1.36E1);
#4506=CARTESIAN_POINT('',(6.8E0,9.E-1,1.27E1));
#4507=LINE('',#4506,#4505);
#4508=DIRECTION('',(-1.E0,0.E0,0.E0));
#4509=VECTOR('',#4508,1.570000000140E1);
#4510=CARTESIAN_POINT('',(2.470000000140E1,5.E-1,1.27E1));
#4511=LINE('',#4510,#4509);
#4512=DIRECTION('',(1.E0,0.E0,0.E0));
#4513=VECTOR('',#4512,1.36E1);
#4514=CARTESIAN_POINT('',(-6.8E0,9.E-1,-1.27E1));
#4515=LINE('',#4514,#4513);
#4516=DIRECTION('',(-1.E0,0.E0,0.E0));
#4517=VECTOR('',#4516,1.36E1);
#4518=CARTESIAN_POINT('',(6.8E0,1.2E0,-1.24E1));
#4519=LINE('',#4518,#4517);
#4520=DIRECTION('',(-1.E0,0.E0,0.E0));
#4521=VECTOR('',#4520,1.57E1);
#4522=CARTESIAN_POINT('',(-9.E0,1.2E0,-1.24E1));
#4523=LINE('',#4522,#4521);
#4524=DIRECTION('',(1.E0,0.E0,0.E0));
#4525=VECTOR('',#4524,1.570000000105E1);
#4526=CARTESIAN_POINT('',(-2.470000000105E1,9.E-1,-1.27E1));
#4527=LINE('',#4526,#4525);
#4528=DIRECTION('',(0.E0,-1.E0,0.E0));
#4529=VECTOR('',#4528,5.E-1);
#4530=CARTESIAN_POINT('',(2.3385E1,1.2E0,-1.016E1));
#4531=LINE('',#4530,#4529);
#4532=DIRECTION('',(0.E0,-1.E0,0.E0));
#4533=VECTOR('',#4532,5.E-1);
#4534=CARTESIAN_POINT('',(2.2335E1,1.2E0,-1.016E1));
#4535=LINE('',#4534,#4533);
#4536=CARTESIAN_POINT('',(2.286E1,7.E-1,-1.016E1));
#4537=DIRECTION('',(0.E0,1.E0,0.E0));
#4538=DIRECTION('',(1.E0,0.E0,-1.885328847354E-9));
#4539=AXIS2_PLACEMENT_3D('',#4536,#4537,#4538);
#4541=CARTESIAN_POINT('',(2.286E1,7.E-1,-1.016E1));
#4542=DIRECTION('',(0.E0,1.E0,0.E0));
#4543=DIRECTION('',(0.E0,0.E0,-1.E0));
#4544=AXIS2_PLACEMENT_3D('',#4541,#4542,#4543);
#4546=CARTESIAN_POINT('',(2.286E1,7.E-1,-1.016E1));
#4547=DIRECTION('',(0.E0,1.E0,0.E0));
#4548=DIRECTION('',(-1.E0,0.E0,1.885332093489E-9));
#4549=AXIS2_PLACEMENT_3D('',#4546,#4547,#4548);
#4551=CARTESIAN_POINT('',(2.286E1,7.E-1,-1.016E1));
#4552=DIRECTION('',(0.E0,1.E0,0.E0));
#4553=DIRECTION('',(0.E0,0.E0,1.E0));
#4554=AXIS2_PLACEMENT_3D('',#4551,#4552,#4553);
#4556=CARTESIAN_POINT('',(2.286E1,7.E-1,-1.016E1));
#4557=DIRECTION('',(0.E0,-1.E0,0.E0));
#4558=DIRECTION('',(-1.E0,0.E0,0.E0));
#4559=AXIS2_PLACEMENT_3D('',#4556,#4557,#4558);
#4561=CARTESIAN_POINT('',(2.286E1,7.E-1,-1.016E1));
#4562=DIRECTION('',(0.E0,-1.E0,0.E0));
#4563=DIRECTION('',(1.E0,0.E0,0.E0));
#4564=AXIS2_PLACEMENT_3D('',#4561,#4562,#4563);
#4566=DIRECTION('',(1.104315260750E-1,-9.938837346736E-1,3.733889832239E-10));
#4567=VECTOR('',#4566,7.043077329663E-1);
#4568=CARTESIAN_POINT('',(2.340722222222E1,7.E-1,-1.016000000091E1));
#4569=LINE('',#4568,#4567);
#4570=DIRECTION('',(-1.104315260750E-1,-9.938837346736E-1,-3.733915053556E-10));
#4571=VECTOR('',#4570,7.043077329663E-1);
#4572=CARTESIAN_POINT('',(2.231277777778E1,7.E-1,-1.015999999909E1));
#4573=LINE('',#4572,#4571);
#4574=DIRECTION('',(0.E0,-1.E0,0.E0));
#4575=VECTOR('',#4574,5.E-1);
#4576=CARTESIAN_POINT('',(2.2335E1,1.2E0,0.E0));
#4577=LINE('',#4576,#4575);
#4578=DIRECTION('',(0.E0,-1.E0,0.E0));
#4579=VECTOR('',#4578,5.E-1);
#4580=CARTESIAN_POINT('',(2.3385E1,1.2E0,1.016E1));
#4581=LINE('',#4580,#4579);
#4582=DIRECTION('',(0.E0,-1.E0,0.E0));
#4583=VECTOR('',#4582,5.E-1);
#4584=CARTESIAN_POINT('',(2.2335E1,1.2E0,1.016E1));
#4585=LINE('',#4584,#4583);
#4586=CARTESIAN_POINT('',(2.286E1,7.E-1,1.016E1));
#4587=DIRECTION('',(0.E0,1.E0,0.E0));
#4588=DIRECTION('',(1.E0,0.E0,-1.885328847354E-9));
#4589=AXIS2_PLACEMENT_3D('',#4586,#4587,#4588);
#4591=CARTESIAN_POINT('',(2.286E1,7.E-1,1.016E1));
#4592=DIRECTION('',(0.E0,1.E0,0.E0));
#4593=DIRECTION('',(0.E0,0.E0,-1.E0));
#4594=AXIS2_PLACEMENT_3D('',#4591,#4592,#4593);
#4596=CARTESIAN_POINT('',(2.286E1,7.E-1,1.016E1));
#4597=DIRECTION('',(0.E0,1.E0,0.E0));
#4598=DIRECTION('',(-1.E0,0.E0,1.885328847354E-9));
#4599=AXIS2_PLACEMENT_3D('',#4596,#4597,#4598);
#4601=CARTESIAN_POINT('',(2.286E1,7.E-1,1.016E1));
#4602=DIRECTION('',(0.E0,1.E0,0.E0));
#4603=DIRECTION('',(0.E0,0.E0,1.E0));
#4604=AXIS2_PLACEMENT_3D('',#4601,#4602,#4603);
#4606=CARTESIAN_POINT('',(2.286E1,7.E-1,1.016E1));
#4607=DIRECTION('',(0.E0,-1.E0,0.E0));
#4608=DIRECTION('',(-1.E0,0.E0,0.E0));
#4609=AXIS2_PLACEMENT_3D('',#4606,#4607,#4608);
#4611=CARTESIAN_POINT('',(2.286E1,7.E-1,1.016E1));
#4612=DIRECTION('',(0.E0,-1.E0,0.E0));
#4613=DIRECTION('',(1.E0,0.E0,0.E0));
#4614=AXIS2_PLACEMENT_3D('',#4611,#4612,#4613);
#4616=DIRECTION('',(1.104315260750E-1,-9.938837346736E-1,3.733915053556E-10));
#4617=VECTOR('',#4616,7.043077329663E-1);
#4618=CARTESIAN_POINT('',(2.340722222222E1,7.E-1,1.015999999909E1));
#4619=LINE('',#4618,#4617);
#4620=DIRECTION('',(-1.104315260750E-1,-9.938837346736E-1,-3.733940274873E-10));
#4621=VECTOR('',#4620,7.043077329663E-1);
#4622=CARTESIAN_POINT('',(2.231277777778E1,7.E-1,1.016000000091E1));
#4623=LINE('',#4622,#4621);
#4624=DIRECTION('',(0.E0,-1.E0,0.E0));
#4625=VECTOR('',#4624,5.E-1);
#4626=CARTESIAN_POINT('',(-2.2335E1,1.2E0,7.62E0));
#4627=LINE('',#4626,#4625);
#4628=DIRECTION('',(0.E0,-1.E0,0.E0));
#4629=VECTOR('',#4628,5.E-1);
#4630=CARTESIAN_POINT('',(-2.3385E1,1.2E0,7.62E0));
#4631=LINE('',#4630,#4629);
#4632=CARTESIAN_POINT('',(-2.286E1,7.E-1,7.62E0));
#4633=DIRECTION('',(0.E0,1.E0,0.E0));
#4634=DIRECTION('',(1.E0,0.E0,-1.888073453927E-9));
#4635=AXIS2_PLACEMENT_3D('',#4632,#4633,#4634);
#4637=CARTESIAN_POINT('',(-2.286E1,7.E-1,7.62E0));
#4638=DIRECTION('',(0.E0,1.E0,0.E0));
#4639=DIRECTION('',(0.E0,0.E0,-1.E0));
#4640=AXIS2_PLACEMENT_3D('',#4637,#4638,#4639);
#4642=CARTESIAN_POINT('',(-2.286E1,7.E-1,7.62E0));
#4643=DIRECTION('',(0.E0,1.E0,0.E0));
#4644=DIRECTION('',(-1.E0,0.E0,1.888070207793E-9));
#4645=AXIS2_PLACEMENT_3D('',#4642,#4643,#4644);
#4647=CARTESIAN_POINT('',(-2.286E1,7.E-1,7.62E0));
#4648=DIRECTION('',(0.E0,1.E0,0.E0));
#4649=DIRECTION('',(0.E0,0.E0,1.E0));
#4650=AXIS2_PLACEMENT_3D('',#4647,#4648,#4649);
#4652=CARTESIAN_POINT('',(-2.286E1,7.E-1,7.62E0));
#4653=DIRECTION('',(0.E0,-1.E0,0.E0));
#4654=DIRECTION('',(-1.E0,0.E0,0.E0));
#4655=AXIS2_PLACEMENT_3D('',#4652,#4653,#4654);
#4657=CARTESIAN_POINT('',(-2.286E1,7.E-1,7.62E0));
#4658=DIRECTION('',(0.E0,-1.E0,0.E0));
#4659=DIRECTION('',(1.E0,0.E0,0.E0));
#4660=AXIS2_PLACEMENT_3D('',#4657,#4658,#4659);
#4662=DIRECTION('',(1.104315260749E-1,-9.938837346736E-1,3.744798051716E-10));
#4663=VECTOR('',#4662,7.043077329662E-1);
#4664=CARTESIAN_POINT('',(-2.231277777778E1,7.E-1,7.619999999088E0));
#4665=LINE('',#4664,#4663);
#4666=DIRECTION('',(-1.104315260749E-1,-9.938837346736E-1,-3.744810662374E-10));
#4667=VECTOR('',#4666,7.043077329662E-1);
#4668=CARTESIAN_POINT('',(-2.340722222222E1,7.E-1,7.620000000912E0));
#4669=LINE('',#4668,#4667);
#4670=DIRECTION('',(0.E0,-1.E0,0.E0));
#4671=VECTOR('',#4670,5.E-1);
#4672=CARTESIAN_POINT('',(-2.2335E1,1.2E0,-2.54E0));
#4673=LINE('',#4672,#4671);
#4674=DIRECTION('',(0.E0,-1.E0,0.E0));
#4675=VECTOR('',#4674,5.E-1);
#4676=CARTESIAN_POINT('',(-2.3385E1,1.2E0,-2.54E0));
#4677=LINE('',#4676,#4675);
#4678=CARTESIAN_POINT('',(-2.286E1,7.E-1,-2.54E0));
#4679=DIRECTION('',(0.E0,1.E0,0.E0));
#4680=DIRECTION('',(1.E0,0.E0,-1.888071019326E-9));
#4681=AXIS2_PLACEMENT_3D('',#4678,#4679,#4680);
#4683=CARTESIAN_POINT('',(-2.286E1,7.E-1,-2.54E0));
#4684=DIRECTION('',(0.E0,1.E0,0.E0));
#4685=DIRECTION('',(0.E0,0.E0,-1.E0));
#4686=AXIS2_PLACEMENT_3D('',#4683,#4684,#4685);
#4688=CARTESIAN_POINT('',(-2.286E1,7.E-1,-2.54E0));
#4689=DIRECTION('',(0.E0,1.E0,0.E0));
#4690=DIRECTION('',(-1.E0,0.E0,1.888071019326E-9));
#4691=AXIS2_PLACEMENT_3D('',#4688,#4689,#4690);
#4693=CARTESIAN_POINT('',(-2.286E1,7.E-1,-2.54E0));
#4694=DIRECTION('',(0.E0,1.E0,0.E0));
#4695=DIRECTION('',(0.E0,0.E0,1.E0));
#4696=AXIS2_PLACEMENT_3D('',#4693,#4694,#4695);
#4698=CARTESIAN_POINT('',(-2.286E1,7.E-1,-2.54E0));
#4699=DIRECTION('',(0.E0,-1.E0,0.E0));
#4700=DIRECTION('',(-1.E0,0.E0,0.E0));
#4701=AXIS2_PLACEMENT_3D('',#4698,#4699,#4700);
#4703=CARTESIAN_POINT('',(-2.286E1,7.E-1,-2.54E0));
#4704=DIRECTION('',(0.E0,-1.E0,0.E0));
#4705=DIRECTION('',(1.E0,0.E0,0.E0));
#4706=AXIS2_PLACEMENT_3D('',#4703,#4704,#4705);
#4708=DIRECTION('',(1.104315260749E-1,-9.938837346736E-1,3.744791746387E-10));
#4709=VECTOR('',#4708,7.043077329662E-1);
#4710=CARTESIAN_POINT('',(-2.231277777778E1,7.E-1,-2.540000000912E0));
#4711=LINE('',#4710,#4709);
#4712=DIRECTION('',(-1.104315260749E-1,-9.938837346736E-1,-3.744785441058E-10));
#4713=VECTOR('',#4712,7.043077329662E-1);
#4714=CARTESIAN_POINT('',(-2.340722222222E1,7.E-1,-2.539999999088E0));
#4715=LINE('',#4714,#4713);
#4716=DIRECTION('',(0.E0,-1.E0,0.E0));
#4717=VECTOR('',#4716,5.E-1);
#4718=CARTESIAN_POINT('',(-2.2335E1,1.2E0,-7.62E0));
#4719=LINE('',#4718,#4717);
#4720=DIRECTION('',(0.E0,-1.E0,0.E0));
#4721=VECTOR('',#4720,5.E-1);
#4722=CARTESIAN_POINT('',(-2.3385E1,1.2E0,-7.62E0));
#4723=LINE('',#4722,#4721);
#4724=CARTESIAN_POINT('',(-2.286E1,7.E-1,-7.62E0));
#4725=DIRECTION('',(0.E0,1.E0,0.E0));
#4726=DIRECTION('',(1.E0,0.E0,-1.888071830860E-9));
#4727=AXIS2_PLACEMENT_3D('',#4724,#4725,#4726);
#4729=CARTESIAN_POINT('',(-2.286E1,7.E-1,-7.62E0));
#4730=DIRECTION('',(0.E0,1.E0,0.E0));
#4731=DIRECTION('',(0.E0,0.E0,-1.E0));
#4732=AXIS2_PLACEMENT_3D('',#4729,#4730,#4731);
#4734=CARTESIAN_POINT('',(-2.286E1,7.E-1,-7.62E0));
#4735=DIRECTION('',(0.E0,1.E0,0.E0));
#4736=DIRECTION('',(-1.E0,0.E0,1.888071830860E-9));
#4737=AXIS2_PLACEMENT_3D('',#4734,#4735,#4736);
#4739=CARTESIAN_POINT('',(-2.286E1,7.E-1,-7.62E0));
#4740=DIRECTION('',(0.E0,1.E0,0.E0));
#4741=DIRECTION('',(0.E0,0.E0,1.E0));
#4742=AXIS2_PLACEMENT_3D('',#4739,#4740,#4741);
#4744=CARTESIAN_POINT('',(-2.286E1,7.E-1,-7.62E0));
#4745=DIRECTION('',(0.E0,-1.E0,0.E0));
#4746=DIRECTION('',(-1.E0,0.E0,0.E0));
#4747=AXIS2_PLACEMENT_3D('',#4744,#4745,#4746);
#4749=CARTESIAN_POINT('',(-2.286E1,7.E-1,-7.62E0));
#4750=DIRECTION('',(0.E0,-1.E0,0.E0));
#4751=DIRECTION('',(1.E0,0.E0,0.E0));
#4752=AXIS2_PLACEMENT_3D('',#4749,#4750,#4751);
#4754=DIRECTION('',(1.104315260749E-1,-9.938837346736E-1,3.744810662374E-10));
#4755=VECTOR('',#4754,7.043077329662E-1);
#4756=CARTESIAN_POINT('',(-2.231277777778E1,7.E-1,-7.620000000912E0));
#4757=LINE('',#4756,#4755);
#4758=DIRECTION('',(-1.104315260749E-1,-9.938837346736E-1,-3.744772830399E-10));
#4759=VECTOR('',#4758,7.043077329662E-1);
#4760=CARTESIAN_POINT('',(-2.340722222222E1,7.E-1,-7.619999999088E0));
#4761=LINE('',#4760,#4759);
#4762=DIRECTION('',(0.E0,-9.544799780350E-1,2.982749931359E-1));
#4763=VECTOR('',#4762,1.676305461424E0);
#4764=CARTESIAN_POINT('',(-1.65E1,-3.999999999999E-1,1.065E1));
#4765=LINE('',#4764,#4763);
#4766=DIRECTION('',(0.E0,1.E0,0.E0));
#4767=VECTOR('',#4766,2.E0);
#4768=CARTESIAN_POINT('',(-1.65E1,-2.E0,1.155E1));
#4769=LINE('',#4768,#4767);
#4770=DIRECTION('',(0.E0,0.E0,-1.E0));
#4771=VECTOR('',#4770,5.5E-1);
#4772=CARTESIAN_POINT('',(-1.65E1,0.E0,1.155E1));
#4773=LINE('',#4772,#4771);
#4774=DIRECTION('',(0.E0,0.E0,-1.E0));
#4775=VECTOR('',#4774,3.5E-1);
#4776=CARTESIAN_POINT('',(-1.65E1,-1.5E-1,1.1E1));
#4777=LINE('',#4776,#4775);
#4778=DIRECTION('',(-1.E0,-9.643079985316E-14,0.E0));
#4779=VECTOR('',#4778,7.E-1);
#4780=CARTESIAN_POINT('',(-1.65E1,-3.999999999999E-1,1.065E1));
#4781=LINE('',#4780,#4779);
#4782=DIRECTION('',(0.E0,1.E0,-4.263256414562E-14));
#4783=VECTOR('',#4782,2.499999999999E-1);
#4784=CARTESIAN_POINT('',(-1.65E1,-3.999999999999E-1,1.065E1));
#4785=LINE('',#4784,#4783);
#4786=DIRECTION('',(-1.E0,0.E0,0.E0));
#4787=VECTOR('',#4786,7.E-1);
#4788=CARTESIAN_POINT('',(-1.65E1,-1.5E-1,1.065E1));
#4789=LINE('',#4788,#4787);
#4790=DIRECTION('',(0.E0,0.E0,-1.E0));
#4791=VECTOR('',#4790,3.5E-1);
#4792=CARTESIAN_POINT('',(-1.72E1,-1.5E-1,1.1E1));
#4793=LINE('',#4792,#4791);
#4794=DIRECTION('',(0.E0,9.544799780350E-1,-2.982749931359E-1));
#4795=VECTOR('',#4794,1.676305461424E0);
#4796=CARTESIAN_POINT('',(-1.72E1,-2.E0,1.115E1));
#4797=LINE('',#4796,#4795);
#4798=DIRECTION('',(0.E0,1.E0,-4.263256414561E-14));
#4799=VECTOR('',#4798,2.5E-1);
#4800=CARTESIAN_POINT('',(-1.72E1,-4.E-1,1.065E1));
#4801=LINE('',#4800,#4799);
#4802=DIRECTION('',(0.E0,1.E0,0.E0));
#4803=VECTOR('',#4802,1.5E-1);
#4804=CARTESIAN_POINT('',(-1.72E1,-1.5E-1,1.1E1));
#4805=LINE('',#4804,#4803);
#4806=DIRECTION('',(0.E0,0.E0,1.E0));
#4807=VECTOR('',#4806,5.5E-1);
#4808=CARTESIAN_POINT('',(-1.72E1,0.E0,1.1E1));
#4809=LINE('',#4808,#4807);
#4810=DIRECTION('',(-1.E0,0.E0,-3.045183153258E-14));
#4811=VECTOR('',#4810,7.E-1);
#4812=CARTESIAN_POINT('',(-1.65E1,-2.E0,1.115E1));
#4813=LINE('',#4812,#4811);
#4814=DIRECTION('',(0.E0,0.E0,1.E0));
#4815=VECTOR('',#4814,4.E-1);
#4816=CARTESIAN_POINT('',(-1.72E1,-2.E0,1.115E1));
#4817=LINE('',#4816,#4815);
#4818=DIRECTION('',(1.E0,0.E0,0.E0));
#4819=VECTOR('',#4818,7.E-1);
#4820=CARTESIAN_POINT('',(-1.72E1,-2.E0,1.155E1));
#4821=LINE('',#4820,#4819);
#4822=DIRECTION('',(0.E0,0.E0,-1.E0));
#4823=VECTOR('',#4822,4.E-1);
#4824=CARTESIAN_POINT('',(-1.65E1,-2.E0,1.155E1));
#4825=LINE('',#4824,#4823);
#4826=DIRECTION('',(0.E0,0.E0,-1.E0));
#4827=VECTOR('',#4826,5.E-1);
#4828=CARTESIAN_POINT('',(-1.86E1,-1.E0,1.205E1));
#4829=LINE('',#4828,#4827);
#4830=DIRECTION('',(0.E0,0.E0,-1.E0));
#4831=VECTOR('',#4830,5.E-1);
#4832=CARTESIAN_POINT('',(-1.74E1,-1.E0,1.205E1));
#4833=LINE('',#4832,#4831);
#4834=DIRECTION('',(0.E0,0.E0,-1.E0));
#4835=VECTOR('',#4834,5.E-1);
#4836=CARTESIAN_POINT('',(1.74E1,-1.E0,1.205E1));
#4837=LINE('',#4836,#4835);
#4838=DIRECTION('',(0.E0,0.E0,-1.E0));
#4839=VECTOR('',#4838,5.E-1);
#4840=CARTESIAN_POINT('',(1.86E1,-1.E0,1.205E1));
#4841=LINE('',#4840,#4839);
#4842=CARTESIAN_POINT('',(-1.016E1,9.E-1,1.016E1));
#4843=DIRECTION('',(0.E0,-1.E0,0.E0));
#4844=DIRECTION('',(1.E0,0.E0,-4.802727527844E-10));
#4845=AXIS2_PLACEMENT_3D('',#4842,#4843,#4844);
#4847=CARTESIAN_POINT('',(-1.016E1,9.E-1,1.016E1));
#4848=DIRECTION('',(0.E0,-1.E0,0.E0));
#4849=DIRECTION('',(0.E0,0.E0,1.E0));
#4850=AXIS2_PLACEMENT_3D('',#4847,#4848,#4849);
#4852=DIRECTION('',(-1.104315260748E-1,-9.938837346736E-1,1.905495698710E-10));
#4853=VECTOR('',#4852,9.055385138137E-1);
#4854=CARTESIAN_POINT('',(-1.0685E1,9.E-1,1.016000000029E1));
#4855=LINE('',#4854,#4853);
#4856=DIRECTION('',(0.E0,1.E0,1.469011579047E-9));
#4857=VECTOR('',#4856,2.E-1);
#4858=CARTESIAN_POINT('',(-1.0685E1,7.E-1,1.016E1));
#4859=LINE('',#4858,#4857);
#4860=DIRECTION('',(-1.776356839400E-14,1.E0,-1.258895210299E-9));
#4861=VECTOR('',#4860,2.E-1);
#4862=CARTESIAN_POINT('',(-9.635E0,7.E-1,1.015999999983E1));
#4863=LINE('',#4862,#4861);
#4864=CARTESIAN_POINT('',(-1.016E1,9.E-1,1.016E1));
#4865=DIRECTION('',(0.E0,-1.E0,0.E0));
#4866=DIRECTION('',(-1.E0,0.E0,0.E0));
#4867=AXIS2_PLACEMENT_3D('',#4864,#4865,#4866);
#4869=CARTESIAN_POINT('',(-1.016E1,9.E-1,1.016E1));
#4870=DIRECTION('',(0.E0,-1.E0,0.E0));
#4871=DIRECTION('',(0.E0,0.E0,-1.E0));
#4872=AXIS2_PLACEMENT_3D('',#4869,#4870,#4871);
#4874=DIRECTION('',(1.104315260749E-1,-9.938837346736E-1,-5.132678068784E-11));
#4875=VECTOR('',#4874,9.055385138137E-1);
#4876=CARTESIAN_POINT('',(-9.635E0,9.E-1,1.015999999958E1));
#4877=LINE('',#4876,#4875);
#4878=CARTESIAN_POINT('',(-1.016E1,7.E-1,1.016E1));
#4879=DIRECTION('',(0.E0,1.E0,0.E0));
#4880=DIRECTION('',(-1.E0,0.E0,0.E0));
#4881=AXIS2_PLACEMENT_3D('',#4878,#4879,#4880);
#4883=CARTESIAN_POINT('',(-1.016E1,7.E-1,1.016E1));
#4884=DIRECTION('',(0.E0,1.E0,0.E0));
#4885=DIRECTION('',(1.E0,0.E0,0.E0));
#4886=AXIS2_PLACEMENT_3D('',#4883,#4884,#4885);
#4888=DIRECTION('',(0.E0,-8.944271909999E-1,4.472135955E-1));
#4889=VECTOR('',#4888,4.472135954999E-1);
#4890=CARTESIAN_POINT('',(2.3E1,-2.3E0,-1.205E1));
#4891=LINE('',#4890,#4889);
#4892=DIRECTION('',(0.E0,-1.E0,0.E0));
#4893=VECTOR('',#4892,1.1E0);
#4894=CARTESIAN_POINT('',(2.3E1,-1.2E0,-1.205E1));
#4895=LINE('',#4894,#4893);
#4896=DIRECTION('',(1.E0,0.E0,0.E0));
#4897=VECTOR('',#4896,4.6E1);
#4898=CARTESIAN_POINT('',(-2.3E1,-2.7E0,-1.155E1));
#4899=LINE('',#4898,#4897);
#4900=DIRECTION('',(0.E0,0.E0,-1.E0));
#4901=VECTOR('',#4900,3.E-1);
#4902=CARTESIAN_POINT('',(2.3E1,-2.7E0,-1.155E1));
#4903=LINE('',#4902,#4901);
#4904=DIRECTION('',(0.E0,0.E0,-1.E0));
#4905=VECTOR('',#4904,5.E-1);
#4906=CARTESIAN_POINT('',(-1.86E1,-1.E0,-1.155E1));
#4907=LINE('',#4906,#4905);
#4908=DIRECTION('',(0.E0,0.E0,-1.E0));
#4909=VECTOR('',#4908,5.E-1);
#4910=CARTESIAN_POINT('',(-1.74E1,-1.E0,-1.155E1));
#4911=LINE('',#4910,#4909);
#4912=DIRECTION('',(0.E0,0.E0,-1.E0));
#4913=VECTOR('',#4912,5.E-1);
#4914=CARTESIAN_POINT('',(1.74E1,-1.E0,-1.155E1));
#4915=LINE('',#4914,#4913);
#4916=DIRECTION('',(0.E0,0.E0,-1.E0));
#4917=VECTOR('',#4916,5.E-1);
#4918=CARTESIAN_POINT('',(1.86E1,-1.E0,-1.155E1));
#4919=LINE('',#4918,#4917);
#4920=DIRECTION('',(0.E0,1.E0,0.E0));
#4921=VECTOR('',#4920,1.7E0);
#4922=CARTESIAN_POINT('',(-2.425E1,-1.2E0,-1.205E1));
#4923=LINE('',#4922,#4921);
#4924=DIRECTION('',(0.E0,-1.E0,0.E0));
#4925=VECTOR('',#4924,1.7E0);
#4926=CARTESIAN_POINT('',(-2.475E1,5.E-1,-1.155E1));
#4927=LINE('',#4926,#4925);
#4928=CARTESIAN_POINT('',(-2.54E1,5.E-1,1.200000000140E1));
#4929=CARTESIAN_POINT('',(-2.54E1,5.E-1,-1.199999999969E1));
#4930=VERTEX_POINT('',#4928);
#4931=VERTEX_POINT('',#4929);
#4932=CARTESIAN_POINT('',(-2.54E1,9.E-1,-1.199999999976E1));
#4933=VERTEX_POINT('',#4932);
#4934=CARTESIAN_POINT('',(-2.54E1,9.E-1,1.200000000105E1));
#4935=VERTEX_POINT('',#4934);
#4936=CARTESIAN_POINT('',(-6.8E0,5.E-1,-1.27E1));
#4937=CARTESIAN_POINT('',(6.8E0,5.E-1,-1.27E1));
#4938=VERTEX_POINT('',#4936);
#4939=VERTEX_POINT('',#4937);
#4940=CARTESIAN_POINT('',(-6.8E0,5.E-1,-1.205E1));
#4941=VERTEX_POINT('',#4940);
#4942=CARTESIAN_POINT('',(6.8E0,5.E-1,-1.205E1));
#4943=VERTEX_POINT('',#4942);
#4944=CARTESIAN_POINT('',(-6.8E0,5.E-1,1.27E1));
#4945=CARTESIAN_POINT('',(6.8E0,5.E-1,1.27E1));
#4946=VERTEX_POINT('',#4944);
#4947=VERTEX_POINT('',#4945);
#4948=CARTESIAN_POINT('',(6.8E0,5.E-1,1.205E1));
#4949=VERTEX_POINT('',#4948);
#4950=CARTESIAN_POINT('',(-6.8E0,5.E-1,1.205E1));
#4951=VERTEX_POINT('',#4950);
#4952=CARTESIAN_POINT('',(2.475E1,5.E-1,-1.155E1));
#4953=CARTESIAN_POINT('',(2.475E1,5.E-1,1.155E1));
#4954=VERTEX_POINT('',#4952);
#4955=VERTEX_POINT('',#4953);
#4956=CARTESIAN_POINT('',(2.425E1,5.E-1,1.205E1));
#4957=VERTEX_POINT('',#4956);
#4958=CARTESIAN_POINT('',(9.E0,5.E-1,1.205E1));
#4959=VERTEX_POINT('',#4958);
#4960=CARTESIAN_POINT('',(9.E0,5.E-1,1.27E1));
#4961=VERTEX_POINT('',#4960);
#4962=CARTESIAN_POINT('',(2.470000000140E1,5.E-1,1.27E1));
#4963=VERTEX_POINT('',#4962);
#4964=CARTESIAN_POINT('',(2.54E1,5.E-1,1.2E1));
#4965=VERTEX_POINT('',#4964);
#4966=CARTESIAN_POINT('',(2.54E1,5.E-1,-1.200000000140E1));
#4967=VERTEX_POINT('',#4966);
#4968=CARTESIAN_POINT('',(2.47E1,5.E-1,-1.27E1));
#4969=VERTEX_POINT('',#4968);
#4970=CARTESIAN_POINT('',(9.E0,5.E-1,-1.27E1));
#4971=VERTEX_POINT('',#4970);
#4972=CARTESIAN_POINT('',(9.E0,5.E-1,-1.205E1));
#4973=VERTEX_POINT('',#4972);
#4974=CARTESIAN_POINT('',(2.425E1,5.E-1,-1.205E1));
#4975=VERTEX_POINT('',#4974);
#4976=CARTESIAN_POINT('',(-2.475E1,5.E-1,1.155E1));
#4977=CARTESIAN_POINT('',(-2.475E1,5.E-1,-1.155E1));
#4978=VERTEX_POINT('',#4976);
#4979=VERTEX_POINT('',#4977);
#4980=CARTESIAN_POINT('',(-2.425E1,5.E-1,-1.205E1));
#4981=VERTEX_POINT('',#4980);
#4982=CARTESIAN_POINT('',(-9.E0,5.E-1,-1.205E1));
#4983=VERTEX_POINT('',#4982);
#4984=CARTESIAN_POINT('',(-9.E0,5.E-1,-1.27E1));
#4985=VERTEX_POINT('',#4984);
#4986=CARTESIAN_POINT('',(-2.470000000140E1,5.E-1,-1.27E1));
#4987=VERTEX_POINT('',#4986);
#4988=CARTESIAN_POINT('',(-2.47E1,5.E-1,1.27E1));
#4989=VERTEX_POINT('',#4988);
#4990=CARTESIAN_POINT('',(-9.E0,5.E-1,1.27E1));
#4991=VERTEX_POINT('',#4990);
#4992=CARTESIAN_POINT('',(-9.E0,5.E-1,1.205E1));
#4993=VERTEX_POINT('',#4992);
#4994=CARTESIAN_POINT('',(-2.425E1,5.E-1,1.205E1));
#4995=VERTEX_POINT('',#4994);
#4996=CARTESIAN_POINT('',(-9.E0,9.E-1,-1.27E1));
#4997=VERTEX_POINT('',#4996);
#4998=CARTESIAN_POINT('',(-2.470000000105E1,9.E-1,-1.27E1));
#4999=VERTEX_POINT('',#4998);
#5000=CARTESIAN_POINT('',(9.E0,9.E-1,-1.27E1));
#5001=VERTEX_POINT('',#5000);
#5002=CARTESIAN_POINT('',(2.469999999976E1,9.E-1,-1.27E1));
#5003=VERTEX_POINT('',#5002);
#5004=CARTESIAN_POINT('',(6.8E0,9.E-1,-1.27E1));
#5005=VERTEX_POINT('',#5004);
#5006=CARTESIAN_POINT('',(-6.8E0,9.E-1,-1.27E1));
#5007=VERTEX_POINT('',#5006);
#5008=CARTESIAN_POINT('',(-9.E0,-5.E-1,-1.155E1));
#5009=CARTESIAN_POINT('',(-9.E0,1.2E0,-1.155E1));
#5010=VERTEX_POINT('',#5008);
#5011=VERTEX_POINT('',#5009);
#5012=CARTESIAN_POINT('',(-9.E0,1.2E0,-1.24E1));
#5013=VERTEX_POINT('',#5012);
#5014=CARTESIAN_POINT('',(-9.E0,-5.E-1,-1.205E1));
#5015=VERTEX_POINT('',#5014);
#5016=CARTESIAN_POINT('',(-6.8E0,-5.E-1,-1.155E1));
#5017=VERTEX_POINT('',#5016);
#5018=CARTESIAN_POINT('',(-6.8E0,1.2E0,-1.155E1));
#5019=VERTEX_POINT('',#5018);
#5020=CARTESIAN_POINT('',(-6.8E0,-5.E-1,1.155E1));
#5021=CARTESIAN_POINT('',(-9.E0,-5.E-1,1.155E1));
#5022=VERTEX_POINT('',#5020);
#5023=VERTEX_POINT('',#5021);
#5024=CARTESIAN_POINT('',(-6.8E0,-5.E-1,1.205E1));
#5025=VERTEX_POINT('',#5024);
#5026=CARTESIAN_POINT('',(-9.E0,-5.E-1,1.205E1));
#5027=VERTEX_POINT('',#5026);
#5028=CARTESIAN_POINT('',(9.E0,-5.E-1,1.155E1));
#5029=CARTESIAN_POINT('',(6.8E0,-5.E-1,1.155E1));
#5030=VERTEX_POINT('',#5028);
#5031=VERTEX_POINT('',#5029);
#5032=CARTESIAN_POINT('',(9.E0,-5.E-1,1.205E1));
#5033=VERTEX_POINT('',#5032);
#5034=CARTESIAN_POINT('',(6.8E0,-5.E-1,1.205E1));
#5035=VERTEX_POINT('',#5034);
#5036=CARTESIAN_POINT('',(-6.8E0,-5.E-1,-1.205E1));
#5037=VERTEX_POINT('',#5036);
#5038=CARTESIAN_POINT('',(6.8E0,-5.E-1,-1.155E1));
#5039=CARTESIAN_POINT('',(9.E0,-5.E-1,-1.155E1));
#5040=VERTEX_POINT('',#5038);
#5041=VERTEX_POINT('',#5039);
#5042=CARTESIAN_POINT('',(6.8E0,-5.E-1,-1.205E1));
#5043=VERTEX_POINT('',#5042);
#5044=CARTESIAN_POINT('',(9.E0,-5.E-1,-1.205E1));
#5045=VERTEX_POINT('',#5044);
#5046=CARTESIAN_POINT('',(-9.E0,1.2E0,1.155E1));
#5047=VERTEX_POINT('',#5046);
#5048=CARTESIAN_POINT('',(-6.8E0,1.2E0,1.155E1));
#5049=VERTEX_POINT('',#5048);
#5050=CARTESIAN_POINT('',(-9.E0,9.E-1,1.27E1));
#5051=VERTEX_POINT('',#5050);
#5052=CARTESIAN_POINT('',(-9.E0,1.2E0,1.24E1));
#5053=VERTEX_POINT('',#5052);
#5054=CARTESIAN_POINT('',(2.3E1,-2.3E0,1.205E1));
#5055=CARTESIAN_POINT('',(-2.3E1,-2.3E0,1.205E1));
#5056=VERTEX_POINT('',#5054);
#5057=VERTEX_POINT('',#5055);
#5058=CARTESIAN_POINT('',(-2.3E1,-1.2E0,1.205E1));
#5059=VERTEX_POINT('',#5058);
#5060=CARTESIAN_POINT('',(-2.425E1,-1.2E0,1.205E1));
#5061=VERTEX_POINT('',#5060);
#5062=CARTESIAN_POINT('',(2.425E1,-1.2E0,1.205E1));
#5063=VERTEX_POINT('',#5062);
#5064=CARTESIAN_POINT('',(2.3E1,-1.2E0,1.205E1));
#5065=VERTEX_POINT('',#5064);
#5066=CARTESIAN_POINT('',(-1.86E1,-1.E0,1.205E1));
#5067=CARTESIAN_POINT('',(-1.74E1,-1.E0,1.205E1));
#5068=VERTEX_POINT('',#5066);
#5069=VERTEX_POINT('',#5067);
#5070=CARTESIAN_POINT('',(1.74E1,-1.E0,1.205E1));
#5071=CARTESIAN_POINT('',(1.86E1,-1.E0,1.205E1));
#5072=VERTEX_POINT('',#5070);
#5073=VERTEX_POINT('',#5071);
#5074=CARTESIAN_POINT('',(1.74E1,-1.E0,1.155E1));
#5075=VERTEX_POINT('',#5074);
#5076=CARTESIAN_POINT('',(1.86E1,-1.E0,1.155E1));
#5077=VERTEX_POINT('',#5076);
#5078=CARTESIAN_POINT('',(1.86E1,-1.E0,-1.205E1));
#5079=CARTESIAN_POINT('',(1.74E1,-1.E0,-1.205E1));
#5080=VERTEX_POINT('',#5078);
#5081=VERTEX_POINT('',#5079);
#5082=CARTESIAN_POINT('',(1.86E1,-1.E0,-1.155E1));
#5083=VERTEX_POINT('',#5082);
#5084=CARTESIAN_POINT('',(1.74E1,-1.E0,-1.155E1));
#5085=VERTEX_POINT('',#5084);
#5086=CARTESIAN_POINT('',(2.3E1,-2.7E0,1.155E1));
#5087=CARTESIAN_POINT('',(-2.3E1,-2.7E0,1.155E1));
#5088=VERTEX_POINT('',#5086);
#5089=VERTEX_POINT('',#5087);
#5090=CARTESIAN_POINT('',(2.3E1,-1.2E0,1.155E1));
#5091=VERTEX_POINT('',#5090);
#5092=CARTESIAN_POINT('',(2.425E1,-1.2E0,1.155E1));
#5093=VERTEX_POINT('',#5092);
#5094=CARTESIAN_POINT('',(2.425E1,0.E0,1.155E1));
#5095=VERTEX_POINT('',#5094);
#5096=CARTESIAN_POINT('',(1.72E1,0.E0,1.155E1));
#5097=VERTEX_POINT('',#5096);
#5098=CARTESIAN_POINT('',(1.72E1,-2.E0,1.155E1));
#5099=VERTEX_POINT('',#5098);
#5100=CARTESIAN_POINT('',(1.65E1,-2.E0,1.155E1));
#5101=VERTEX_POINT('',#5100);
#5102=CARTESIAN_POINT('',(1.65E1,0.E0,1.155E1));
#5103=VERTEX_POINT('',#5102);
#5104=CARTESIAN_POINT('',(9.8E0,0.E0,1.155E1));
#5105=VERTEX_POINT('',#5104);
#5106=CARTESIAN_POINT('',(9.8E0,-1.2E0,1.155E1));
#5107=VERTEX_POINT('',#5106);
#5108=CARTESIAN_POINT('',(6.E0,-1.2E0,1.155E1));
#5109=VERTEX_POINT('',#5108);
#5110=CARTESIAN_POINT('',(6.E0,0.E0,1.155E1));
#5111=VERTEX_POINT('',#5110);
#5112=CARTESIAN_POINT('',(-6.E0,0.E0,1.155E1));
#5113=VERTEX_POINT('',#5112);
#5114=CARTESIAN_POINT('',(-6.E0,-1.2E0,1.155E1));
#5115=VERTEX_POINT('',#5114);
#5116=CARTESIAN_POINT('',(-9.8E0,-1.2E0,1.155E1));
#5117=VERTEX_POINT('',#5116);
#5118=CARTESIAN_POINT('',(-9.8E0,0.E0,1.155E1));
#5119=VERTEX_POINT('',#5118);
#5120=CARTESIAN_POINT('',(-1.65E1,0.E0,1.155E1));
#5121=VERTEX_POINT('',#5120);
#5122=CARTESIAN_POINT('',(-1.65E1,-2.E0,1.155E1));
#5123=VERTEX_POINT('',#5122);
#5124=CARTESIAN_POINT('',(-1.72E1,-2.E0,1.155E1));
#5125=VERTEX_POINT('',#5124);
#5126=CARTESIAN_POINT('',(-1.72E1,0.E0,1.155E1));
#5127=VERTEX_POINT('',#5126);
#5128=CARTESIAN_POINT('',(-2.425E1,0.E0,1.155E1));
#5129=VERTEX_POINT('',#5128);
#5130=CARTESIAN_POINT('',(-2.425E1,-1.2E0,1.155E1));
#5131=VERTEX_POINT('',#5130);
#5132=CARTESIAN_POINT('',(-2.3E1,-1.2E0,1.155E1));
#5133=VERTEX_POINT('',#5132);
#5134=CARTESIAN_POINT('',(-1.74E1,-1.E0,1.155E1));
#5135=CARTESIAN_POINT('',(-1.86E1,-1.E0,1.155E1));
#5136=VERTEX_POINT('',#5134);
#5137=VERTEX_POINT('',#5135);
#5138=CARTESIAN_POINT('',(-1.74E1,-1.E0,-1.205E1));
#5139=CARTESIAN_POINT('',(-1.86E1,-1.E0,-1.205E1));
#5140=VERTEX_POINT('',#5138);
#5141=VERTEX_POINT('',#5139);
#5142=CARTESIAN_POINT('',(-1.74E1,-1.E0,-1.155E1));
#5143=VERTEX_POINT('',#5142);
#5144=CARTESIAN_POINT('',(-1.86E1,-1.E0,-1.155E1));
#5145=VERTEX_POINT('',#5144);
#5146=CARTESIAN_POINT('',(-2.3E1,-2.3E0,-1.205E1));
#5147=CARTESIAN_POINT('',(2.3E1,-2.3E0,-1.205E1));
#5148=VERTEX_POINT('',#5146);
#5149=VERTEX_POINT('',#5147);
#5150=CARTESIAN_POINT('',(2.3E1,-1.2E0,-1.205E1));
#5151=VERTEX_POINT('',#5150);
#5152=CARTESIAN_POINT('',(2.425E1,-1.2E0,-1.205E1));
#5153=VERTEX_POINT('',#5152);
#5154=CARTESIAN_POINT('',(-2.425E1,-1.2E0,-1.205E1));
#5155=VERTEX_POINT('',#5154);
#5156=CARTESIAN_POINT('',(-2.3E1,-1.2E0,-1.205E1));
#5157=VERTEX_POINT('',#5156);
#5158=CARTESIAN_POINT('',(-2.3E1,-2.7E0,-1.185E1));
#5159=VERTEX_POINT('',#5158);
#5160=CARTESIAN_POINT('',(2.3E1,-2.7E0,-1.185E1));
#5161=VERTEX_POINT('',#5160);
#5162=CARTESIAN_POINT('',(-2.3E1,-1.2E0,-1.155E1));
#5163=VERTEX_POINT('',#5162);
#5164=CARTESIAN_POINT('',(-2.3E1,-2.7E0,-1.155E1));
#5165=VERTEX_POINT('',#5164);
#5166=CARTESIAN_POINT('',(-2.475E1,-1.2E0,-1.E1));
#5167=CARTESIAN_POINT('',(-2.475E1,-1.2E0,-1.155E1));
#5168=VERTEX_POINT('',#5166);
#5169=VERTEX_POINT('',#5167);
#5170=CARTESIAN_POINT('',(-2.425E1,-1.2E0,-1.E1));
#5171=VERTEX_POINT('',#5170);
#5172=CARTESIAN_POINT('',(-2.425E1,-1.2E0,-1.155E1));
#5173=VERTEX_POINT('',#5172);
#5174=CARTESIAN_POINT('',(-2.475E1,-1.2E0,1.155E1));
#5175=CARTESIAN_POINT('',(-2.475E1,-1.2E0,1.E1));
#5176=VERTEX_POINT('',#5174);
#5177=VERTEX_POINT('',#5175);
#5178=CARTESIAN_POINT('',(-2.425E1,-1.2E0,1.E1));
#5179=VERTEX_POINT('',#5178);
#5180=CARTESIAN_POINT('',(2.475E1,-1.2E0,1.155E1));
#5181=VERTEX_POINT('',#5180);
#5182=CARTESIAN_POINT('',(2.475E1,-1.2E0,1.E1));
#5183=VERTEX_POINT('',#5182);
#5184=CARTESIAN_POINT('',(2.425E1,-1.2E0,1.E1));
#5185=VERTEX_POINT('',#5184);
#5186=CARTESIAN_POINT('',(2.475E1,-1.2E0,-1.155E1));
#5187=CARTESIAN_POINT('',(2.475E1,-1.2E0,-1.E1));
#5188=VERTEX_POINT('',#5186);
#5189=VERTEX_POINT('',#5187);
#5190=CARTESIAN_POINT('',(2.3E1,-1.2E0,-1.155E1));
#5191=VERTEX_POINT('',#5190);
#5192=CARTESIAN_POINT('',(2.425E1,-1.2E0,-1.155E1));
#5193=VERTEX_POINT('',#5192);
#5194=CARTESIAN_POINT('',(2.425E1,-1.2E0,-1.E1));
#5195=VERTEX_POINT('',#5194);
#5196=CARTESIAN_POINT('',(-2.475E1,-2.300000000003E0,4.010161216327E0));
#5197=CARTESIAN_POINT('',(-2.475E1,-2.034570918953E0,3.998572332373E0));
#5198=VERTEX_POINT('',#5196);
#5199=VERTEX_POINT('',#5197);
#5200=CARTESIAN_POINT('',(-2.475E1,-2.034570918952E0,1.001427667627E0));
#5201=VERTEX_POINT('',#5200);
#5202=CARTESIAN_POINT('',(-2.475E1,-2.300000000003E0,9.898387836731E-1));
#5203=VERTEX_POINT('',#5202);
#5204=CARTESIAN_POINT('',(-2.475E1,-2.3E0,-1.E1));
#5205=VERTEX_POINT('',#5204);
#5206=CARTESIAN_POINT('',(-2.475E1,-2.3E0,1.E1));
#5207=VERTEX_POINT('',#5206);
#5208=CARTESIAN_POINT('',(-2.425E1,-2.413085816209E0,4.015098649692E0));
#5209=CARTESIAN_POINT('',(-2.469345709190E1,-2.413085816209E0,
4.015098649692E0));
#5210=VERTEX_POINT('',#5208);
#5211=VERTEX_POINT('',#5209);
#5212=CARTESIAN_POINT('',(-2.425E1,-2.034570918952E0,3.998572332373E0));
#5213=VERTEX_POINT('',#5212);
#5214=CARTESIAN_POINT('',(-2.425E1,-2.7E0,4.314813116167E0));
#5215=VERTEX_POINT('',#5214);
#5216=VERTEX_POINT('',#2027);
#5217=CARTESIAN_POINT('',(-2.425E1,-2.7E0,1.E1));
#5218=VERTEX_POINT('',#5217);
#5219=CARTESIAN_POINT('',(-2.425E1,0.E0,-1.155E1));
#5220=VERTEX_POINT('',#5219);
#5221=CARTESIAN_POINT('',(-2.425E1,-2.7E0,-1.E1));
#5222=VERTEX_POINT('',#5221);
#5223=CARTESIAN_POINT('',(-2.425E1,-2.7E0,6.851868838335E-1));
#5224=VERTEX_POINT('',#5223);
#5225=CARTESIAN_POINT('',(-2.425E1,-2.413085816210E0,9.849013503080E-1));
#5226=VERTEX_POINT('',#5225);
#5227=CARTESIAN_POINT('',(-2.425E1,-2.034570918952E0,1.001427667627E0));
#5228=VERTEX_POINT('',#5227);
#5229=CARTESIAN_POINT('',(2.3E1,-2.7E0,1.185E1));
#5230=CARTESIAN_POINT('',(-2.3E1,-2.7E0,1.185E1));
#5231=VERTEX_POINT('',#5229);
#5232=VERTEX_POINT('',#5230);
#5233=CARTESIAN_POINT('',(2.455E1,-2.7E0,1.E1));
#5234=CARTESIAN_POINT('',(2.455E1,-2.7E0,-1.E1));
#5235=VERTEX_POINT('',#5233);
#5236=VERTEX_POINT('',#5234);
#5237=CARTESIAN_POINT('',(2.425E1,-2.7E0,-1.E1));
#5238=VERTEX_POINT('',#5237);
#5239=CARTESIAN_POINT('',(2.425E1,-2.7E0,1.E1));
#5240=VERTEX_POINT('',#5239);
#5241=CARTESIAN_POINT('',(2.3E1,-2.7E0,-1.155E1));
#5242=VERTEX_POINT('',#5241);
#5243=CARTESIAN_POINT('',(-2.455E1,-2.7E0,1.E1));
#5244=VERTEX_POINT('',#5243);
#5245=CARTESIAN_POINT('',(-2.455E1,-2.7E0,6.851868838335E-1));
#5246=VERTEX_POINT('',#5245);
#5247=CARTESIAN_POINT('',(-2.455E1,-2.7E0,-1.E1));
#5248=VERTEX_POINT('',#5247);
#5249=CARTESIAN_POINT('',(2.475E1,-2.3E0,1.E1));
#5250=VERTEX_POINT('',#5249);
#5251=CARTESIAN_POINT('',(2.475E1,-2.3E0,-1.E1));
#5252=VERTEX_POINT('',#5251);
#5253=CARTESIAN_POINT('',(2.425E1,0.E0,-1.155E1));
#5254=VERTEX_POINT('',#5253);
#5255=CARTESIAN_POINT('',(9.8E0,-1.2E0,-1.155E1));
#5256=CARTESIAN_POINT('',(6.E0,-1.2E0,-1.155E1));
#5257=VERTEX_POINT('',#5255);
#5258=VERTEX_POINT('',#5256);
#5259=CARTESIAN_POINT('',(9.8E0,0.E0,-1.155E1));
#5260=VERTEX_POINT('',#5259);
#5261=CARTESIAN_POINT('',(1.65E1,0.E0,-1.155E1));
#5262=VERTEX_POINT('',#5261);
#5263=CARTESIAN_POINT('',(1.65E1,-2.E0,-1.155E1));
#5264=VERTEX_POINT('',#5263);
#5265=CARTESIAN_POINT('',(1.72E1,-2.E0,-1.155E1));
#5266=VERTEX_POINT('',#5265);
#5267=CARTESIAN_POINT('',(1.72E1,0.E0,-1.155E1));
#5268=VERTEX_POINT('',#5267);
#5269=CARTESIAN_POINT('',(-1.72E1,0.E0,-1.155E1));
#5270=VERTEX_POINT('',#5269);
#5271=CARTESIAN_POINT('',(-1.72E1,-2.E0,-1.155E1));
#5272=VERTEX_POINT('',#5271);
#5273=CARTESIAN_POINT('',(-1.65E1,-2.E0,-1.155E1));
#5274=VERTEX_POINT('',#5273);
#5275=CARTESIAN_POINT('',(-1.65E1,0.E0,-1.155E1));
#5276=VERTEX_POINT('',#5275);
#5277=CARTESIAN_POINT('',(-9.8E0,0.E0,-1.155E1));
#5278=VERTEX_POINT('',#5277);
#5279=CARTESIAN_POINT('',(-9.8E0,-1.2E0,-1.155E1));
#5280=VERTEX_POINT('',#5279);
#5281=CARTESIAN_POINT('',(-6.E0,-1.2E0,-1.155E1));
#5282=VERTEX_POINT('',#5281);
#5283=CARTESIAN_POINT('',(-6.E0,0.E0,-1.155E1));
#5284=VERTEX_POINT('',#5283);
#5285=CARTESIAN_POINT('',(6.E0,0.E0,-1.155E1));
#5286=VERTEX_POINT('',#5285);
#5287=CARTESIAN_POINT('',(6.E0,-1.2E0,-1.1E1));
#5288=VERTEX_POINT('',#5287);
#5289=CARTESIAN_POINT('',(9.8E0,-1.2E0,-1.1E1));
#5290=VERTEX_POINT('',#5289);
#5291=CARTESIAN_POINT('',(-9.8E0,-1.2E0,-1.1E1));
#5292=VERTEX_POINT('',#5291);
#5293=CARTESIAN_POINT('',(-6.E0,-1.2E0,-1.1E1));
#5294=VERTEX_POINT('',#5293);
#5295=CARTESIAN_POINT('',(9.8E0,-1.2E0,1.1E1));
#5296=VERTEX_POINT('',#5295);
#5297=CARTESIAN_POINT('',(6.E0,-1.2E0,1.1E1));
#5298=VERTEX_POINT('',#5297);
#5299=CARTESIAN_POINT('',(-6.E0,-1.2E0,1.1E1));
#5300=VERTEX_POINT('',#5299);
#5301=CARTESIAN_POINT('',(-9.8E0,-1.2E0,1.1E1));
#5302=VERTEX_POINT('',#5301);
#5303=CARTESIAN_POINT('',(6.E0,0.E0,-1.1E1));
#5304=VERTEX_POINT('',#5303);
#5305=CARTESIAN_POINT('',(-1.196E1,0.E0,-2.54E0));
#5306=CARTESIAN_POINT('',(-8.36E0,0.E0,-2.54E0));
#5307=VERTEX_POINT('',#5305);
#5308=VERTEX_POINT('',#5306);
#5309=CARTESIAN_POINT('',(-1.016E1,0.E0,-1.915E0));
#5310=CARTESIAN_POINT('',(-1.0785E1,0.E0,-2.54E0));
#5311=VERTEX_POINT('',#5309);
#5312=VERTEX_POINT('',#5310);
#5313=CARTESIAN_POINT('',(-9.535E0,0.E0,-2.54E0));
#5314=VERTEX_POINT('',#5313);
#5315=CARTESIAN_POINT('',(-1.016E1,0.E0,-3.165E0));
#5316=VERTEX_POINT('',#5315);
#5317=CARTESIAN_POINT('',(-1.196E1,0.E0,2.54E0));
#5318=CARTESIAN_POINT('',(-8.36E0,0.E0,2.54E0));
#5319=VERTEX_POINT('',#5317);
#5320=VERTEX_POINT('',#5318);
#5321=CARTESIAN_POINT('',(-1.016E1,0.E0,3.165E0));
#5322=CARTESIAN_POINT('',(-1.0785E1,0.E0,2.54E0));
#5323=VERTEX_POINT('',#5321);
#5324=VERTEX_POINT('',#5322);
#5325=CARTESIAN_POINT('',(-9.535E0,0.E0,2.54E0));
#5326=VERTEX_POINT('',#5325);
#5327=CARTESIAN_POINT('',(-1.016E1,0.E0,1.915E0));
#5328=VERTEX_POINT('',#5327);
#5329=CARTESIAN_POINT('',(8.36E0,0.E0,0.E0));
#5330=CARTESIAN_POINT('',(1.196E1,0.E0,0.E0));
#5331=VERTEX_POINT('',#5329);
#5332=VERTEX_POINT('',#5330);
#5333=CARTESIAN_POINT('',(1.016E1,0.E0,6.25E-1));
#5334=CARTESIAN_POINT('',(9.535E0,0.E0,0.E0));
#5335=VERTEX_POINT('',#5333);
#5336=VERTEX_POINT('',#5334);
#5337=CARTESIAN_POINT('',(1.0785E1,0.E0,0.E0));
#5338=VERTEX_POINT('',#5337);
#5339=CARTESIAN_POINT('',(1.016E1,0.E0,-6.25E-1));
#5340=VERTEX_POINT('',#5339);
#5341=CARTESIAN_POINT('',(1.72E1,0.E0,1.1E1));
#5342=CARTESIAN_POINT('',(2.106E1,0.E0,1.1E1));
#5343=VERTEX_POINT('',#5341);
#5344=VERTEX_POINT('',#5342);
#5345=CARTESIAN_POINT('',(1.72E1,0.E0,-1.1E1));
#5346=VERTEX_POINT('',#5345);
#5347=CARTESIAN_POINT('',(2.106E1,0.E0,-1.1E1));
#5348=VERTEX_POINT('',#5347);
#5349=CARTESIAN_POINT('',(2.106E1,0.E0,-1.016E1));
#5350=VERTEX_POINT('',#5349);
#5351=CARTESIAN_POINT('',(2.3E1,0.E0,-8.365452703326E0));
#5352=VERTEX_POINT('',#5351);
#5353=CARTESIAN_POINT('',(2.3E1,0.E0,-1.794547296674E0));
#5354=VERTEX_POINT('',#5353);
#5355=CARTESIAN_POINT('',(2.106E1,0.E0,-1.409665290629E-13));
#5356=CARTESIAN_POINT('',(2.3E1,0.E0,1.794547296674E0));
#5357=VERTEX_POINT('',#5355);
#5358=VERTEX_POINT('',#5356);
#5359=CARTESIAN_POINT('',(2.3E1,0.E0,8.365452703326E0));
#5360=VERTEX_POINT('',#5359);
#5361=CARTESIAN_POINT('',(2.106E1,0.E0,1.016E1));
#5362=VERTEX_POINT('',#5361);
#5363=CARTESIAN_POINT('',(2.286E1,0.E0,6.25E-1));
#5364=CARTESIAN_POINT('',(2.2235E1,0.E0,0.E0));
#5365=VERTEX_POINT('',#5363);
#5366=VERTEX_POINT('',#5364);
#5367=CARTESIAN_POINT('',(2.3485E1,0.E0,0.E0));
#5368=VERTEX_POINT('',#5367);
#5369=CARTESIAN_POINT('',(2.286E1,0.E0,-6.25E-1));
#5370=VERTEX_POINT('',#5369);
#5371=CARTESIAN_POINT('',(2.286E1,0.E0,-9.535E0));
#5372=CARTESIAN_POINT('',(2.2235E1,0.E0,-1.016E1));
#5373=VERTEX_POINT('',#5371);
#5374=VERTEX_POINT('',#5372);
#5375=CARTESIAN_POINT('',(2.3485E1,0.E0,-1.016E1));
#5376=VERTEX_POINT('',#5375);
#5377=CARTESIAN_POINT('',(2.286E1,0.E0,-1.0785E1));
#5378=VERTEX_POINT('',#5377);
#5379=CARTESIAN_POINT('',(2.286E1,0.E0,1.0785E1));
#5380=CARTESIAN_POINT('',(2.2235E1,0.E0,1.016E1));
#5381=VERTEX_POINT('',#5379);
#5382=VERTEX_POINT('',#5380);
#5383=CARTESIAN_POINT('',(2.3485E1,0.E0,1.016E1));
#5384=VERTEX_POINT('',#5383);
#5385=CARTESIAN_POINT('',(2.286E1,0.E0,9.535E0));
#5386=VERTEX_POINT('',#5385);
#5387=CARTESIAN_POINT('',(-2.3E1,0.E0,1.1E1));
#5388=CARTESIAN_POINT('',(-1.72E1,0.E0,1.1E1));
#5389=VERTEX_POINT('',#5387);
#5390=VERTEX_POINT('',#5388);
#5391=CARTESIAN_POINT('',(-2.3E1,0.E0,9.414547296674E0));
#5392=VERTEX_POINT('',#5391);
#5393=CARTESIAN_POINT('',(-2.106E1,0.E0,7.62E0));
#5394=CARTESIAN_POINT('',(-2.3E1,0.E0,5.825452703326E0));
#5395=VERTEX_POINT('',#5393);
#5396=VERTEX_POINT('',#5394);
#5397=CARTESIAN_POINT('',(-2.3E1,0.E0,-7.454527033260E-1));
#5398=VERTEX_POINT('',#5397);
#5399=CARTESIAN_POINT('',(-2.106E1,0.E0,-2.54E0));
#5400=CARTESIAN_POINT('',(-2.3E1,0.E0,-4.334547296674E0));
#5401=VERTEX_POINT('',#5399);
#5402=VERTEX_POINT('',#5400);
#5403=CARTESIAN_POINT('',(-2.3E1,0.E0,-5.825452703326E0));
#5404=VERTEX_POINT('',#5403);
#5405=CARTESIAN_POINT('',(-2.106E1,0.E0,-7.62E0));
#5406=CARTESIAN_POINT('',(-2.3E1,0.E0,-9.414547296674E0));
#5407=VERTEX_POINT('',#5405);
#5408=VERTEX_POINT('',#5406);
#5409=CARTESIAN_POINT('',(-2.3E1,0.E0,-1.1E1));
#5410=VERTEX_POINT('',#5409);
#5411=CARTESIAN_POINT('',(-1.72E1,0.E0,-1.1E1));
#5412=VERTEX_POINT('',#5411);
#5413=CARTESIAN_POINT('',(-2.286E1,0.E0,-1.915E0));
#5414=CARTESIAN_POINT('',(-2.3485E1,0.E0,-2.54E0));
#5415=VERTEX_POINT('',#5413);
#5416=VERTEX_POINT('',#5414);
#5417=CARTESIAN_POINT('',(-2.2235E1,0.E0,-2.54E0));
#5418=VERTEX_POINT('',#5417);
#5419=CARTESIAN_POINT('',(-2.286E1,0.E0,-3.165E0));
#5420=VERTEX_POINT('',#5419);
#5421=CARTESIAN_POINT('',(-2.286E1,0.E0,-6.995E0));
#5422=CARTESIAN_POINT('',(-2.3485E1,0.E0,-7.62E0));
#5423=VERTEX_POINT('',#5421);
#5424=VERTEX_POINT('',#5422);
#5425=CARTESIAN_POINT('',(-2.2235E1,0.E0,-7.62E0));
#5426=VERTEX_POINT('',#5425);
#5427=CARTESIAN_POINT('',(-2.286E1,0.E0,-8.245E0));
#5428=VERTEX_POINT('',#5427);
#5429=CARTESIAN_POINT('',(-2.286E1,0.E0,8.245E0));
#5430=CARTESIAN_POINT('',(-2.3485E1,0.E0,7.62E0));
#5431=VERTEX_POINT('',#5429);
#5432=VERTEX_POINT('',#5430);
#5433=CARTESIAN_POINT('',(-2.2235E1,0.E0,7.62E0));
#5434=VERTEX_POINT('',#5433);
#5435=CARTESIAN_POINT('',(-2.286E1,0.E0,6.995E0));
#5436=VERTEX_POINT('',#5435);
#5437=CARTESIAN_POINT('',(6.E0,0.E0,1.1E1));
#5438=VERTEX_POINT('',#5437);
#5439=CARTESIAN_POINT('',(-6.E0,0.E0,1.1E1));
#5440=VERTEX_POINT('',#5439);
#5441=CARTESIAN_POINT('',(9.8E0,0.E0,1.1E1));
#5442=CARTESIAN_POINT('',(8.36E0,0.E0,1.1E1));
#5443=VERTEX_POINT('',#5441);
#5444=VERTEX_POINT('',#5442);
#5445=CARTESIAN_POINT('',(1.65E1,0.E0,1.1E1));
#5446=VERTEX_POINT('',#5445);
#5447=CARTESIAN_POINT('',(1.196E1,0.E0,1.1E1));
#5448=VERTEX_POINT('',#5447);
#5449=CARTESIAN_POINT('',(1.196E1,0.E0,1.016E1));
#5450=VERTEX_POINT('',#5449);
#5451=CARTESIAN_POINT('',(8.36E0,0.E0,1.016E1));
#5452=VERTEX_POINT('',#5451);
#5453=CARTESIAN_POINT('',(1.016E1,0.E0,1.0785E1));
#5454=CARTESIAN_POINT('',(9.535E0,0.E0,1.016E1));
#5455=VERTEX_POINT('',#5453);
#5456=VERTEX_POINT('',#5454);
#5457=CARTESIAN_POINT('',(1.0785E1,0.E0,1.016E1));
#5458=VERTEX_POINT('',#5457);
#5459=CARTESIAN_POINT('',(1.016E1,0.E0,9.535E0));
#5460=VERTEX_POINT('',#5459);
#5461=CARTESIAN_POINT('',(9.8E0,0.E0,-1.1E1));
#5462=VERTEX_POINT('',#5461);
#5463=CARTESIAN_POINT('',(8.36E0,0.E0,-1.1E1));
#5464=VERTEX_POINT('',#5463);
#5465=CARTESIAN_POINT('',(8.36E0,0.E0,-1.016E1));
#5466=VERTEX_POINT('',#5465);
#5467=CARTESIAN_POINT('',(1.196E1,0.E0,-1.016E1));
#5468=VERTEX_POINT('',#5467);
#5469=CARTESIAN_POINT('',(1.196E1,0.E0,-1.1E1));
#5470=VERTEX_POINT('',#5469);
#5471=CARTESIAN_POINT('',(1.65E1,0.E0,-1.1E1));
#5472=VERTEX_POINT('',#5471);
#5473=CARTESIAN_POINT('',(1.016E1,0.E0,-9.535E0));
#5474=CARTESIAN_POINT('',(9.535E0,0.E0,-1.016E1));
#5475=VERTEX_POINT('',#5473);
#5476=VERTEX_POINT('',#5474);
#5477=CARTESIAN_POINT('',(1.0785E1,0.E0,-1.016E1));
#5478=VERTEX_POINT('',#5477);
#5479=CARTESIAN_POINT('',(1.016E1,0.E0,-1.0785E1));
#5480=VERTEX_POINT('',#5479);
#5481=CARTESIAN_POINT('',(-6.E0,0.E0,-1.1E1));
#5482=VERTEX_POINT('',#5481);
#5483=CARTESIAN_POINT('',(-9.8E0,0.E0,1.1E1));
#5484=VERTEX_POINT('',#5483);
#5485=CARTESIAN_POINT('',(-8.36E0,0.E0,1.1E1));
#5486=VERTEX_POINT('',#5485);
#5487=CARTESIAN_POINT('',(-8.36E0,0.E0,1.016E1));
#5488=VERTEX_POINT('',#5487);
#5489=CARTESIAN_POINT('',(-1.196E1,0.E0,1.016E1));
#5490=VERTEX_POINT('',#5489);
#5491=CARTESIAN_POINT('',(-1.196E1,0.E0,1.1E1));
#5492=VERTEX_POINT('',#5491);
#5493=CARTESIAN_POINT('',(-1.65E1,0.E0,1.1E1));
#5494=VERTEX_POINT('',#5493);
#5495=CARTESIAN_POINT('',(-1.016E1,0.E0,1.0785E1));
#5496=CARTESIAN_POINT('',(-1.0785E1,0.E0,1.016E1));
#5497=VERTEX_POINT('',#5495);
#5498=VERTEX_POINT('',#5496);
#5499=CARTESIAN_POINT('',(-9.535E0,0.E0,1.016E1));
#5500=VERTEX_POINT('',#5499);
#5501=CARTESIAN_POINT('',(-1.016E1,0.E0,9.535E0));
#5502=VERTEX_POINT('',#5501);
#5503=CARTESIAN_POINT('',(-9.8E0,0.E0,-1.1E1));
#5504=VERTEX_POINT('',#5503);
#5505=CARTESIAN_POINT('',(-1.65E1,0.E0,-1.1E1));
#5506=VERTEX_POINT('',#5505);
#5507=CARTESIAN_POINT('',(-2.286E1,7.E-1,-1.992777777778E0));
#5508=CARTESIAN_POINT('',(-2.231277777778E1,7.E-1,-2.540000001033E0));
#5509=VERTEX_POINT('',#5507);
#5510=VERTEX_POINT('',#5508);
#5511=CARTESIAN_POINT('',(-2.340722222222E1,7.E-1,-2.539999998967E0));
#5512=VERTEX_POINT('',#5511);
#5513=CARTESIAN_POINT('',(-2.286E1,7.E-1,-3.087222222222E0));
#5514=VERTEX_POINT('',#5513);
#5515=CARTESIAN_POINT('',(-2.3385E1,7.E-1,-2.54E0));
#5516=CARTESIAN_POINT('',(-2.2335E1,7.E-1,-2.54E0));
#5517=VERTEX_POINT('',#5515);
#5518=VERTEX_POINT('',#5516);
#5519=CARTESIAN_POINT('',(-2.286E1,7.E-1,-8.167222222222E0));
#5520=CARTESIAN_POINT('',(-2.340722222222E1,7.E-1,-7.619999998967E0));
#5521=VERTEX_POINT('',#5519);
#5522=VERTEX_POINT('',#5520);
#5523=CARTESIAN_POINT('',(-2.231277777778E1,7.E-1,-7.620000001033E0));
#5524=VERTEX_POINT('',#5523);
#5525=CARTESIAN_POINT('',(-2.286E1,7.E-1,-7.072777777778E0));
#5526=VERTEX_POINT('',#5525);
#5527=CARTESIAN_POINT('',(-2.3385E1,7.E-1,-7.62E0));
#5528=CARTESIAN_POINT('',(-2.2335E1,7.E-1,-7.62E0));
#5529=VERTEX_POINT('',#5527);
#5530=VERTEX_POINT('',#5528);
#5531=CARTESIAN_POINT('',(-2.286E1,7.E-1,7.072777777778E0));
#5532=CARTESIAN_POINT('',(-2.340722222222E1,7.E-1,7.620000001033E0));
#5533=VERTEX_POINT('',#5531);
#5534=VERTEX_POINT('',#5532);
#5535=CARTESIAN_POINT('',(-2.231277777778E1,7.E-1,7.619999998967E0));
#5536=VERTEX_POINT('',#5535);
#5537=CARTESIAN_POINT('',(-2.286E1,7.E-1,8.167222222222E0));
#5538=VERTEX_POINT('',#5537);
#5539=CARTESIAN_POINT('',(-2.3385E1,7.E-1,7.62E0));
#5540=CARTESIAN_POINT('',(-2.2335E1,7.E-1,7.62E0));
#5541=VERTEX_POINT('',#5539);
#5542=VERTEX_POINT('',#5540);
#5543=CARTESIAN_POINT('',(2.286E1,7.E-1,-5.472222222222E-1));
#5544=CARTESIAN_POINT('',(2.231277777778E1,7.E-1,1.033392236396E-9));
#5545=VERTEX_POINT('',#5543);
#5546=VERTEX_POINT('',#5544);
#5547=CARTESIAN_POINT('',(2.340722222222E1,7.E-1,-1.033392259085E-9));
#5548=VERTEX_POINT('',#5547);
#5549=CARTESIAN_POINT('',(2.286E1,7.E-1,5.472222222222E-1));
#5550=VERTEX_POINT('',#5549);
#5551=CARTESIAN_POINT('',(2.2335E1,7.E-1,0.E0));
#5552=CARTESIAN_POINT('',(2.3385E1,7.E-1,0.E0));
#5553=VERTEX_POINT('',#5551);
#5554=VERTEX_POINT('',#5552);
#5555=CARTESIAN_POINT('',(2.286E1,7.E-1,-1.070722222222E1));
#5556=CARTESIAN_POINT('',(2.231277777778E1,7.E-1,-1.015999999897E1));
#5557=VERTEX_POINT('',#5555);
#5558=VERTEX_POINT('',#5556);
#5559=CARTESIAN_POINT('',(2.340722222222E1,7.E-1,-1.016000000103E1));
#5560=VERTEX_POINT('',#5559);
#5561=CARTESIAN_POINT('',(2.286E1,7.E-1,-9.612777777778E0));
#5562=VERTEX_POINT('',#5561);
#5563=CARTESIAN_POINT('',(2.2335E1,7.E-1,-1.016E1));
#5564=CARTESIAN_POINT('',(2.3385E1,7.E-1,-1.016E1));
#5565=VERTEX_POINT('',#5563);
#5566=VERTEX_POINT('',#5564);
#5567=CARTESIAN_POINT('',(2.286E1,7.E-1,9.612777777778E0));
#5568=CARTESIAN_POINT('',(2.231277777778E1,7.E-1,1.016000000103E1));
#5569=VERTEX_POINT('',#5567);
#5570=VERTEX_POINT('',#5568);
#5571=CARTESIAN_POINT('',(2.340722222222E1,7.E-1,1.015999999897E1));
#5572=VERTEX_POINT('',#5571);
#5573=CARTESIAN_POINT('',(2.286E1,7.E-1,1.070722222222E1));
#5574=VERTEX_POINT('',#5573);
#5575=CARTESIAN_POINT('',(2.2335E1,7.E-1,1.016E1));
#5576=CARTESIAN_POINT('',(2.3385E1,7.E-1,1.016E1));
#5577=VERTEX_POINT('',#5575);
#5578=VERTEX_POINT('',#5576);
#5579=CARTESIAN_POINT('',(2.3385E1,1.2E0,-1.016E1));
#5580=CARTESIAN_POINT('',(2.2335E1,1.2E0,-1.016E1));
#5581=VERTEX_POINT('',#5579);
#5582=VERTEX_POINT('',#5580);
#5583=CARTESIAN_POINT('',(-6.8E0,1.2E0,1.24E1));
#5584=VERTEX_POINT('',#5583);
#5585=CARTESIAN_POINT('',(-2.47E1,1.2E0,1.24E1));
#5586=VERTEX_POINT('',#5585);
#5587=CARTESIAN_POINT('',(-2.51E1,1.2E0,1.2E1));
#5588=VERTEX_POINT('',#5587);
#5589=CARTESIAN_POINT('',(-2.51E1,1.2E0,-1.2E1));
#5590=VERTEX_POINT('',#5589);
#5591=CARTESIAN_POINT('',(-2.47E1,1.2E0,-1.24E1));
#5592=VERTEX_POINT('',#5591);
#5593=CARTESIAN_POINT('',(-6.8E0,1.2E0,-1.24E1));
#5594=VERTEX_POINT('',#5593);
#5595=CARTESIAN_POINT('',(6.8E0,1.2E0,-1.24E1));
#5596=VERTEX_POINT('',#5595);
#5597=CARTESIAN_POINT('',(6.8E0,1.2E0,-1.155E1));
#5598=VERTEX_POINT('',#5597);
#5599=CARTESIAN_POINT('',(9.E0,1.2E0,-1.155E1));
#5600=VERTEX_POINT('',#5599);
#5601=CARTESIAN_POINT('',(9.E0,1.2E0,-1.24E1));
#5602=VERTEX_POINT('',#5601);
#5603=CARTESIAN_POINT('',(2.47E1,1.2E0,-1.24E1));
#5604=VERTEX_POINT('',#5603);
#5605=CARTESIAN_POINT('',(2.51E1,1.2E0,-1.2E1));
#5606=VERTEX_POINT('',#5605);
#5607=CARTESIAN_POINT('',(2.51E1,1.2E0,1.2E1));
#5608=VERTEX_POINT('',#5607);
#5609=CARTESIAN_POINT('',(2.47E1,1.2E0,1.24E1));
#5610=VERTEX_POINT('',#5609);
#5611=CARTESIAN_POINT('',(9.E0,1.2E0,1.24E1));
#5612=VERTEX_POINT('',#5611);
#5613=CARTESIAN_POINT('',(9.E0,1.2E0,1.155E1));
#5614=VERTEX_POINT('',#5613);
#5615=CARTESIAN_POINT('',(6.8E0,1.2E0,1.155E1));
#5616=VERTEX_POINT('',#5615);
#5617=CARTESIAN_POINT('',(6.8E0,1.2E0,1.24E1));
#5618=VERTEX_POINT('',#5617);
#5619=CARTESIAN_POINT('',(2.3385E1,1.2E0,0.E0));
#5620=CARTESIAN_POINT('',(2.2335E1,1.2E0,0.E0));
#5621=VERTEX_POINT('',#5619);
#5622=VERTEX_POINT('',#5620);
#5623=CARTESIAN_POINT('',(2.3385E1,1.2E0,1.016E1));
#5624=CARTESIAN_POINT('',(2.2335E1,1.2E0,1.016E1));
#5625=VERTEX_POINT('',#5623);
#5626=VERTEX_POINT('',#5624);
#5627=CARTESIAN_POINT('',(-2.2335E1,1.2E0,7.62E0));
#5628=CARTESIAN_POINT('',(-2.3385E1,1.2E0,7.62E0));
#5629=VERTEX_POINT('',#5627);
#5630=VERTEX_POINT('',#5628);
#5631=CARTESIAN_POINT('',(-2.2335E1,1.2E0,-2.54E0));
#5632=CARTESIAN_POINT('',(-2.3385E1,1.2E0,-2.54E0));
#5633=VERTEX_POINT('',#5631);
#5634=VERTEX_POINT('',#5632);
#5635=CARTESIAN_POINT('',(-2.2335E1,1.2E0,-7.62E0));
#5636=CARTESIAN_POINT('',(-2.3385E1,1.2E0,-7.62E0));
#5637=VERTEX_POINT('',#5635);
#5638=VERTEX_POINT('',#5636);
#5639=CARTESIAN_POINT('',(-6.8E0,9.E-1,1.27E1));
#5640=VERTEX_POINT('',#5639);
#5641=CARTESIAN_POINT('',(6.8E0,9.E-1,1.27E1));
#5642=VERTEX_POINT('',#5641);
#5643=CARTESIAN_POINT('',(-2.469999999976E1,9.E-1,1.27E1));
#5644=VERTEX_POINT('',#5643);
#5645=CARTESIAN_POINT('',(9.E0,9.E-1,1.27E1));
#5646=VERTEX_POINT('',#5645);
#5647=CARTESIAN_POINT('',(2.47E1,9.E-1,1.27E1));
#5648=VERTEX_POINT('',#5647);
#5649=CARTESIAN_POINT('',(2.54E1,9.E-1,-1.200000000209E1));
#5650=VERTEX_POINT('',#5649);
#5651=CARTESIAN_POINT('',(2.54E1,9.E-1,1.199999999976E1));
#5652=VERTEX_POINT('',#5651);
#5653=CARTESIAN_POINT('',(1.016E1,9.E-1,-9.635E0));
#5654=CARTESIAN_POINT('',(9.635E0,9.E-1,-1.016E1));
#5655=VERTEX_POINT('',#5653);
#5656=VERTEX_POINT('',#5654);
#5657=CARTESIAN_POINT('',(1.0685E1,9.E-1,-1.016000000025E1));
#5658=VERTEX_POINT('',#5657);
#5659=CARTESIAN_POINT('',(1.0685E1,7.E-1,-1.016000000017E1));
#5660=VERTEX_POINT('',#5659);
#5661=CARTESIAN_POINT('',(9.635E0,7.E-1,-1.016E1));
#5662=VERTEX_POINT('',#5661);
#5663=CARTESIAN_POINT('',(1.016E1,9.E-1,-1.0685E1));
#5664=VERTEX_POINT('',#5663);
#5665=CARTESIAN_POINT('',(9.635E0,7.E-1,0.E0));
#5666=CARTESIAN_POINT('',(1.0685E1,7.E-1,0.E0));
#5667=VERTEX_POINT('',#5665);
#5668=VERTEX_POINT('',#5666);
#5669=CARTESIAN_POINT('',(9.635E0,7.E-1,1.016E1));
#5670=CARTESIAN_POINT('',(1.0685E1,7.E-1,1.016E1));
#5671=VERTEX_POINT('',#5669);
#5672=VERTEX_POINT('',#5670);
#5673=CARTESIAN_POINT('',(-1.0685E1,7.E-1,1.016E1));
#5674=CARTESIAN_POINT('',(-9.635E0,7.E-1,1.016E1));
#5675=VERTEX_POINT('',#5673);
#5676=VERTEX_POINT('',#5674);
#5677=CARTESIAN_POINT('',(-1.0685E1,7.E-1,2.54E0));
#5678=CARTESIAN_POINT('',(-9.635E0,7.E-1,2.54E0));
#5679=VERTEX_POINT('',#5677);
#5680=VERTEX_POINT('',#5678);
#5681=CARTESIAN_POINT('',(-1.0685E1,7.E-1,-2.54E0));
#5682=CARTESIAN_POINT('',(-9.635E0,7.E-1,-2.54E0));
#5683=VERTEX_POINT('',#5681);
#5684=VERTEX_POINT('',#5682);
#5685=CARTESIAN_POINT('',(1.016E1,9.E-1,5.25E-1));
#5686=CARTESIAN_POINT('',(9.635E0,9.E-1,0.E0));
#5687=VERTEX_POINT('',#5685);
#5688=VERTEX_POINT('',#5686);
#5689=CARTESIAN_POINT('',(1.0685E1,9.E-1,-2.478562378551E-10));
#5690=VERTEX_POINT('',#5689);
#5691=CARTESIAN_POINT('',(1.016E1,9.E-1,-5.25E-1));
#5692=VERTEX_POINT('',#5691);
#5693=CARTESIAN_POINT('',(1.016E1,9.E-1,1.0685E1));
#5694=CARTESIAN_POINT('',(9.635E0,9.E-1,1.016E1));
#5695=VERTEX_POINT('',#5693);
#5696=VERTEX_POINT('',#5694);
#5697=CARTESIAN_POINT('',(1.0685E1,9.E-1,1.015999999975E1));
#5698=VERTEX_POINT('',#5697);
#5699=CARTESIAN_POINT('',(1.016E1,9.E-1,9.635E0));
#5700=VERTEX_POINT('',#5699);
#5701=CARTESIAN_POINT('',(-1.016E1,9.E-1,1.0685E1));
#5702=CARTESIAN_POINT('',(-1.0685E1,9.E-1,1.016E1));
#5703=VERTEX_POINT('',#5701);
#5704=VERTEX_POINT('',#5702);
#5705=CARTESIAN_POINT('',(-9.635E0,9.E-1,1.015999999975E1));
#5706=VERTEX_POINT('',#5705);
#5707=CARTESIAN_POINT('',(-1.016E1,9.E-1,9.635E0));
#5708=VERTEX_POINT('',#5707);
#5709=CARTESIAN_POINT('',(-1.016E1,9.E-1,3.065E0));
#5710=CARTESIAN_POINT('',(-1.0685E1,9.E-1,2.54E0));
#5711=VERTEX_POINT('',#5709);
#5712=VERTEX_POINT('',#5710);
#5713=CARTESIAN_POINT('',(-9.635E0,9.E-1,2.539999999752E0));
#5714=VERTEX_POINT('',#5713);
#5715=CARTESIAN_POINT('',(-1.016E1,9.E-1,2.015E0));
#5716=VERTEX_POINT('',#5715);
#5717=CARTESIAN_POINT('',(-1.016E1,9.E-1,-2.015E0));
#5718=CARTESIAN_POINT('',(-1.0685E1,9.E-1,-2.54E0));
#5719=VERTEX_POINT('',#5717);
#5720=VERTEX_POINT('',#5718);
#5721=CARTESIAN_POINT('',(-9.635E0,9.E-1,-2.540000000248E0));
#5722=VERTEX_POINT('',#5721);
#5723=CARTESIAN_POINT('',(-1.016E1,9.E-1,-3.065E0));
#5724=VERTEX_POINT('',#5723);
#5725=CARTESIAN_POINT('',(-1.196E1,1.5E-1,-2.54E0));
#5726=VERTEX_POINT('',#5725);
#5727=CARTESIAN_POINT('',(-8.36E0,1.5E-1,-2.54E0));
#5728=VERTEX_POINT('',#5727);
#5729=CARTESIAN_POINT('',(1.196E1,1.5E-1,1.1E1));
#5730=CARTESIAN_POINT('',(2.106E1,1.5E-1,1.1E1));
#5731=VERTEX_POINT('',#5729);
#5732=VERTEX_POINT('',#5730);
#5733=CARTESIAN_POINT('',(2.106E1,1.5E-1,1.016E1));
#5734=VERTEX_POINT('',#5733);
#5735=CARTESIAN_POINT('',(2.3E1,1.5E-1,8.365452703326E0));
#5736=VERTEX_POINT('',#5735);
#5737=CARTESIAN_POINT('',(2.3E1,1.5E-1,1.794547296674E0));
#5738=VERTEX_POINT('',#5737);
#5739=CARTESIAN_POINT('',(2.106E1,1.5E-1,-1.400505950676E-13));
#5740=CARTESIAN_POINT('',(2.3E1,1.5E-1,-1.794547296674E0));
#5741=VERTEX_POINT('',#5739);
#5742=VERTEX_POINT('',#5740);
#5743=CARTESIAN_POINT('',(2.3E1,1.5E-1,-8.365452703326E0));
#5744=VERTEX_POINT('',#5743);
#5745=CARTESIAN_POINT('',(2.106E1,1.5E-1,-1.016E1));
#5746=VERTEX_POINT('',#5745);
#5747=CARTESIAN_POINT('',(2.106E1,1.5E-1,-1.1E1));
#5748=VERTEX_POINT('',#5747);
#5749=CARTESIAN_POINT('',(1.196E1,1.5E-1,-1.1E1));
#5750=VERTEX_POINT('',#5749);
#5751=CARTESIAN_POINT('',(1.196E1,1.5E-1,-1.016E1));
#5752=VERTEX_POINT('',#5751);
#5753=CARTESIAN_POINT('',(8.36E0,1.5E-1,-1.016E1));
#5754=VERTEX_POINT('',#5753);
#5755=CARTESIAN_POINT('',(8.36E0,1.5E-1,-1.1E1));
#5756=VERTEX_POINT('',#5755);
#5757=CARTESIAN_POINT('',(-2.3E1,1.5E-1,-1.1E1));
#5758=VERTEX_POINT('',#5757);
#5759=CARTESIAN_POINT('',(-2.3E1,1.5E-1,-9.414547296674E0));
#5760=VERTEX_POINT('',#5759);
#5761=CARTESIAN_POINT('',(-2.106E1,1.5E-1,-7.62E0));
#5762=CARTESIAN_POINT('',(-2.3E1,1.5E-1,-5.825452703326E0));
#5763=VERTEX_POINT('',#5761);
#5764=VERTEX_POINT('',#5762);
#5765=CARTESIAN_POINT('',(-2.3E1,1.5E-1,-4.334547296674E0));
#5766=VERTEX_POINT('',#5765);
#5767=CARTESIAN_POINT('',(-2.106E1,1.5E-1,-2.54E0));
#5768=CARTESIAN_POINT('',(-2.3E1,1.5E-1,-7.454527033260E-1));
#5769=VERTEX_POINT('',#5767);
#5770=VERTEX_POINT('',#5768);
#5771=CARTESIAN_POINT('',(-2.3E1,1.5E-1,5.825452703326E0));
#5772=VERTEX_POINT('',#5771);
#5773=CARTESIAN_POINT('',(-2.106E1,1.5E-1,7.62E0));
#5774=CARTESIAN_POINT('',(-2.3E1,1.5E-1,9.414547296674E0));
#5775=VERTEX_POINT('',#5773);
#5776=VERTEX_POINT('',#5774);
#5777=CARTESIAN_POINT('',(-2.3E1,1.5E-1,1.1E1));
#5778=VERTEX_POINT('',#5777);
#5779=CARTESIAN_POINT('',(-1.196E1,1.5E-1,1.1E1));
#5780=VERTEX_POINT('',#5779);
#5781=CARTESIAN_POINT('',(-1.196E1,1.5E-1,1.016E1));
#5782=VERTEX_POINT('',#5781);
#5783=CARTESIAN_POINT('',(-8.36E0,1.5E-1,1.016E1));
#5784=VERTEX_POINT('',#5783);
#5785=CARTESIAN_POINT('',(-8.36E0,1.5E-1,1.1E1));
#5786=VERTEX_POINT('',#5785);
#5787=CARTESIAN_POINT('',(8.36E0,1.5E-1,1.1E1));
#5788=VERTEX_POINT('',#5787);
#5789=CARTESIAN_POINT('',(8.36E0,1.5E-1,1.016E1));
#5790=VERTEX_POINT('',#5789);
#5791=CARTESIAN_POINT('',(1.196E1,1.5E-1,1.016E1));
#5792=VERTEX_POINT('',#5791);
#5793=CARTESIAN_POINT('',(-8.36E0,1.5E-1,2.54E0));
#5794=CARTESIAN_POINT('',(-1.196E1,1.5E-1,2.54E0));
#5795=VERTEX_POINT('',#5793);
#5796=VERTEX_POINT('',#5794);
#5797=CARTESIAN_POINT('',(1.196E1,1.5E-1,0.E0));
#5798=CARTESIAN_POINT('',(8.36E0,1.5E-1,0.E0));
#5799=VERTEX_POINT('',#5797);
#5800=VERTEX_POINT('',#5798);
#5801=CARTESIAN_POINT('',(1.65E1,-1.5E-1,1.1E1));
#5802=VERTEX_POINT('',#5801);
#5803=CARTESIAN_POINT('',(1.72E1,-1.5E-1,1.1E1));
#5804=VERTEX_POINT('',#5803);
#5805=CARTESIAN_POINT('',(1.72E1,-1.5E-1,-1.1E1));
#5806=VERTEX_POINT('',#5805);
#5807=CARTESIAN_POINT('',(1.65E1,-1.5E-1,-1.1E1));
#5808=VERTEX_POINT('',#5807);
#5809=CARTESIAN_POINT('',(-1.65E1,-1.5E-1,-1.1E1));
#5810=VERTEX_POINT('',#5809);
#5811=CARTESIAN_POINT('',(-1.72E1,-1.5E-1,-1.1E1));
#5812=VERTEX_POINT('',#5811);
#5813=CARTESIAN_POINT('',(-1.65E1,-2.E0,-1.115E1));
#5814=CARTESIAN_POINT('',(-1.65E1,-4.E-1,-1.065E1));
#5815=VERTEX_POINT('',#5813);
#5816=VERTEX_POINT('',#5814);
#5817=CARTESIAN_POINT('',(-1.65E1,-1.5E-1,-1.065E1));
#5818=VERTEX_POINT('',#5817);
#5819=CARTESIAN_POINT('',(-1.72E1,-3.999999999999E-1,-1.065E1));
#5820=CARTESIAN_POINT('',(-1.72E1,-2.E0,-1.115E1));
#5821=VERTEX_POINT('',#5819);
#5822=VERTEX_POINT('',#5820);
#5823=CARTESIAN_POINT('',(-1.72E1,-1.5E-1,-1.065E1));
#5824=VERTEX_POINT('',#5823);
#5825=CARTESIAN_POINT('',(1.65E1,-2.E0,-1.115E1));
#5826=CARTESIAN_POINT('',(1.72E1,-2.E0,-1.115E1));
#5827=VERTEX_POINT('',#5825);
#5828=VERTEX_POINT('',#5826);
#5829=CARTESIAN_POINT('',(1.72E1,-2.E0,1.115E1));
#5830=CARTESIAN_POINT('',(1.65E1,-2.E0,1.115E1));
#5831=VERTEX_POINT('',#5829);
#5832=VERTEX_POINT('',#5830);
#5833=CARTESIAN_POINT('',(-1.65E1,-2.E0,1.115E1));
#5834=CARTESIAN_POINT('',(-1.72E1,-2.E0,1.115E1));
#5835=VERTEX_POINT('',#5833);
#5836=VERTEX_POINT('',#5834);
#5837=CARTESIAN_POINT('',(1.65E1,-3.999999999999E-1,-1.065E1));
#5838=VERTEX_POINT('',#5837);
#5839=CARTESIAN_POINT('',(1.72E1,-4.E-1,-1.065E1));
#5840=VERTEX_POINT('',#5839);
#5841=CARTESIAN_POINT('',(1.65E1,-1.5E-1,-1.065E1));
#5842=VERTEX_POINT('',#5841);
#5843=CARTESIAN_POINT('',(1.72E1,-1.5E-1,-1.065E1));
#5844=VERTEX_POINT('',#5843);
#5845=CARTESIAN_POINT('',(-1.72E1,-1.5E-1,1.1E1));
#5846=CARTESIAN_POINT('',(-1.72E1,-1.5E-1,1.065E1));
#5847=VERTEX_POINT('',#5845);
#5848=VERTEX_POINT('',#5846);
#5849=CARTESIAN_POINT('',(-1.65E1,-1.5E-1,1.065E1));
#5850=VERTEX_POINT('',#5849);
#5851=CARTESIAN_POINT('',(-1.65E1,-1.5E-1,1.1E1));
#5852=VERTEX_POINT('',#5851);
#5853=CARTESIAN_POINT('',(1.65E1,-1.5E-1,1.065E1));
#5854=VERTEX_POINT('',#5853);
#5855=CARTESIAN_POINT('',(1.72E1,-1.5E-1,1.065E1));
#5856=VERTEX_POINT('',#5855);
#5857=CARTESIAN_POINT('',(-1.72E1,-4.E-1,1.065E1));
#5858=VERTEX_POINT('',#5857);
#5859=CARTESIAN_POINT('',(-1.65E1,-3.999999999999E-1,1.065E1));
#5860=VERTEX_POINT('',#5859);
#5861=CARTESIAN_POINT('',(1.65E1,-4.E-1,1.065E1));
#5862=VERTEX_POINT('',#5861);
#5863=CARTESIAN_POINT('',(1.72E1,-3.999999999999E-1,1.065E1));
#5864=VERTEX_POINT('',#5863);
#5865=VERTEX_POINT('',#2400);
#5866=CARTESIAN_POINT('',(-2.54E1,0.E0,-1.27E1));
#5867=DIRECTION('',(-1.E0,0.E0,0.E0));
#5868=DIRECTION('',(0.E0,0.E0,1.E0));
#5869=AXIS2_PLACEMENT_3D('',#5866,#5867,#5868);
#5870=PLANE('',#5869);
#5872=ORIENTED_EDGE('',*,*,#5871,.T.);
#5874=ORIENTED_EDGE('',*,*,#5873,.F.);
#5876=ORIENTED_EDGE('',*,*,#5875,.F.);
#5878=ORIENTED_EDGE('',*,*,#5877,.F.);
#5879=EDGE_LOOP('',(#5872,#5874,#5876,#5878));
#5880=FACE_OUTER_BOUND('',#5879,.F.);
#5882=FILL_AREA_STYLE_COLOUR('',#10);
#5883=FILL_AREA_STYLE('',(#5882));
#5884=SURFACE_STYLE_FILL_AREA(#5883);
#5885=SURFACE_SIDE_STYLE('',(#5884));
#5886=SURFACE_STYLE_USAGE(.BOTH.,#5885);
#5887=PRESENTATION_STYLE_ASSIGNMENT((#5886));
#5888=STYLED_ITEM('',(#5887),#5881);
#5889=CARTESIAN_POINT('',(0.E0,5.E-1,0.E0));
#5890=DIRECTION('',(0.E0,1.E0,0.E0));
#5891=DIRECTION('',(-1.E0,0.E0,0.E0));
#5892=AXIS2_PLACEMENT_3D('',#5889,#5890,#5891);
#5893=PLANE('',#5892);
#5895=ORIENTED_EDGE('',*,*,#5894,.T.);
#5897=ORIENTED_EDGE('',*,*,#5896,.T.);
#5899=ORIENTED_EDGE('',*,*,#5898,.T.);
#5901=ORIENTED_EDGE('',*,*,#5900,.T.);
#5903=ORIENTED_EDGE('',*,*,#5902,.F.);
#5905=ORIENTED_EDGE('',*,*,#5904,.T.);
#5906=ORIENTED_EDGE('',*,*,#5871,.F.);
#5908=ORIENTED_EDGE('',*,*,#5907,.T.);
#5910=ORIENTED_EDGE('',*,*,#5909,.F.);
#5912=ORIENTED_EDGE('',*,*,#5911,.F.);
#5914=ORIENTED_EDGE('',*,*,#5913,.T.);
#5916=ORIENTED_EDGE('',*,*,#5915,.T.);
#5917=EDGE_LOOP('',(#5895,#5897,#5899,#5901,#5903,#5905,#5906,#5908,#5910,#5912,
#5914,#5916));
#5918=FACE_OUTER_BOUND('',#5917,.F.);
#5920=FILL_AREA_STYLE_COLOUR('',#10);
#5921=FILL_AREA_STYLE('',(#5920));
#5922=SURFACE_STYLE_FILL_AREA(#5921);
#5923=SURFACE_SIDE_STYLE('',(#5922));
#5924=SURFACE_STYLE_USAGE(.BOTH.,#5923);
#5925=PRESENTATION_STYLE_ASSIGNMENT((#5924));
#5926=STYLED_ITEM('',(#5925),#5919);
#5927=CARTESIAN_POINT('',(-2.475E1,5.E-1,-1.205E1));
#5928=DIRECTION('',(-1.E0,0.E0,0.E0));
#5929=DIRECTION('',(0.E0,0.E0,1.E0));
#5930=AXIS2_PLACEMENT_3D('',#5927,#5928,#5929);
#5931=PLANE('',#5930);
#5933=ORIENTED_EDGE('',*,*,#5932,.T.);
#5935=ORIENTED_EDGE('',*,*,#5934,.T.);
#5937=ORIENTED_EDGE('',*,*,#5936,.T.);
#5939=ORIENTED_EDGE('',*,*,#5938,.F.);
#5941=ORIENTED_EDGE('',*,*,#5940,.F.);
#5943=ORIENTED_EDGE('',*,*,#5942,.T.);
#5945=ORIENTED_EDGE('',*,*,#5944,.F.);
#5946=ORIENTED_EDGE('',*,*,#5894,.F.);
#5948=ORIENTED_EDGE('',*,*,#5947,.F.);
#5950=ORIENTED_EDGE('',*,*,#5949,.T.);
#5952=ORIENTED_EDGE('',*,*,#5951,.T.);
#5954=ORIENTED_EDGE('',*,*,#5953,.F.);
#5955=EDGE_LOOP('',(#5933,#5935,#5937,#5939,#5941,#5943,#5945,#5946,#5948,#5950,
#5952,#5954));
#5956=FACE_OUTER_BOUND('',#5955,.F.);
#5958=FILL_AREA_STYLE_COLOUR('',#10);
#5959=FILL_AREA_STYLE('',(#5958));
#5960=SURFACE_STYLE_FILL_AREA(#5959);
#5961=SURFACE_SIDE_STYLE('',(#5960));
#5962=SURFACE_STYLE_USAGE(.BOTH.,#5961);
#5963=PRESENTATION_STYLE_ASSIGNMENT((#5962));
#5964=STYLED_ITEM('',(#5963),#5957);
#5965=CARTESIAN_POINT('',(0.E0,-2.034570918952E0,3.998572332373E0));
#5966=DIRECTION('',(0.E0,4.361938736533E-2,9.990482215819E-1));
#5967=DIRECTION('',(0.E0,-9.990482215819E-1,4.361938736533E-2));
#5968=AXIS2_PLACEMENT_3D('',#5965,#5966,#5967);
#5969=PLANE('',#5968);
#5971=ORIENTED_EDGE('',*,*,#5970,.F.);
#5973=ORIENTED_EDGE('',*,*,#5972,.F.);
#5975=ORIENTED_EDGE('',*,*,#5974,.F.);
#5976=ORIENTED_EDGE('',*,*,#5932,.F.);
#5978=ORIENTED_EDGE('',*,*,#5977,.T.);
#5979=EDGE_LOOP('',(#5971,#5973,#5975,#5976,#5978));
#5980=FACE_OUTER_BOUND('',#5979,.F.);
#5982=FILL_AREA_STYLE_COLOUR('',#10);
#5983=FILL_AREA_STYLE('',(#5982));
#5984=SURFACE_STYLE_FILL_AREA(#5983);
#5985=SURFACE_SIDE_STYLE('',(#5984));
#5986=SURFACE_STYLE_USAGE(.BOTH.,#5985);
#5987=PRESENTATION_STYLE_ASSIGNMENT((#5986));
#5988=STYLED_ITEM('',(#5987),#5981);
#5989=CARTESIAN_POINT('',(-9.162288E1,-2.4E0,4.314813116167E0));
#5990=DIRECTION('',(1.E0,0.E0,0.E0));
#5991=DIRECTION('',(0.E0,-1.E0,0.E0));
#5992=AXIS2_PLACEMENT_3D('',#5989,#5990,#5991);
#5993=CYLINDRICAL_SURFACE('',#5992,3.E-1);
#5995=ORIENTED_EDGE('',*,*,#5994,.F.);
#5996=ORIENTED_EDGE('',*,*,#5970,.T.);
#5998=ORIENTED_EDGE('',*,*,#5997,.T.);
#6000=ORIENTED_EDGE('',*,*,#5999,.T.);
#6001=EDGE_LOOP('',(#5995,#5996,#5998,#6000));
#6002=FACE_OUTER_BOUND('',#6001,.F.);
#6004=FILL_AREA_STYLE_COLOUR('',#10);
#6005=FILL_AREA_STYLE('',(#6004));
#6006=SURFACE_STYLE_FILL_AREA(#6005);
#6007=SURFACE_SIDE_STYLE('',(#6006));
#6008=SURFACE_STYLE_USAGE(.BOTH.,#6007);
#6009=PRESENTATION_STYLE_ASSIGNMENT((#6008));
#6010=STYLED_ITEM('',(#6009),#6003);
#6011=CARTESIAN_POINT('',(-2.425E1,5.E-1,1.155E1));
#6012=DIRECTION('',(1.E0,0.E0,0.E0));
#6013=DIRECTION('',(0.E0,0.E0,-1.E0));
#6014=AXIS2_PLACEMENT_3D('',#6011,#6012,#6013);
#6015=PLANE('',#6014);
#6016=ORIENTED_EDGE('',*,*,#5994,.T.);
#6018=ORIENTED_EDGE('',*,*,#6017,.F.);
#6020=ORIENTED_EDGE('',*,*,#6019,.F.);
#6022=ORIENTED_EDGE('',*,*,#6021,.T.);
#6024=ORIENTED_EDGE('',*,*,#6023,.F.);
#6026=ORIENTED_EDGE('',*,*,#6025,.F.);
#6028=ORIENTED_EDGE('',*,*,#6027,.T.);
#6030=ORIENTED_EDGE('',*,*,#6029,.T.);
#6032=ORIENTED_EDGE('',*,*,#6031,.T.);
#6034=ORIENTED_EDGE('',*,*,#6033,.F.);
#6036=ORIENTED_EDGE('',*,*,#6035,.T.);
#6038=ORIENTED_EDGE('',*,*,#6037,.T.);
#6040=ORIENTED_EDGE('',*,*,#6039,.T.);
#6041=ORIENTED_EDGE('',*,*,#5972,.T.);
#6042=EDGE_LOOP('',(#6016,#6018,#6020,#6022,#6024,#6026,#6028,#6030,#6032,#6034,
#6036,#6038,#6040,#6041));
#6043=FACE_OUTER_BOUND('',#6042,.F.);
#6045=FILL_AREA_STYLE_COLOUR('',#10);
#6046=FILL_AREA_STYLE('',(#6045));
#6047=SURFACE_STYLE_FILL_AREA(#6046);
#6048=SURFACE_SIDE_STYLE('',(#6047));
#6049=SURFACE_STYLE_USAGE(.BOTH.,#6048);
#6050=PRESENTATION_STYLE_ASSIGNMENT((#6049));
#6051=STYLED_ITEM('',(#6050),#6044);
#6052=CARTESIAN_POINT('',(0.E0,-2.7E0,0.E0));
#6053=DIRECTION('',(0.E0,1.E0,0.E0));
#6054=DIRECTION('',(1.E0,0.E0,0.E0));
#6055=AXIS2_PLACEMENT_3D('',#6052,#6053,#6054);
#6056=PLANE('',#6055);
#6057=ORIENTED_EDGE('',*,*,#5999,.F.);
#6059=ORIENTED_EDGE('',*,*,#6058,.T.);
#6061=ORIENTED_EDGE('',*,*,#6060,.F.);
#6062=ORIENTED_EDGE('',*,*,#6017,.T.);
#6063=EDGE_LOOP('',(#6057,#6059,#6061,#6062));
#6064=FACE_OUTER_BOUND('',#6063,.F.);
#6066=FILL_AREA_STYLE_COLOUR('',#10);
#6067=FILL_AREA_STYLE('',(#6066));
#6068=SURFACE_STYLE_FILL_AREA(#6067);
#6069=SURFACE_SIDE_STYLE('',(#6068));
#6070=SURFACE_STYLE_USAGE(.BOTH.,#6069);
#6071=PRESENTATION_STYLE_ASSIGNMENT((#6070));
#6072=STYLED_ITEM('',(#6071),#6065);
#6073=CARTESIAN_POINT('',(-2.465E1,-2.5E0,0.E0));
#6074=DIRECTION('',(-8.944271909999E-1,-4.472135955E-1,0.E0));
#6075=DIRECTION('',(-4.472135955E-1,8.944271909999E-1,0.E0));
#6076=AXIS2_PLACEMENT_3D('',#6073,#6074,#6075);
#6077=PLANE('',#6076);
#6078=ORIENTED_EDGE('',*,*,#5997,.F.);
#6079=ORIENTED_EDGE('',*,*,#5977,.F.);
#6080=ORIENTED_EDGE('',*,*,#5953,.T.);
#6082=ORIENTED_EDGE('',*,*,#6081,.F.);
#6083=ORIENTED_EDGE('',*,*,#6058,.F.);
#6084=EDGE_LOOP('',(#6078,#6079,#6080,#6082,#6083));
#6085=FACE_OUTER_BOUND('',#6084,.F.);
#6087=FILL_AREA_STYLE_COLOUR('',#10);
#6088=FILL_AREA_STYLE('',(#6087));
#6089=SURFACE_STYLE_FILL_AREA(#6088);
#6090=SURFACE_SIDE_STYLE('',(#6089));
#6091=SURFACE_STYLE_USAGE(.BOTH.,#6090);
#6092=PRESENTATION_STYLE_ASSIGNMENT((#6091));
#6093=STYLED_ITEM('',(#6092),#6086);
#6094=CARTESIAN_POINT('',(-2.566171123887E1,-2.7E0,1.E1));
#6095=DIRECTION('',(0.E0,0.E0,-1.E0));
#6096=DIRECTION('',(1.E0,0.E0,0.E0));
#6097=AXIS2_PLACEMENT_3D('',#6094,#6095,#6096);
#6098=PLANE('',#6097);
#6099=ORIENTED_EDGE('',*,*,#6081,.T.);
#6100=ORIENTED_EDGE('',*,*,#5951,.F.);
#6102=ORIENTED_EDGE('',*,*,#6101,.F.);
#6103=ORIENTED_EDGE('',*,*,#6019,.T.);
#6104=ORIENTED_EDGE('',*,*,#6060,.T.);
#6105=EDGE_LOOP('',(#6099,#6100,#6102,#6103,#6104));
#6106=FACE_OUTER_BOUND('',#6105,.F.);
#6108=FILL_AREA_STYLE_COLOUR('',#10);
#6109=FILL_AREA_STYLE('',(#6108));
#6110=SURFACE_STYLE_FILL_AREA(#6109);
#6111=SURFACE_SIDE_STYLE('',(#6110));
#6112=SURFACE_STYLE_USAGE(.BOTH.,#6111);
#6113=PRESENTATION_STYLE_ASSIGNMENT((#6112));
#6114=STYLED_ITEM('',(#6113),#6107);
#6115=CARTESIAN_POINT('',(0.E0,-1.2E0,0.E0));
#6116=DIRECTION('',(0.E0,-1.E0,0.E0));
#6117=DIRECTION('',(1.E0,0.E0,0.E0));
#6118=AXIS2_PLACEMENT_3D('',#6115,#6116,#6117);
#6119=PLANE('',#6118);
#6120=ORIENTED_EDGE('',*,*,#5949,.F.);
#6122=ORIENTED_EDGE('',*,*,#6121,.T.);
#6124=ORIENTED_EDGE('',*,*,#6123,.F.);
#6126=ORIENTED_EDGE('',*,*,#6125,.T.);
#6128=ORIENTED_EDGE('',*,*,#6127,.F.);
#6129=ORIENTED_EDGE('',*,*,#6021,.F.);
#6130=ORIENTED_EDGE('',*,*,#6101,.T.);
#6131=EDGE_LOOP('',(#6120,#6122,#6124,#6126,#6128,#6129,#6130));
#6132=FACE_OUTER_BOUND('',#6131,.F.);
#6134=FILL_AREA_STYLE_COLOUR('',#10);
#6135=FILL_AREA_STYLE('',(#6134));
#6136=SURFACE_STYLE_FILL_AREA(#6135);
#6137=SURFACE_SIDE_STYLE('',(#6136));
#6138=SURFACE_STYLE_USAGE(.BOTH.,#6137);
#6139=PRESENTATION_STYLE_ASSIGNMENT((#6138));
#6140=STYLED_ITEM('',(#6139),#6133);
#6141=CARTESIAN_POINT('',(-2.425E1,-6.87152E0,1.155E1));
#6142=DIRECTION('',(0.E0,1.E0,0.E0));
#6143=DIRECTION('',(-1.E0,0.E0,0.E0));
#6144=AXIS2_PLACEMENT_3D('',#6141,#6142,#6143);
#6145=CYLINDRICAL_SURFACE('',#6144,5.E-1);
#6146=ORIENTED_EDGE('',*,*,#6121,.F.);
#6147=ORIENTED_EDGE('',*,*,#5947,.T.);
#6148=ORIENTED_EDGE('',*,*,#5915,.F.);
#6150=ORIENTED_EDGE('',*,*,#6149,.T.);
#6151=EDGE_LOOP('',(#6146,#6147,#6148,#6150));
#6152=FACE_OUTER_BOUND('',#6151,.F.);
#6154=FILL_AREA_STYLE_COLOUR('',#10);
#6155=FILL_AREA_STYLE('',(#6154));
#6156=SURFACE_STYLE_FILL_AREA(#6155);
#6157=SURFACE_SIDE_STYLE('',(#6156));
#6158=SURFACE_STYLE_USAGE(.BOTH.,#6157);
#6159=PRESENTATION_STYLE_ASSIGNMENT((#6158));
#6160=STYLED_ITEM('',(#6159),#6153);
#6161=CARTESIAN_POINT('',(-2.475E1,5.E-1,1.205E1));
#6162=DIRECTION('',(0.E0,0.E0,1.E0));
#6163=DIRECTION('',(1.E0,0.E0,0.E0));
#6164=AXIS2_PLACEMENT_3D('',#6161,#6162,#6163);
#6165=PLANE('',#6164);
#6167=ORIENTED_EDGE('',*,*,#6166,.T.);
#6169=ORIENTED_EDGE('',*,*,#6168,.F.);
#6170=ORIENTED_EDGE('',*,*,#6123,.T.);
#6171=ORIENTED_EDGE('',*,*,#6149,.F.);
#6172=ORIENTED_EDGE('',*,*,#5913,.F.);
#6174=ORIENTED_EDGE('',*,*,#6173,.T.);
#6176=ORIENTED_EDGE('',*,*,#6175,.T.);
#6178=ORIENTED_EDGE('',*,*,#6177,.F.);
#6180=ORIENTED_EDGE('',*,*,#6179,.F.);
#6182=ORIENTED_EDGE('',*,*,#6181,.F.);
#6184=ORIENTED_EDGE('',*,*,#6183,.T.);
#6186=ORIENTED_EDGE('',*,*,#6185,.F.);
#6188=ORIENTED_EDGE('',*,*,#6187,.F.);
#6190=ORIENTED_EDGE('',*,*,#6189,.F.);
#6192=ORIENTED_EDGE('',*,*,#6191,.T.);
#6194=ORIENTED_EDGE('',*,*,#6193,.T.);
#6195=EDGE_LOOP('',(#6167,#6169,#6170,#6171,#6172,#6174,#6176,#6178,#6180,#6182,
#6184,#6186,#6188,#6190,#6192,#6194));
#6196=FACE_OUTER_BOUND('',#6195,.F.);
#6198=ORIENTED_EDGE('',*,*,#6197,.T.);
#6200=ORIENTED_EDGE('',*,*,#6199,.T.);
#6201=EDGE_LOOP('',(#6198,#6200));
#6202=FACE_BOUND('',#6201,.F.);
#6204=ORIENTED_EDGE('',*,*,#6203,.T.);
#6206=ORIENTED_EDGE('',*,*,#6205,.T.);
#6207=EDGE_LOOP('',(#6204,#6206));
#6208=FACE_BOUND('',#6207,.F.);
#6210=FILL_AREA_STYLE_COLOUR('',#10);
#6211=FILL_AREA_STYLE('',(#6210));
#6212=SURFACE_STYLE_FILL_AREA(#6211);
#6213=SURFACE_SIDE_STYLE('',(#6212));
#6214=SURFACE_STYLE_USAGE(.BOTH.,#6213);
#6215=PRESENTATION_STYLE_ASSIGNMENT((#6214));
#6216=STYLED_ITEM('',(#6215),#6209);
#6217=CARTESIAN_POINT('',(-2.131628207280E-14,-2.5E0,1.195E1));
#6218=DIRECTION('',(0.E0,-4.472135955E-1,8.944271909999E-1));
#6219=DIRECTION('',(0.E0,-8.944271909999E-1,-4.472135955E-1));
#6220=AXIS2_PLACEMENT_3D('',#6217,#6218,#6219);
#6221=PLANE('',#6220);
#6223=ORIENTED_EDGE('',*,*,#6222,.F.);
#6225=ORIENTED_EDGE('',*,*,#6224,.T.);
#6227=ORIENTED_EDGE('',*,*,#6226,.F.);
#6228=ORIENTED_EDGE('',*,*,#6166,.F.);
#6229=EDGE_LOOP('',(#6223,#6225,#6227,#6228));
#6230=FACE_OUTER_BOUND('',#6229,.F.);
#6232=FILL_AREA_STYLE_COLOUR('',#10);
#6233=FILL_AREA_STYLE('',(#6232));
#6234=SURFACE_STYLE_FILL_AREA(#6233);
#6235=SURFACE_SIDE_STYLE('',(#6234));
#6236=SURFACE_STYLE_USAGE(.BOTH.,#6235);
#6237=PRESENTATION_STYLE_ASSIGNMENT((#6236));
#6238=STYLED_ITEM('',(#6237),#6231);
#6239=CARTESIAN_POINT('',(2.3E1,-2.7E0,1.339525370627E1));
#6240=DIRECTION('',(-1.E0,0.E0,0.E0));
#6241=DIRECTION('',(0.E0,0.E0,-1.E0));
#6242=AXIS2_PLACEMENT_3D('',#6239,#6240,#6241);
#6243=PLANE('',#6242);
#6244=ORIENTED_EDGE('',*,*,#6222,.T.);
#6245=ORIENTED_EDGE('',*,*,#6193,.F.);
#6247=ORIENTED_EDGE('',*,*,#6246,.F.);
#6249=ORIENTED_EDGE('',*,*,#6248,.T.);
#6251=ORIENTED_EDGE('',*,*,#6250,.T.);
#6252=EDGE_LOOP('',(#6244,#6245,#6247,#6249,#6251));
#6253=FACE_OUTER_BOUND('',#6252,.F.);
#6255=FILL_AREA_STYLE_COLOUR('',#10);
#6256=FILL_AREA_STYLE('',(#6255));
#6257=SURFACE_STYLE_FILL_AREA(#6256);
#6258=SURFACE_SIDE_STYLE('',(#6257));
#6259=SURFACE_STYLE_USAGE(.BOTH.,#6258);
#6260=PRESENTATION_STYLE_ASSIGNMENT((#6259));
#6261=STYLED_ITEM('',(#6260),#6254);
#6262=CARTESIAN_POINT('',(0.E0,-1.2E0,0.E0));
#6263=DIRECTION('',(0.E0,-1.E0,0.E0));
#6264=DIRECTION('',(1.E0,0.E0,0.E0));
#6265=AXIS2_PLACEMENT_3D('',#6262,#6263,#6264);
#6266=PLANE('',#6265);
#6267=ORIENTED_EDGE('',*,*,#6191,.F.);
#6269=ORIENTED_EDGE('',*,*,#6268,.T.);
#6271=ORIENTED_EDGE('',*,*,#6270,.F.);
#6273=ORIENTED_EDGE('',*,*,#6272,.T.);
#6275=ORIENTED_EDGE('',*,*,#6274,.F.);
#6277=ORIENTED_EDGE('',*,*,#6276,.F.);
#6278=ORIENTED_EDGE('',*,*,#6246,.T.);
#6279=EDGE_LOOP('',(#6267,#6269,#6271,#6273,#6275,#6277,#6278));
#6280=FACE_OUTER_BOUND('',#6279,.F.);
#6282=FILL_AREA_STYLE_COLOUR('',#10);
#6283=FILL_AREA_STYLE('',(#6282));
#6284=SURFACE_STYLE_FILL_AREA(#6283);
#6285=SURFACE_SIDE_STYLE('',(#6284));
#6286=SURFACE_STYLE_USAGE(.BOTH.,#6285);
#6287=PRESENTATION_STYLE_ASSIGNMENT((#6286));
#6288=STYLED_ITEM('',(#6287),#6281);
#6289=CARTESIAN_POINT('',(2.425E1,4.67152E0,1.155E1));
#6290=DIRECTION('',(0.E0,-1.E0,0.E0));
#6291=DIRECTION('',(1.E0,0.E0,0.E0));
#6292=AXIS2_PLACEMENT_3D('',#6289,#6290,#6291);
#6293=CYLINDRICAL_SURFACE('',#6292,5.E-1);
#6294=ORIENTED_EDGE('',*,*,#6268,.F.);
#6295=ORIENTED_EDGE('',*,*,#6189,.T.);
#6297=ORIENTED_EDGE('',*,*,#6296,.F.);
#6299=ORIENTED_EDGE('',*,*,#6298,.T.);
#6300=EDGE_LOOP('',(#6294,#6295,#6297,#6299));
#6301=FACE_OUTER_BOUND('',#6300,.F.);
#6303=FILL_AREA_STYLE_COLOUR('',#10);
#6304=FILL_AREA_STYLE('',(#6303));
#6305=SURFACE_STYLE_FILL_AREA(#6304);
#6306=SURFACE_SIDE_STYLE('',(#6305));
#6307=SURFACE_STYLE_USAGE(.BOTH.,#6306);
#6308=PRESENTATION_STYLE_ASSIGNMENT((#6307));
#6309=STYLED_ITEM('',(#6308),#6302);
#6310=CARTESIAN_POINT('',(0.E0,5.E-1,0.E0));
#6311=DIRECTION('',(0.E0,1.E0,0.E0));
#6312=DIRECTION('',(-1.E0,0.E0,0.E0));
#6313=AXIS2_PLACEMENT_3D('',#6310,#6311,#6312);
#6314=PLANE('',#6313);
#6316=ORIENTED_EDGE('',*,*,#6315,.T.);
#6317=ORIENTED_EDGE('',*,*,#6296,.T.);
#6318=ORIENTED_EDGE('',*,*,#6187,.T.);
#6320=ORIENTED_EDGE('',*,*,#6319,.T.);
#6322=ORIENTED_EDGE('',*,*,#6321,.F.);
#6324=ORIENTED_EDGE('',*,*,#6323,.T.);
#6326=ORIENTED_EDGE('',*,*,#6325,.F.);
#6328=ORIENTED_EDGE('',*,*,#6327,.T.);
#6330=ORIENTED_EDGE('',*,*,#6329,.F.);
#6332=ORIENTED_EDGE('',*,*,#6331,.F.);
#6334=ORIENTED_EDGE('',*,*,#6333,.T.);
#6336=ORIENTED_EDGE('',*,*,#6335,.T.);
#6337=EDGE_LOOP('',(#6316,#6317,#6318,#6320,#6322,#6324,#6326,#6328,#6330,#6332,
#6334,#6336));
#6338=FACE_OUTER_BOUND('',#6337,.F.);
#6340=FILL_AREA_STYLE_COLOUR('',#10);
#6341=FILL_AREA_STYLE('',(#6340));
#6342=SURFACE_STYLE_FILL_AREA(#6341);
#6343=SURFACE_SIDE_STYLE('',(#6342));
#6344=SURFACE_STYLE_USAGE(.BOTH.,#6343);
#6345=PRESENTATION_STYLE_ASSIGNMENT((#6344));
#6346=STYLED_ITEM('',(#6345),#6339);
#6347=CARTESIAN_POINT('',(2.475E1,5.E-1,1.205E1));
#6348=DIRECTION('',(1.E0,0.E0,0.E0));
#6349=DIRECTION('',(0.E0,0.E0,-1.E0));
#6350=AXIS2_PLACEMENT_3D('',#6347,#6348,#6349);
#6351=PLANE('',#6350);
#6353=ORIENTED_EDGE('',*,*,#6352,.F.);
#6355=ORIENTED_EDGE('',*,*,#6354,.F.);
#6356=ORIENTED_EDGE('',*,*,#6270,.T.);
#6357=ORIENTED_EDGE('',*,*,#6298,.F.);
#6358=ORIENTED_EDGE('',*,*,#6315,.F.);
#6360=ORIENTED_EDGE('',*,*,#6359,.F.);
#6362=ORIENTED_EDGE('',*,*,#6361,.T.);
#6364=ORIENTED_EDGE('',*,*,#6363,.T.);
#6365=EDGE_LOOP('',(#6353,#6355,#6356,#6357,#6358,#6360,#6362,#6364));
#6366=FACE_OUTER_BOUND('',#6365,.F.);
#6368=FILL_AREA_STYLE_COLOUR('',#10);
#6369=FILL_AREA_STYLE('',(#6368));
#6370=SURFACE_STYLE_FILL_AREA(#6369);
#6371=SURFACE_SIDE_STYLE('',(#6370));
#6372=SURFACE_STYLE_USAGE(.BOTH.,#6371);
#6373=PRESENTATION_STYLE_ASSIGNMENT((#6372));
#6374=STYLED_ITEM('',(#6373),#6367);
#6375=CARTESIAN_POINT('',(2.465E1,-2.5E0,-1.776356839400E-14));
#6376=DIRECTION('',(8.944271909999E-1,-4.472135955E-1,0.E0));
#6377=DIRECTION('',(4.472135955E-1,8.944271909999E-1,0.E0));
#6378=AXIS2_PLACEMENT_3D('',#6375,#6376,#6377);
#6379=PLANE('',#6378);
#6381=ORIENTED_EDGE('',*,*,#6380,.F.);
#6382=ORIENTED_EDGE('',*,*,#6352,.T.);
#6384=ORIENTED_EDGE('',*,*,#6383,.F.);
#6386=ORIENTED_EDGE('',*,*,#6385,.F.);
#6387=EDGE_LOOP('',(#6381,#6382,#6384,#6386));
#6388=FACE_OUTER_BOUND('',#6387,.F.);
#6390=FILL_AREA_STYLE_COLOUR('',#10);
#6391=FILL_AREA_STYLE('',(#6390));
#6392=SURFACE_STYLE_FILL_AREA(#6391);
#6393=SURFACE_SIDE_STYLE('',(#6392));
#6394=SURFACE_STYLE_USAGE(.BOTH.,#6393);
#6395=PRESENTATION_STYLE_ASSIGNMENT((#6394));
#6396=STYLED_ITEM('',(#6395),#6389);
#6397=CARTESIAN_POINT('',(2.3E1,-2.7E0,1.E1));
#6398=DIRECTION('',(0.E0,0.E0,-1.E0));
#6399=DIRECTION('',(1.E0,0.E0,0.E0));
#6400=AXIS2_PLACEMENT_3D('',#6397,#6398,#6399);
#6401=PLANE('',#6400);
#6402=ORIENTED_EDGE('',*,*,#6380,.T.);
#6404=ORIENTED_EDGE('',*,*,#6403,.F.);
#6406=ORIENTED_EDGE('',*,*,#6405,.F.);
#6407=ORIENTED_EDGE('',*,*,#6272,.F.);
#6408=ORIENTED_EDGE('',*,*,#6354,.T.);
#6409=EDGE_LOOP('',(#6402,#6404,#6406,#6407,#6408));
#6410=FACE_OUTER_BOUND('',#6409,.F.);
#6412=FILL_AREA_STYLE_COLOUR('',#10);
#6413=FILL_AREA_STYLE('',(#6412));
#6414=SURFACE_STYLE_FILL_AREA(#6413);
#6415=SURFACE_SIDE_STYLE('',(#6414));
#6416=SURFACE_STYLE_USAGE(.BOTH.,#6415);
#6417=PRESENTATION_STYLE_ASSIGNMENT((#6416));
#6418=STYLED_ITEM('',(#6417),#6411);
#6419=CARTESIAN_POINT('',(0.E0,-2.7E0,0.E0));
#6420=DIRECTION('',(0.E0,1.E0,0.E0));
#6421=DIRECTION('',(1.E0,0.E0,0.E0));
#6422=AXIS2_PLACEMENT_3D('',#6419,#6420,#6421);
#6423=PLANE('',#6422);
#6424=ORIENTED_EDGE('',*,*,#6385,.T.);
#6426=ORIENTED_EDGE('',*,*,#6425,.F.);
#6428=ORIENTED_EDGE('',*,*,#6427,.T.);
#6429=ORIENTED_EDGE('',*,*,#6403,.T.);
#6430=EDGE_LOOP('',(#6424,#6426,#6428,#6429));
#6431=FACE_OUTER_BOUND('',#6430,.F.);
#6433=FILL_AREA_STYLE_COLOUR('',#10);
#6434=FILL_AREA_STYLE('',(#6433));
#6435=SURFACE_STYLE_FILL_AREA(#6434);
#6436=SURFACE_SIDE_STYLE('',(#6435));
#6437=SURFACE_STYLE_USAGE(.BOTH.,#6436);
#6438=PRESENTATION_STYLE_ASSIGNMENT((#6437));
#6439=STYLED_ITEM('',(#6438),#6432);
#6440=CARTESIAN_POINT('',(2.566171123887E1,-2.7E0,-1.E1));
#6441=DIRECTION('',(0.E0,0.E0,1.E0));
#6442=DIRECTION('',(-1.E0,0.E0,0.E0));
#6443=AXIS2_PLACEMENT_3D('',#6440,#6441,#6442);
#6444=PLANE('',#6443);
#6445=ORIENTED_EDGE('',*,*,#6383,.T.);
#6446=ORIENTED_EDGE('',*,*,#6363,.F.);
#6448=ORIENTED_EDGE('',*,*,#6447,.F.);
#6450=ORIENTED_EDGE('',*,*,#6449,.T.);
#6451=ORIENTED_EDGE('',*,*,#6425,.T.);
#6452=EDGE_LOOP('',(#6445,#6446,#6448,#6450,#6451));
#6453=FACE_OUTER_BOUND('',#6452,.F.);
#6455=FILL_AREA_STYLE_COLOUR('',#10);
#6456=FILL_AREA_STYLE('',(#6455));
#6457=SURFACE_STYLE_FILL_AREA(#6456);
#6458=SURFACE_SIDE_STYLE('',(#6457));
#6459=SURFACE_STYLE_USAGE(.BOTH.,#6458);
#6460=PRESENTATION_STYLE_ASSIGNMENT((#6459));
#6461=STYLED_ITEM('',(#6460),#6454);
#6462=CARTESIAN_POINT('',(0.E0,-1.2E0,0.E0));
#6463=DIRECTION('',(0.E0,-1.E0,0.E0));
#6464=DIRECTION('',(1.E0,0.E0,0.E0));
#6465=AXIS2_PLACEMENT_3D('',#6462,#6463,#6464);
#6466=PLANE('',#6465);
#6467=ORIENTED_EDGE('',*,*,#6361,.F.);
#6469=ORIENTED_EDGE('',*,*,#6468,.T.);
#6471=ORIENTED_EDGE('',*,*,#6470,.F.);
#6473=ORIENTED_EDGE('',*,*,#6472,.T.);
#6475=ORIENTED_EDGE('',*,*,#6474,.F.);
#6477=ORIENTED_EDGE('',*,*,#6476,.F.);
#6478=ORIENTED_EDGE('',*,*,#6447,.T.);
#6479=EDGE_LOOP('',(#6467,#6469,#6471,#6473,#6475,#6477,#6478));
#6480=FACE_OUTER_BOUND('',#6479,.F.);
#6482=FILL_AREA_STYLE_COLOUR('',#10);
#6483=FILL_AREA_STYLE('',(#6482));
#6484=SURFACE_STYLE_FILL_AREA(#6483);
#6485=SURFACE_SIDE_STYLE('',(#6484));
#6486=SURFACE_STYLE_USAGE(.BOTH.,#6485);
#6487=PRESENTATION_STYLE_ASSIGNMENT((#6486));
#6488=STYLED_ITEM('',(#6487),#6481);
#6489=CARTESIAN_POINT('',(2.425E1,-6.87152E0,-1.155E1));
#6490=DIRECTION('',(0.E0,1.E0,0.E0));
#6491=DIRECTION('',(1.E0,0.E0,0.E0));
#6492=AXIS2_PLACEMENT_3D('',#6489,#6490,#6491);
#6493=CYLINDRICAL_SURFACE('',#6492,5.E-1);
#6494=ORIENTED_EDGE('',*,*,#6468,.F.);
#6495=ORIENTED_EDGE('',*,*,#6359,.T.);
#6496=ORIENTED_EDGE('',*,*,#6335,.F.);
#6498=ORIENTED_EDGE('',*,*,#6497,.T.);
#6499=EDGE_LOOP('',(#6494,#6495,#6496,#6498));
#6500=FACE_OUTER_BOUND('',#6499,.F.);
#6502=FILL_AREA_STYLE_COLOUR('',#10);
#6503=FILL_AREA_STYLE('',(#6502));
#6504=SURFACE_STYLE_FILL_AREA(#6503);
#6505=SURFACE_SIDE_STYLE('',(#6504));
#6506=SURFACE_STYLE_USAGE(.BOTH.,#6505);
#6507=PRESENTATION_STYLE_ASSIGNMENT((#6506));
#6508=STYLED_ITEM('',(#6507),#6501);
#6509=CARTESIAN_POINT('',(2.475E1,5.E-1,-1.205E1));
#6510=DIRECTION('',(0.E0,0.E0,-1.E0));
#6511=DIRECTION('',(-1.E0,0.E0,0.E0));
#6512=AXIS2_PLACEMENT_3D('',#6509,#6510,#6511);
#6513=PLANE('',#6512);
#6515=ORIENTED_EDGE('',*,*,#6514,.T.);
#6517=ORIENTED_EDGE('',*,*,#6516,.F.);
#6518=ORIENTED_EDGE('',*,*,#6470,.T.);
#6519=ORIENTED_EDGE('',*,*,#6497,.F.);
#6520=ORIENTED_EDGE('',*,*,#6333,.F.);
#6522=ORIENTED_EDGE('',*,*,#6521,.T.);
#6524=ORIENTED_EDGE('',*,*,#6523,.T.);
#6526=ORIENTED_EDGE('',*,*,#6525,.F.);
#6528=ORIENTED_EDGE('',*,*,#6527,.F.);
#6530=ORIENTED_EDGE('',*,*,#6529,.F.);
#6532=ORIENTED_EDGE('',*,*,#6531,.T.);
#6534=ORIENTED_EDGE('',*,*,#6533,.F.);
#6535=ORIENTED_EDGE('',*,*,#5898,.F.);
#6537=ORIENTED_EDGE('',*,*,#6536,.F.);
#6539=ORIENTED_EDGE('',*,*,#6538,.T.);
#6541=ORIENTED_EDGE('',*,*,#6540,.T.);
#6542=EDGE_LOOP('',(#6515,#6517,#6518,#6519,#6520,#6522,#6524,#6526,#6528,#6530,
#6532,#6534,#6535,#6537,#6539,#6541));
#6543=FACE_OUTER_BOUND('',#6542,.F.);
#6545=ORIENTED_EDGE('',*,*,#6544,.T.);
#6547=ORIENTED_EDGE('',*,*,#6546,.T.);
#6548=EDGE_LOOP('',(#6545,#6547));
#6549=FACE_BOUND('',#6548,.F.);
#6551=ORIENTED_EDGE('',*,*,#6550,.T.);
#6553=ORIENTED_EDGE('',*,*,#6552,.T.);
#6554=EDGE_LOOP('',(#6551,#6553));
#6555=FACE_BOUND('',#6554,.F.);
#6557=FILL_AREA_STYLE_COLOUR('',#10);
#6558=FILL_AREA_STYLE('',(#6557));
#6559=SURFACE_STYLE_FILL_AREA(#6558);
#6560=SURFACE_SIDE_STYLE('',(#6559));
#6561=SURFACE_STYLE_USAGE(.BOTH.,#6560);
#6562=PRESENTATION_STYLE_ASSIGNMENT((#6561));
#6563=STYLED_ITEM('',(#6562),#6556);
#6564=CARTESIAN_POINT('',(0.E0,-2.5E0,-1.195E1));
#6565=DIRECTION('',(0.E0,-4.472135955E-1,-8.944271909999E-1));
#6566=DIRECTION('',(0.E0,-8.944271909999E-1,4.472135955E-1));
#6567=AXIS2_PLACEMENT_3D('',#6564,#6565,#6566);
#6568=PLANE('',#6567);
#6570=ORIENTED_EDGE('',*,*,#6569,.F.);
#6572=ORIENTED_EDGE('',*,*,#6571,.T.);
#6574=ORIENTED_EDGE('',*,*,#6573,.F.);
#6575=ORIENTED_EDGE('',*,*,#6514,.F.);
#6576=EDGE_LOOP('',(#6570,#6572,#6574,#6575));
#6577=FACE_OUTER_BOUND('',#6576,.F.);
#6579=FILL_AREA_STYLE_COLOUR('',#10);
#6580=FILL_AREA_STYLE('',(#6579));
#6581=SURFACE_STYLE_FILL_AREA(#6580);
#6582=SURFACE_SIDE_STYLE('',(#6581));
#6583=SURFACE_STYLE_USAGE(.BOTH.,#6582);
#6584=PRESENTATION_STYLE_ASSIGNMENT((#6583));
#6585=STYLED_ITEM('',(#6584),#6578);
#6586=CARTESIAN_POINT('',(-2.3E1,-2.7E0,-1.339525370627E1));
#6587=DIRECTION('',(1.E0,0.E0,0.E0));
#6588=DIRECTION('',(0.E0,0.E0,1.E0));
#6589=AXIS2_PLACEMENT_3D('',#6586,#6587,#6588);
#6590=PLANE('',#6589);
#6591=ORIENTED_EDGE('',*,*,#6569,.T.);
#6592=ORIENTED_EDGE('',*,*,#6540,.F.);
#6594=ORIENTED_EDGE('',*,*,#6593,.F.);
#6596=ORIENTED_EDGE('',*,*,#6595,.T.);
#6598=ORIENTED_EDGE('',*,*,#6597,.T.);
#6599=EDGE_LOOP('',(#6591,#6592,#6594,#6596,#6598));
#6600=FACE_OUTER_BOUND('',#6599,.F.);
#6602=FILL_AREA_STYLE_COLOUR('',#10);
#6603=FILL_AREA_STYLE('',(#6602));
#6604=SURFACE_STYLE_FILL_AREA(#6603);
#6605=SURFACE_SIDE_STYLE('',(#6604));
#6606=SURFACE_STYLE_USAGE(.BOTH.,#6605);
#6607=PRESENTATION_STYLE_ASSIGNMENT((#6606));
#6608=STYLED_ITEM('',(#6607),#6601);
#6609=CARTESIAN_POINT('',(0.E0,-1.2E0,0.E0));
#6610=DIRECTION('',(0.E0,-1.E0,0.E0));
#6611=DIRECTION('',(1.E0,0.E0,0.E0));
#6612=AXIS2_PLACEMENT_3D('',#6609,#6610,#6611);
#6613=PLANE('',#6612);
#6614=ORIENTED_EDGE('',*,*,#5942,.F.);
#6616=ORIENTED_EDGE('',*,*,#6615,.T.);
#6617=ORIENTED_EDGE('',*,*,#6029,.F.);
#6619=ORIENTED_EDGE('',*,*,#6618,.F.);
#6620=ORIENTED_EDGE('',*,*,#6593,.T.);
#6621=ORIENTED_EDGE('',*,*,#6538,.F.);
#6623=ORIENTED_EDGE('',*,*,#6622,.T.);
#6624=EDGE_LOOP('',(#6614,#6616,#6617,#6619,#6620,#6621,#6623));
#6625=FACE_OUTER_BOUND('',#6624,.F.);
#6627=FILL_AREA_STYLE_COLOUR('',#10);
#6628=FILL_AREA_STYLE('',(#6627));
#6629=SURFACE_STYLE_FILL_AREA(#6628);
#6630=SURFACE_SIDE_STYLE('',(#6629));
#6631=SURFACE_STYLE_USAGE(.BOTH.,#6630);
#6632=PRESENTATION_STYLE_ASSIGNMENT((#6631));
#6633=STYLED_ITEM('',(#6632),#6626);
#6634=CARTESIAN_POINT('',(-2.3E1,-2.7E0,-1.E1));
#6635=DIRECTION('',(0.E0,0.E0,1.E0));
#6636=DIRECTION('',(-1.E0,0.E0,0.E0));
#6637=AXIS2_PLACEMENT_3D('',#6634,#6635,#6636);
#6638=PLANE('',#6637);
#6640=ORIENTED_EDGE('',*,*,#6639,.T.);
#6642=ORIENTED_EDGE('',*,*,#6641,.F.);
#6643=ORIENTED_EDGE('',*,*,#6031,.F.);
#6644=ORIENTED_EDGE('',*,*,#6615,.F.);
#6645=ORIENTED_EDGE('',*,*,#5940,.T.);
#6646=EDGE_LOOP('',(#6640,#6642,#6643,#6644,#6645));
#6647=FACE_OUTER_BOUND('',#6646,.F.);
#6649=FILL_AREA_STYLE_COLOUR('',#10);
#6650=FILL_AREA_STYLE('',(#6649));
#6651=SURFACE_STYLE_FILL_AREA(#6650);
#6652=SURFACE_SIDE_STYLE('',(#6651));
#6653=SURFACE_STYLE_USAGE(.BOTH.,#6652);
#6654=PRESENTATION_STYLE_ASSIGNMENT((#6653));
#6655=STYLED_ITEM('',(#6654),#6648);
#6656=CARTESIAN_POINT('',(-2.465E1,-2.5E0,0.E0));
#6657=DIRECTION('',(-8.944271909999E-1,-4.472135955E-1,0.E0));
#6658=DIRECTION('',(-4.472135955E-1,8.944271909999E-1,0.E0));
#6659=AXIS2_PLACEMENT_3D('',#6656,#6657,#6658);
#6660=PLANE('',#6659);
#6662=ORIENTED_EDGE('',*,*,#6661,.F.);
#6664=ORIENTED_EDGE('',*,*,#6663,.F.);
#6665=ORIENTED_EDGE('',*,*,#6639,.F.);
#6666=ORIENTED_EDGE('',*,*,#5938,.T.);
#6668=ORIENTED_EDGE('',*,*,#6667,.F.);
#6669=EDGE_LOOP('',(#6662,#6664,#6665,#6666,#6668));
#6670=FACE_OUTER_BOUND('',#6669,.F.);
#6672=FILL_AREA_STYLE_COLOUR('',#10);
#6673=FILL_AREA_STYLE('',(#6672));
#6674=SURFACE_STYLE_FILL_AREA(#6673);
#6675=SURFACE_SIDE_STYLE('',(#6674));
#6676=SURFACE_STYLE_USAGE(.BOTH.,#6675);
#6677=PRESENTATION_STYLE_ASSIGNMENT((#6676));
#6678=STYLED_ITEM('',(#6677),#6671);
#6679=CARTESIAN_POINT('',(7.939870473373E1,-2.4E0,6.851868838335E-1));
#6680=DIRECTION('',(-1.E0,0.E0,0.E0));
#6681=DIRECTION('',(0.E0,-1.E0,0.E0));
#6682=AXIS2_PLACEMENT_3D('',#6679,#6680,#6681);
#6683=CYLINDRICAL_SURFACE('',#6682,3.E-1);
#6684=ORIENTED_EDGE('',*,*,#6661,.T.);
#6686=ORIENTED_EDGE('',*,*,#6685,.T.);
#6687=ORIENTED_EDGE('',*,*,#6035,.F.);
#6689=ORIENTED_EDGE('',*,*,#6688,.T.);
#6690=EDGE_LOOP('',(#6684,#6686,#6687,#6689));
#6691=FACE_OUTER_BOUND('',#6690,.F.);
#6693=FILL_AREA_STYLE_COLOUR('',#10);
#6694=FILL_AREA_STYLE('',(#6693));
#6695=SURFACE_STYLE_FILL_AREA(#6694);
#6696=SURFACE_SIDE_STYLE('',(#6695));
#6697=SURFACE_STYLE_USAGE(.BOTH.,#6696);
#6698=PRESENTATION_STYLE_ASSIGNMENT((#6697));
#6699=STYLED_ITEM('',(#6698),#6692);
#6700=CARTESIAN_POINT('',(0.E0,-3.E0,9.592761236374E-1));
#6701=DIRECTION('',(0.E0,4.361938736533E-2,-9.990482215819E-1));
#6702=DIRECTION('',(0.E0,9.990482215819E-1,4.361938736533E-2));
#6703=AXIS2_PLACEMENT_3D('',#6700,#6701,#6702);
#6704=PLANE('',#6703);
#6705=ORIENTED_EDGE('',*,*,#6685,.F.);
#6706=ORIENTED_EDGE('',*,*,#6667,.T.);
#6707=ORIENTED_EDGE('',*,*,#5936,.F.);
#6709=ORIENTED_EDGE('',*,*,#6708,.F.);
#6710=ORIENTED_EDGE('',*,*,#6037,.F.);
#6711=EDGE_LOOP('',(#6705,#6706,#6707,#6709,#6710));
#6712=FACE_OUTER_BOUND('',#6711,.F.);
#6714=FILL_AREA_STYLE_COLOUR('',#10);
#6715=FILL_AREA_STYLE('',(#6714));
#6716=SURFACE_STYLE_FILL_AREA(#6715);
#6717=SURFACE_SIDE_STYLE('',(#6716));
#6718=SURFACE_STYLE_USAGE(.BOTH.,#6717);
#6719=PRESENTATION_STYLE_ASSIGNMENT((#6718));
#6720=STYLED_ITEM('',(#6719),#6713);
#6721=CARTESIAN_POINT('',(0.E0,-2.1E0,2.5E0));
#6722=DIRECTION('',(1.E0,0.E0,0.E0));
#6723=DIRECTION('',(0.E0,0.E0,1.E0));
#6724=AXIS2_PLACEMENT_3D('',#6721,#6722,#6723);
#6725=CYLINDRICAL_SURFACE('',#6724,1.5E0);
#6726=ORIENTED_EDGE('',*,*,#5934,.F.);
#6727=ORIENTED_EDGE('',*,*,#5974,.T.);
#6728=ORIENTED_EDGE('',*,*,#6039,.F.);
#6729=ORIENTED_EDGE('',*,*,#6708,.T.);
#6730=EDGE_LOOP('',(#6726,#6727,#6728,#6729));
#6731=FACE_OUTER_BOUND('',#6730,.F.);
#6733=FILL_AREA_STYLE_COLOUR('',#10);
#6734=FILL_AREA_STYLE('',(#6733));
#6735=SURFACE_STYLE_FILL_AREA(#6734);
#6736=SURFACE_SIDE_STYLE('',(#6735));
#6737=SURFACE_STYLE_USAGE(.BOTH.,#6736);
#6738=PRESENTATION_STYLE_ASSIGNMENT((#6737));
#6739=STYLED_ITEM('',(#6738),#6732);
#6740=CARTESIAN_POINT('',(0.E0,-2.7E0,0.E0));
#6741=DIRECTION('',(0.E0,1.E0,0.E0));
#6742=DIRECTION('',(1.E0,0.E0,0.E0));
#6743=AXIS2_PLACEMENT_3D('',#6740,#6741,#6742);
#6744=PLANE('',#6743);
#6745=ORIENTED_EDGE('',*,*,#6688,.F.);
#6746=ORIENTED_EDGE('',*,*,#6033,.T.);
#6747=ORIENTED_EDGE('',*,*,#6641,.T.);
#6748=ORIENTED_EDGE('',*,*,#6663,.T.);
#6749=EDGE_LOOP('',(#6745,#6746,#6747,#6748));
#6750=FACE_OUTER_BOUND('',#6749,.F.);
#6752=FILL_AREA_STYLE_COLOUR('',#10);
#6753=FILL_AREA_STYLE('',(#6752));
#6754=SURFACE_STYLE_FILL_AREA(#6753);
#6755=SURFACE_SIDE_STYLE('',(#6754));
#6756=SURFACE_STYLE_USAGE(.BOTH.,#6755);
#6757=PRESENTATION_STYLE_ASSIGNMENT((#6756));
#6758=STYLED_ITEM('',(#6757),#6751);
#6759=CARTESIAN_POINT('',(-2.425E1,5.E-1,-1.155E1));
#6760=DIRECTION('',(0.E0,0.E0,1.E0));
#6761=DIRECTION('',(1.E0,0.E0,0.E0));
#6762=AXIS2_PLACEMENT_3D('',#6759,#6760,#6761);
#6763=PLANE('',#6762);
#6765=ORIENTED_EDGE('',*,*,#6764,.F.);
#6767=ORIENTED_EDGE('',*,*,#6766,.T.);
#6769=ORIENTED_EDGE('',*,*,#6768,.F.);
#6771=ORIENTED_EDGE('',*,*,#6770,.F.);
#6773=ORIENTED_EDGE('',*,*,#6772,.T.);
#6775=ORIENTED_EDGE('',*,*,#6774,.T.);
#6777=ORIENTED_EDGE('',*,*,#6776,.F.);
#6779=ORIENTED_EDGE('',*,*,#6778,.T.);
#6780=ORIENTED_EDGE('',*,*,#6474,.T.);
#6782=ORIENTED_EDGE('',*,*,#6781,.T.);
#6784=ORIENTED_EDGE('',*,*,#6783,.F.);
#6785=ORIENTED_EDGE('',*,*,#6595,.F.);
#6786=ORIENTED_EDGE('',*,*,#6618,.T.);
#6787=ORIENTED_EDGE('',*,*,#6027,.F.);
#6789=ORIENTED_EDGE('',*,*,#6788,.F.);
#6791=ORIENTED_EDGE('',*,*,#6790,.F.);
#6793=ORIENTED_EDGE('',*,*,#6792,.T.);
#6795=ORIENTED_EDGE('',*,*,#6794,.T.);
#6797=ORIENTED_EDGE('',*,*,#6796,.F.);
#6799=ORIENTED_EDGE('',*,*,#6798,.F.);
#6801=ORIENTED_EDGE('',*,*,#6800,.F.);
#6803=ORIENTED_EDGE('',*,*,#6802,.T.);
#6805=ORIENTED_EDGE('',*,*,#6804,.F.);
#6807=ORIENTED_EDGE('',*,*,#6806,.F.);
#6808=EDGE_LOOP('',(#6765,#6767,#6769,#6771,#6773,#6775,#6777,#6779,#6780,#6782,
#6784,#6785,#6786,#6787,#6789,#6791,#6793,#6795,#6797,#6799,#6801,#6803,#6805,
#6807));
#6809=FACE_OUTER_BOUND('',#6808,.F.);
#6811=ORIENTED_EDGE('',*,*,#6810,.T.);
#6813=ORIENTED_EDGE('',*,*,#6812,.T.);
#6814=EDGE_LOOP('',(#6811,#6813));
#6815=FACE_BOUND('',#6814,.F.);
#6817=ORIENTED_EDGE('',*,*,#6816,.T.);
#6819=ORIENTED_EDGE('',*,*,#6818,.T.);
#6820=EDGE_LOOP('',(#6817,#6819));
#6821=FACE_BOUND('',#6820,.F.);
#6823=FILL_AREA_STYLE_COLOUR('',#10);
#6824=FILL_AREA_STYLE('',(#6823));
#6825=SURFACE_STYLE_FILL_AREA(#6824);
#6826=SURFACE_SIDE_STYLE('',(#6825));
#6827=SURFACE_STYLE_USAGE(.BOTH.,#6826);
#6828=PRESENTATION_STYLE_ASSIGNMENT((#6827));
#6829=STYLED_ITEM('',(#6828),#6822);
#6830=CARTESIAN_POINT('',(0.E0,-1.2E0,0.E0));
#6831=DIRECTION('',(0.E0,-1.E0,0.E0));
#6832=DIRECTION('',(0.E0,0.E0,1.E0));
#6833=AXIS2_PLACEMENT_3D('',#6830,#6831,#6832);
#6834=PLANE('',#6833);
#6835=ORIENTED_EDGE('',*,*,#6764,.T.);
#6837=ORIENTED_EDGE('',*,*,#6836,.T.);
#6839=ORIENTED_EDGE('',*,*,#6838,.T.);
#6841=ORIENTED_EDGE('',*,*,#6840,.T.);
#6842=EDGE_LOOP('',(#6835,#6837,#6839,#6841));
#6843=FACE_OUTER_BOUND('',#6842,.F.);
#6845=FILL_AREA_STYLE_COLOUR('',#10);
#6846=FILL_AREA_STYLE('',(#6845));
#6847=SURFACE_STYLE_FILL_AREA(#6846);
#6848=SURFACE_SIDE_STYLE('',(#6847));
#6849=SURFACE_STYLE_USAGE(.BOTH.,#6848);
#6850=PRESENTATION_STYLE_ASSIGNMENT((#6849));
#6851=STYLED_ITEM('',(#6850),#6844);
#6852=CARTESIAN_POINT('',(6.E0,0.E0,-1.1E1));
#6853=DIRECTION('',(-1.E0,0.E0,0.E0));
#6854=DIRECTION('',(0.E0,0.E0,-1.E0));
#6855=AXIS2_PLACEMENT_3D('',#6852,#6853,#6854);
#6856=PLANE('',#6855);
#6858=ORIENTED_EDGE('',*,*,#6857,.F.);
#6860=ORIENTED_EDGE('',*,*,#6859,.F.);
#6861=ORIENTED_EDGE('',*,*,#6836,.F.);
#6862=ORIENTED_EDGE('',*,*,#6806,.T.);
#6863=EDGE_LOOP('',(#6858,#6860,#6861,#6862));
#6864=FACE_OUTER_BOUND('',#6863,.F.);
#6866=FILL_AREA_STYLE_COLOUR('',#10);
#6867=FILL_AREA_STYLE('',(#6866));
#6868=SURFACE_STYLE_FILL_AREA(#6867);
#6869=SURFACE_SIDE_STYLE('',(#6868));
#6870=SURFACE_STYLE_USAGE(.BOTH.,#6869);
#6871=PRESENTATION_STYLE_ASSIGNMENT((#6870));
#6872=STYLED_ITEM('',(#6871),#6865);
#6873=CARTESIAN_POINT('',(0.E0,0.E0,0.E0));
#6874=DIRECTION('',(0.E0,1.E0,0.E0));
#6875=DIRECTION('',(1.E0,0.E0,0.E0));
#6876=AXIS2_PLACEMENT_3D('',#6873,#6874,#6875);
#6877=PLANE('',#6876);
#6878=ORIENTED_EDGE('',*,*,#6857,.T.);
#6879=ORIENTED_EDGE('',*,*,#6804,.T.);
#6881=ORIENTED_EDGE('',*,*,#6880,.F.);
#6883=ORIENTED_EDGE('',*,*,#6882,.F.);
#6884=EDGE_LOOP('',(#6878,#6879,#6881,#6883));
#6885=FACE_OUTER_BOUND('',#6884,.F.);
#6887=FILL_AREA_STYLE_COLOUR('',#10);
#6888=FILL_AREA_STYLE('',(#6887));
#6889=SURFACE_STYLE_FILL_AREA(#6888);
#6890=SURFACE_SIDE_STYLE('',(#6889));
#6891=SURFACE_STYLE_USAGE(.BOTH.,#6890);
#6892=PRESENTATION_STYLE_ASSIGNMENT((#6891));
#6893=STYLED_ITEM('',(#6892),#6886);
#6894=CARTESIAN_POINT('',(-6.E0,0.E0,-1.155E1));
#6895=DIRECTION('',(1.E0,0.E0,0.E0));
#6896=DIRECTION('',(0.E0,0.E0,1.E0));
#6897=AXIS2_PLACEMENT_3D('',#6894,#6895,#6896);
#6898=PLANE('',#6897);
#6899=ORIENTED_EDGE('',*,*,#6880,.T.);
#6900=ORIENTED_EDGE('',*,*,#6802,.F.);
#6902=ORIENTED_EDGE('',*,*,#6901,.F.);
#6904=ORIENTED_EDGE('',*,*,#6903,.T.);
#6905=EDGE_LOOP('',(#6899,#6900,#6902,#6904));
#6906=FACE_OUTER_BOUND('',#6905,.F.);
#6908=FILL_AREA_STYLE_COLOUR('',#10);
#6909=FILL_AREA_STYLE('',(#6908));
#6910=SURFACE_STYLE_FILL_AREA(#6909);
#6911=SURFACE_SIDE_STYLE('',(#6910));
#6912=SURFACE_STYLE_USAGE(.BOTH.,#6911);
#6913=PRESENTATION_STYLE_ASSIGNMENT((#6912));
#6914=STYLED_ITEM('',(#6913),#6907);
#6915=CARTESIAN_POINT('',(0.E0,-1.2E0,0.E0));
#6916=DIRECTION('',(0.E0,-1.E0,0.E0));
#6917=DIRECTION('',(0.E0,0.E0,1.E0));
#6918=AXIS2_PLACEMENT_3D('',#6915,#6916,#6917);
#6919=PLANE('',#6918);
#6920=ORIENTED_EDGE('',*,*,#6800,.T.);
#6922=ORIENTED_EDGE('',*,*,#6921,.T.);
#6924=ORIENTED_EDGE('',*,*,#6923,.T.);
#6925=ORIENTED_EDGE('',*,*,#6901,.T.);
#6926=EDGE_LOOP('',(#6920,#6922,#6924,#6925));
#6927=FACE_OUTER_BOUND('',#6926,.F.);
#6929=FILL_AREA_STYLE_COLOUR('',#10);
#6930=FILL_AREA_STYLE('',(#6929));
#6931=SURFACE_STYLE_FILL_AREA(#6930);
#6932=SURFACE_SIDE_STYLE('',(#6931));
#6933=SURFACE_STYLE_USAGE(.BOTH.,#6932);
#6934=PRESENTATION_STYLE_ASSIGNMENT((#6933));
#6935=STYLED_ITEM('',(#6934),#6928);
#6936=CARTESIAN_POINT('',(-9.8E0,0.E0,-1.1E1));
#6937=DIRECTION('',(-1.E0,0.E0,0.E0));
#6938=DIRECTION('',(0.E0,0.E0,-1.E0));
#6939=AXIS2_PLACEMENT_3D('',#6936,#6937,#6938);
#6940=PLANE('',#6939);
#6942=ORIENTED_EDGE('',*,*,#6941,.F.);
#6944=ORIENTED_EDGE('',*,*,#6943,.F.);
#6945=ORIENTED_EDGE('',*,*,#6921,.F.);
#6946=ORIENTED_EDGE('',*,*,#6798,.T.);
#6947=EDGE_LOOP('',(#6942,#6944,#6945,#6946));
#6948=FACE_OUTER_BOUND('',#6947,.F.);
#6950=FILL_AREA_STYLE_COLOUR('',#10);
#6951=FILL_AREA_STYLE('',(#6950));
#6952=SURFACE_STYLE_FILL_AREA(#6951);
#6953=SURFACE_SIDE_STYLE('',(#6952));
#6954=SURFACE_STYLE_USAGE(.BOTH.,#6953);
#6955=PRESENTATION_STYLE_ASSIGNMENT((#6954));
#6956=STYLED_ITEM('',(#6955),#6949);
#6957=CARTESIAN_POINT('',(0.E0,0.E0,0.E0));
#6958=DIRECTION('',(0.E0,1.E0,0.E0));
#6959=DIRECTION('',(1.E0,0.E0,0.E0));
#6960=AXIS2_PLACEMENT_3D('',#6957,#6958,#6959);
#6961=PLANE('',#6960);
#6962=ORIENTED_EDGE('',*,*,#6941,.T.);
#6963=ORIENTED_EDGE('',*,*,#6796,.T.);
#6965=ORIENTED_EDGE('',*,*,#6964,.F.);
#6967=ORIENTED_EDGE('',*,*,#6966,.F.);
#6968=EDGE_LOOP('',(#6962,#6963,#6965,#6967));
#6969=FACE_OUTER_BOUND('',#6968,.F.);
#6971=FILL_AREA_STYLE_COLOUR('',#10);
#6972=FILL_AREA_STYLE('',(#6971));
#6973=SURFACE_STYLE_FILL_AREA(#6972);
#6974=SURFACE_SIDE_STYLE('',(#6973));
#6975=SURFACE_STYLE_USAGE(.BOTH.,#6974);
#6976=PRESENTATION_STYLE_ASSIGNMENT((#6975));
#6977=STYLED_ITEM('',(#6976),#6970);
#6978=CARTESIAN_POINT('',(-1.65E1,0.E0,-1.155E1));
#6979=DIRECTION('',(1.E0,0.E0,0.E0));
#6980=DIRECTION('',(0.E0,0.E0,1.E0));
#6981=AXIS2_PLACEMENT_3D('',#6978,#6979,#6980);
#6982=PLANE('',#6981);
#6984=ORIENTED_EDGE('',*,*,#6983,.T.);
#6986=ORIENTED_EDGE('',*,*,#6985,.T.);
#6988=ORIENTED_EDGE('',*,*,#6987,.F.);
#6990=ORIENTED_EDGE('',*,*,#6989,.T.);
#6991=ORIENTED_EDGE('',*,*,#6964,.T.);
#6992=ORIENTED_EDGE('',*,*,#6794,.F.);
#6994=ORIENTED_EDGE('',*,*,#6993,.F.);
#6995=EDGE_LOOP('',(#6984,#6986,#6988,#6990,#6991,#6992,#6994));
#6996=FACE_OUTER_BOUND('',#6995,.F.);
#6998=FILL_AREA_STYLE_COLOUR('',#10);
#6999=FILL_AREA_STYLE('',(#6998));
#7000=SURFACE_STYLE_FILL_AREA(#6999);
#7001=SURFACE_SIDE_STYLE('',(#7000));
#7002=SURFACE_STYLE_USAGE(.BOTH.,#7001);
#7003=PRESENTATION_STYLE_ASSIGNMENT((#7002));
#7004=STYLED_ITEM('',(#7003),#6997);
#7005=CARTESIAN_POINT('',(-1.685E1,-1.2E0,-1.09E1));
#7006=DIRECTION('',(0.E0,-2.982749931359E-1,9.544799780350E-1));
#7007=DIRECTION('',(0.E0,9.544799780350E-1,2.982749931359E-1));
#7008=AXIS2_PLACEMENT_3D('',#7005,#7006,#7007);
#7009=PLANE('',#7008);
#7011=ORIENTED_EDGE('',*,*,#7010,.F.);
#7013=ORIENTED_EDGE('',*,*,#7012,.T.);
#7014=ORIENTED_EDGE('',*,*,#6983,.F.);
#7016=ORIENTED_EDGE('',*,*,#7015,.F.);
#7017=EDGE_LOOP('',(#7011,#7013,#7014,#7016));
#7018=FACE_OUTER_BOUND('',#7017,.F.);
#7020=FILL_AREA_STYLE_COLOUR('',#10);
#7021=FILL_AREA_STYLE('',(#7020));
#7022=SURFACE_STYLE_FILL_AREA(#7021);
#7023=SURFACE_SIDE_STYLE('',(#7022));
#7024=SURFACE_STYLE_USAGE(.BOTH.,#7023);
#7025=PRESENTATION_STYLE_ASSIGNMENT((#7024));
#7026=STYLED_ITEM('',(#7025),#7019);
#7027=CARTESIAN_POINT('',(-1.72E1,0.E0,-1.065E1));
#7028=DIRECTION('',(-1.E0,0.E0,0.E0));
#7029=DIRECTION('',(0.E0,0.E0,-1.E0));
#7030=AXIS2_PLACEMENT_3D('',#7027,#7028,#7029);
#7031=PLANE('',#7030);
#7032=ORIENTED_EDGE('',*,*,#7010,.T.);
#7034=ORIENTED_EDGE('',*,*,#7033,.F.);
#7035=ORIENTED_EDGE('',*,*,#6790,.T.);
#7037=ORIENTED_EDGE('',*,*,#7036,.T.);
#7039=ORIENTED_EDGE('',*,*,#7038,.F.);
#7041=ORIENTED_EDGE('',*,*,#7040,.T.);
#7043=ORIENTED_EDGE('',*,*,#7042,.F.);
#7044=EDGE_LOOP('',(#7032,#7034,#7035,#7037,#7039,#7041,#7043));
#7045=FACE_OUTER_BOUND('',#7044,.F.);
#7047=FILL_AREA_STYLE_COLOUR('',#10);
#7048=FILL_AREA_STYLE('',(#7047));
#7049=SURFACE_STYLE_FILL_AREA(#7048);
#7050=SURFACE_SIDE_STYLE('',(#7049));
#7051=SURFACE_STYLE_USAGE(.BOTH.,#7050);
#7052=PRESENTATION_STYLE_ASSIGNMENT((#7051));
#7053=STYLED_ITEM('',(#7052),#7046);
#7054=CARTESIAN_POINT('',(0.E0,-2.E0,0.E0));
#7055=DIRECTION('',(0.E0,-1.E0,0.E0));
#7056=DIRECTION('',(-1.E0,0.E0,0.E0));
#7057=AXIS2_PLACEMENT_3D('',#7054,#7055,#7056);
#7058=PLANE('',#7057);
#7059=ORIENTED_EDGE('',*,*,#7015,.T.);
#7060=ORIENTED_EDGE('',*,*,#6993,.T.);
#7061=ORIENTED_EDGE('',*,*,#6792,.F.);
#7062=ORIENTED_EDGE('',*,*,#7033,.T.);
#7063=EDGE_LOOP('',(#7059,#7060,#7061,#7062));
#7064=FACE_OUTER_BOUND('',#7063,.F.);
#7066=FILL_AREA_STYLE_COLOUR('',#10);
#7067=FILL_AREA_STYLE('',(#7066));
#7068=SURFACE_STYLE_FILL_AREA(#7067);
#7069=SURFACE_SIDE_STYLE('',(#7068));
#7070=SURFACE_STYLE_USAGE(.BOTH.,#7069);
#7071=PRESENTATION_STYLE_ASSIGNMENT((#7070));
#7072=STYLED_ITEM('',(#7071),#7065);
#7073=CARTESIAN_POINT('',(0.E0,0.E0,0.E0));
#7074=DIRECTION('',(0.E0,1.E0,0.E0));
#7075=DIRECTION('',(1.E0,0.E0,0.E0));
#7076=AXIS2_PLACEMENT_3D('',#7073,#7074,#7075);
#7077=PLANE('',#7076);
#7079=ORIENTED_EDGE('',*,*,#7078,.F.);
#7081=ORIENTED_EDGE('',*,*,#7080,.F.);
#7083=ORIENTED_EDGE('',*,*,#7082,.T.);
#7085=ORIENTED_EDGE('',*,*,#7084,.T.);
#7087=ORIENTED_EDGE('',*,*,#7086,.F.);
#7089=ORIENTED_EDGE('',*,*,#7088,.T.);
#7091=ORIENTED_EDGE('',*,*,#7090,.T.);
#7093=ORIENTED_EDGE('',*,*,#7092,.F.);
#7095=ORIENTED_EDGE('',*,*,#7094,.T.);
#7097=ORIENTED_EDGE('',*,*,#7096,.T.);
#7099=ORIENTED_EDGE('',*,*,#7098,.F.);
#7101=ORIENTED_EDGE('',*,*,#7100,.F.);
#7102=ORIENTED_EDGE('',*,*,#7036,.F.);
#7103=ORIENTED_EDGE('',*,*,#6788,.T.);
#7104=ORIENTED_EDGE('',*,*,#6025,.T.);
#7106=ORIENTED_EDGE('',*,*,#7105,.T.);
#7108=ORIENTED_EDGE('',*,*,#7107,.F.);
#7109=EDGE_LOOP('',(#7079,#7081,#7083,#7085,#7087,#7089,#7091,#7093,#7095,#7097,
#7099,#7101,#7102,#7103,#7104,#7106,#7108));
#7110=FACE_OUTER_BOUND('',#7109,.F.);
#7112=ORIENTED_EDGE('',*,*,#7111,.T.);
#7114=ORIENTED_EDGE('',*,*,#7113,.T.);
#7116=ORIENTED_EDGE('',*,*,#7115,.T.);
#7118=ORIENTED_EDGE('',*,*,#7117,.T.);
#7119=EDGE_LOOP('',(#7112,#7114,#7116,#7118));
#7120=FACE_BOUND('',#7119,.F.);
#7122=ORIENTED_EDGE('',*,*,#7121,.T.);
#7124=ORIENTED_EDGE('',*,*,#7123,.T.);
#7126=ORIENTED_EDGE('',*,*,#7125,.T.);
#7128=ORIENTED_EDGE('',*,*,#7127,.T.);
#7129=EDGE_LOOP('',(#7122,#7124,#7126,#7128));
#7130=FACE_BOUND('',#7129,.F.);
#7132=ORIENTED_EDGE('',*,*,#7131,.T.);
#7134=ORIENTED_EDGE('',*,*,#7133,.T.);
#7136=ORIENTED_EDGE('',*,*,#7135,.T.);
#7138=ORIENTED_EDGE('',*,*,#7137,.T.);
#7139=EDGE_LOOP('',(#7132,#7134,#7136,#7138));
#7140=FACE_BOUND('',#7139,.F.);
#7142=FILL_AREA_STYLE_COLOUR('',#10);
#7143=FILL_AREA_STYLE('',(#7142));
#7144=SURFACE_STYLE_FILL_AREA(#7143);
#7145=SURFACE_SIDE_STYLE('',(#7144));
#7146=SURFACE_STYLE_USAGE(.BOTH.,#7145);
#7147=PRESENTATION_STYLE_ASSIGNMENT((#7146));
#7148=STYLED_ITEM('',(#7147),#7141);
#7149=CARTESIAN_POINT('',(-1.196E1,0.E0,1.1E1));
#7150=DIRECTION('',(0.E0,0.E0,1.E0));
#7151=DIRECTION('',(-1.E0,0.E0,0.E0));
#7152=AXIS2_PLACEMENT_3D('',#7149,#7150,#7151);
#7153=PLANE('',#7152);
#7155=ORIENTED_EDGE('',*,*,#7154,.T.);
#7157=ORIENTED_EDGE('',*,*,#7156,.F.);
#7159=ORIENTED_EDGE('',*,*,#7158,.F.);
#7161=ORIENTED_EDGE('',*,*,#7160,.T.);
#7162=ORIENTED_EDGE('',*,*,#7078,.T.);
#7164=ORIENTED_EDGE('',*,*,#7163,.F.);
#7166=ORIENTED_EDGE('',*,*,#7165,.T.);
#7168=ORIENTED_EDGE('',*,*,#7167,.T.);
#7169=EDGE_LOOP('',(#7155,#7157,#7159,#7161,#7162,#7164,#7166,#7168));
#7170=FACE_OUTER_BOUND('',#7169,.F.);
#7172=FILL_AREA_STYLE_COLOUR('',#10);
#7173=FILL_AREA_STYLE('',(#7172));
#7174=SURFACE_STYLE_FILL_AREA(#7173);
#7175=SURFACE_SIDE_STYLE('',(#7174));
#7176=SURFACE_STYLE_USAGE(.BOTH.,#7175);
#7177=PRESENTATION_STYLE_ASSIGNMENT((#7176));
#7178=STYLED_ITEM('',(#7177),#7171);
#7179=CARTESIAN_POINT('',(0.E0,0.E0,0.E0));
#7180=DIRECTION('',(0.E0,1.E0,0.E0));
#7181=DIRECTION('',(1.E0,0.E0,0.E0));
#7182=AXIS2_PLACEMENT_3D('',#7179,#7180,#7181);
#7183=PLANE('',#7182);
#7185=ORIENTED_EDGE('',*,*,#7184,.F.);
#7187=ORIENTED_EDGE('',*,*,#7186,.F.);
#7189=ORIENTED_EDGE('',*,*,#7188,.F.);
#7191=ORIENTED_EDGE('',*,*,#7190,.T.);
#7193=ORIENTED_EDGE('',*,*,#7192,.F.);
#7194=ORIENTED_EDGE('',*,*,#7154,.F.);
#7196=ORIENTED_EDGE('',*,*,#7195,.F.);
#7198=ORIENTED_EDGE('',*,*,#7197,.T.);
#7199=EDGE_LOOP('',(#7185,#7187,#7189,#7191,#7193,#7194,#7196,#7198));
#7200=FACE_OUTER_BOUND('',#7199,.F.);
#7202=ORIENTED_EDGE('',*,*,#7201,.T.);
#7204=ORIENTED_EDGE('',*,*,#7203,.T.);
#7206=ORIENTED_EDGE('',*,*,#7205,.T.);
#7208=ORIENTED_EDGE('',*,*,#7207,.T.);
#7209=EDGE_LOOP('',(#7202,#7204,#7206,#7208));
#7210=FACE_BOUND('',#7209,.F.);
#7212=FILL_AREA_STYLE_COLOUR('',#10);
#7213=FILL_AREA_STYLE('',(#7212));
#7214=SURFACE_STYLE_FILL_AREA(#7213);
#7215=SURFACE_SIDE_STYLE('',(#7214));
#7216=SURFACE_STYLE_USAGE(.BOTH.,#7215);
#7217=PRESENTATION_STYLE_ASSIGNMENT((#7216));
#7218=STYLED_ITEM('',(#7217),#7211);
#7219=CARTESIAN_POINT('',(-9.8E0,0.E0,1.155E1));
#7220=DIRECTION('',(-1.E0,0.E0,0.E0));
#7221=DIRECTION('',(0.E0,0.E0,-1.E0));
#7222=AXIS2_PLACEMENT_3D('',#7219,#7220,#7221);
#7223=PLANE('',#7222);
#7224=ORIENTED_EDGE('',*,*,#7184,.T.);
#7226=ORIENTED_EDGE('',*,*,#7225,.F.);
#7228=ORIENTED_EDGE('',*,*,#7227,.F.);
#7230=ORIENTED_EDGE('',*,*,#7229,.T.);
#7231=EDGE_LOOP('',(#7224,#7226,#7228,#7230));
#7232=FACE_OUTER_BOUND('',#7231,.F.);
#7234=FILL_AREA_STYLE_COLOUR('',#10);
#7235=FILL_AREA_STYLE('',(#7234));
#7236=SURFACE_STYLE_FILL_AREA(#7235);
#7237=SURFACE_SIDE_STYLE('',(#7236));
#7238=SURFACE_STYLE_USAGE(.BOTH.,#7237);
#7239=PRESENTATION_STYLE_ASSIGNMENT((#7238));
#7240=STYLED_ITEM('',(#7239),#7233);
#7241=CARTESIAN_POINT('',(2.425E1,5.E-1,1.155E1));
#7242=DIRECTION('',(0.E0,0.E0,-1.E0));
#7243=DIRECTION('',(-1.E0,0.E0,0.E0));
#7244=AXIS2_PLACEMENT_3D('',#7241,#7242,#7243);
#7245=PLANE('',#7244);
#7247=ORIENTED_EDGE('',*,*,#7246,.F.);
#7248=ORIENTED_EDGE('',*,*,#6248,.F.);
#7249=ORIENTED_EDGE('',*,*,#6276,.T.);
#7251=ORIENTED_EDGE('',*,*,#7250,.F.);
#7253=ORIENTED_EDGE('',*,*,#7252,.F.);
#7255=ORIENTED_EDGE('',*,*,#7254,.F.);
#7257=ORIENTED_EDGE('',*,*,#7256,.F.);
#7259=ORIENTED_EDGE('',*,*,#7258,.T.);
#7261=ORIENTED_EDGE('',*,*,#7260,.F.);
#7263=ORIENTED_EDGE('',*,*,#7262,.F.);
#7265=ORIENTED_EDGE('',*,*,#7264,.F.);
#7267=ORIENTED_EDGE('',*,*,#7266,.T.);
#7269=ORIENTED_EDGE('',*,*,#7268,.F.);
#7271=ORIENTED_EDGE('',*,*,#7270,.F.);
#7273=ORIENTED_EDGE('',*,*,#7272,.F.);
#7274=ORIENTED_EDGE('',*,*,#7225,.T.);
#7275=ORIENTED_EDGE('',*,*,#7197,.F.);
#7277=ORIENTED_EDGE('',*,*,#7276,.F.);
#7279=ORIENTED_EDGE('',*,*,#7278,.F.);
#7281=ORIENTED_EDGE('',*,*,#7280,.T.);
#7282=ORIENTED_EDGE('',*,*,#7105,.F.);
#7283=ORIENTED_EDGE('',*,*,#6023,.T.);
#7284=ORIENTED_EDGE('',*,*,#6127,.T.);
#7286=ORIENTED_EDGE('',*,*,#7285,.T.);
#7287=EDGE_LOOP('',(#7247,#7248,#7249,#7251,#7253,#7255,#7257,#7259,#7261,#7263,
#7265,#7267,#7269,#7271,#7273,#7274,#7275,#7277,#7279,#7281,#7282,#7283,#7284,
#7286));
#7288=FACE_OUTER_BOUND('',#7287,.F.);
#7290=ORIENTED_EDGE('',*,*,#7289,.T.);
#7292=ORIENTED_EDGE('',*,*,#7291,.T.);
#7293=EDGE_LOOP('',(#7290,#7292));
#7294=FACE_BOUND('',#7293,.F.);
#7296=ORIENTED_EDGE('',*,*,#7295,.T.);
#7298=ORIENTED_EDGE('',*,*,#7297,.T.);
#7299=EDGE_LOOP('',(#7296,#7298));
#7300=FACE_BOUND('',#7299,.F.);
#7302=FILL_AREA_STYLE_COLOUR('',#10);
#7303=FILL_AREA_STYLE('',(#7302));
#7304=SURFACE_STYLE_FILL_AREA(#7303);
#7305=SURFACE_SIDE_STYLE('',(#7304));
#7306=SURFACE_STYLE_USAGE(.BOTH.,#7305);
#7307=PRESENTATION_STYLE_ASSIGNMENT((#7306));
#7308=STYLED_ITEM('',(#7307),#7301);
#7309=CARTESIAN_POINT('',(0.E0,-2.7E0,0.E0));
#7310=DIRECTION('',(0.E0,1.E0,0.E0));
#7311=DIRECTION('',(1.E0,0.E0,0.E0));
#7312=AXIS2_PLACEMENT_3D('',#7309,#7310,#7311);
#7313=PLANE('',#7312);
#7314=ORIENTED_EDGE('',*,*,#6224,.F.);
#7315=ORIENTED_EDGE('',*,*,#6250,.F.);
#7316=ORIENTED_EDGE('',*,*,#7246,.T.);
#7318=ORIENTED_EDGE('',*,*,#7317,.T.);
#7319=EDGE_LOOP('',(#7314,#7315,#7316,#7318));
#7320=FACE_OUTER_BOUND('',#7319,.F.);
#7322=FILL_AREA_STYLE_COLOUR('',#10);
#7323=FILL_AREA_STYLE('',(#7322));
#7324=SURFACE_STYLE_FILL_AREA(#7323);
#7325=SURFACE_SIDE_STYLE('',(#7324));
#7326=SURFACE_STYLE_USAGE(.BOTH.,#7325);
#7327=PRESENTATION_STYLE_ASSIGNMENT((#7326));
#7328=STYLED_ITEM('',(#7327),#7321);
#7329=CARTESIAN_POINT('',(-2.3E1,-2.7E0,1.E1));
#7330=DIRECTION('',(1.E0,0.E0,0.E0));
#7331=DIRECTION('',(0.E0,0.E0,1.E0));
#7332=AXIS2_PLACEMENT_3D('',#7329,#7330,#7331);
#7333=PLANE('',#7332);
#7334=ORIENTED_EDGE('',*,*,#6226,.T.);
#7335=ORIENTED_EDGE('',*,*,#7317,.F.);
#7336=ORIENTED_EDGE('',*,*,#7285,.F.);
#7337=ORIENTED_EDGE('',*,*,#6125,.F.);
#7338=ORIENTED_EDGE('',*,*,#6168,.T.);
#7339=EDGE_LOOP('',(#7334,#7335,#7336,#7337,#7338));
#7340=FACE_OUTER_BOUND('',#7339,.F.);
#7342=FILL_AREA_STYLE_COLOUR('',#10);
#7343=FILL_AREA_STYLE('',(#7342));
#7344=SURFACE_STYLE_FILL_AREA(#7343);
#7345=SURFACE_SIDE_STYLE('',(#7344));
#7346=SURFACE_STYLE_USAGE(.BOTH.,#7345);
#7347=PRESENTATION_STYLE_ASSIGNMENT((#7346));
#7348=STYLED_ITEM('',(#7347),#7341);
#7349=CARTESIAN_POINT('',(2.425E1,5.E-1,-1.155E1));
#7350=DIRECTION('',(-1.E0,0.E0,0.E0));
#7351=DIRECTION('',(0.E0,0.E0,1.E0));
#7352=AXIS2_PLACEMENT_3D('',#7349,#7350,#7351);
#7353=PLANE('',#7352);
#7354=ORIENTED_EDGE('',*,*,#6476,.T.);
#7355=ORIENTED_EDGE('',*,*,#6778,.F.);
#7357=ORIENTED_EDGE('',*,*,#7356,.F.);
#7358=ORIENTED_EDGE('',*,*,#7250,.T.);
#7359=ORIENTED_EDGE('',*,*,#6274,.T.);
#7360=ORIENTED_EDGE('',*,*,#6405,.T.);
#7361=ORIENTED_EDGE('',*,*,#6427,.F.);
#7362=ORIENTED_EDGE('',*,*,#6449,.F.);
#7363=EDGE_LOOP('',(#7354,#7355,#7357,#7358,#7359,#7360,#7361,#7362));
#7364=FACE_OUTER_BOUND('',#7363,.F.);
#7366=FILL_AREA_STYLE_COLOUR('',#10);
#7367=FILL_AREA_STYLE('',(#7366));
#7368=SURFACE_STYLE_FILL_AREA(#7367);
#7369=SURFACE_SIDE_STYLE('',(#7368));
#7370=SURFACE_STYLE_USAGE(.BOTH.,#7369);
#7371=PRESENTATION_STYLE_ASSIGNMENT((#7370));
#7372=STYLED_ITEM('',(#7371),#7365);
#7373=CARTESIAN_POINT('',(0.E0,0.E0,0.E0));
#7374=DIRECTION('',(0.E0,1.E0,0.E0));
#7375=DIRECTION('',(1.E0,0.E0,0.E0));
#7376=AXIS2_PLACEMENT_3D('',#7373,#7374,#7375);
#7377=PLANE('',#7376);
#7379=ORIENTED_EDGE('',*,*,#7378,.F.);
#7381=ORIENTED_EDGE('',*,*,#7380,.F.);
#7382=ORIENTED_EDGE('',*,*,#7252,.T.);
#7383=ORIENTED_EDGE('',*,*,#7356,.T.);
#7384=ORIENTED_EDGE('',*,*,#6776,.T.);
#7386=ORIENTED_EDGE('',*,*,#7385,.F.);
#7388=ORIENTED_EDGE('',*,*,#7387,.F.);
#7390=ORIENTED_EDGE('',*,*,#7389,.F.);
#7392=ORIENTED_EDGE('',*,*,#7391,.T.);
#7394=ORIENTED_EDGE('',*,*,#7393,.F.);
#7396=ORIENTED_EDGE('',*,*,#7395,.T.);
#7398=ORIENTED_EDGE('',*,*,#7397,.T.);
#7400=ORIENTED_EDGE('',*,*,#7399,.F.);
#7402=ORIENTED_EDGE('',*,*,#7401,.T.);
#7404=ORIENTED_EDGE('',*,*,#7403,.F.);
#7405=EDGE_LOOP('',(#7379,#7381,#7382,#7383,#7384,#7386,#7388,#7390,#7392,#7394,
#7396,#7398,#7400,#7402,#7404));
#7406=FACE_OUTER_BOUND('',#7405,.F.);
#7408=ORIENTED_EDGE('',*,*,#7407,.T.);
#7410=ORIENTED_EDGE('',*,*,#7409,.T.);
#7412=ORIENTED_EDGE('',*,*,#7411,.T.);
#7414=ORIENTED_EDGE('',*,*,#7413,.T.);
#7415=EDGE_LOOP('',(#7408,#7410,#7412,#7414));
#7416=FACE_BOUND('',#7415,.F.);
#7418=ORIENTED_EDGE('',*,*,#7417,.T.);
#7420=ORIENTED_EDGE('',*,*,#7419,.T.);
#7422=ORIENTED_EDGE('',*,*,#7421,.T.);
#7424=ORIENTED_EDGE('',*,*,#7423,.T.);
#7425=EDGE_LOOP('',(#7418,#7420,#7422,#7424));
#7426=FACE_BOUND('',#7425,.F.);
#7428=ORIENTED_EDGE('',*,*,#7427,.T.);
#7430=ORIENTED_EDGE('',*,*,#7429,.T.);
#7432=ORIENTED_EDGE('',*,*,#7431,.T.);
#7434=ORIENTED_EDGE('',*,*,#7433,.T.);
#7435=EDGE_LOOP('',(#7428,#7430,#7432,#7434));
#7436=FACE_BOUND('',#7435,.F.);
#7438=FILL_AREA_STYLE_COLOUR('',#10);
#7439=FILL_AREA_STYLE('',(#7438));
#7440=SURFACE_STYLE_FILL_AREA(#7439);
#7441=SURFACE_SIDE_STYLE('',(#7440));
#7442=SURFACE_STYLE_USAGE(.BOTH.,#7441);
#7443=PRESENTATION_STYLE_ASSIGNMENT((#7442));
#7444=STYLED_ITEM('',(#7443),#7437);
#7445=CARTESIAN_POINT('',(2.106E1,0.E0,1.1E1));
#7446=DIRECTION('',(0.E0,0.E0,1.E0));
#7447=DIRECTION('',(-1.E0,0.E0,0.E0));
#7448=AXIS2_PLACEMENT_3D('',#7445,#7446,#7447);
#7449=PLANE('',#7448);
#7450=ORIENTED_EDGE('',*,*,#7378,.T.);
#7452=ORIENTED_EDGE('',*,*,#7451,.F.);
#7454=ORIENTED_EDGE('',*,*,#7453,.F.);
#7456=ORIENTED_EDGE('',*,*,#7455,.T.);
#7458=ORIENTED_EDGE('',*,*,#7457,.T.);
#7460=ORIENTED_EDGE('',*,*,#7459,.F.);
#7462=ORIENTED_EDGE('',*,*,#7461,.T.);
#7464=ORIENTED_EDGE('',*,*,#7463,.T.);
#7465=EDGE_LOOP('',(#7450,#7452,#7454,#7456,#7458,#7460,#7462,#7464));
#7466=FACE_OUTER_BOUND('',#7465,.F.);
#7468=FILL_AREA_STYLE_COLOUR('',#10);
#7469=FILL_AREA_STYLE('',(#7468));
#7470=SURFACE_STYLE_FILL_AREA(#7469);
#7471=SURFACE_SIDE_STYLE('',(#7470));
#7472=SURFACE_STYLE_USAGE(.BOTH.,#7471);
#7473=PRESENTATION_STYLE_ASSIGNMENT((#7472));
#7474=STYLED_ITEM('',(#7473),#7467);
#7475=CARTESIAN_POINT('',(2.106E1,0.E0,1.016E1));
#7476=DIRECTION('',(1.E0,0.E0,-6.344131569287E-14));
#7477=DIRECTION('',(6.344131569287E-14,0.E0,1.E0));
#7478=AXIS2_PLACEMENT_3D('',#7475,#7476,#7477);
#7479=PLANE('',#7478);
#7480=ORIENTED_EDGE('',*,*,#7403,.T.);
#7482=ORIENTED_EDGE('',*,*,#7481,.F.);
#7484=ORIENTED_EDGE('',*,*,#7483,.F.);
#7485=ORIENTED_EDGE('',*,*,#7451,.T.);
#7486=EDGE_LOOP('',(#7480,#7482,#7484,#7485));
#7487=FACE_OUTER_BOUND('',#7486,.F.);
#7489=FILL_AREA_STYLE_COLOUR('',#10);
#7490=FILL_AREA_STYLE('',(#7489));
#7491=SURFACE_STYLE_FILL_AREA(#7490);
#7492=SURFACE_SIDE_STYLE('',(#7491));
#7493=SURFACE_STYLE_USAGE(.BOTH.,#7492);
#7494=PRESENTATION_STYLE_ASSIGNMENT((#7493));
#7495=STYLED_ITEM('',(#7494),#7488);
#7496=CARTESIAN_POINT('',(2.286E1,0.E0,1.016E1));
#7497=DIRECTION('',(0.E0,-1.E0,0.E0));
#7498=DIRECTION('',(-1.E0,0.E0,0.E0));
#7499=AXIS2_PLACEMENT_3D('',#7496,#7497,#7498);
#7500=CYLINDRICAL_SURFACE('',#7499,1.8E0);
#7501=ORIENTED_EDGE('',*,*,#7401,.F.);
#7503=ORIENTED_EDGE('',*,*,#7502,.T.);
#7505=ORIENTED_EDGE('',*,*,#7504,.F.);
#7506=ORIENTED_EDGE('',*,*,#7481,.T.);
#7507=EDGE_LOOP('',(#7501,#7503,#7505,#7506));
#7508=FACE_OUTER_BOUND('',#7507,.F.);
#7510=FILL_AREA_STYLE_COLOUR('',#10);
#7511=FILL_AREA_STYLE('',(#7510));
#7512=SURFACE_STYLE_FILL_AREA(#7511);
#7513=SURFACE_SIDE_STYLE('',(#7512));
#7514=SURFACE_STYLE_USAGE(.BOTH.,#7513);
#7515=PRESENTATION_STYLE_ASSIGNMENT((#7514));
#7516=STYLED_ITEM('',(#7515),#7509);
#7517=CARTESIAN_POINT('',(2.3E1,0.E0,1.794547296674E0));
#7518=DIRECTION('',(1.E0,0.E0,0.E0));
#7519=DIRECTION('',(0.E0,0.E0,1.E0));
#7520=AXIS2_PLACEMENT_3D('',#7517,#7518,#7519);
#7521=PLANE('',#7520);
#7522=ORIENTED_EDGE('',*,*,#7399,.T.);
#7524=ORIENTED_EDGE('',*,*,#7523,.F.);
#7526=ORIENTED_EDGE('',*,*,#7525,.F.);
#7527=ORIENTED_EDGE('',*,*,#7502,.F.);
#7528=EDGE_LOOP('',(#7522,#7524,#7526,#7527));
#7529=FACE_OUTER_BOUND('',#7528,.F.);
#7531=FILL_AREA_STYLE_COLOUR('',#10);
#7532=FILL_AREA_STYLE('',(#7531));
#7533=SURFACE_STYLE_FILL_AREA(#7532);
#7534=SURFACE_SIDE_STYLE('',(#7533));
#7535=SURFACE_STYLE_USAGE(.BOTH.,#7534);
#7536=PRESENTATION_STYLE_ASSIGNMENT((#7535));
#7537=STYLED_ITEM('',(#7536),#7530);
#7538=CARTESIAN_POINT('',(2.286E1,0.E0,-1.398840616139E-13));
#7539=DIRECTION('',(0.E0,-1.E0,0.E0));
#7540=DIRECTION('',(-1.E0,0.E0,0.E0));
#7541=AXIS2_PLACEMENT_3D('',#7538,#7539,#7540);
#7542=CYLINDRICAL_SURFACE('',#7541,1.8E0);
#7543=ORIENTED_EDGE('',*,*,#7397,.F.);
#7544=ORIENTED_EDGE('',*,*,#7395,.F.);
#7546=ORIENTED_EDGE('',*,*,#7545,.T.);
#7548=ORIENTED_EDGE('',*,*,#7547,.F.);
#7550=ORIENTED_EDGE('',*,*,#7549,.F.);
#7551=ORIENTED_EDGE('',*,*,#7523,.T.);
#7552=EDGE_LOOP('',(#7543,#7544,#7546,#7548,#7550,#7551));
#7553=FACE_OUTER_BOUND('',#7552,.F.);
#7555=FILL_AREA_STYLE_COLOUR('',#10);
#7556=FILL_AREA_STYLE('',(#7555));
#7557=SURFACE_STYLE_FILL_AREA(#7556);
#7558=SURFACE_SIDE_STYLE('',(#7557));
#7559=SURFACE_STYLE_USAGE(.BOTH.,#7558);
#7560=PRESENTATION_STYLE_ASSIGNMENT((#7559));
#7561=STYLED_ITEM('',(#7560),#7554);
#7562=CARTESIAN_POINT('',(2.3E1,0.E0,-8.365452703326E0));
#7563=DIRECTION('',(1.E0,0.E0,0.E0));
#7564=DIRECTION('',(0.E0,0.E0,1.E0));
#7565=AXIS2_PLACEMENT_3D('',#7562,#7563,#7564);
#7566=PLANE('',#7565);
#7567=ORIENTED_EDGE('',*,*,#7393,.T.);
#7569=ORIENTED_EDGE('',*,*,#7568,.F.);
#7571=ORIENTED_EDGE('',*,*,#7570,.F.);
#7572=ORIENTED_EDGE('',*,*,#7545,.F.);
#7573=EDGE_LOOP('',(#7567,#7569,#7571,#7572));
#7574=FACE_OUTER_BOUND('',#7573,.F.);
#7576=FILL_AREA_STYLE_COLOUR('',#10);
#7577=FILL_AREA_STYLE('',(#7576));
#7578=SURFACE_STYLE_FILL_AREA(#7577);
#7579=SURFACE_SIDE_STYLE('',(#7578));
#7580=SURFACE_STYLE_USAGE(.BOTH.,#7579);
#7581=PRESENTATION_STYLE_ASSIGNMENT((#7580));
#7582=STYLED_ITEM('',(#7581),#7575);
#7583=CARTESIAN_POINT('',(2.286E1,0.E0,-1.016E1));
#7584=DIRECTION('',(0.E0,-1.E0,0.E0));
#7585=DIRECTION('',(-1.E0,0.E0,0.E0));
#7586=AXIS2_PLACEMENT_3D('',#7583,#7584,#7585);
#7587=CYLINDRICAL_SURFACE('',#7586,1.8E0);
#7588=ORIENTED_EDGE('',*,*,#7391,.F.);
#7590=ORIENTED_EDGE('',*,*,#7589,.T.);
#7592=ORIENTED_EDGE('',*,*,#7591,.F.);
#7593=ORIENTED_EDGE('',*,*,#7568,.T.);
#7594=EDGE_LOOP('',(#7588,#7590,#7592,#7593));
#7595=FACE_OUTER_BOUND('',#7594,.F.);
#7597=FILL_AREA_STYLE_COLOUR('',#10);
#7598=FILL_AREA_STYLE('',(#7597));
#7599=SURFACE_STYLE_FILL_AREA(#7598);
#7600=SURFACE_SIDE_STYLE('',(#7599));
#7601=SURFACE_STYLE_USAGE(.BOTH.,#7600);
#7602=PRESENTATION_STYLE_ASSIGNMENT((#7601));
#7603=STYLED_ITEM('',(#7602),#7596);
#7604=CARTESIAN_POINT('',(2.106E1,0.E0,-1.1E1));
#7605=DIRECTION('',(1.E0,0.E0,0.E0));
#7606=DIRECTION('',(0.E0,0.E0,1.E0));
#7607=AXIS2_PLACEMENT_3D('',#7604,#7605,#7606);
#7608=PLANE('',#7607);
#7609=ORIENTED_EDGE('',*,*,#7389,.T.);
#7611=ORIENTED_EDGE('',*,*,#7610,.F.);
#7613=ORIENTED_EDGE('',*,*,#7612,.F.);
#7614=ORIENTED_EDGE('',*,*,#7589,.F.);
#7615=EDGE_LOOP('',(#7609,#7611,#7613,#7614));
#7616=FACE_OUTER_BOUND('',#7615,.F.);
#7618=FILL_AREA_STYLE_COLOUR('',#10);
#7619=FILL_AREA_STYLE('',(#7618));
#7620=SURFACE_STYLE_FILL_AREA(#7619);
#7621=SURFACE_SIDE_STYLE('',(#7620));
#7622=SURFACE_STYLE_USAGE(.BOTH.,#7621);
#7623=PRESENTATION_STYLE_ASSIGNMENT((#7622));
#7624=STYLED_ITEM('',(#7623),#7617);
#7625=CARTESIAN_POINT('',(1.196E1,0.E0,-1.1E1));
#7626=DIRECTION('',(0.E0,0.E0,-1.E0));
#7627=DIRECTION('',(1.E0,0.E0,0.E0));
#7628=AXIS2_PLACEMENT_3D('',#7625,#7626,#7627);
#7629=PLANE('',#7628);
#7631=ORIENTED_EDGE('',*,*,#7630,.T.);
#7633=ORIENTED_EDGE('',*,*,#7632,.F.);
#7635=ORIENTED_EDGE('',*,*,#7634,.F.);
#7636=ORIENTED_EDGE('',*,*,#7610,.T.);
#7637=ORIENTED_EDGE('',*,*,#7387,.T.);
#7639=ORIENTED_EDGE('',*,*,#7638,.F.);
#7641=ORIENTED_EDGE('',*,*,#7640,.T.);
#7643=ORIENTED_EDGE('',*,*,#7642,.T.);
#7644=EDGE_LOOP('',(#7631,#7633,#7635,#7636,#7637,#7639,#7641,#7643));
#7645=FACE_OUTER_BOUND('',#7644,.F.);
#7647=FILL_AREA_STYLE_COLOUR('',#10);
#7648=FILL_AREA_STYLE('',(#7647));
#7649=SURFACE_STYLE_FILL_AREA(#7648);
#7650=SURFACE_SIDE_STYLE('',(#7649));
#7651=SURFACE_STYLE_USAGE(.BOTH.,#7650);
#7652=PRESENTATION_STYLE_ASSIGNMENT((#7651));
#7653=STYLED_ITEM('',(#7652),#7646);
#7654=CARTESIAN_POINT('',(0.E0,0.E0,0.E0));
#7655=DIRECTION('',(0.E0,1.E0,0.E0));
#7656=DIRECTION('',(1.E0,0.E0,0.E0));
#7657=AXIS2_PLACEMENT_3D('',#7654,#7655,#7656);
#7658=PLANE('',#7657);
#7660=ORIENTED_EDGE('',*,*,#7659,.F.);
#7662=ORIENTED_EDGE('',*,*,#7661,.F.);
#7664=ORIENTED_EDGE('',*,*,#7663,.F.);
#7666=ORIENTED_EDGE('',*,*,#7665,.T.);
#7668=ORIENTED_EDGE('',*,*,#7667,.F.);
#7669=ORIENTED_EDGE('',*,*,#7630,.F.);
#7671=ORIENTED_EDGE('',*,*,#7670,.F.);
#7672=ORIENTED_EDGE('',*,*,#6768,.T.);
#7673=EDGE_LOOP('',(#7660,#7662,#7664,#7666,#7668,#7669,#7671,#7672));
#7674=FACE_OUTER_BOUND('',#7673,.F.);
#7676=ORIENTED_EDGE('',*,*,#7675,.T.);
#7678=ORIENTED_EDGE('',*,*,#7677,.T.);
#7680=ORIENTED_EDGE('',*,*,#7679,.T.);
#7682=ORIENTED_EDGE('',*,*,#7681,.T.);
#7683=EDGE_LOOP('',(#7676,#7678,#7680,#7682));
#7684=FACE_BOUND('',#7683,.F.);
#7686=FILL_AREA_STYLE_COLOUR('',#10);
#7687=FILL_AREA_STYLE('',(#7686));
#7688=SURFACE_STYLE_FILL_AREA(#7687);
#7689=SURFACE_SIDE_STYLE('',(#7688));
#7690=SURFACE_STYLE_USAGE(.BOTH.,#7689);
#7691=PRESENTATION_STYLE_ASSIGNMENT((#7690));
#7692=STYLED_ITEM('',(#7691),#7685);
#7693=CARTESIAN_POINT('',(9.8E0,0.E0,-1.155E1));
#7694=DIRECTION('',(1.E0,0.E0,0.E0));
#7695=DIRECTION('',(0.E0,0.E0,1.E0));
#7696=AXIS2_PLACEMENT_3D('',#7693,#7694,#7695);
#7697=PLANE('',#7696);
#7698=ORIENTED_EDGE('',*,*,#7659,.T.);
#7699=ORIENTED_EDGE('',*,*,#6766,.F.);
#7700=ORIENTED_EDGE('',*,*,#6840,.F.);
#7702=ORIENTED_EDGE('',*,*,#7701,.T.);
#7703=EDGE_LOOP('',(#7698,#7699,#7700,#7702));
#7704=FACE_OUTER_BOUND('',#7703,.F.);
#7706=FILL_AREA_STYLE_COLOUR('',#10);
#7707=FILL_AREA_STYLE('',(#7706));
#7708=SURFACE_STYLE_FILL_AREA(#7707);
#7709=SURFACE_SIDE_STYLE('',(#7708));
#7710=SURFACE_STYLE_USAGE(.BOTH.,#7709);
#7711=PRESENTATION_STYLE_ASSIGNMENT((#7710));
#7712=STYLED_ITEM('',(#7711),#7705);
#7713=CARTESIAN_POINT('',(-2.3E1,0.E0,-1.1E1));
#7714=DIRECTION('',(0.E0,0.E0,-1.E0));
#7715=DIRECTION('',(1.E0,0.E0,0.E0));
#7716=AXIS2_PLACEMENT_3D('',#7713,#7714,#7715);
#7717=PLANE('',#7716);
#7718=ORIENTED_EDGE('',*,*,#6882,.T.);
#7719=ORIENTED_EDGE('',*,*,#6903,.F.);
#7720=ORIENTED_EDGE('',*,*,#6923,.F.);
#7721=ORIENTED_EDGE('',*,*,#6943,.T.);
#7722=ORIENTED_EDGE('',*,*,#6966,.T.);
#7723=ORIENTED_EDGE('',*,*,#6989,.F.);
#7725=ORIENTED_EDGE('',*,*,#7724,.T.);
#7726=ORIENTED_EDGE('',*,*,#7038,.T.);
#7727=ORIENTED_EDGE('',*,*,#7100,.T.);
#7729=ORIENTED_EDGE('',*,*,#7728,.F.);
#7731=ORIENTED_EDGE('',*,*,#7730,.F.);
#7733=ORIENTED_EDGE('',*,*,#7732,.T.);
#7734=ORIENTED_EDGE('',*,*,#7661,.T.);
#7735=ORIENTED_EDGE('',*,*,#7701,.F.);
#7736=ORIENTED_EDGE('',*,*,#6838,.F.);
#7737=ORIENTED_EDGE('',*,*,#6859,.T.);
#7738=EDGE_LOOP('',(#7718,#7719,#7720,#7721,#7722,#7723,#7725,#7726,#7727,#7729,
#7731,#7733,#7734,#7735,#7736,#7737));
#7739=FACE_OUTER_BOUND('',#7738,.F.);
#7741=FILL_AREA_STYLE_COLOUR('',#10);
#7742=FILL_AREA_STYLE('',(#7741));
#7743=SURFACE_STYLE_FILL_AREA(#7742);
#7744=SURFACE_SIDE_STYLE('',(#7743));
#7745=SURFACE_STYLE_USAGE(.BOTH.,#7744);
#7746=PRESENTATION_STYLE_ASSIGNMENT((#7745));
#7747=STYLED_ITEM('',(#7746),#7740);
#7748=CARTESIAN_POINT('',(0.E0,-1.5E-1,0.E0));
#7749=DIRECTION('',(0.E0,-1.E0,0.E0));
#7750=DIRECTION('',(-1.E0,0.E0,0.E0));
#7751=AXIS2_PLACEMENT_3D('',#7748,#7749,#7750);
#7752=PLANE('',#7751);
#7753=ORIENTED_EDGE('',*,*,#6987,.T.);
#7755=ORIENTED_EDGE('',*,*,#7754,.F.);
#7756=ORIENTED_EDGE('',*,*,#7040,.F.);
#7757=ORIENTED_EDGE('',*,*,#7724,.F.);
#7758=EDGE_LOOP('',(#7753,#7755,#7756,#7757));
#7759=FACE_OUTER_BOUND('',#7758,.F.);
#7761=FILL_AREA_STYLE_COLOUR('',#10);
#7762=FILL_AREA_STYLE('',(#7761));
#7763=SURFACE_STYLE_FILL_AREA(#7762);
#7764=SURFACE_SIDE_STYLE('',(#7763));
#7765=SURFACE_STYLE_USAGE(.BOTH.,#7764);
#7766=PRESENTATION_STYLE_ASSIGNMENT((#7765));
#7767=STYLED_ITEM('',(#7766),#7760);
#7768=CARTESIAN_POINT('',(-1.65E1,0.E0,-1.065E1));
#7769=DIRECTION('',(0.E0,0.E0,1.E0));
#7770=DIRECTION('',(-1.E0,0.E0,0.E0));
#7771=AXIS2_PLACEMENT_3D('',#7768,#7769,#7770);
#7772=PLANE('',#7771);
#7773=ORIENTED_EDGE('',*,*,#7012,.F.);
#7774=ORIENTED_EDGE('',*,*,#7042,.T.);
#7775=ORIENTED_EDGE('',*,*,#7754,.T.);
#7776=ORIENTED_EDGE('',*,*,#6985,.F.);
#7777=EDGE_LOOP('',(#7773,#7774,#7775,#7776));
#7778=FACE_OUTER_BOUND('',#7777,.F.);
#7780=FILL_AREA_STYLE_COLOUR('',#10);
#7781=FILL_AREA_STYLE('',(#7780));
#7782=SURFACE_STYLE_FILL_AREA(#7781);
#7783=SURFACE_SIDE_STYLE('',(#7782));
#7784=SURFACE_STYLE_USAGE(.BOTH.,#7783);
#7785=PRESENTATION_STYLE_ASSIGNMENT((#7784));
#7786=STYLED_ITEM('',(#7785),#7779);
#7787=CARTESIAN_POINT('',(-2.3E1,0.E0,-9.414547296674E0));
#7788=DIRECTION('',(-1.E0,0.E0,0.E0));
#7789=DIRECTION('',(0.E0,0.E0,-1.E0));
#7790=AXIS2_PLACEMENT_3D('',#7787,#7788,#7789);
#7791=PLANE('',#7790);
#7792=ORIENTED_EDGE('',*,*,#7098,.T.);
#7794=ORIENTED_EDGE('',*,*,#7793,.F.);
#7796=ORIENTED_EDGE('',*,*,#7795,.F.);
#7797=ORIENTED_EDGE('',*,*,#7728,.T.);
#7798=EDGE_LOOP('',(#7792,#7794,#7796,#7797));
#7799=FACE_OUTER_BOUND('',#7798,.F.);
#7801=FILL_AREA_STYLE_COLOUR('',#10);
#7802=FILL_AREA_STYLE('',(#7801));
#7803=SURFACE_STYLE_FILL_AREA(#7802);
#7804=SURFACE_SIDE_STYLE('',(#7803));
#7805=SURFACE_STYLE_USAGE(.BOTH.,#7804);
#7806=PRESENTATION_STYLE_ASSIGNMENT((#7805));
#7807=STYLED_ITEM('',(#7806),#7800);
#7808=CARTESIAN_POINT('',(-2.286E1,0.E0,-7.62E0));
#7809=DIRECTION('',(0.E0,-1.E0,0.E0));
#7810=DIRECTION('',(-1.E0,0.E0,0.E0));
#7811=AXIS2_PLACEMENT_3D('',#7808,#7809,#7810);
#7812=CYLINDRICAL_SURFACE('',#7811,1.8E0);
#7813=ORIENTED_EDGE('',*,*,#7096,.F.);
#7814=ORIENTED_EDGE('',*,*,#7094,.F.);
#7816=ORIENTED_EDGE('',*,*,#7815,.T.);
#7818=ORIENTED_EDGE('',*,*,#7817,.F.);
#7820=ORIENTED_EDGE('',*,*,#7819,.F.);
#7821=ORIENTED_EDGE('',*,*,#7793,.T.);
#7822=EDGE_LOOP('',(#7813,#7814,#7816,#7818,#7820,#7821));
#7823=FACE_OUTER_BOUND('',#7822,.F.);
#7825=FILL_AREA_STYLE_COLOUR('',#10);
#7826=FILL_AREA_STYLE('',(#7825));
#7827=SURFACE_STYLE_FILL_AREA(#7826);
#7828=SURFACE_SIDE_STYLE('',(#7827));
#7829=SURFACE_STYLE_USAGE(.BOTH.,#7828);
#7830=PRESENTATION_STYLE_ASSIGNMENT((#7829));
#7831=STYLED_ITEM('',(#7830),#7824);
#7832=CARTESIAN_POINT('',(-2.3E1,0.E0,-4.334547296674E0));
#7833=DIRECTION('',(-1.E0,0.E0,0.E0));
#7834=DIRECTION('',(0.E0,0.E0,-1.E0));
#7835=AXIS2_PLACEMENT_3D('',#7832,#7833,#7834);
#7836=PLANE('',#7835);
#7837=ORIENTED_EDGE('',*,*,#7092,.T.);
#7839=ORIENTED_EDGE('',*,*,#7838,.F.);
#7841=ORIENTED_EDGE('',*,*,#7840,.F.);
#7842=ORIENTED_EDGE('',*,*,#7815,.F.);
#7843=EDGE_LOOP('',(#7837,#7839,#7841,#7842));
#7844=FACE_OUTER_BOUND('',#7843,.F.);
#7846=FILL_AREA_STYLE_COLOUR('',#10);
#7847=FILL_AREA_STYLE('',(#7846));
#7848=SURFACE_STYLE_FILL_AREA(#7847);
#7849=SURFACE_SIDE_STYLE('',(#7848));
#7850=SURFACE_STYLE_USAGE(.BOTH.,#7849);
#7851=PRESENTATION_STYLE_ASSIGNMENT((#7850));
#7852=STYLED_ITEM('',(#7851),#7845);
#7853=CARTESIAN_POINT('',(-2.286E1,0.E0,-2.54E0));
#7854=DIRECTION('',(0.E0,-1.E0,0.E0));
#7855=DIRECTION('',(-1.E0,0.E0,0.E0));
#7856=AXIS2_PLACEMENT_3D('',#7853,#7854,#7855);
#7857=CYLINDRICAL_SURFACE('',#7856,1.8E0);
#7858=ORIENTED_EDGE('',*,*,#7090,.F.);
#7859=ORIENTED_EDGE('',*,*,#7088,.F.);
#7861=ORIENTED_EDGE('',*,*,#7860,.T.);
#7863=ORIENTED_EDGE('',*,*,#7862,.F.);
#7865=ORIENTED_EDGE('',*,*,#7864,.F.);
#7866=ORIENTED_EDGE('',*,*,#7838,.T.);
#7867=EDGE_LOOP('',(#7858,#7859,#7861,#7863,#7865,#7866));
#7868=FACE_OUTER_BOUND('',#7867,.F.);
#7870=FILL_AREA_STYLE_COLOUR('',#10);
#7871=FILL_AREA_STYLE('',(#7870));
#7872=SURFACE_STYLE_FILL_AREA(#7871);
#7873=SURFACE_SIDE_STYLE('',(#7872));
#7874=SURFACE_STYLE_USAGE(.BOTH.,#7873);
#7875=PRESENTATION_STYLE_ASSIGNMENT((#7874));
#7876=STYLED_ITEM('',(#7875),#7869);
#7877=CARTESIAN_POINT('',(-2.3E1,0.E0,5.825452703326E0));
#7878=DIRECTION('',(-1.E0,0.E0,0.E0));
#7879=DIRECTION('',(0.E0,0.E0,-1.E0));
#7880=AXIS2_PLACEMENT_3D('',#7877,#7878,#7879);
#7881=PLANE('',#7880);
#7882=ORIENTED_EDGE('',*,*,#7086,.T.);
#7884=ORIENTED_EDGE('',*,*,#7883,.F.);
#7886=ORIENTED_EDGE('',*,*,#7885,.F.);
#7887=ORIENTED_EDGE('',*,*,#7860,.F.);
#7888=EDGE_LOOP('',(#7882,#7884,#7886,#7887));
#7889=FACE_OUTER_BOUND('',#7888,.F.);
#7891=FILL_AREA_STYLE_COLOUR('',#10);
#7892=FILL_AREA_STYLE('',(#7891));
#7893=SURFACE_STYLE_FILL_AREA(#7892);
#7894=SURFACE_SIDE_STYLE('',(#7893));
#7895=SURFACE_STYLE_USAGE(.BOTH.,#7894);
#7896=PRESENTATION_STYLE_ASSIGNMENT((#7895));
#7897=STYLED_ITEM('',(#7896),#7890);
#7898=CARTESIAN_POINT('',(-2.286E1,0.E0,7.62E0));
#7899=DIRECTION('',(0.E0,-1.E0,0.E0));
#7900=DIRECTION('',(-1.E0,0.E0,0.E0));
#7901=AXIS2_PLACEMENT_3D('',#7898,#7899,#7900);
#7902=CYLINDRICAL_SURFACE('',#7901,1.8E0);
#7903=ORIENTED_EDGE('',*,*,#7084,.F.);
#7904=ORIENTED_EDGE('',*,*,#7082,.F.);
#7906=ORIENTED_EDGE('',*,*,#7905,.T.);
#7908=ORIENTED_EDGE('',*,*,#7907,.F.);
#7910=ORIENTED_EDGE('',*,*,#7909,.F.);
#7911=ORIENTED_EDGE('',*,*,#7883,.T.);
#7912=EDGE_LOOP('',(#7903,#7904,#7906,#7908,#7910,#7911));
#7913=FACE_OUTER_BOUND('',#7912,.F.);
#7915=FILL_AREA_STYLE_COLOUR('',#10);
#7916=FILL_AREA_STYLE('',(#7915));
#7917=SURFACE_STYLE_FILL_AREA(#7916);
#7918=SURFACE_SIDE_STYLE('',(#7917));
#7919=SURFACE_STYLE_USAGE(.BOTH.,#7918);
#7920=PRESENTATION_STYLE_ASSIGNMENT((#7919));
#7921=STYLED_ITEM('',(#7920),#7914);
#7922=CARTESIAN_POINT('',(-2.3E1,0.E0,1.1E1));
#7923=DIRECTION('',(-1.E0,0.E0,0.E0));
#7924=DIRECTION('',(0.E0,0.E0,-1.E0));
#7925=AXIS2_PLACEMENT_3D('',#7922,#7923,#7924);
#7926=PLANE('',#7925);
#7927=ORIENTED_EDGE('',*,*,#7080,.T.);
#7928=ORIENTED_EDGE('',*,*,#7160,.F.);
#7930=ORIENTED_EDGE('',*,*,#7929,.F.);
#7931=ORIENTED_EDGE('',*,*,#7905,.F.);
#7932=EDGE_LOOP('',(#7927,#7928,#7930,#7931));
#7933=FACE_OUTER_BOUND('',#7932,.F.);
#7935=FILL_AREA_STYLE_COLOUR('',#10);
#7936=FILL_AREA_STYLE('',(#7935));
#7937=SURFACE_STYLE_FILL_AREA(#7936);
#7938=SURFACE_SIDE_STYLE('',(#7937));
#7939=SURFACE_STYLE_USAGE(.BOTH.,#7938);
#7940=PRESENTATION_STYLE_ASSIGNMENT((#7939));
#7941=STYLED_ITEM('',(#7940),#7934);
#7942=CARTESIAN_POINT('',(0.E0,1.5E-1,0.E0));
#7943=DIRECTION('',(0.E0,-1.E0,0.E0));
#7944=DIRECTION('',(-1.E0,0.E0,0.E0));
#7945=AXIS2_PLACEMENT_3D('',#7942,#7943,#7944);
#7946=PLANE('',#7945);
#7947=ORIENTED_EDGE('',*,*,#7453,.T.);
#7948=ORIENTED_EDGE('',*,*,#7483,.T.);
#7949=ORIENTED_EDGE('',*,*,#7504,.T.);
#7950=ORIENTED_EDGE('',*,*,#7525,.T.);
#7951=ORIENTED_EDGE('',*,*,#7549,.T.);
#7952=ORIENTED_EDGE('',*,*,#7547,.T.);
#7953=ORIENTED_EDGE('',*,*,#7570,.T.);
#7954=ORIENTED_EDGE('',*,*,#7591,.T.);
#7955=ORIENTED_EDGE('',*,*,#7612,.T.);
#7956=ORIENTED_EDGE('',*,*,#7634,.T.);
#7958=ORIENTED_EDGE('',*,*,#7957,.T.);
#7960=ORIENTED_EDGE('',*,*,#7959,.T.);
#7962=ORIENTED_EDGE('',*,*,#7961,.T.);
#7963=ORIENTED_EDGE('',*,*,#7730,.T.);
#7964=ORIENTED_EDGE('',*,*,#7795,.T.);
#7965=ORIENTED_EDGE('',*,*,#7819,.T.);
#7966=ORIENTED_EDGE('',*,*,#7817,.T.);
#7967=ORIENTED_EDGE('',*,*,#7840,.T.);
#7968=ORIENTED_EDGE('',*,*,#7864,.T.);
#7969=ORIENTED_EDGE('',*,*,#7862,.T.);
#7970=ORIENTED_EDGE('',*,*,#7885,.T.);
#7971=ORIENTED_EDGE('',*,*,#7909,.T.);
#7972=ORIENTED_EDGE('',*,*,#7907,.T.);
#7973=ORIENTED_EDGE('',*,*,#7929,.T.);
#7974=ORIENTED_EDGE('',*,*,#7158,.T.);
#7976=ORIENTED_EDGE('',*,*,#7975,.T.);
#7978=ORIENTED_EDGE('',*,*,#7977,.T.);
#7980=ORIENTED_EDGE('',*,*,#7979,.T.);
#7982=ORIENTED_EDGE('',*,*,#7981,.T.);
#7984=ORIENTED_EDGE('',*,*,#7983,.T.);
#7986=ORIENTED_EDGE('',*,*,#7985,.T.);
#7988=ORIENTED_EDGE('',*,*,#7987,.T.);
#7989=EDGE_LOOP('',(#7947,#7948,#7949,#7950,#7951,#7952,#7953,#7954,#7955,#7956,
#7958,#7960,#7962,#7963,#7964,#7965,#7966,#7967,#7968,#7969,#7970,#7971,#7972,
#7973,#7974,#7976,#7978,#7980,#7982,#7984,#7986,#7988));
#7990=FACE_OUTER_BOUND('',#7989,.F.);
#7992=ORIENTED_EDGE('',*,*,#7991,.T.);
#7994=ORIENTED_EDGE('',*,*,#7993,.T.);
#7995=EDGE_LOOP('',(#7992,#7994));
#7996=FACE_BOUND('',#7995,.F.);
#7998=ORIENTED_EDGE('',*,*,#7997,.T.);
#8000=ORIENTED_EDGE('',*,*,#7999,.T.);
#8001=EDGE_LOOP('',(#7998,#8000));
#8002=FACE_BOUND('',#8001,.F.);
#8004=ORIENTED_EDGE('',*,*,#8003,.T.);
#8006=ORIENTED_EDGE('',*,*,#8005,.T.);
#8007=EDGE_LOOP('',(#8004,#8006));
#8008=FACE_BOUND('',#8007,.F.);
#8010=FILL_AREA_STYLE_COLOUR('',#10);
#8011=FILL_AREA_STYLE('',(#8010));
#8012=SURFACE_STYLE_FILL_AREA(#8011);
#8013=SURFACE_SIDE_STYLE('',(#8012));
#8014=SURFACE_STYLE_USAGE(.BOTH.,#8013);
#8015=PRESENTATION_STYLE_ASSIGNMENT((#8014));
#8016=STYLED_ITEM('',(#8015),#8009);
#8017=CARTESIAN_POINT('',(1.196E1,0.E0,-1.016E1));
#8018=DIRECTION('',(-1.E0,0.E0,6.555602621597E-14));
#8019=DIRECTION('',(-6.555602621597E-14,0.E0,-1.E0));
#8020=AXIS2_PLACEMENT_3D('',#8017,#8018,#8019);
#8021=PLANE('',#8020);
#8022=ORIENTED_EDGE('',*,*,#7667,.T.);
#8024=ORIENTED_EDGE('',*,*,#8023,.F.);
#8025=ORIENTED_EDGE('',*,*,#7957,.F.);
#8026=ORIENTED_EDGE('',*,*,#7632,.T.);
#8027=EDGE_LOOP('',(#8022,#8024,#8025,#8026));
#8028=FACE_OUTER_BOUND('',#8027,.F.);
#8030=FILL_AREA_STYLE_COLOUR('',#10);
#8031=FILL_AREA_STYLE('',(#8030));
#8032=SURFACE_STYLE_FILL_AREA(#8031);
#8033=SURFACE_SIDE_STYLE('',(#8032));
#8034=SURFACE_STYLE_USAGE(.BOTH.,#8033);
#8035=PRESENTATION_STYLE_ASSIGNMENT((#8034));
#8036=STYLED_ITEM('',(#8035),#8029);
#8037=CARTESIAN_POINT('',(1.016E1,0.E0,-1.016E1));
#8038=DIRECTION('',(0.E0,-1.E0,0.E0));
#8039=DIRECTION('',(-1.E0,0.E0,0.E0));
#8040=AXIS2_PLACEMENT_3D('',#8037,#8038,#8039);
#8041=CYLINDRICAL_SURFACE('',#8040,1.8E0);
#8042=ORIENTED_EDGE('',*,*,#7665,.F.);
#8044=ORIENTED_EDGE('',*,*,#8043,.T.);
#8045=ORIENTED_EDGE('',*,*,#7959,.F.);
#8046=ORIENTED_EDGE('',*,*,#8023,.T.);
#8047=EDGE_LOOP('',(#8042,#8044,#8045,#8046));
#8048=FACE_OUTER_BOUND('',#8047,.F.);
#8050=FILL_AREA_STYLE_COLOUR('',#10);
#8051=FILL_AREA_STYLE('',(#8050));
#8052=SURFACE_STYLE_FILL_AREA(#8051);
#8053=SURFACE_SIDE_STYLE('',(#8052));
#8054=SURFACE_STYLE_USAGE(.BOTH.,#8053);
#8055=PRESENTATION_STYLE_ASSIGNMENT((#8054));
#8056=STYLED_ITEM('',(#8055),#8049);
#8057=CARTESIAN_POINT('',(8.36E0,0.E0,-1.1E1));
#8058=DIRECTION('',(1.E0,0.E0,6.344131569287E-14));
#8059=DIRECTION('',(-6.344131569287E-14,0.E0,1.E0));
#8060=AXIS2_PLACEMENT_3D('',#8057,#8058,#8059);
#8061=PLANE('',#8060);
#8062=ORIENTED_EDGE('',*,*,#7663,.T.);
#8063=ORIENTED_EDGE('',*,*,#7732,.F.);
#8064=ORIENTED_EDGE('',*,*,#7961,.F.);
#8065=ORIENTED_EDGE('',*,*,#8043,.F.);
#8066=EDGE_LOOP('',(#8062,#8063,#8064,#8065));
#8067=FACE_OUTER_BOUND('',#8066,.F.);
#8069=FILL_AREA_STYLE_COLOUR('',#10);
#8070=FILL_AREA_STYLE('',(#8069));
#8071=SURFACE_STYLE_FILL_AREA(#8070);
#8072=SURFACE_SIDE_STYLE('',(#8071));
#8073=SURFACE_STYLE_USAGE(.BOTH.,#8072);
#8074=PRESENTATION_STYLE_ASSIGNMENT((#8073));
#8075=STYLED_ITEM('',(#8074),#8068);
#8076=CARTESIAN_POINT('',(-1.196E1,0.E0,1.016E1));
#8077=DIRECTION('',(1.E0,0.E0,0.E0));
#8078=DIRECTION('',(0.E0,0.E0,1.E0));
#8079=AXIS2_PLACEMENT_3D('',#8076,#8077,#8078);
#8080=PLANE('',#8079);
#8081=ORIENTED_EDGE('',*,*,#7192,.T.);
#8083=ORIENTED_EDGE('',*,*,#8082,.F.);
#8084=ORIENTED_EDGE('',*,*,#7975,.F.);
#8085=ORIENTED_EDGE('',*,*,#7156,.T.);
#8086=EDGE_LOOP('',(#8081,#8083,#8084,#8085));
#8087=FACE_OUTER_BOUND('',#8086,.F.);
#8089=FILL_AREA_STYLE_COLOUR('',#10);
#8090=FILL_AREA_STYLE('',(#8089));
#8091=SURFACE_STYLE_FILL_AREA(#8090);
#8092=SURFACE_SIDE_STYLE('',(#8091));
#8093=SURFACE_STYLE_USAGE(.BOTH.,#8092);
#8094=PRESENTATION_STYLE_ASSIGNMENT((#8093));
#8095=STYLED_ITEM('',(#8094),#8088);
#8096=CARTESIAN_POINT('',(-1.016E1,0.E0,1.016E1));
#8097=DIRECTION('',(0.E0,-1.E0,0.E0));
#8098=DIRECTION('',(-1.E0,0.E0,0.E0));
#8099=AXIS2_PLACEMENT_3D('',#8096,#8097,#8098);
#8100=CYLINDRICAL_SURFACE('',#8099,1.8E0);
#8101=ORIENTED_EDGE('',*,*,#7190,.F.);
#8103=ORIENTED_EDGE('',*,*,#8102,.T.);
#8104=ORIENTED_EDGE('',*,*,#7977,.F.);
#8105=ORIENTED_EDGE('',*,*,#8082,.T.);
#8106=EDGE_LOOP('',(#8101,#8103,#8104,#8105));
#8107=FACE_OUTER_BOUND('',#8106,.F.);
#8109=FILL_AREA_STYLE_COLOUR('',#10);
#8110=FILL_AREA_STYLE('',(#8109));
#8111=SURFACE_STYLE_FILL_AREA(#8110);
#8112=SURFACE_SIDE_STYLE('',(#8111));
#8113=SURFACE_STYLE_USAGE(.BOTH.,#8112);
#8114=PRESENTATION_STYLE_ASSIGNMENT((#8113));
#8115=STYLED_ITEM('',(#8114),#8108);
#8116=CARTESIAN_POINT('',(-8.36E0,0.E0,1.1E1));
#8117=DIRECTION('',(-1.E0,0.E0,0.E0));
#8118=DIRECTION('',(0.E0,0.E0,-1.E0));
#8119=AXIS2_PLACEMENT_3D('',#8116,#8117,#8118);
#8120=PLANE('',#8119);
#8121=ORIENTED_EDGE('',*,*,#7188,.T.);
#8123=ORIENTED_EDGE('',*,*,#8122,.F.);
#8124=ORIENTED_EDGE('',*,*,#7979,.F.);
#8125=ORIENTED_EDGE('',*,*,#8102,.F.);
#8126=EDGE_LOOP('',(#8121,#8123,#8124,#8125));
#8127=FACE_OUTER_BOUND('',#8126,.F.);
#8129=FILL_AREA_STYLE_COLOUR('',#10);
#8130=FILL_AREA_STYLE('',(#8129));
#8131=SURFACE_STYLE_FILL_AREA(#8130);
#8132=SURFACE_SIDE_STYLE('',(#8131));
#8133=SURFACE_STYLE_USAGE(.BOTH.,#8132);
#8134=PRESENTATION_STYLE_ASSIGNMENT((#8133));
#8135=STYLED_ITEM('',(#8134),#8128);
#8136=CARTESIAN_POINT('',(8.36E0,0.E0,1.1E1));
#8137=DIRECTION('',(0.E0,0.E0,1.E0));
#8138=DIRECTION('',(-1.E0,0.E0,0.E0));
#8139=AXIS2_PLACEMENT_3D('',#8136,#8137,#8138);
#8140=PLANE('',#8139);
#8141=ORIENTED_EDGE('',*,*,#8122,.T.);
#8142=ORIENTED_EDGE('',*,*,#7186,.T.);
#8143=ORIENTED_EDGE('',*,*,#7229,.F.);
#8145=ORIENTED_EDGE('',*,*,#8144,.F.);
#8147=ORIENTED_EDGE('',*,*,#8146,.T.);
#8149=ORIENTED_EDGE('',*,*,#8148,.T.);
#8151=ORIENTED_EDGE('',*,*,#8150,.F.);
#8153=ORIENTED_EDGE('',*,*,#8152,.F.);
#8155=ORIENTED_EDGE('',*,*,#8154,.T.);
#8157=ORIENTED_EDGE('',*,*,#8156,.T.);
#8159=ORIENTED_EDGE('',*,*,#8158,.F.);
#8160=ORIENTED_EDGE('',*,*,#7981,.F.);
#8161=EDGE_LOOP('',(#8141,#8142,#8143,#8145,#8147,#8149,#8151,#8153,#8155,#8157,
#8159,#8160));
#8162=FACE_OUTER_BOUND('',#8161,.F.);
#8164=FILL_AREA_STYLE_COLOUR('',#10);
#8165=FILL_AREA_STYLE('',(#8164));
#8166=SURFACE_STYLE_FILL_AREA(#8165);
#8167=SURFACE_SIDE_STYLE('',(#8166));
#8168=SURFACE_STYLE_USAGE(.BOTH.,#8167);
#8169=PRESENTATION_STYLE_ASSIGNMENT((#8168));
#8170=STYLED_ITEM('',(#8169),#8163);
#8171=CARTESIAN_POINT('',(0.E0,-1.2E0,0.E0));
#8172=DIRECTION('',(0.E0,-1.E0,0.E0));
#8173=DIRECTION('',(0.E0,0.E0,1.E0));
#8174=AXIS2_PLACEMENT_3D('',#8171,#8172,#8173);
#8175=PLANE('',#8174);
#8176=ORIENTED_EDGE('',*,*,#7272,.T.);
#8178=ORIENTED_EDGE('',*,*,#8177,.T.);
#8179=ORIENTED_EDGE('',*,*,#8144,.T.);
#8180=ORIENTED_EDGE('',*,*,#7227,.T.);
#8181=EDGE_LOOP('',(#8176,#8178,#8179,#8180));
#8182=FACE_OUTER_BOUND('',#8181,.F.);
#8184=FILL_AREA_STYLE_COLOUR('',#10);
#8185=FILL_AREA_STYLE('',(#8184));
#8186=SURFACE_STYLE_FILL_AREA(#8185);
#8187=SURFACE_SIDE_STYLE('',(#8186));
#8188=SURFACE_STYLE_USAGE(.BOTH.,#8187);
#8189=PRESENTATION_STYLE_ASSIGNMENT((#8188));
#8190=STYLED_ITEM('',(#8189),#8183);
#8191=CARTESIAN_POINT('',(-6.E0,0.E0,1.1E1));
#8192=DIRECTION('',(1.E0,0.E0,0.E0));
#8193=DIRECTION('',(0.E0,0.E0,1.E0));
#8194=AXIS2_PLACEMENT_3D('',#8191,#8192,#8193);
#8195=PLANE('',#8194);
#8197=ORIENTED_EDGE('',*,*,#8196,.F.);
#8198=ORIENTED_EDGE('',*,*,#8146,.F.);
#8199=ORIENTED_EDGE('',*,*,#8177,.F.);
#8200=ORIENTED_EDGE('',*,*,#7270,.T.);
#8201=EDGE_LOOP('',(#8197,#8198,#8199,#8200));
#8202=FACE_OUTER_BOUND('',#8201,.F.);
#8204=FILL_AREA_STYLE_COLOUR('',#10);
#8205=FILL_AREA_STYLE('',(#8204));
#8206=SURFACE_STYLE_FILL_AREA(#8205);
#8207=SURFACE_SIDE_STYLE('',(#8206));
#8208=SURFACE_STYLE_USAGE(.BOTH.,#8207);
#8209=PRESENTATION_STYLE_ASSIGNMENT((#8208));
#8210=STYLED_ITEM('',(#8209),#8203);
#8211=CARTESIAN_POINT('',(0.E0,0.E0,0.E0));
#8212=DIRECTION('',(0.E0,1.E0,0.E0));
#8213=DIRECTION('',(1.E0,0.E0,0.E0));
#8214=AXIS2_PLACEMENT_3D('',#8211,#8212,#8213);
#8215=PLANE('',#8214);
#8217=ORIENTED_EDGE('',*,*,#8216,.F.);
#8218=ORIENTED_EDGE('',*,*,#8148,.F.);
#8219=ORIENTED_EDGE('',*,*,#8196,.T.);
#8220=ORIENTED_EDGE('',*,*,#7268,.T.);
#8221=EDGE_LOOP('',(#8217,#8218,#8219,#8220));
#8222=FACE_OUTER_BOUND('',#8221,.F.);
#8224=FILL_AREA_STYLE_COLOUR('',#10);
#8225=FILL_AREA_STYLE('',(#8224));
#8226=SURFACE_STYLE_FILL_AREA(#8225);
#8227=SURFACE_SIDE_STYLE('',(#8226));
#8228=SURFACE_STYLE_USAGE(.BOTH.,#8227);
#8229=PRESENTATION_STYLE_ASSIGNMENT((#8228));
#8230=STYLED_ITEM('',(#8229),#8223);
#8231=CARTESIAN_POINT('',(6.E0,0.E0,1.155E1));
#8232=DIRECTION('',(-1.E0,0.E0,0.E0));
#8233=DIRECTION('',(0.E0,0.E0,-1.E0));
#8234=AXIS2_PLACEMENT_3D('',#8231,#8232,#8233);
#8235=PLANE('',#8234);
#8236=ORIENTED_EDGE('',*,*,#8216,.T.);
#8237=ORIENTED_EDGE('',*,*,#7266,.F.);
#8239=ORIENTED_EDGE('',*,*,#8238,.F.);
#8240=ORIENTED_EDGE('',*,*,#8150,.T.);
#8241=EDGE_LOOP('',(#8236,#8237,#8239,#8240));
#8242=FACE_OUTER_BOUND('',#8241,.F.);
#8244=FILL_AREA_STYLE_COLOUR('',#10);
#8245=FILL_AREA_STYLE('',(#8244));
#8246=SURFACE_STYLE_FILL_AREA(#8245);
#8247=SURFACE_SIDE_STYLE('',(#8246));
#8248=SURFACE_STYLE_USAGE(.BOTH.,#8247);
#8249=PRESENTATION_STYLE_ASSIGNMENT((#8248));
#8250=STYLED_ITEM('',(#8249),#8243);
#8251=CARTESIAN_POINT('',(0.E0,-1.2E0,0.E0));
#8252=DIRECTION('',(0.E0,-1.E0,0.E0));
#8253=DIRECTION('',(0.E0,0.E0,1.E0));
#8254=AXIS2_PLACEMENT_3D('',#8251,#8252,#8253);
#8255=PLANE('',#8254);
#8256=ORIENTED_EDGE('',*,*,#7264,.T.);
#8258=ORIENTED_EDGE('',*,*,#8257,.T.);
#8259=ORIENTED_EDGE('',*,*,#8152,.T.);
#8260=ORIENTED_EDGE('',*,*,#8238,.T.);
#8261=EDGE_LOOP('',(#8256,#8258,#8259,#8260));
#8262=FACE_OUTER_BOUND('',#8261,.F.);
#8264=FILL_AREA_STYLE_COLOUR('',#10);
#8265=FILL_AREA_STYLE('',(#8264));
#8266=SURFACE_STYLE_FILL_AREA(#8265);
#8267=SURFACE_SIDE_STYLE('',(#8266));
#8268=SURFACE_STYLE_USAGE(.BOTH.,#8267);
#8269=PRESENTATION_STYLE_ASSIGNMENT((#8268));
#8270=STYLED_ITEM('',(#8269),#8263);
#8271=CARTESIAN_POINT('',(9.8E0,0.E0,1.1E1));
#8272=DIRECTION('',(1.E0,0.E0,0.E0));
#8273=DIRECTION('',(0.E0,0.E0,1.E0));
#8274=AXIS2_PLACEMENT_3D('',#8271,#8272,#8273);
#8275=PLANE('',#8274);
#8277=ORIENTED_EDGE('',*,*,#8276,.F.);
#8278=ORIENTED_EDGE('',*,*,#8154,.F.);
#8279=ORIENTED_EDGE('',*,*,#8257,.F.);
#8280=ORIENTED_EDGE('',*,*,#7262,.T.);
#8281=EDGE_LOOP('',(#8277,#8278,#8279,#8280));
#8282=FACE_OUTER_BOUND('',#8281,.F.);
#8284=FILL_AREA_STYLE_COLOUR('',#10);
#8285=FILL_AREA_STYLE('',(#8284));
#8286=SURFACE_STYLE_FILL_AREA(#8285);
#8287=SURFACE_SIDE_STYLE('',(#8286));
#8288=SURFACE_STYLE_USAGE(.BOTH.,#8287);
#8289=PRESENTATION_STYLE_ASSIGNMENT((#8288));
#8290=STYLED_ITEM('',(#8289),#8283);
#8291=CARTESIAN_POINT('',(0.E0,0.E0,0.E0));
#8292=DIRECTION('',(0.E0,1.E0,0.E0));
#8293=DIRECTION('',(1.E0,0.E0,0.E0));
#8294=AXIS2_PLACEMENT_3D('',#8291,#8292,#8293);
#8295=PLANE('',#8294);
#8296=ORIENTED_EDGE('',*,*,#8156,.F.);
#8297=ORIENTED_EDGE('',*,*,#8276,.T.);
#8298=ORIENTED_EDGE('',*,*,#7260,.T.);
#8300=ORIENTED_EDGE('',*,*,#8299,.F.);
#8301=ORIENTED_EDGE('',*,*,#7457,.F.);
#8303=ORIENTED_EDGE('',*,*,#8302,.F.);
#8305=ORIENTED_EDGE('',*,*,#8304,.T.);
#8307=ORIENTED_EDGE('',*,*,#8306,.F.);
#8308=EDGE_LOOP('',(#8296,#8297,#8298,#8300,#8301,#8303,#8305,#8307));
#8309=FACE_OUTER_BOUND('',#8308,.F.);
#8311=ORIENTED_EDGE('',*,*,#8310,.T.);
#8313=ORIENTED_EDGE('',*,*,#8312,.T.);
#8315=ORIENTED_EDGE('',*,*,#8314,.T.);
#8317=ORIENTED_EDGE('',*,*,#8316,.T.);
#8318=EDGE_LOOP('',(#8311,#8313,#8315,#8317));
#8319=FACE_BOUND('',#8318,.F.);
#8321=FILL_AREA_STYLE_COLOUR('',#10);
#8322=FILL_AREA_STYLE('',(#8321));
#8323=SURFACE_STYLE_FILL_AREA(#8322);
#8324=SURFACE_SIDE_STYLE('',(#8323));
#8325=SURFACE_STYLE_USAGE(.BOTH.,#8324);
#8326=PRESENTATION_STYLE_ASSIGNMENT((#8325));
#8327=STYLED_ITEM('',(#8326),#8320);
#8328=CARTESIAN_POINT('',(1.65E1,0.E0,1.155E1));
#8329=DIRECTION('',(-1.E0,0.E0,0.E0));
#8330=DIRECTION('',(0.E0,0.E0,-1.E0));
#8331=AXIS2_PLACEMENT_3D('',#8328,#8329,#8330);
#8332=PLANE('',#8331);
#8334=ORIENTED_EDGE('',*,*,#8333,.T.);
#8336=ORIENTED_EDGE('',*,*,#8335,.T.);
#8338=ORIENTED_EDGE('',*,*,#8337,.F.);
#8339=ORIENTED_EDGE('',*,*,#7459,.T.);
#8340=ORIENTED_EDGE('',*,*,#8299,.T.);
#8341=ORIENTED_EDGE('',*,*,#7258,.F.);
#8343=ORIENTED_EDGE('',*,*,#8342,.F.);
#8344=EDGE_LOOP('',(#8334,#8336,#8338,#8339,#8340,#8341,#8343));
#8345=FACE_OUTER_BOUND('',#8344,.F.);
#8347=FILL_AREA_STYLE_COLOUR('',#10);
#8348=FILL_AREA_STYLE('',(#8347));
#8349=SURFACE_STYLE_FILL_AREA(#8348);
#8350=SURFACE_SIDE_STYLE('',(#8349));
#8351=SURFACE_STYLE_USAGE(.BOTH.,#8350);
#8352=PRESENTATION_STYLE_ASSIGNMENT((#8351));
#8353=STYLED_ITEM('',(#8352),#8346);
#8354=CARTESIAN_POINT('',(1.685E1,-1.2E0,1.09E1));
#8355=DIRECTION('',(0.E0,-2.982749931359E-1,-9.544799780350E-1));
#8356=DIRECTION('',(0.E0,9.544799780350E-1,-2.982749931359E-1));
#8357=AXIS2_PLACEMENT_3D('',#8354,#8355,#8356);
#8358=PLANE('',#8357);
#8360=ORIENTED_EDGE('',*,*,#8359,.F.);
#8362=ORIENTED_EDGE('',*,*,#8361,.T.);
#8363=ORIENTED_EDGE('',*,*,#8333,.F.);
#8365=ORIENTED_EDGE('',*,*,#8364,.F.);
#8366=EDGE_LOOP('',(#8360,#8362,#8363,#8365));
#8367=FACE_OUTER_BOUND('',#8366,.F.);
#8369=FILL_AREA_STYLE_COLOUR('',#10);
#8370=FILL_AREA_STYLE('',(#8369));
#8371=SURFACE_STYLE_FILL_AREA(#8370);
#8372=SURFACE_SIDE_STYLE('',(#8371));
#8373=SURFACE_STYLE_USAGE(.BOTH.,#8372);
#8374=PRESENTATION_STYLE_ASSIGNMENT((#8373));
#8375=STYLED_ITEM('',(#8374),#8368);
#8376=CARTESIAN_POINT('',(1.72E1,0.E0,1.065E1));
#8377=DIRECTION('',(1.E0,0.E0,0.E0));
#8378=DIRECTION('',(0.E0,0.E0,1.E0));
#8379=AXIS2_PLACEMENT_3D('',#8376,#8377,#8378);
#8380=PLANE('',#8379);
#8381=ORIENTED_EDGE('',*,*,#8359,.T.);
#8383=ORIENTED_EDGE('',*,*,#8382,.F.);
#8384=ORIENTED_EDGE('',*,*,#7254,.T.);
#8385=ORIENTED_EDGE('',*,*,#7380,.T.);
#8386=ORIENTED_EDGE('',*,*,#7463,.F.);
#8388=ORIENTED_EDGE('',*,*,#8387,.T.);
#8390=ORIENTED_EDGE('',*,*,#8389,.F.);
#8391=EDGE_LOOP('',(#8381,#8383,#8384,#8385,#8386,#8388,#8390));
#8392=FACE_OUTER_BOUND('',#8391,.F.);
#8394=FILL_AREA_STYLE_COLOUR('',#10);
#8395=FILL_AREA_STYLE('',(#8394));
#8396=SURFACE_STYLE_FILL_AREA(#8395);
#8397=SURFACE_SIDE_STYLE('',(#8396));
#8398=SURFACE_STYLE_USAGE(.BOTH.,#8397);
#8399=PRESENTATION_STYLE_ASSIGNMENT((#8398));
#8400=STYLED_ITEM('',(#8399),#8393);
#8401=CARTESIAN_POINT('',(0.E0,-2.E0,0.E0));
#8402=DIRECTION('',(0.E0,-1.E0,0.E0));
#8403=DIRECTION('',(-1.E0,0.E0,0.E0));
#8404=AXIS2_PLACEMENT_3D('',#8401,#8402,#8403);
#8405=PLANE('',#8404);
#8406=ORIENTED_EDGE('',*,*,#8364,.T.);
#8407=ORIENTED_EDGE('',*,*,#8342,.T.);
#8408=ORIENTED_EDGE('',*,*,#7256,.T.);
#8409=ORIENTED_EDGE('',*,*,#8382,.T.);
#8410=EDGE_LOOP('',(#8406,#8407,#8408,#8409));
#8411=FACE_OUTER_BOUND('',#8410,.F.);
#8413=FILL_AREA_STYLE_COLOUR('',#10);
#8414=FILL_AREA_STYLE('',(#8413));
#8415=SURFACE_STYLE_FILL_AREA(#8414);
#8416=SURFACE_SIDE_STYLE('',(#8415));
#8417=SURFACE_STYLE_USAGE(.BOTH.,#8416);
#8418=PRESENTATION_STYLE_ASSIGNMENT((#8417));
#8419=STYLED_ITEM('',(#8418),#8412);
#8420=CARTESIAN_POINT('',(0.E0,-1.5E-1,0.E0));
#8421=DIRECTION('',(0.E0,-1.E0,0.E0));
#8422=DIRECTION('',(-1.E0,0.E0,0.E0));
#8423=AXIS2_PLACEMENT_3D('',#8420,#8421,#8422);
#8424=PLANE('',#8423);
#8425=ORIENTED_EDGE('',*,*,#8337,.T.);
#8427=ORIENTED_EDGE('',*,*,#8426,.F.);
#8428=ORIENTED_EDGE('',*,*,#8387,.F.);
#8429=ORIENTED_EDGE('',*,*,#7461,.F.);
#8430=EDGE_LOOP('',(#8425,#8427,#8428,#8429));
#8431=FACE_OUTER_BOUND('',#8430,.F.);
#8433=FILL_AREA_STYLE_COLOUR('',#10);
#8434=FILL_AREA_STYLE('',(#8433));
#8435=SURFACE_STYLE_FILL_AREA(#8434);
#8436=SURFACE_SIDE_STYLE('',(#8435));
#8437=SURFACE_STYLE_USAGE(.BOTH.,#8436);
#8438=PRESENTATION_STYLE_ASSIGNMENT((#8437));
#8439=STYLED_ITEM('',(#8438),#8432);
#8440=CARTESIAN_POINT('',(1.65E1,0.E0,1.065E1));
#8441=DIRECTION('',(0.E0,0.E0,-1.E0));
#8442=DIRECTION('',(1.E0,0.E0,0.E0));
#8443=AXIS2_PLACEMENT_3D('',#8440,#8441,#8442);
#8444=PLANE('',#8443);
#8445=ORIENTED_EDGE('',*,*,#8361,.F.);
#8446=ORIENTED_EDGE('',*,*,#8389,.T.);
#8447=ORIENTED_EDGE('',*,*,#8426,.T.);
#8448=ORIENTED_EDGE('',*,*,#8335,.F.);
#8449=EDGE_LOOP('',(#8445,#8446,#8447,#8448));
#8450=FACE_OUTER_BOUND('',#8449,.F.);
#8452=FILL_AREA_STYLE_COLOUR('',#10);
#8453=FILL_AREA_STYLE('',(#8452));
#8454=SURFACE_STYLE_FILL_AREA(#8453);
#8455=SURFACE_SIDE_STYLE('',(#8454));
#8456=SURFACE_STYLE_USAGE(.BOTH.,#8455);
#8457=PRESENTATION_STYLE_ASSIGNMENT((#8456));
#8458=STYLED_ITEM('',(#8457),#8451);
#8459=CARTESIAN_POINT('',(1.196E1,0.E0,1.1E1));
#8460=DIRECTION('',(-1.E0,0.E0,0.E0));
#8461=DIRECTION('',(0.E0,0.E0,-1.E0));
#8462=AXIS2_PLACEMENT_3D('',#8459,#8460,#8461);
#8463=PLANE('',#8462);
#8464=ORIENTED_EDGE('',*,*,#8302,.T.);
#8465=ORIENTED_EDGE('',*,*,#7455,.F.);
#8466=ORIENTED_EDGE('',*,*,#7987,.F.);
#8468=ORIENTED_EDGE('',*,*,#8467,.F.);
#8469=EDGE_LOOP('',(#8464,#8465,#8466,#8468));
#8470=FACE_OUTER_BOUND('',#8469,.F.);
#8472=FILL_AREA_STYLE_COLOUR('',#10);
#8473=FILL_AREA_STYLE('',(#8472));
#8474=SURFACE_STYLE_FILL_AREA(#8473);
#8475=SURFACE_SIDE_STYLE('',(#8474));
#8476=SURFACE_STYLE_USAGE(.BOTH.,#8475);
#8477=PRESENTATION_STYLE_ASSIGNMENT((#8476));
#8478=STYLED_ITEM('',(#8477),#8471);
#8479=CARTESIAN_POINT('',(1.016E1,0.E0,1.016E1));
#8480=DIRECTION('',(0.E0,-1.E0,0.E0));
#8481=DIRECTION('',(-1.E0,0.E0,0.E0));
#8482=AXIS2_PLACEMENT_3D('',#8479,#8480,#8481);
#8483=CYLINDRICAL_SURFACE('',#8482,1.8E0);
#8484=ORIENTED_EDGE('',*,*,#8304,.F.);
#8485=ORIENTED_EDGE('',*,*,#8467,.T.);
#8486=ORIENTED_EDGE('',*,*,#7985,.F.);
#8488=ORIENTED_EDGE('',*,*,#8487,.T.);
#8489=EDGE_LOOP('',(#8484,#8485,#8486,#8488));
#8490=FACE_OUTER_BOUND('',#8489,.F.);
#8492=FILL_AREA_STYLE_COLOUR('',#10);
#8493=FILL_AREA_STYLE('',(#8492));
#8494=SURFACE_STYLE_FILL_AREA(#8493);
#8495=SURFACE_SIDE_STYLE('',(#8494));
#8496=SURFACE_STYLE_USAGE(.BOTH.,#8495);
#8497=PRESENTATION_STYLE_ASSIGNMENT((#8496));
#8498=STYLED_ITEM('',(#8497),#8491);
#8499=CARTESIAN_POINT('',(8.36E0,0.E0,1.016E1));
#8500=DIRECTION('',(1.E0,0.E0,0.E0));
#8501=DIRECTION('',(0.E0,0.E0,1.E0));
#8502=AXIS2_PLACEMENT_3D('',#8499,#8500,#8501);
#8503=PLANE('',#8502);
#8504=ORIENTED_EDGE('',*,*,#8306,.T.);
#8505=ORIENTED_EDGE('',*,*,#8487,.F.);
#8506=ORIENTED_EDGE('',*,*,#7983,.F.);
#8507=ORIENTED_EDGE('',*,*,#8158,.T.);
#8508=EDGE_LOOP('',(#8504,#8505,#8506,#8507));
#8509=FACE_OUTER_BOUND('',#8508,.F.);
#8511=FILL_AREA_STYLE_COLOUR('',#10);
#8512=FILL_AREA_STYLE('',(#8511));
#8513=SURFACE_STYLE_FILL_AREA(#8512);
#8514=SURFACE_SIDE_STYLE('',(#8513));
#8515=SURFACE_STYLE_USAGE(.BOTH.,#8514);
#8516=PRESENTATION_STYLE_ASSIGNMENT((#8515));
#8517=STYLED_ITEM('',(#8516),#8510);
#8518=CARTESIAN_POINT('',(1.016E1,4.5E-1,1.016E1));
#8519=DIRECTION('',(0.E0,-1.E0,0.E0));
#8520=DIRECTION('',(0.E0,0.E0,-1.E0));
#8521=AXIS2_PLACEMENT_3D('',#8518,#8519,#8520);
#8522=CONICAL_SURFACE('',#8521,5.75E-1,6.340191745910E0);
#8524=ORIENTED_EDGE('',*,*,#8523,.T.);
#8526=ORIENTED_EDGE('',*,*,#8525,.T.);
#8528=ORIENTED_EDGE('',*,*,#8527,.T.);
#8529=ORIENTED_EDGE('',*,*,#8312,.F.);
#8530=ORIENTED_EDGE('',*,*,#8310,.F.);
#8532=ORIENTED_EDGE('',*,*,#8531,.F.);
#8533=EDGE_LOOP('',(#8524,#8526,#8528,#8529,#8530,#8532));
#8534=FACE_OUTER_BOUND('',#8533,.F.);
#8536=FILL_AREA_STYLE_COLOUR('',#10);
#8537=FILL_AREA_STYLE('',(#8536));
#8538=SURFACE_STYLE_FILL_AREA(#8537);
#8539=SURFACE_SIDE_STYLE('',(#8538));
#8540=SURFACE_STYLE_USAGE(.BOTH.,#8539);
#8541=PRESENTATION_STYLE_ASSIGNMENT((#8540));
#8542=STYLED_ITEM('',(#8541),#8535);
#8543=CARTESIAN_POINT('',(1.016E1,1.2E0,1.016E1));
#8544=DIRECTION('',(0.E0,1.E0,0.E0));
#8545=DIRECTION('',(-1.E0,0.E0,0.E0));
#8546=AXIS2_PLACEMENT_3D('',#8543,#8544,#8545);
#8547=CYLINDRICAL_SURFACE('',#8546,5.25E-1);
#8548=ORIENTED_EDGE('',*,*,#8525,.F.);
#8549=ORIENTED_EDGE('',*,*,#8523,.F.);
#8551=ORIENTED_EDGE('',*,*,#8550,.F.);
#8553=ORIENTED_EDGE('',*,*,#8552,.F.);
#8555=ORIENTED_EDGE('',*,*,#8554,.T.);
#8556=EDGE_LOOP('',(#8548,#8549,#8551,#8553,#8555));
#8557=FACE_OUTER_BOUND('',#8556,.F.);
#8559=FILL_AREA_STYLE_COLOUR('',#10);
#8560=FILL_AREA_STYLE('',(#8559));
#8561=SURFACE_STYLE_FILL_AREA(#8560);
#8562=SURFACE_SIDE_STYLE('',(#8561));
#8563=SURFACE_STYLE_USAGE(.BOTH.,#8562);
#8564=PRESENTATION_STYLE_ASSIGNMENT((#8563));
#8565=STYLED_ITEM('',(#8564),#8558);
#8566=CARTESIAN_POINT('',(1.016E1,1.2E0,1.016E1));
#8567=DIRECTION('',(0.E0,1.E0,0.E0));
#8568=DIRECTION('',(-1.E0,0.E0,0.E0));
#8569=AXIS2_PLACEMENT_3D('',#8566,#8567,#8568);
#8570=CYLINDRICAL_SURFACE('',#8569,5.25E-1);
#8572=ORIENTED_EDGE('',*,*,#8571,.F.);
#8574=ORIENTED_EDGE('',*,*,#8573,.F.);
#8575=ORIENTED_EDGE('',*,*,#8554,.F.);
#8577=ORIENTED_EDGE('',*,*,#8576,.F.);
#8578=ORIENTED_EDGE('',*,*,#8550,.T.);
#8579=EDGE_LOOP('',(#8572,#8574,#8575,#8577,#8578));
#8580=FACE_OUTER_BOUND('',#8579,.F.);
#8582=FILL_AREA_STYLE_COLOUR('',#10);
#8583=FILL_AREA_STYLE('',(#8582));
#8584=SURFACE_STYLE_FILL_AREA(#8583);
#8585=SURFACE_SIDE_STYLE('',(#8584));
#8586=SURFACE_STYLE_USAGE(.BOTH.,#8585);
#8587=PRESENTATION_STYLE_ASSIGNMENT((#8586));
#8588=STYLED_ITEM('',(#8587),#8581);
#8589=CARTESIAN_POINT('',(1.016E1,4.5E-1,1.016E1));
#8590=DIRECTION('',(0.E0,-1.E0,0.E0));
#8591=DIRECTION('',(0.E0,0.E0,-1.E0));
#8592=AXIS2_PLACEMENT_3D('',#8589,#8590,#8591);
#8593=CONICAL_SURFACE('',#8592,5.75E-1,6.340191745910E0);
#8594=ORIENTED_EDGE('',*,*,#8573,.T.);
#8595=ORIENTED_EDGE('',*,*,#8571,.T.);
#8596=ORIENTED_EDGE('',*,*,#8531,.T.);
#8597=ORIENTED_EDGE('',*,*,#8316,.F.);
#8598=ORIENTED_EDGE('',*,*,#8314,.F.);
#8599=ORIENTED_EDGE('',*,*,#8527,.F.);
#8600=EDGE_LOOP('',(#8594,#8595,#8596,#8597,#8598,#8599));
#8601=FACE_OUTER_BOUND('',#8600,.F.);
#8603=FILL_AREA_STYLE_COLOUR('',#10);
#8604=FILL_AREA_STYLE('',(#8603));
#8605=SURFACE_STYLE_FILL_AREA(#8604);
#8606=SURFACE_SIDE_STYLE('',(#8605));
#8607=SURFACE_STYLE_USAGE(.BOTH.,#8606);
#8608=PRESENTATION_STYLE_ASSIGNMENT((#8607));
#8609=STYLED_ITEM('',(#8608),#8602);
#8610=CARTESIAN_POINT('',(0.E0,7.E-1,0.E0));
#8611=DIRECTION('',(0.E0,1.E0,0.E0));
#8612=DIRECTION('',(-1.E0,0.E0,0.E0));
#8613=AXIS2_PLACEMENT_3D('',#8610,#8611,#8612);
#8614=PLANE('',#8613);
#8615=ORIENTED_EDGE('',*,*,#8552,.T.);
#8616=ORIENTED_EDGE('',*,*,#8576,.T.);
#8617=EDGE_LOOP('',(#8615,#8616));
#8618=FACE_OUTER_BOUND('',#8617,.F.);
#8620=FILL_AREA_STYLE_COLOUR('',#10);
#8621=FILL_AREA_STYLE('',(#8620));
#8622=SURFACE_STYLE_FILL_AREA(#8621);
#8623=SURFACE_SIDE_STYLE('',(#8622));
#8624=SURFACE_STYLE_USAGE(.BOTH.,#8623);
#8625=PRESENTATION_STYLE_ASSIGNMENT((#8624));
#8626=STYLED_ITEM('',(#8625),#8619);
#8627=CARTESIAN_POINT('',(-1.016E1,0.E0,2.54E0));
#8628=DIRECTION('',(0.E0,-1.E0,0.E0));
#8629=DIRECTION('',(-1.E0,0.E0,0.E0));
#8630=AXIS2_PLACEMENT_3D('',#8627,#8628,#8629);
#8631=CYLINDRICAL_SURFACE('',#8630,1.8E0);
#8633=ORIENTED_EDGE('',*,*,#8632,.F.);
#8635=ORIENTED_EDGE('',*,*,#8634,.F.);
#8636=ORIENTED_EDGE('',*,*,#7991,.F.);
#8638=ORIENTED_EDGE('',*,*,#8637,.T.);
#8639=EDGE_LOOP('',(#8633,#8635,#8636,#8638));
#8640=FACE_OUTER_BOUND('',#8639,.F.);
#8642=FILL_AREA_STYLE_COLOUR('',#10);
#8643=FILL_AREA_STYLE('',(#8642));
#8644=SURFACE_STYLE_FILL_AREA(#8643);
#8645=SURFACE_SIDE_STYLE('',(#8644));
#8646=SURFACE_STYLE_USAGE(.BOTH.,#8645);
#8647=PRESENTATION_STYLE_ASSIGNMENT((#8646));
#8648=STYLED_ITEM('',(#8647),#8641);
#8649=CARTESIAN_POINT('',(0.E0,0.E0,0.E0));
#8650=DIRECTION('',(0.E0,1.E0,0.E0));
#8651=DIRECTION('',(1.E0,0.E0,0.E0));
#8652=AXIS2_PLACEMENT_3D('',#8649,#8650,#8651);
#8653=PLANE('',#8652);
#8654=ORIENTED_EDGE('',*,*,#8632,.T.);
#8656=ORIENTED_EDGE('',*,*,#8655,.T.);
#8657=EDGE_LOOP('',(#8654,#8656));
#8658=FACE_OUTER_BOUND('',#8657,.F.);
#8660=ORIENTED_EDGE('',*,*,#8659,.T.);
#8662=ORIENTED_EDGE('',*,*,#8661,.T.);
#8664=ORIENTED_EDGE('',*,*,#8663,.T.);
#8666=ORIENTED_EDGE('',*,*,#8665,.T.);
#8667=EDGE_LOOP('',(#8660,#8662,#8664,#8666));
#8668=FACE_BOUND('',#8667,.F.);
#8670=FILL_AREA_STYLE_COLOUR('',#10);
#8671=FILL_AREA_STYLE('',(#8670));
#8672=SURFACE_STYLE_FILL_AREA(#8671);
#8673=SURFACE_SIDE_STYLE('',(#8672));
#8674=SURFACE_STYLE_USAGE(.BOTH.,#8673);
#8675=PRESENTATION_STYLE_ASSIGNMENT((#8674));
#8676=STYLED_ITEM('',(#8675),#8669);
#8677=CARTESIAN_POINT('',(-1.016E1,0.E0,2.54E0));
#8678=DIRECTION('',(0.E0,-1.E0,0.E0));
#8679=DIRECTION('',(-1.E0,0.E0,0.E0));
#8680=AXIS2_PLACEMENT_3D('',#8677,#8678,#8679);
#8681=CYLINDRICAL_SURFACE('',#8680,1.8E0);
#8682=ORIENTED_EDGE('',*,*,#8655,.F.);
#8683=ORIENTED_EDGE('',*,*,#8637,.F.);
#8684=ORIENTED_EDGE('',*,*,#7993,.F.);
#8685=ORIENTED_EDGE('',*,*,#8634,.T.);
#8686=EDGE_LOOP('',(#8682,#8683,#8684,#8685));
#8687=FACE_OUTER_BOUND('',#8686,.F.);
#8689=FILL_AREA_STYLE_COLOUR('',#10);
#8690=FILL_AREA_STYLE('',(#8689));
#8691=SURFACE_STYLE_FILL_AREA(#8690);
#8692=SURFACE_SIDE_STYLE('',(#8691));
#8693=SURFACE_STYLE_USAGE(.BOTH.,#8692);
#8694=PRESENTATION_STYLE_ASSIGNMENT((#8693));
#8695=STYLED_ITEM('',(#8694),#8688);
#8696=CARTESIAN_POINT('',(-1.016E1,4.5E-1,2.54E0));
#8697=DIRECTION('',(0.E0,-1.E0,0.E0));
#8698=DIRECTION('',(0.E0,0.E0,-1.E0));
#8699=AXIS2_PLACEMENT_3D('',#8696,#8697,#8698);
#8700=CONICAL_SURFACE('',#8699,5.75E-1,6.340191745910E0);
#8702=ORIENTED_EDGE('',*,*,#8701,.T.);
#8704=ORIENTED_EDGE('',*,*,#8703,.T.);
#8706=ORIENTED_EDGE('',*,*,#8705,.T.);
#8707=ORIENTED_EDGE('',*,*,#8661,.F.);
#8708=ORIENTED_EDGE('',*,*,#8659,.F.);
#8710=ORIENTED_EDGE('',*,*,#8709,.F.);
#8711=EDGE_LOOP('',(#8702,#8704,#8706,#8707,#8708,#8710));
#8712=FACE_OUTER_BOUND('',#8711,.F.);
#8714=FILL_AREA_STYLE_COLOUR('',#10);
#8715=FILL_AREA_STYLE('',(#8714));
#8716=SURFACE_STYLE_FILL_AREA(#8715);
#8717=SURFACE_SIDE_STYLE('',(#8716));
#8718=SURFACE_STYLE_USAGE(.BOTH.,#8717);
#8719=PRESENTATION_STYLE_ASSIGNMENT((#8718));
#8720=STYLED_ITEM('',(#8719),#8713);
#8721=CARTESIAN_POINT('',(-1.016E1,1.2E0,2.54E0));
#8722=DIRECTION('',(0.E0,1.E0,0.E0));
#8723=DIRECTION('',(-1.E0,0.E0,0.E0));
#8724=AXIS2_PLACEMENT_3D('',#8721,#8722,#8723);
#8725=CYLINDRICAL_SURFACE('',#8724,5.25E-1);
#8726=ORIENTED_EDGE('',*,*,#8703,.F.);
#8727=ORIENTED_EDGE('',*,*,#8701,.F.);
#8729=ORIENTED_EDGE('',*,*,#8728,.F.);
#8731=ORIENTED_EDGE('',*,*,#8730,.F.);
#8733=ORIENTED_EDGE('',*,*,#8732,.T.);
#8734=EDGE_LOOP('',(#8726,#8727,#8729,#8731,#8733));
#8735=FACE_OUTER_BOUND('',#8734,.F.);
#8737=FILL_AREA_STYLE_COLOUR('',#10);
#8738=FILL_AREA_STYLE('',(#8737));
#8739=SURFACE_STYLE_FILL_AREA(#8738);
#8740=SURFACE_SIDE_STYLE('',(#8739));
#8741=SURFACE_STYLE_USAGE(.BOTH.,#8740);
#8742=PRESENTATION_STYLE_ASSIGNMENT((#8741));
#8743=STYLED_ITEM('',(#8742),#8736);
#8744=CARTESIAN_POINT('',(-1.016E1,1.2E0,2.54E0));
#8745=DIRECTION('',(0.E0,1.E0,0.E0));
#8746=DIRECTION('',(-1.E0,0.E0,0.E0));
#8747=AXIS2_PLACEMENT_3D('',#8744,#8745,#8746);
#8748=CYLINDRICAL_SURFACE('',#8747,5.25E-1);
#8750=ORIENTED_EDGE('',*,*,#8749,.F.);
#8752=ORIENTED_EDGE('',*,*,#8751,.F.);
#8753=ORIENTED_EDGE('',*,*,#8732,.F.);
#8755=ORIENTED_EDGE('',*,*,#8754,.F.);
#8756=ORIENTED_EDGE('',*,*,#8728,.T.);
#8757=EDGE_LOOP('',(#8750,#8752,#8753,#8755,#8756));
#8758=FACE_OUTER_BOUND('',#8757,.F.);
#8760=FILL_AREA_STYLE_COLOUR('',#10);
#8761=FILL_AREA_STYLE('',(#8760));
#8762=SURFACE_STYLE_FILL_AREA(#8761);
#8763=SURFACE_SIDE_STYLE('',(#8762));
#8764=SURFACE_STYLE_USAGE(.BOTH.,#8763);
#8765=PRESENTATION_STYLE_ASSIGNMENT((#8764));
#8766=STYLED_ITEM('',(#8765),#8759);
#8767=CARTESIAN_POINT('',(-1.016E1,4.5E-1,2.54E0));
#8768=DIRECTION('',(0.E0,-1.E0,0.E0));
#8769=DIRECTION('',(0.E0,0.E0,-1.E0));
#8770=AXIS2_PLACEMENT_3D('',#8767,#8768,#8769);
#8771=CONICAL_SURFACE('',#8770,5.75E-1,6.340191745910E0);
#8772=ORIENTED_EDGE('',*,*,#8751,.T.);
#8773=ORIENTED_EDGE('',*,*,#8749,.T.);
#8774=ORIENTED_EDGE('',*,*,#8709,.T.);
#8775=ORIENTED_EDGE('',*,*,#8665,.F.);
#8776=ORIENTED_EDGE('',*,*,#8663,.F.);
#8777=ORIENTED_EDGE('',*,*,#8705,.F.);
#8778=EDGE_LOOP('',(#8772,#8773,#8774,#8775,#8776,#8777));
#8779=FACE_OUTER_BOUND('',#8778,.F.);
#8781=FILL_AREA_STYLE_COLOUR('',#10);
#8782=FILL_AREA_STYLE('',(#8781));
#8783=SURFACE_STYLE_FILL_AREA(#8782);
#8784=SURFACE_SIDE_STYLE('',(#8783));
#8785=SURFACE_STYLE_USAGE(.BOTH.,#8784);
#8786=PRESENTATION_STYLE_ASSIGNMENT((#8785));
#8787=STYLED_ITEM('',(#8786),#8780);
#8788=CARTESIAN_POINT('',(0.E0,7.E-1,0.E0));
#8789=DIRECTION('',(0.E0,1.E0,0.E0));
#8790=DIRECTION('',(-1.E0,0.E0,0.E0));
#8791=AXIS2_PLACEMENT_3D('',#8788,#8789,#8790);
#8792=PLANE('',#8791);
#8793=ORIENTED_EDGE('',*,*,#8730,.T.);
#8794=ORIENTED_EDGE('',*,*,#8754,.T.);
#8795=EDGE_LOOP('',(#8793,#8794));
#8796=FACE_OUTER_BOUND('',#8795,.F.);
#8798=FILL_AREA_STYLE_COLOUR('',#10);
#8799=FILL_AREA_STYLE('',(#8798));
#8800=SURFACE_STYLE_FILL_AREA(#8799);
#8801=SURFACE_SIDE_STYLE('',(#8800));
#8802=SURFACE_STYLE_USAGE(.BOTH.,#8801);
#8803=PRESENTATION_STYLE_ASSIGNMENT((#8802));
#8804=STYLED_ITEM('',(#8803),#8797);
#8805=CARTESIAN_POINT('',(1.016E1,0.E0,0.E0));
#8806=DIRECTION('',(0.E0,-1.E0,0.E0));
#8807=DIRECTION('',(-1.E0,0.E0,0.E0));
#8808=AXIS2_PLACEMENT_3D('',#8805,#8806,#8807);
#8809=CYLINDRICAL_SURFACE('',#8808,1.8E0);
#8811=ORIENTED_EDGE('',*,*,#8810,.F.);
#8813=ORIENTED_EDGE('',*,*,#8812,.F.);
#8814=ORIENTED_EDGE('',*,*,#7997,.F.);
#8816=ORIENTED_EDGE('',*,*,#8815,.T.);
#8817=EDGE_LOOP('',(#8811,#8813,#8814,#8816));
#8818=FACE_OUTER_BOUND('',#8817,.F.);
#8820=FILL_AREA_STYLE_COLOUR('',#10);
#8821=FILL_AREA_STYLE('',(#8820));
#8822=SURFACE_STYLE_FILL_AREA(#8821);
#8823=SURFACE_SIDE_STYLE('',(#8822));
#8824=SURFACE_STYLE_USAGE(.BOTH.,#8823);
#8825=PRESENTATION_STYLE_ASSIGNMENT((#8824));
#8826=STYLED_ITEM('',(#8825),#8819);
#8827=CARTESIAN_POINT('',(0.E0,0.E0,0.E0));
#8828=DIRECTION('',(0.E0,1.E0,0.E0));
#8829=DIRECTION('',(1.E0,0.E0,0.E0));
#8830=AXIS2_PLACEMENT_3D('',#8827,#8828,#8829);
#8831=PLANE('',#8830);
#8832=ORIENTED_EDGE('',*,*,#8810,.T.);
#8834=ORIENTED_EDGE('',*,*,#8833,.T.);
#8835=EDGE_LOOP('',(#8832,#8834));
#8836=FACE_OUTER_BOUND('',#8835,.F.);
#8838=ORIENTED_EDGE('',*,*,#8837,.T.);
#8840=ORIENTED_EDGE('',*,*,#8839,.T.);
#8842=ORIENTED_EDGE('',*,*,#8841,.T.);
#8844=ORIENTED_EDGE('',*,*,#8843,.T.);
#8845=EDGE_LOOP('',(#8838,#8840,#8842,#8844));
#8846=FACE_BOUND('',#8845,.F.);
#8848=FILL_AREA_STYLE_COLOUR('',#10);
#8849=FILL_AREA_STYLE('',(#8848));
#8850=SURFACE_STYLE_FILL_AREA(#8849);
#8851=SURFACE_SIDE_STYLE('',(#8850));
#8852=SURFACE_STYLE_USAGE(.BOTH.,#8851);
#8853=PRESENTATION_STYLE_ASSIGNMENT((#8852));
#8854=STYLED_ITEM('',(#8853),#8847);
#8855=CARTESIAN_POINT('',(1.016E1,0.E0,0.E0));
#8856=DIRECTION('',(0.E0,-1.E0,0.E0));
#8857=DIRECTION('',(-1.E0,0.E0,0.E0));
#8858=AXIS2_PLACEMENT_3D('',#8855,#8856,#8857);
#8859=CYLINDRICAL_SURFACE('',#8858,1.8E0);
#8860=ORIENTED_EDGE('',*,*,#8833,.F.);
#8861=ORIENTED_EDGE('',*,*,#8815,.F.);
#8862=ORIENTED_EDGE('',*,*,#7999,.F.);
#8863=ORIENTED_EDGE('',*,*,#8812,.T.);
#8864=EDGE_LOOP('',(#8860,#8861,#8862,#8863));
#8865=FACE_OUTER_BOUND('',#8864,.F.);
#8867=FILL_AREA_STYLE_COLOUR('',#10);
#8868=FILL_AREA_STYLE('',(#8867));
#8869=SURFACE_STYLE_FILL_AREA(#8868);
#8870=SURFACE_SIDE_STYLE('',(#8869));
#8871=SURFACE_STYLE_USAGE(.BOTH.,#8870);
#8872=PRESENTATION_STYLE_ASSIGNMENT((#8871));
#8873=STYLED_ITEM('',(#8872),#8866);
#8874=CARTESIAN_POINT('',(1.016E1,4.5E-1,0.E0));
#8875=DIRECTION('',(0.E0,-1.E0,0.E0));
#8876=DIRECTION('',(0.E0,0.E0,-1.E0));
#8877=AXIS2_PLACEMENT_3D('',#8874,#8875,#8876);
#8878=CONICAL_SURFACE('',#8877,5.75E-1,6.340191745910E0);
#8880=ORIENTED_EDGE('',*,*,#8879,.T.);
#8882=ORIENTED_EDGE('',*,*,#8881,.T.);
#8884=ORIENTED_EDGE('',*,*,#8883,.T.);
#8885=ORIENTED_EDGE('',*,*,#8839,.F.);
#8886=ORIENTED_EDGE('',*,*,#8837,.F.);
#8888=ORIENTED_EDGE('',*,*,#8887,.F.);
#8889=EDGE_LOOP('',(#8880,#8882,#8884,#8885,#8886,#8888));
#8890=FACE_OUTER_BOUND('',#8889,.F.);
#8892=FILL_AREA_STYLE_COLOUR('',#10);
#8893=FILL_AREA_STYLE('',(#8892));
#8894=SURFACE_STYLE_FILL_AREA(#8893);
#8895=SURFACE_SIDE_STYLE('',(#8894));
#8896=SURFACE_STYLE_USAGE(.BOTH.,#8895);
#8897=PRESENTATION_STYLE_ASSIGNMENT((#8896));
#8898=STYLED_ITEM('',(#8897),#8891);
#8899=CARTESIAN_POINT('',(1.016E1,1.2E0,0.E0));
#8900=DIRECTION('',(0.E0,1.E0,0.E0));
#8901=DIRECTION('',(-1.E0,0.E0,0.E0));
#8902=AXIS2_PLACEMENT_3D('',#8899,#8900,#8901);
#8903=CYLINDRICAL_SURFACE('',#8902,5.25E-1);
#8904=ORIENTED_EDGE('',*,*,#8881,.F.);
#8905=ORIENTED_EDGE('',*,*,#8879,.F.);
#8907=ORIENTED_EDGE('',*,*,#8906,.F.);
#8909=ORIENTED_EDGE('',*,*,#8908,.F.);
#8911=ORIENTED_EDGE('',*,*,#8910,.T.);
#8912=EDGE_LOOP('',(#8904,#8905,#8907,#8909,#8911));
#8913=FACE_OUTER_BOUND('',#8912,.F.);
#8915=FILL_AREA_STYLE_COLOUR('',#10);
#8916=FILL_AREA_STYLE('',(#8915));
#8917=SURFACE_STYLE_FILL_AREA(#8916);
#8918=SURFACE_SIDE_STYLE('',(#8917));
#8919=SURFACE_STYLE_USAGE(.BOTH.,#8918);
#8920=PRESENTATION_STYLE_ASSIGNMENT((#8919));
#8921=STYLED_ITEM('',(#8920),#8914);
#8922=CARTESIAN_POINT('',(1.016E1,1.2E0,0.E0));
#8923=DIRECTION('',(0.E0,1.E0,0.E0));
#8924=DIRECTION('',(-1.E0,0.E0,0.E0));
#8925=AXIS2_PLACEMENT_3D('',#8922,#8923,#8924);
#8926=CYLINDRICAL_SURFACE('',#8925,5.25E-1);
#8928=ORIENTED_EDGE('',*,*,#8927,.F.);
#8930=ORIENTED_EDGE('',*,*,#8929,.F.);
#8931=ORIENTED_EDGE('',*,*,#8910,.F.);
#8933=ORIENTED_EDGE('',*,*,#8932,.F.);
#8934=ORIENTED_EDGE('',*,*,#8906,.T.);
#8935=EDGE_LOOP('',(#8928,#8930,#8931,#8933,#8934));
#8936=FACE_OUTER_BOUND('',#8935,.F.);
#8938=FILL_AREA_STYLE_COLOUR('',#10);
#8939=FILL_AREA_STYLE('',(#8938));
#8940=SURFACE_STYLE_FILL_AREA(#8939);
#8941=SURFACE_SIDE_STYLE('',(#8940));
#8942=SURFACE_STYLE_USAGE(.BOTH.,#8941);
#8943=PRESENTATION_STYLE_ASSIGNMENT((#8942));
#8944=STYLED_ITEM('',(#8943),#8937);
#8945=CARTESIAN_POINT('',(1.016E1,4.5E-1,0.E0));
#8946=DIRECTION('',(0.E0,-1.E0,0.E0));
#8947=DIRECTION('',(0.E0,0.E0,-1.E0));
#8948=AXIS2_PLACEMENT_3D('',#8945,#8946,#8947);
#8949=CONICAL_SURFACE('',#8948,5.75E-1,6.340191745910E0);
#8950=ORIENTED_EDGE('',*,*,#8929,.T.);
#8951=ORIENTED_EDGE('',*,*,#8927,.T.);
#8952=ORIENTED_EDGE('',*,*,#8887,.T.);
#8953=ORIENTED_EDGE('',*,*,#8843,.F.);
#8954=ORIENTED_EDGE('',*,*,#8841,.F.);
#8955=ORIENTED_EDGE('',*,*,#8883,.F.);
#8956=EDGE_LOOP('',(#8950,#8951,#8952,#8953,#8954,#8955));
#8957=FACE_OUTER_BOUND('',#8956,.F.);
#8959=FILL_AREA_STYLE_COLOUR('',#10);
#8960=FILL_AREA_STYLE('',(#8959));
#8961=SURFACE_STYLE_FILL_AREA(#8960);
#8962=SURFACE_SIDE_STYLE('',(#8961));
#8963=SURFACE_STYLE_USAGE(.BOTH.,#8962);
#8964=PRESENTATION_STYLE_ASSIGNMENT((#8963));
#8965=STYLED_ITEM('',(#8964),#8958);
#8966=CARTESIAN_POINT('',(0.E0,7.E-1,0.E0));
#8967=DIRECTION('',(0.E0,1.E0,0.E0));
#8968=DIRECTION('',(-1.E0,0.E0,0.E0));
#8969=AXIS2_PLACEMENT_3D('',#8966,#8967,#8968);
#8970=PLANE('',#8969);
#8971=ORIENTED_EDGE('',*,*,#8908,.T.);
#8972=ORIENTED_EDGE('',*,*,#8932,.T.);
#8973=EDGE_LOOP('',(#8971,#8972));
#8974=FACE_OUTER_BOUND('',#8973,.F.);
#8976=FILL_AREA_STYLE_COLOUR('',#10);
#8977=FILL_AREA_STYLE('',(#8976));
#8978=SURFACE_STYLE_FILL_AREA(#8977);
#8979=SURFACE_SIDE_STYLE('',(#8978));
#8980=SURFACE_STYLE_USAGE(.BOTH.,#8979);
#8981=PRESENTATION_STYLE_ASSIGNMENT((#8980));
#8982=STYLED_ITEM('',(#8981),#8975);
#8983=CARTESIAN_POINT('',(-1.016E1,0.E0,-2.54E0));
#8984=DIRECTION('',(0.E0,-1.E0,0.E0));
#8985=DIRECTION('',(-1.E0,0.E0,0.E0));
#8986=AXIS2_PLACEMENT_3D('',#8983,#8984,#8985);
#8987=CYLINDRICAL_SURFACE('',#8986,1.8E0);
#8989=ORIENTED_EDGE('',*,*,#8988,.F.);
#8991=ORIENTED_EDGE('',*,*,#8990,.F.);
#8992=ORIENTED_EDGE('',*,*,#8003,.F.);
#8994=ORIENTED_EDGE('',*,*,#8993,.T.);
#8995=EDGE_LOOP('',(#8989,#8991,#8992,#8994));
#8996=FACE_OUTER_BOUND('',#8995,.F.);
#8998=FILL_AREA_STYLE_COLOUR('',#10);
#8999=FILL_AREA_STYLE('',(#8998));
#9000=SURFACE_STYLE_FILL_AREA(#8999);
#9001=SURFACE_SIDE_STYLE('',(#9000));
#9002=SURFACE_STYLE_USAGE(.BOTH.,#9001);
#9003=PRESENTATION_STYLE_ASSIGNMENT((#9002));
#9004=STYLED_ITEM('',(#9003),#8997);
#9005=CARTESIAN_POINT('',(0.E0,0.E0,0.E0));
#9006=DIRECTION('',(0.E0,1.E0,0.E0));
#9007=DIRECTION('',(1.E0,0.E0,0.E0));
#9008=AXIS2_PLACEMENT_3D('',#9005,#9006,#9007);
#9009=PLANE('',#9008);
#9010=ORIENTED_EDGE('',*,*,#8988,.T.);
#9012=ORIENTED_EDGE('',*,*,#9011,.T.);
#9013=EDGE_LOOP('',(#9010,#9012));
#9014=FACE_OUTER_BOUND('',#9013,.F.);
#9016=ORIENTED_EDGE('',*,*,#9015,.T.);
#9018=ORIENTED_EDGE('',*,*,#9017,.T.);
#9020=ORIENTED_EDGE('',*,*,#9019,.T.);
#9022=ORIENTED_EDGE('',*,*,#9021,.T.);
#9023=EDGE_LOOP('',(#9016,#9018,#9020,#9022));
#9024=FACE_BOUND('',#9023,.F.);
#9026=FILL_AREA_STYLE_COLOUR('',#10);
#9027=FILL_AREA_STYLE('',(#9026));
#9028=SURFACE_STYLE_FILL_AREA(#9027);
#9029=SURFACE_SIDE_STYLE('',(#9028));
#9030=SURFACE_STYLE_USAGE(.BOTH.,#9029);
#9031=PRESENTATION_STYLE_ASSIGNMENT((#9030));
#9032=STYLED_ITEM('',(#9031),#9025);
#9033=CARTESIAN_POINT('',(-1.016E1,0.E0,-2.54E0));
#9034=DIRECTION('',(0.E0,-1.E0,0.E0));
#9035=DIRECTION('',(-1.E0,0.E0,0.E0));
#9036=AXIS2_PLACEMENT_3D('',#9033,#9034,#9035);
#9037=CYLINDRICAL_SURFACE('',#9036,1.8E0);
#9038=ORIENTED_EDGE('',*,*,#9011,.F.);
#9039=ORIENTED_EDGE('',*,*,#8993,.F.);
#9040=ORIENTED_EDGE('',*,*,#8005,.F.);
#9041=ORIENTED_EDGE('',*,*,#8990,.T.);
#9042=EDGE_LOOP('',(#9038,#9039,#9040,#9041));
#9043=FACE_OUTER_BOUND('',#9042,.F.);
#9045=FILL_AREA_STYLE_COLOUR('',#10);
#9046=FILL_AREA_STYLE('',(#9045));
#9047=SURFACE_STYLE_FILL_AREA(#9046);
#9048=SURFACE_SIDE_STYLE('',(#9047));
#9049=SURFACE_STYLE_USAGE(.BOTH.,#9048);
#9050=PRESENTATION_STYLE_ASSIGNMENT((#9049));
#9051=STYLED_ITEM('',(#9050),#9044);
#9052=CARTESIAN_POINT('',(-1.016E1,4.5E-1,-2.54E0));
#9053=DIRECTION('',(0.E0,-1.E0,0.E0));
#9054=DIRECTION('',(0.E0,0.E0,-1.E0));
#9055=AXIS2_PLACEMENT_3D('',#9052,#9053,#9054);
#9056=CONICAL_SURFACE('',#9055,5.75E-1,6.340191745910E0);
#9058=ORIENTED_EDGE('',*,*,#9057,.T.);
#9060=ORIENTED_EDGE('',*,*,#9059,.T.);
#9062=ORIENTED_EDGE('',*,*,#9061,.T.);
#9063=ORIENTED_EDGE('',*,*,#9017,.F.);
#9064=ORIENTED_EDGE('',*,*,#9015,.F.);
#9066=ORIENTED_EDGE('',*,*,#9065,.F.);
#9067=EDGE_LOOP('',(#9058,#9060,#9062,#9063,#9064,#9066));
#9068=FACE_OUTER_BOUND('',#9067,.F.);
#9070=FILL_AREA_STYLE_COLOUR('',#10);
#9071=FILL_AREA_STYLE('',(#9070));
#9072=SURFACE_STYLE_FILL_AREA(#9071);
#9073=SURFACE_SIDE_STYLE('',(#9072));
#9074=SURFACE_STYLE_USAGE(.BOTH.,#9073);
#9075=PRESENTATION_STYLE_ASSIGNMENT((#9074));
#9076=STYLED_ITEM('',(#9075),#9069);
#9077=CARTESIAN_POINT('',(-1.016E1,1.2E0,-2.54E0));
#9078=DIRECTION('',(0.E0,1.E0,0.E0));
#9079=DIRECTION('',(-1.E0,0.E0,0.E0));
#9080=AXIS2_PLACEMENT_3D('',#9077,#9078,#9079);
#9081=CYLINDRICAL_SURFACE('',#9080,5.25E-1);
#9082=ORIENTED_EDGE('',*,*,#9059,.F.);
#9083=ORIENTED_EDGE('',*,*,#9057,.F.);
#9085=ORIENTED_EDGE('',*,*,#9084,.F.);
#9087=ORIENTED_EDGE('',*,*,#9086,.F.);
#9089=ORIENTED_EDGE('',*,*,#9088,.T.);
#9090=EDGE_LOOP('',(#9082,#9083,#9085,#9087,#9089));
#9091=FACE_OUTER_BOUND('',#9090,.F.);
#9093=FILL_AREA_STYLE_COLOUR('',#10);
#9094=FILL_AREA_STYLE('',(#9093));
#9095=SURFACE_STYLE_FILL_AREA(#9094);
#9096=SURFACE_SIDE_STYLE('',(#9095));
#9097=SURFACE_STYLE_USAGE(.BOTH.,#9096);
#9098=PRESENTATION_STYLE_ASSIGNMENT((#9097));
#9099=STYLED_ITEM('',(#9098),#9092);
#9100=CARTESIAN_POINT('',(-1.016E1,1.2E0,-2.54E0));
#9101=DIRECTION('',(0.E0,1.E0,0.E0));
#9102=DIRECTION('',(-1.E0,0.E0,0.E0));
#9103=AXIS2_PLACEMENT_3D('',#9100,#9101,#9102);
#9104=CYLINDRICAL_SURFACE('',#9103,5.25E-1);
#9106=ORIENTED_EDGE('',*,*,#9105,.F.);
#9108=ORIENTED_EDGE('',*,*,#9107,.F.);
#9109=ORIENTED_EDGE('',*,*,#9088,.F.);
#9111=ORIENTED_EDGE('',*,*,#9110,.F.);
#9112=ORIENTED_EDGE('',*,*,#9084,.T.);
#9113=EDGE_LOOP('',(#9106,#9108,#9109,#9111,#9112));
#9114=FACE_OUTER_BOUND('',#9113,.F.);
#9116=FILL_AREA_STYLE_COLOUR('',#10);
#9117=FILL_AREA_STYLE('',(#9116));
#9118=SURFACE_STYLE_FILL_AREA(#9117);
#9119=SURFACE_SIDE_STYLE('',(#9118));
#9120=SURFACE_STYLE_USAGE(.BOTH.,#9119);
#9121=PRESENTATION_STYLE_ASSIGNMENT((#9120));
#9122=STYLED_ITEM('',(#9121),#9115);
#9123=CARTESIAN_POINT('',(-1.016E1,4.5E-1,-2.54E0));
#9124=DIRECTION('',(0.E0,-1.E0,0.E0));
#9125=DIRECTION('',(0.E0,0.E0,-1.E0));
#9126=AXIS2_PLACEMENT_3D('',#9123,#9124,#9125);
#9127=CONICAL_SURFACE('',#9126,5.75E-1,6.340191745910E0);
#9128=ORIENTED_EDGE('',*,*,#9107,.T.);
#9129=ORIENTED_EDGE('',*,*,#9105,.T.);
#9130=ORIENTED_EDGE('',*,*,#9065,.T.);
#9131=ORIENTED_EDGE('',*,*,#9021,.F.);
#9132=ORIENTED_EDGE('',*,*,#9019,.F.);
#9133=ORIENTED_EDGE('',*,*,#9061,.F.);
#9134=EDGE_LOOP('',(#9128,#9129,#9130,#9131,#9132,#9133));
#9135=FACE_OUTER_BOUND('',#9134,.F.);
#9137=FILL_AREA_STYLE_COLOUR('',#10);
#9138=FILL_AREA_STYLE('',(#9137));
#9139=SURFACE_STYLE_FILL_AREA(#9138);
#9140=SURFACE_SIDE_STYLE('',(#9139));
#9141=SURFACE_STYLE_USAGE(.BOTH.,#9140);
#9142=PRESENTATION_STYLE_ASSIGNMENT((#9141));
#9143=STYLED_ITEM('',(#9142),#9136);
#9144=CARTESIAN_POINT('',(0.E0,7.E-1,0.E0));
#9145=DIRECTION('',(0.E0,1.E0,0.E0));
#9146=DIRECTION('',(-1.E0,0.E0,0.E0));
#9147=AXIS2_PLACEMENT_3D('',#9144,#9145,#9146);
#9148=PLANE('',#9147);
#9149=ORIENTED_EDGE('',*,*,#9086,.T.);
#9150=ORIENTED_EDGE('',*,*,#9110,.T.);
#9151=EDGE_LOOP('',(#9149,#9150));
#9152=FACE_OUTER_BOUND('',#9151,.F.);
#9154=FILL_AREA_STYLE_COLOUR('',#10);
#9155=FILL_AREA_STYLE('',(#9154));
#9156=SURFACE_STYLE_FILL_AREA(#9155);
#9157=SURFACE_SIDE_STYLE('',(#9156));
#9158=SURFACE_STYLE_USAGE(.BOTH.,#9157);
#9159=PRESENTATION_STYLE_ASSIGNMENT((#9158));
#9160=STYLED_ITEM('',(#9159),#9153);
#9161=CARTESIAN_POINT('',(1.65E1,0.E0,-1.065E1));
#9162=DIRECTION('',(-1.E0,0.E0,0.E0));
#9163=DIRECTION('',(0.E0,0.E0,-1.E0));
#9164=AXIS2_PLACEMENT_3D('',#9161,#9162,#9163);
#9165=PLANE('',#9164);
#9167=ORIENTED_EDGE('',*,*,#9166,.T.);
#9169=ORIENTED_EDGE('',*,*,#9168,.F.);
#9170=ORIENTED_EDGE('',*,*,#6770,.T.);
#9171=ORIENTED_EDGE('',*,*,#7670,.T.);
#9172=ORIENTED_EDGE('',*,*,#7642,.F.);
#9174=ORIENTED_EDGE('',*,*,#9173,.T.);
#9176=ORIENTED_EDGE('',*,*,#9175,.F.);
#9177=EDGE_LOOP('',(#9167,#9169,#9170,#9171,#9172,#9174,#9176));
#9178=FACE_OUTER_BOUND('',#9177,.F.);
#9180=FILL_AREA_STYLE_COLOUR('',#10);
#9181=FILL_AREA_STYLE('',(#9180));
#9182=SURFACE_STYLE_FILL_AREA(#9181);
#9183=SURFACE_SIDE_STYLE('',(#9182));
#9184=SURFACE_STYLE_USAGE(.BOTH.,#9183);
#9185=PRESENTATION_STYLE_ASSIGNMENT((#9184));
#9186=STYLED_ITEM('',(#9185),#9179);
#9187=CARTESIAN_POINT('',(1.685E1,-1.2E0,-1.09E1));
#9188=DIRECTION('',(0.E0,-2.982749931359E-1,9.544799780350E-1));
#9189=DIRECTION('',(0.E0,9.544799780350E-1,2.982749931359E-1));
#9190=AXIS2_PLACEMENT_3D('',#9187,#9188,#9189);
#9191=PLANE('',#9190);
#9192=ORIENTED_EDGE('',*,*,#9166,.F.);
#9194=ORIENTED_EDGE('',*,*,#9193,.T.);
#9196=ORIENTED_EDGE('',*,*,#9195,.F.);
#9198=ORIENTED_EDGE('',*,*,#9197,.F.);
#9199=EDGE_LOOP('',(#9192,#9194,#9196,#9198));
#9200=FACE_OUTER_BOUND('',#9199,.F.);
#9202=FILL_AREA_STYLE_COLOUR('',#10);
#9203=FILL_AREA_STYLE('',(#9202));
#9204=SURFACE_STYLE_FILL_AREA(#9203);
#9205=SURFACE_SIDE_STYLE('',(#9204));
#9206=SURFACE_STYLE_USAGE(.BOTH.,#9205);
#9207=PRESENTATION_STYLE_ASSIGNMENT((#9206));
#9208=STYLED_ITEM('',(#9207),#9201);
#9209=CARTESIAN_POINT('',(1.72E1,0.E0,-1.065E1));
#9210=DIRECTION('',(0.E0,0.E0,1.E0));
#9211=DIRECTION('',(-1.E0,0.E0,0.E0));
#9212=AXIS2_PLACEMENT_3D('',#9209,#9210,#9211);
#9213=PLANE('',#9212);
#9214=ORIENTED_EDGE('',*,*,#9193,.F.);
#9215=ORIENTED_EDGE('',*,*,#9175,.T.);
#9217=ORIENTED_EDGE('',*,*,#9216,.T.);
#9219=ORIENTED_EDGE('',*,*,#9218,.F.);
#9220=EDGE_LOOP('',(#9214,#9215,#9217,#9219));
#9221=FACE_OUTER_BOUND('',#9220,.F.);
#9223=FILL_AREA_STYLE_COLOUR('',#10);
#9224=FILL_AREA_STYLE('',(#9223));
#9225=SURFACE_STYLE_FILL_AREA(#9224);
#9226=SURFACE_SIDE_STYLE('',(#9225));
#9227=SURFACE_STYLE_USAGE(.BOTH.,#9226);
#9228=PRESENTATION_STYLE_ASSIGNMENT((#9227));
#9229=STYLED_ITEM('',(#9228),#9222);
#9230=CARTESIAN_POINT('',(0.E0,-1.5E-1,0.E0));
#9231=DIRECTION('',(0.E0,-1.E0,0.E0));
#9232=DIRECTION('',(-1.E0,0.E0,0.E0));
#9233=AXIS2_PLACEMENT_3D('',#9230,#9231,#9232);
#9234=PLANE('',#9233);
#9236=ORIENTED_EDGE('',*,*,#9235,.T.);
#9237=ORIENTED_EDGE('',*,*,#9216,.F.);
#9238=ORIENTED_EDGE('',*,*,#9173,.F.);
#9239=ORIENTED_EDGE('',*,*,#7640,.F.);
#9240=EDGE_LOOP('',(#9236,#9237,#9238,#9239));
#9241=FACE_OUTER_BOUND('',#9240,.F.);
#9243=FILL_AREA_STYLE_COLOUR('',#10);
#9244=FILL_AREA_STYLE('',(#9243));
#9245=SURFACE_STYLE_FILL_AREA(#9244);
#9246=SURFACE_SIDE_STYLE('',(#9245));
#9247=SURFACE_STYLE_USAGE(.BOTH.,#9246);
#9248=PRESENTATION_STYLE_ASSIGNMENT((#9247));
#9249=STYLED_ITEM('',(#9248),#9242);
#9250=CARTESIAN_POINT('',(1.72E1,0.E0,-1.155E1));
#9251=DIRECTION('',(1.E0,0.E0,0.E0));
#9252=DIRECTION('',(0.E0,0.E0,1.E0));
#9253=AXIS2_PLACEMENT_3D('',#9250,#9251,#9252);
#9254=PLANE('',#9253);
#9255=ORIENTED_EDGE('',*,*,#9195,.T.);
#9256=ORIENTED_EDGE('',*,*,#9218,.T.);
#9257=ORIENTED_EDGE('',*,*,#9235,.F.);
#9258=ORIENTED_EDGE('',*,*,#7638,.T.);
#9259=ORIENTED_EDGE('',*,*,#7385,.T.);
#9260=ORIENTED_EDGE('',*,*,#6774,.F.);
#9262=ORIENTED_EDGE('',*,*,#9261,.F.);
#9263=EDGE_LOOP('',(#9255,#9256,#9257,#9258,#9259,#9260,#9262));
#9264=FACE_OUTER_BOUND('',#9263,.F.);
#9266=FILL_AREA_STYLE_COLOUR('',#10);
#9267=FILL_AREA_STYLE('',(#9266));
#9268=SURFACE_STYLE_FILL_AREA(#9267);
#9269=SURFACE_SIDE_STYLE('',(#9268));
#9270=SURFACE_STYLE_USAGE(.BOTH.,#9269);
#9271=PRESENTATION_STYLE_ASSIGNMENT((#9270));
#9272=STYLED_ITEM('',(#9271),#9265);
#9273=CARTESIAN_POINT('',(0.E0,-2.E0,0.E0));
#9274=DIRECTION('',(0.E0,-1.E0,0.E0));
#9275=DIRECTION('',(-1.E0,0.E0,0.E0));
#9276=AXIS2_PLACEMENT_3D('',#9273,#9274,#9275);
#9277=PLANE('',#9276);
#9278=ORIENTED_EDGE('',*,*,#9197,.T.);
#9279=ORIENTED_EDGE('',*,*,#9261,.T.);
#9280=ORIENTED_EDGE('',*,*,#6772,.F.);
#9281=ORIENTED_EDGE('',*,*,#9168,.T.);
#9282=EDGE_LOOP('',(#9278,#9279,#9280,#9281));
#9283=FACE_OUTER_BOUND('',#9282,.F.);
#9285=FILL_AREA_STYLE_COLOUR('',#10);
#9286=FILL_AREA_STYLE('',(#9285));
#9287=SURFACE_STYLE_FILL_AREA(#9286);
#9288=SURFACE_SIDE_STYLE('',(#9287));
#9289=SURFACE_STYLE_USAGE(.BOTH.,#9288);
#9290=PRESENTATION_STYLE_ASSIGNMENT((#9289));
#9291=STYLED_ITEM('',(#9290),#9284);
#9292=CARTESIAN_POINT('',(1.016E1,4.5E-1,-1.016E1));
#9293=DIRECTION('',(0.E0,-1.E0,0.E0));
#9294=DIRECTION('',(0.E0,0.E0,-1.E0));
#9295=AXIS2_PLACEMENT_3D('',#9292,#9293,#9294);
#9296=CONICAL_SURFACE('',#9295,5.75E-1,6.340191745910E0);
#9298=ORIENTED_EDGE('',*,*,#9297,.T.);
#9300=ORIENTED_EDGE('',*,*,#9299,.T.);
#9302=ORIENTED_EDGE('',*,*,#9301,.T.);
#9303=ORIENTED_EDGE('',*,*,#7677,.F.);
#9304=ORIENTED_EDGE('',*,*,#7675,.F.);
#9306=ORIENTED_EDGE('',*,*,#9305,.F.);
#9307=EDGE_LOOP('',(#9298,#9300,#9302,#9303,#9304,#9306));
#9308=FACE_OUTER_BOUND('',#9307,.F.);
#9310=FILL_AREA_STYLE_COLOUR('',#10);
#9311=FILL_AREA_STYLE('',(#9310));
#9312=SURFACE_STYLE_FILL_AREA(#9311);
#9313=SURFACE_SIDE_STYLE('',(#9312));
#9314=SURFACE_STYLE_USAGE(.BOTH.,#9313);
#9315=PRESENTATION_STYLE_ASSIGNMENT((#9314));
#9316=STYLED_ITEM('',(#9315),#9309);
#9317=CARTESIAN_POINT('',(1.016E1,1.2E0,-1.016E1));
#9318=DIRECTION('',(0.E0,1.E0,0.E0));
#9319=DIRECTION('',(-1.E0,0.E0,0.E0));
#9320=AXIS2_PLACEMENT_3D('',#9317,#9318,#9319);
#9321=CYLINDRICAL_SURFACE('',#9320,5.25E-1);
#9322=ORIENTED_EDGE('',*,*,#9299,.F.);
#9323=ORIENTED_EDGE('',*,*,#9297,.F.);
#9325=ORIENTED_EDGE('',*,*,#9324,.F.);
#9327=ORIENTED_EDGE('',*,*,#9326,.F.);
#9329=ORIENTED_EDGE('',*,*,#9328,.T.);
#9330=EDGE_LOOP('',(#9322,#9323,#9325,#9327,#9329));
#9331=FACE_OUTER_BOUND('',#9330,.F.);
#9333=FILL_AREA_STYLE_COLOUR('',#10);
#9334=FILL_AREA_STYLE('',(#9333));
#9335=SURFACE_STYLE_FILL_AREA(#9334);
#9336=SURFACE_SIDE_STYLE('',(#9335));
#9337=SURFACE_STYLE_USAGE(.BOTH.,#9336);
#9338=PRESENTATION_STYLE_ASSIGNMENT((#9337));
#9339=STYLED_ITEM('',(#9338),#9332);
#9340=CARTESIAN_POINT('',(1.016E1,1.2E0,-1.016E1));
#9341=DIRECTION('',(0.E0,1.E0,0.E0));
#9342=DIRECTION('',(-1.E0,0.E0,0.E0));
#9343=AXIS2_PLACEMENT_3D('',#9340,#9341,#9342);
#9344=CYLINDRICAL_SURFACE('',#9343,5.25E-1);
#9346=ORIENTED_EDGE('',*,*,#9345,.F.);
#9348=ORIENTED_EDGE('',*,*,#9347,.F.);
#9349=ORIENTED_EDGE('',*,*,#9328,.F.);
#9351=ORIENTED_EDGE('',*,*,#9350,.F.);
#9352=ORIENTED_EDGE('',*,*,#9324,.T.);
#9353=EDGE_LOOP('',(#9346,#9348,#9349,#9351,#9352));
#9354=FACE_OUTER_BOUND('',#9353,.F.);
#9356=FILL_AREA_STYLE_COLOUR('',#10);
#9357=FILL_AREA_STYLE('',(#9356));
#9358=SURFACE_STYLE_FILL_AREA(#9357);
#9359=SURFACE_SIDE_STYLE('',(#9358));
#9360=SURFACE_STYLE_USAGE(.BOTH.,#9359);
#9361=PRESENTATION_STYLE_ASSIGNMENT((#9360));
#9362=STYLED_ITEM('',(#9361),#9355);
#9363=CARTESIAN_POINT('',(1.016E1,4.5E-1,-1.016E1));
#9364=DIRECTION('',(0.E0,-1.E0,0.E0));
#9365=DIRECTION('',(0.E0,0.E0,-1.E0));
#9366=AXIS2_PLACEMENT_3D('',#9363,#9364,#9365);
#9367=CONICAL_SURFACE('',#9366,5.75E-1,6.340191745910E0);
#9368=ORIENTED_EDGE('',*,*,#9347,.T.);
#9369=ORIENTED_EDGE('',*,*,#9345,.T.);
#9370=ORIENTED_EDGE('',*,*,#9305,.T.);
#9371=ORIENTED_EDGE('',*,*,#7681,.F.);
#9372=ORIENTED_EDGE('',*,*,#7679,.F.);
#9373=ORIENTED_EDGE('',*,*,#9301,.F.);
#9374=EDGE_LOOP('',(#9368,#9369,#9370,#9371,#9372,#9373));
#9375=FACE_OUTER_BOUND('',#9374,.F.);
#9377=FILL_AREA_STYLE_COLOUR('',#10);
#9378=FILL_AREA_STYLE('',(#9377));
#9379=SURFACE_STYLE_FILL_AREA(#9378);
#9380=SURFACE_SIDE_STYLE('',(#9379));
#9381=SURFACE_STYLE_USAGE(.BOTH.,#9380);
#9382=PRESENTATION_STYLE_ASSIGNMENT((#9381));
#9383=STYLED_ITEM('',(#9382),#9376);
#9384=CARTESIAN_POINT('',(0.E0,7.E-1,0.E0));
#9385=DIRECTION('',(0.E0,1.E0,0.E0));
#9386=DIRECTION('',(-1.E0,0.E0,0.E0));
#9387=AXIS2_PLACEMENT_3D('',#9384,#9385,#9386);
#9388=PLANE('',#9387);
#9389=ORIENTED_EDGE('',*,*,#9326,.T.);
#9390=ORIENTED_EDGE('',*,*,#9350,.T.);
#9391=EDGE_LOOP('',(#9389,#9390));
#9392=FACE_OUTER_BOUND('',#9391,.F.);
#9394=FILL_AREA_STYLE_COLOUR('',#10);
#9395=FILL_AREA_STYLE('',(#9394));
#9396=SURFACE_STYLE_FILL_AREA(#9395);
#9397=SURFACE_SIDE_STYLE('',(#9396));
#9398=SURFACE_STYLE_USAGE(.BOTH.,#9397);
#9399=PRESENTATION_STYLE_ASSIGNMENT((#9398));
#9400=STYLED_ITEM('',(#9399),#9393);
#9401=CARTESIAN_POINT('',(2.286E1,3.5E-1,0.E0));
#9402=DIRECTION('',(0.E0,-1.E0,0.E0));
#9403=DIRECTION('',(0.E0,0.E0,-1.E0));
#9404=AXIS2_PLACEMENT_3D('',#9401,#9402,#9403);
#9405=CONICAL_SURFACE('',#9404,5.861111111111E-1,6.340191745910E0);
#9407=ORIENTED_EDGE('',*,*,#9406,.F.);
#9409=ORIENTED_EDGE('',*,*,#9408,.F.);
#9411=ORIENTED_EDGE('',*,*,#9410,.T.);
#9412=ORIENTED_EDGE('',*,*,#7409,.F.);
#9413=ORIENTED_EDGE('',*,*,#7407,.F.);
#9415=ORIENTED_EDGE('',*,*,#9414,.F.);
#9416=EDGE_LOOP('',(#9407,#9409,#9411,#9412,#9413,#9415));
#9417=FACE_OUTER_BOUND('',#9416,.F.);
#9419=FILL_AREA_STYLE_COLOUR('',#10);
#9420=FILL_AREA_STYLE('',(#9419));
#9421=SURFACE_STYLE_FILL_AREA(#9420);
#9422=SURFACE_SIDE_STYLE('',(#9421));
#9423=SURFACE_STYLE_USAGE(.BOTH.,#9422);
#9424=PRESENTATION_STYLE_ASSIGNMENT((#9423));
#9425=STYLED_ITEM('',(#9424),#9418);
#9426=CARTESIAN_POINT('',(0.E0,7.E-1,0.E0));
#9427=DIRECTION('',(0.E0,1.E0,0.E0));
#9428=DIRECTION('',(1.E0,0.E0,0.E0));
#9429=AXIS2_PLACEMENT_3D('',#9426,#9427,#9428);
#9430=PLANE('',#9429);
#9432=ORIENTED_EDGE('',*,*,#9431,.T.);
#9434=ORIENTED_EDGE('',*,*,#9433,.T.);
#9435=ORIENTED_EDGE('',*,*,#9408,.T.);
#9436=ORIENTED_EDGE('',*,*,#9406,.T.);
#9437=EDGE_LOOP('',(#9432,#9434,#9435,#9436));
#9438=FACE_OUTER_BOUND('',#9437,.F.);
#9440=ORIENTED_EDGE('',*,*,#9439,.T.);
#9442=ORIENTED_EDGE('',*,*,#9441,.T.);
#9443=EDGE_LOOP('',(#9440,#9442));
#9444=FACE_BOUND('',#9443,.F.);
#9446=FILL_AREA_STYLE_COLOUR('',#10);
#9447=FILL_AREA_STYLE('',(#9446));
#9448=SURFACE_STYLE_FILL_AREA(#9447);
#9449=SURFACE_SIDE_STYLE('',(#9448));
#9450=SURFACE_STYLE_USAGE(.BOTH.,#9449);
#9451=PRESENTATION_STYLE_ASSIGNMENT((#9450));
#9452=STYLED_ITEM('',(#9451),#9445);
#9453=CARTESIAN_POINT('',(2.286E1,3.5E-1,0.E0));
#9454=DIRECTION('',(0.E0,-1.E0,0.E0));
#9455=DIRECTION('',(0.E0,0.E0,-1.E0));
#9456=AXIS2_PLACEMENT_3D('',#9453,#9454,#9455);
#9457=CONICAL_SURFACE('',#9456,5.861111111111E-1,6.340191745910E0);
#9458=ORIENTED_EDGE('',*,*,#9433,.F.);
#9459=ORIENTED_EDGE('',*,*,#9431,.F.);
#9460=ORIENTED_EDGE('',*,*,#9414,.T.);
#9461=ORIENTED_EDGE('',*,*,#7413,.F.);
#9462=ORIENTED_EDGE('',*,*,#7411,.F.);
#9463=ORIENTED_EDGE('',*,*,#9410,.F.);
#9464=EDGE_LOOP('',(#9458,#9459,#9460,#9461,#9462,#9463));
#9465=FACE_OUTER_BOUND('',#9464,.F.);
#9467=FILL_AREA_STYLE_COLOUR('',#10);
#9468=FILL_AREA_STYLE('',(#9467));
#9469=SURFACE_STYLE_FILL_AREA(#9468);
#9470=SURFACE_SIDE_STYLE('',(#9469));
#9471=SURFACE_STYLE_USAGE(.BOTH.,#9470);
#9472=PRESENTATION_STYLE_ASSIGNMENT((#9471));
#9473=STYLED_ITEM('',(#9472),#9466);
#9474=CARTESIAN_POINT('',(2.286E1,0.E0,0.E0));
#9475=DIRECTION('',(0.E0,-1.E0,0.E0));
#9476=DIRECTION('',(-1.E0,0.E0,0.E0));
#9477=AXIS2_PLACEMENT_3D('',#9474,#9475,#9476);
#9478=CYLINDRICAL_SURFACE('',#9477,5.25E-1);
#9480=ORIENTED_EDGE('',*,*,#9479,.F.);
#9482=ORIENTED_EDGE('',*,*,#9481,.T.);
#9483=ORIENTED_EDGE('',*,*,#9439,.F.);
#9485=ORIENTED_EDGE('',*,*,#9484,.F.);
#9486=EDGE_LOOP('',(#9480,#9482,#9483,#9485));
#9487=FACE_OUTER_BOUND('',#9486,.F.);
#9489=FILL_AREA_STYLE_COLOUR('',#10);
#9490=FILL_AREA_STYLE('',(#9489));
#9491=SURFACE_STYLE_FILL_AREA(#9490);
#9492=SURFACE_SIDE_STYLE('',(#9491));
#9493=SURFACE_STYLE_USAGE(.BOTH.,#9492);
#9494=PRESENTATION_STYLE_ASSIGNMENT((#9493));
#9495=STYLED_ITEM('',(#9494),#9488);
#9496=CARTESIAN_POINT('',(0.E0,1.2E0,0.E0));
#9497=DIRECTION('',(0.E0,1.E0,0.E0));
#9498=DIRECTION('',(-1.E0,0.E0,0.E0));
#9499=AXIS2_PLACEMENT_3D('',#9496,#9497,#9498);
#9500=PLANE('',#9499);
#9502=ORIENTED_EDGE('',*,*,#9501,.F.);
#9504=ORIENTED_EDGE('',*,*,#9503,.T.);
#9506=ORIENTED_EDGE('',*,*,#9505,.T.);
#9508=ORIENTED_EDGE('',*,*,#9507,.F.);
#9510=ORIENTED_EDGE('',*,*,#9509,.T.);
#9512=ORIENTED_EDGE('',*,*,#9511,.F.);
#9514=ORIENTED_EDGE('',*,*,#9513,.T.);
#9516=ORIENTED_EDGE('',*,*,#9515,.F.);
#9518=ORIENTED_EDGE('',*,*,#9517,.F.);
#9520=ORIENTED_EDGE('',*,*,#9519,.T.);
#9522=ORIENTED_EDGE('',*,*,#9521,.T.);
#9524=ORIENTED_EDGE('',*,*,#9523,.F.);
#9526=ORIENTED_EDGE('',*,*,#9525,.F.);
#9528=ORIENTED_EDGE('',*,*,#9527,.T.);
#9530=ORIENTED_EDGE('',*,*,#9529,.T.);
#9532=ORIENTED_EDGE('',*,*,#9531,.F.);
#9534=ORIENTED_EDGE('',*,*,#9533,.T.);
#9536=ORIENTED_EDGE('',*,*,#9535,.F.);
#9538=ORIENTED_EDGE('',*,*,#9537,.T.);
#9540=ORIENTED_EDGE('',*,*,#9539,.F.);
#9542=ORIENTED_EDGE('',*,*,#9541,.F.);
#9544=ORIENTED_EDGE('',*,*,#9543,.T.);
#9546=ORIENTED_EDGE('',*,*,#9545,.T.);
#9548=ORIENTED_EDGE('',*,*,#9547,.F.);
#9549=EDGE_LOOP('',(#9502,#9504,#9506,#9508,#9510,#9512,#9514,#9516,#9518,#9520,
#9522,#9524,#9526,#9528,#9530,#9532,#9534,#9536,#9538,#9540,#9542,#9544,#9546,
#9548));
#9550=FACE_OUTER_BOUND('',#9549,.F.);
#9552=ORIENTED_EDGE('',*,*,#9551,.T.);
#9554=ORIENTED_EDGE('',*,*,#9553,.T.);
#9555=EDGE_LOOP('',(#9552,#9554));
#9556=FACE_BOUND('',#9555,.F.);
#9557=ORIENTED_EDGE('',*,*,#9479,.T.);
#9559=ORIENTED_EDGE('',*,*,#9558,.T.);
#9560=EDGE_LOOP('',(#9557,#9559));
#9561=FACE_BOUND('',#9560,.F.);
#9563=ORIENTED_EDGE('',*,*,#9562,.T.);
#9565=ORIENTED_EDGE('',*,*,#9564,.T.);
#9566=EDGE_LOOP('',(#9563,#9565));
#9567=FACE_BOUND('',#9566,.F.);
#9569=ORIENTED_EDGE('',*,*,#9568,.T.);
#9571=ORIENTED_EDGE('',*,*,#9570,.T.);
#9572=EDGE_LOOP('',(#9569,#9571));
#9573=FACE_BOUND('',#9572,.F.);
#9575=ORIENTED_EDGE('',*,*,#9574,.T.);
#9577=ORIENTED_EDGE('',*,*,#9576,.T.);
#9578=EDGE_LOOP('',(#9575,#9577));
#9579=FACE_BOUND('',#9578,.F.);
#9581=ORIENTED_EDGE('',*,*,#9580,.T.);
#9583=ORIENTED_EDGE('',*,*,#9582,.T.);
#9584=EDGE_LOOP('',(#9581,#9583));
#9585=FACE_BOUND('',#9584,.F.);
#9587=FILL_AREA_STYLE_COLOUR('',#10);
#9588=FILL_AREA_STYLE('',(#9587));
#9589=SURFACE_STYLE_FILL_AREA(#9588);
#9590=SURFACE_SIDE_STYLE('',(#9589));
#9591=SURFACE_STYLE_USAGE(.BOTH.,#9590);
#9592=PRESENTATION_STYLE_ASSIGNMENT((#9591));
#9593=STYLED_ITEM('',(#9592),#9586);
#9594=CARTESIAN_POINT('',(-6.8E0,0.E0,1.205E1));
#9595=DIRECTION('',(1.E0,0.E0,0.E0));
#9596=DIRECTION('',(0.E0,0.E0,1.E0));
#9597=AXIS2_PLACEMENT_3D('',#9594,#9595,#9596);
#9598=PLANE('',#9597);
#9600=ORIENTED_EDGE('',*,*,#9599,.T.);
#9601=ORIENTED_EDGE('',*,*,#9501,.T.);
#9603=ORIENTED_EDGE('',*,*,#9602,.T.);
#9605=ORIENTED_EDGE('',*,*,#9604,.F.);
#9607=ORIENTED_EDGE('',*,*,#9606,.T.);
#9608=ORIENTED_EDGE('',*,*,#6177,.T.);
#9610=ORIENTED_EDGE('',*,*,#9609,.T.);
#9611=EDGE_LOOP('',(#9600,#9601,#9603,#9605,#9607,#9608,#9610));
#9612=FACE_OUTER_BOUND('',#9611,.F.);
#9614=FILL_AREA_STYLE_COLOUR('',#10);
#9615=FILL_AREA_STYLE('',(#9614));
#9616=SURFACE_STYLE_FILL_AREA(#9615);
#9617=SURFACE_SIDE_STYLE('',(#9616));
#9618=SURFACE_STYLE_USAGE(.BOTH.,#9617);
#9619=PRESENTATION_STYLE_ASSIGNMENT((#9618));
#9620=STYLED_ITEM('',(#9619),#9613);
#9621=CARTESIAN_POINT('',(-9.E0,-7.125E0,1.155E1));
#9622=DIRECTION('',(0.E0,0.E0,-1.E0));
#9623=DIRECTION('',(1.E0,0.E0,0.E0));
#9624=AXIS2_PLACEMENT_3D('',#9621,#9622,#9623);
#9625=PLANE('',#9624);
#9627=ORIENTED_EDGE('',*,*,#9626,.T.);
#9629=ORIENTED_EDGE('',*,*,#9628,.F.);
#9630=ORIENTED_EDGE('',*,*,#9503,.F.);
#9631=ORIENTED_EDGE('',*,*,#9599,.F.);
#9632=EDGE_LOOP('',(#9627,#9629,#9630,#9631));
#9633=FACE_OUTER_BOUND('',#9632,.F.);
#9635=FILL_AREA_STYLE_COLOUR('',#10);
#9636=FILL_AREA_STYLE('',(#9635));
#9637=SURFACE_STYLE_FILL_AREA(#9636);
#9638=SURFACE_SIDE_STYLE('',(#9637));
#9639=SURFACE_STYLE_USAGE(.BOTH.,#9638);
#9640=PRESENTATION_STYLE_ASSIGNMENT((#9639));
#9641=STYLED_ITEM('',(#9640),#9634);
#9642=CARTESIAN_POINT('',(0.E0,-5.E-1,0.E0));
#9643=DIRECTION('',(0.E0,-1.E0,0.E0));
#9644=DIRECTION('',(0.E0,0.E0,1.E0));
#9645=AXIS2_PLACEMENT_3D('',#9642,#9643,#9644);
#9646=PLANE('',#9645);
#9647=ORIENTED_EDGE('',*,*,#9626,.F.);
#9648=ORIENTED_EDGE('',*,*,#9609,.F.);
#9649=ORIENTED_EDGE('',*,*,#6175,.F.);
#9651=ORIENTED_EDGE('',*,*,#9650,.T.);
#9652=EDGE_LOOP('',(#9647,#9648,#9649,#9651));
#9653=FACE_OUTER_BOUND('',#9652,.F.);
#9655=FILL_AREA_STYLE_COLOUR('',#10);
#9656=FILL_AREA_STYLE('',(#9655));
#9657=SURFACE_STYLE_FILL_AREA(#9656);
#9658=SURFACE_SIDE_STYLE('',(#9657));
#9659=SURFACE_STYLE_USAGE(.BOTH.,#9658);
#9660=PRESENTATION_STYLE_ASSIGNMENT((#9659));
#9661=STYLED_ITEM('',(#9660),#9654);
#9662=CARTESIAN_POINT('',(-9.E0,-7.125E0,1.337446179554E1));
#9663=DIRECTION('',(-1.E0,0.E0,0.E0));
#9664=DIRECTION('',(0.E0,0.E0,-1.E0));
#9665=AXIS2_PLACEMENT_3D('',#9662,#9663,#9664);
#9666=PLANE('',#9665);
#9667=ORIENTED_EDGE('',*,*,#9628,.T.);
#9668=ORIENTED_EDGE('',*,*,#9650,.F.);
#9669=ORIENTED_EDGE('',*,*,#6173,.F.);
#9670=ORIENTED_EDGE('',*,*,#5911,.T.);
#9672=ORIENTED_EDGE('',*,*,#9671,.F.);
#9674=ORIENTED_EDGE('',*,*,#9673,.T.);
#9675=ORIENTED_EDGE('',*,*,#9505,.F.);
#9676=EDGE_LOOP('',(#9667,#9668,#9669,#9670,#9672,#9674,#9675));
#9677=FACE_OUTER_BOUND('',#9676,.F.);
#9679=FILL_AREA_STYLE_COLOUR('',#10);
#9680=FILL_AREA_STYLE('',(#9679));
#9681=SURFACE_STYLE_FILL_AREA(#9680);
#9682=SURFACE_SIDE_STYLE('',(#9681));
#9683=SURFACE_STYLE_USAGE(.BOTH.,#9682);
#9684=PRESENTATION_STYLE_ASSIGNMENT((#9683));
#9685=STYLED_ITEM('',(#9684),#9678);
#9686=CARTESIAN_POINT('',(-2.54E1,0.E0,1.27E1));
#9687=DIRECTION('',(0.E0,0.E0,1.E0));
#9688=DIRECTION('',(1.E0,0.E0,0.E0));
#9689=AXIS2_PLACEMENT_3D('',#9686,#9687,#9688);
#9690=PLANE('',#9689);
#9691=ORIENTED_EDGE('',*,*,#9671,.T.);
#9692=ORIENTED_EDGE('',*,*,#5909,.T.);
#9694=ORIENTED_EDGE('',*,*,#9693,.F.);
#9696=ORIENTED_EDGE('',*,*,#9695,.F.);
#9697=EDGE_LOOP('',(#9691,#9692,#9694,#9696));
#9698=FACE_OUTER_BOUND('',#9697,.F.);
#9700=FILL_AREA_STYLE_COLOUR('',#10);
#9701=FILL_AREA_STYLE('',(#9700));
#9702=SURFACE_STYLE_FILL_AREA(#9701);
#9703=SURFACE_SIDE_STYLE('',(#9702));
#9704=SURFACE_STYLE_USAGE(.BOTH.,#9703);
#9705=PRESENTATION_STYLE_ASSIGNMENT((#9704));
#9706=STYLED_ITEM('',(#9705),#9699);
#9707=CARTESIAN_POINT('',(-2.47E1,6.28404E0,1.2E1));
#9708=DIRECTION('',(0.E0,-1.E0,0.E0));
#9709=DIRECTION('',(0.E0,0.E0,1.E0));
#9710=AXIS2_PLACEMENT_3D('',#9707,#9708,#9709);
#9711=CYLINDRICAL_SURFACE('',#9710,7.E-1);
#9713=ORIENTED_EDGE('',*,*,#9712,.F.);
#9714=ORIENTED_EDGE('',*,*,#9693,.T.);
#9715=ORIENTED_EDGE('',*,*,#5907,.F.);
#9716=ORIENTED_EDGE('',*,*,#5877,.T.);
#9717=EDGE_LOOP('',(#9713,#9714,#9715,#9716));
#9718=FACE_OUTER_BOUND('',#9717,.F.);
#9720=FILL_AREA_STYLE_COLOUR('',#10);
#9721=FILL_AREA_STYLE('',(#9720));
#9722=SURFACE_STYLE_FILL_AREA(#9721);
#9723=SURFACE_SIDE_STYLE('',(#9722));
#9724=SURFACE_STYLE_USAGE(.BOTH.,#9723);
#9725=PRESENTATION_STYLE_ASSIGNMENT((#9724));
#9726=STYLED_ITEM('',(#9725),#9719);
#9727=CARTESIAN_POINT('',(-2.47E1,9.E-1,1.2E1));
#9728=DIRECTION('',(0.E0,-1.E0,0.E0));
#9729=DIRECTION('',(-9.810576203544E-1,0.E0,-1.937161468347E-1));
#9730=AXIS2_PLACEMENT_3D('',#9727,#9728,#9729);
#9731=TOROIDAL_SURFACE('',#9730,4.E-1,3.E-1);
#9732=ORIENTED_EDGE('',*,*,#9509,.F.);
#9734=ORIENTED_EDGE('',*,*,#9733,.T.);
#9735=ORIENTED_EDGE('',*,*,#9712,.T.);
#9737=ORIENTED_EDGE('',*,*,#9736,.T.);
#9738=EDGE_LOOP('',(#9732,#9734,#9735,#9737));
#9739=FACE_OUTER_BOUND('',#9738,.F.);
#9741=FILL_AREA_STYLE_COLOUR('',#10);
#9742=FILL_AREA_STYLE('',(#9741));
#9743=SURFACE_STYLE_FILL_AREA(#9742);
#9744=SURFACE_SIDE_STYLE('',(#9743));
#9745=SURFACE_STYLE_USAGE(.BOTH.,#9744);
#9746=PRESENTATION_STYLE_ASSIGNMENT((#9745));
#9747=STYLED_ITEM('',(#9746),#9740);
#9748=CARTESIAN_POINT('',(-2.479606385209E1,9.E-1,1.24E1));
#9749=DIRECTION('',(1.E0,0.E0,0.E0));
#9750=DIRECTION('',(0.E0,1.E0,0.E0));
#9751=AXIS2_PLACEMENT_3D('',#9748,#9749,#9750);
#9752=CYLINDRICAL_SURFACE('',#9751,3.E-1);
#9753=ORIENTED_EDGE('',*,*,#9673,.F.);
#9754=ORIENTED_EDGE('',*,*,#9695,.T.);
#9755=ORIENTED_EDGE('',*,*,#9733,.F.);
#9756=ORIENTED_EDGE('',*,*,#9507,.T.);
#9757=EDGE_LOOP('',(#9753,#9754,#9755,#9756));
#9758=FACE_OUTER_BOUND('',#9757,.F.);
#9760=FILL_AREA_STYLE_COLOUR('',#10);
#9761=FILL_AREA_STYLE('',(#9760));
#9762=SURFACE_STYLE_FILL_AREA(#9761);
#9763=SURFACE_SIDE_STYLE('',(#9762));
#9764=SURFACE_STYLE_USAGE(.BOTH.,#9763);
#9765=PRESENTATION_STYLE_ASSIGNMENT((#9764));
#9766=STYLED_ITEM('',(#9765),#9759);
#9767=CARTESIAN_POINT('',(-2.51E1,9.E-1,-1.209606385209E1));
#9768=DIRECTION('',(0.E0,0.E0,1.E0));
#9769=DIRECTION('',(0.E0,1.E0,0.E0));
#9770=AXIS2_PLACEMENT_3D('',#9767,#9768,#9769);
#9771=CYLINDRICAL_SURFACE('',#9770,3.E-1);
#9772=ORIENTED_EDGE('',*,*,#9511,.T.);
#9773=ORIENTED_EDGE('',*,*,#9736,.F.);
#9774=ORIENTED_EDGE('',*,*,#5875,.T.);
#9776=ORIENTED_EDGE('',*,*,#9775,.F.);
#9777=EDGE_LOOP('',(#9772,#9773,#9774,#9776));
#9778=FACE_OUTER_BOUND('',#9777,.F.);
#9780=FILL_AREA_STYLE_COLOUR('',#10);
#9781=FILL_AREA_STYLE('',(#9780));
#9782=SURFACE_STYLE_FILL_AREA(#9781);
#9783=SURFACE_SIDE_STYLE('',(#9782));
#9784=SURFACE_STYLE_USAGE(.BOTH.,#9783);
#9785=PRESENTATION_STYLE_ASSIGNMENT((#9784));
#9786=STYLED_ITEM('',(#9785),#9779);
#9787=CARTESIAN_POINT('',(-2.47E1,9.E-1,-1.2E1));
#9788=DIRECTION('',(0.E0,-1.E0,0.E0));
#9789=DIRECTION('',(1.937161468347E-1,0.E0,-9.810576203544E-1));
#9790=AXIS2_PLACEMENT_3D('',#9787,#9788,#9789);
#9791=TOROIDAL_SURFACE('',#9790,4.E-1,3.E-1);
#9792=ORIENTED_EDGE('',*,*,#9513,.F.);
#9793=ORIENTED_EDGE('',*,*,#9775,.T.);
#9795=ORIENTED_EDGE('',*,*,#9794,.T.);
#9797=ORIENTED_EDGE('',*,*,#9796,.T.);
#9798=EDGE_LOOP('',(#9792,#9793,#9795,#9797));
#9799=FACE_OUTER_BOUND('',#9798,.F.);
#9801=FILL_AREA_STYLE_COLOUR('',#10);
#9802=FILL_AREA_STYLE('',(#9801));
#9803=SURFACE_STYLE_FILL_AREA(#9802);
#9804=SURFACE_SIDE_STYLE('',(#9803));
#9805=SURFACE_STYLE_USAGE(.BOTH.,#9804);
#9806=PRESENTATION_STYLE_ASSIGNMENT((#9805));
#9807=STYLED_ITEM('',(#9806),#9800);
#9808=CARTESIAN_POINT('',(-2.47E1,6.28404E0,-1.2E1));
#9809=DIRECTION('',(0.E0,-1.E0,0.E0));
#9810=DIRECTION('',(-1.E0,0.E0,0.E0));
#9811=AXIS2_PLACEMENT_3D('',#9808,#9809,#9810);
#9812=CYLINDRICAL_SURFACE('',#9811,7.E-1);
#9813=ORIENTED_EDGE('',*,*,#9794,.F.);
#9814=ORIENTED_EDGE('',*,*,#5873,.T.);
#9815=ORIENTED_EDGE('',*,*,#5904,.F.);
#9817=ORIENTED_EDGE('',*,*,#9816,.T.);
#9818=EDGE_LOOP('',(#9813,#9814,#9815,#9817));
#9819=FACE_OUTER_BOUND('',#9818,.F.);
#9821=FILL_AREA_STYLE_COLOUR('',#10);
#9822=FILL_AREA_STYLE('',(#9821));
#9823=SURFACE_STYLE_FILL_AREA(#9822);
#9824=SURFACE_SIDE_STYLE('',(#9823));
#9825=SURFACE_STYLE_USAGE(.BOTH.,#9824);
#9826=PRESENTATION_STYLE_ASSIGNMENT((#9825));
#9827=STYLED_ITEM('',(#9826),#9820);
#9828=CARTESIAN_POINT('',(2.54E1,0.E0,-1.27E1));
#9829=DIRECTION('',(0.E0,0.E0,-1.E0));
#9830=DIRECTION('',(-1.E0,0.E0,0.E0));
#9831=AXIS2_PLACEMENT_3D('',#9828,#9829,#9830);
#9832=PLANE('',#9831);
#9834=ORIENTED_EDGE('',*,*,#9833,.F.);
#9836=ORIENTED_EDGE('',*,*,#9835,.F.);
#9837=ORIENTED_EDGE('',*,*,#9816,.F.);
#9838=ORIENTED_EDGE('',*,*,#5902,.T.);
#9839=EDGE_LOOP('',(#9834,#9836,#9837,#9838));
#9840=FACE_OUTER_BOUND('',#9839,.F.);
#9842=FILL_AREA_STYLE_COLOUR('',#10);
#9843=FILL_AREA_STYLE('',(#9842));
#9844=SURFACE_STYLE_FILL_AREA(#9843);
#9845=SURFACE_SIDE_STYLE('',(#9844));
#9846=SURFACE_STYLE_USAGE(.BOTH.,#9845);
#9847=PRESENTATION_STYLE_ASSIGNMENT((#9846));
#9848=STYLED_ITEM('',(#9847),#9841);
#9849=CARTESIAN_POINT('',(-9.E0,-7.125E0,-1.155E1));
#9850=DIRECTION('',(-1.E0,0.E0,0.E0));
#9851=DIRECTION('',(0.E0,0.E0,-1.E0));
#9852=AXIS2_PLACEMENT_3D('',#9849,#9850,#9851);
#9853=PLANE('',#9852);
#9855=ORIENTED_EDGE('',*,*,#9854,.T.);
#9856=ORIENTED_EDGE('',*,*,#9517,.T.);
#9858=ORIENTED_EDGE('',*,*,#9857,.T.);
#9859=ORIENTED_EDGE('',*,*,#9833,.T.);
#9860=ORIENTED_EDGE('',*,*,#5900,.F.);
#9861=ORIENTED_EDGE('',*,*,#6533,.T.);
#9863=ORIENTED_EDGE('',*,*,#9862,.T.);
#9864=EDGE_LOOP('',(#9855,#9856,#9858,#9859,#9860,#9861,#9863));
#9865=FACE_OUTER_BOUND('',#9864,.F.);
#9867=FILL_AREA_STYLE_COLOUR('',#10);
#9868=FILL_AREA_STYLE('',(#9867));
#9869=SURFACE_STYLE_FILL_AREA(#9868);
#9870=SURFACE_SIDE_STYLE('',(#9869));
#9871=SURFACE_STYLE_USAGE(.BOTH.,#9870);
#9872=PRESENTATION_STYLE_ASSIGNMENT((#9871));
#9873=STYLED_ITEM('',(#9872),#9866);
#9874=CARTESIAN_POINT('',(-6.8E0,-7.125E0,-1.155E1));
#9875=DIRECTION('',(0.E0,0.E0,1.E0));
#9876=DIRECTION('',(-1.E0,0.E0,0.E0));
#9877=AXIS2_PLACEMENT_3D('',#9874,#9875,#9876);
#9878=PLANE('',#9877);
#9880=ORIENTED_EDGE('',*,*,#9879,.T.);
#9882=ORIENTED_EDGE('',*,*,#9881,.F.);
#9883=ORIENTED_EDGE('',*,*,#9519,.F.);
#9884=ORIENTED_EDGE('',*,*,#9854,.F.);
#9885=EDGE_LOOP('',(#9880,#9882,#9883,#9884));
#9886=FACE_OUTER_BOUND('',#9885,.F.);
#9888=FILL_AREA_STYLE_COLOUR('',#10);
#9889=FILL_AREA_STYLE('',(#9888));
#9890=SURFACE_STYLE_FILL_AREA(#9889);
#9891=SURFACE_SIDE_STYLE('',(#9890));
#9892=SURFACE_STYLE_USAGE(.BOTH.,#9891);
#9893=PRESENTATION_STYLE_ASSIGNMENT((#9892));
#9894=STYLED_ITEM('',(#9893),#9887);
#9895=CARTESIAN_POINT('',(0.E0,-5.E-1,0.E0));
#9896=DIRECTION('',(0.E0,-1.E0,0.E0));
#9897=DIRECTION('',(0.E0,0.E0,1.E0));
#9898=AXIS2_PLACEMENT_3D('',#9895,#9896,#9897);
#9899=PLANE('',#9898);
#9900=ORIENTED_EDGE('',*,*,#9879,.F.);
#9901=ORIENTED_EDGE('',*,*,#9862,.F.);
#9902=ORIENTED_EDGE('',*,*,#6531,.F.);
#9904=ORIENTED_EDGE('',*,*,#9903,.T.);
#9905=EDGE_LOOP('',(#9900,#9901,#9902,#9904));
#9906=FACE_OUTER_BOUND('',#9905,.F.);
#9908=FILL_AREA_STYLE_COLOUR('',#10);
#9909=FILL_AREA_STYLE('',(#9908));
#9910=SURFACE_STYLE_FILL_AREA(#9909);
#9911=SURFACE_SIDE_STYLE('',(#9910));
#9912=SURFACE_STYLE_USAGE(.BOTH.,#9911);
#9913=PRESENTATION_STYLE_ASSIGNMENT((#9912));
#9914=STYLED_ITEM('',(#9913),#9907);
#9915=CARTESIAN_POINT('',(-6.8E0,0.E0,-1.451249897566E1));
#9916=DIRECTION('',(1.E0,0.E0,0.E0));
#9917=DIRECTION('',(0.E0,0.E0,1.E0));
#9918=AXIS2_PLACEMENT_3D('',#9915,#9916,#9917);
#9919=PLANE('',#9918);
#9920=ORIENTED_EDGE('',*,*,#9881,.T.);
#9921=ORIENTED_EDGE('',*,*,#9903,.F.);
#9922=ORIENTED_EDGE('',*,*,#6529,.T.);
#9924=ORIENTED_EDGE('',*,*,#9923,.T.);
#9926=ORIENTED_EDGE('',*,*,#9925,.F.);
#9928=ORIENTED_EDGE('',*,*,#9927,.T.);
#9929=ORIENTED_EDGE('',*,*,#9521,.F.);
#9930=EDGE_LOOP('',(#9920,#9921,#9922,#9924,#9926,#9928,#9929));
#9931=FACE_OUTER_BOUND('',#9930,.F.);
#9933=FILL_AREA_STYLE_COLOUR('',#10);
#9934=FILL_AREA_STYLE('',(#9933));
#9935=SURFACE_STYLE_FILL_AREA(#9934);
#9936=SURFACE_SIDE_STYLE('',(#9935));
#9937=SURFACE_STYLE_USAGE(.BOTH.,#9936);
#9938=PRESENTATION_STYLE_ASSIGNMENT((#9937));
#9939=STYLED_ITEM('',(#9938),#9932);
#9940=CARTESIAN_POINT('',(0.E0,5.E-1,0.E0));
#9941=DIRECTION('',(0.E0,1.E0,0.E0));
#9942=DIRECTION('',(-1.E0,0.E0,0.E0));
#9943=AXIS2_PLACEMENT_3D('',#9940,#9941,#9942);
#9944=PLANE('',#9943);
#9946=ORIENTED_EDGE('',*,*,#9945,.F.);
#9947=ORIENTED_EDGE('',*,*,#9923,.F.);
#9948=ORIENTED_EDGE('',*,*,#6527,.T.);
#9950=ORIENTED_EDGE('',*,*,#9949,.F.);
#9951=EDGE_LOOP('',(#9946,#9947,#9948,#9950));
#9952=FACE_OUTER_BOUND('',#9951,.F.);
#9954=FILL_AREA_STYLE_COLOUR('',#10);
#9955=FILL_AREA_STYLE('',(#9954));
#9956=SURFACE_STYLE_FILL_AREA(#9955);
#9957=SURFACE_SIDE_STYLE('',(#9956));
#9958=SURFACE_STYLE_USAGE(.BOTH.,#9957);
#9959=PRESENTATION_STYLE_ASSIGNMENT((#9958));
#9960=STYLED_ITEM('',(#9959),#9953);
#9961=CARTESIAN_POINT('',(2.54E1,0.E0,-1.27E1));
#9962=DIRECTION('',(0.E0,0.E0,-1.E0));
#9963=DIRECTION('',(-1.E0,0.E0,0.E0));
#9964=AXIS2_PLACEMENT_3D('',#9961,#9962,#9963);
#9965=PLANE('',#9964);
#9966=ORIENTED_EDGE('',*,*,#9945,.T.);
#9968=ORIENTED_EDGE('',*,*,#9967,.T.);
#9970=ORIENTED_EDGE('',*,*,#9969,.F.);
#9971=ORIENTED_EDGE('',*,*,#9925,.T.);
#9972=EDGE_LOOP('',(#9966,#9968,#9970,#9971));
#9973=FACE_OUTER_BOUND('',#9972,.F.);
#9975=FILL_AREA_STYLE_COLOUR('',#10);
#9976=FILL_AREA_STYLE('',(#9975));
#9977=SURFACE_STYLE_FILL_AREA(#9976);
#9978=SURFACE_SIDE_STYLE('',(#9977));
#9979=SURFACE_STYLE_USAGE(.BOTH.,#9978);
#9980=PRESENTATION_STYLE_ASSIGNMENT((#9979));
#9981=STYLED_ITEM('',(#9980),#9974);
#9982=CARTESIAN_POINT('',(6.8E0,0.E0,-1.205E1));
#9983=DIRECTION('',(-1.E0,0.E0,0.E0));
#9984=DIRECTION('',(0.E0,0.E0,-1.E0));
#9985=AXIS2_PLACEMENT_3D('',#9982,#9983,#9984);
#9986=PLANE('',#9985);
#9988=ORIENTED_EDGE('',*,*,#9987,.T.);
#9989=ORIENTED_EDGE('',*,*,#9525,.T.);
#9991=ORIENTED_EDGE('',*,*,#9990,.T.);
#9992=ORIENTED_EDGE('',*,*,#9967,.F.);
#9993=ORIENTED_EDGE('',*,*,#9949,.T.);
#9994=ORIENTED_EDGE('',*,*,#6525,.T.);
#9996=ORIENTED_EDGE('',*,*,#9995,.T.);
#9997=EDGE_LOOP('',(#9988,#9989,#9991,#9992,#9993,#9994,#9996));
#9998=FACE_OUTER_BOUND('',#9997,.F.);
#10000=FILL_AREA_STYLE_COLOUR('',#10);
#10001=FILL_AREA_STYLE('',(#10000));
#10002=SURFACE_STYLE_FILL_AREA(#10001);
#10003=SURFACE_SIDE_STYLE('',(#10002));
#10004=SURFACE_STYLE_USAGE(.BOTH.,#10003);
#10005=PRESENTATION_STYLE_ASSIGNMENT((#10004));
#10006=STYLED_ITEM('',(#10005),#9999);
#10007=CARTESIAN_POINT('',(9.E0,-7.125E0,-1.155E1));
#10008=DIRECTION('',(0.E0,0.E0,1.E0));
#10009=DIRECTION('',(-1.E0,0.E0,0.E0));
#10010=AXIS2_PLACEMENT_3D('',#10007,#10008,#10009);
#10011=PLANE('',#10010);
#10013=ORIENTED_EDGE('',*,*,#10012,.T.);
#10015=ORIENTED_EDGE('',*,*,#10014,.F.);
#10016=ORIENTED_EDGE('',*,*,#9527,.F.);
#10017=ORIENTED_EDGE('',*,*,#9987,.F.);
#10018=EDGE_LOOP('',(#10013,#10015,#10016,#10017));
#10019=FACE_OUTER_BOUND('',#10018,.F.);
#10021=FILL_AREA_STYLE_COLOUR('',#10);
#10022=FILL_AREA_STYLE('',(#10021));
#10023=SURFACE_STYLE_FILL_AREA(#10022);
#10024=SURFACE_SIDE_STYLE('',(#10023));
#10025=SURFACE_STYLE_USAGE(.BOTH.,#10024);
#10026=PRESENTATION_STYLE_ASSIGNMENT((#10025));
#10027=STYLED_ITEM('',(#10026),#10020);
#10028=CARTESIAN_POINT('',(0.E0,-5.E-1,0.E0));
#10029=DIRECTION('',(0.E0,-1.E0,0.E0));
#10030=DIRECTION('',(0.E0,0.E0,1.E0));
#10031=AXIS2_PLACEMENT_3D('',#10028,#10029,#10030);
#10032=PLANE('',#10031);
#10033=ORIENTED_EDGE('',*,*,#10012,.F.);
#10034=ORIENTED_EDGE('',*,*,#9995,.F.);
#10035=ORIENTED_EDGE('',*,*,#6523,.F.);
#10037=ORIENTED_EDGE('',*,*,#10036,.T.);
#10038=EDGE_LOOP('',(#10033,#10034,#10035,#10037));
#10039=FACE_OUTER_BOUND('',#10038,.F.);
#10041=FILL_AREA_STYLE_COLOUR('',#10);
#10042=FILL_AREA_STYLE('',(#10041));
#10043=SURFACE_STYLE_FILL_AREA(#10042);
#10044=SURFACE_SIDE_STYLE('',(#10043));
#10045=SURFACE_STYLE_USAGE(.BOTH.,#10044);
#10046=PRESENTATION_STYLE_ASSIGNMENT((#10045));
#10047=STYLED_ITEM('',(#10046),#10040);
#10048=CARTESIAN_POINT('',(9.E0,-7.125E0,-1.337446179554E1));
#10049=DIRECTION('',(1.E0,0.E0,0.E0));
#10050=DIRECTION('',(0.E0,0.E0,1.E0));
#10051=AXIS2_PLACEMENT_3D('',#10048,#10049,#10050);
#10052=PLANE('',#10051);
#10053=ORIENTED_EDGE('',*,*,#10014,.T.);
#10054=ORIENTED_EDGE('',*,*,#10036,.F.);
#10055=ORIENTED_EDGE('',*,*,#6521,.F.);
#10056=ORIENTED_EDGE('',*,*,#6331,.T.);
#10058=ORIENTED_EDGE('',*,*,#10057,.F.);
#10060=ORIENTED_EDGE('',*,*,#10059,.T.);
#10061=ORIENTED_EDGE('',*,*,#9529,.F.);
#10062=EDGE_LOOP('',(#10053,#10054,#10055,#10056,#10058,#10060,#10061));
#10063=FACE_OUTER_BOUND('',#10062,.F.);
#10065=FILL_AREA_STYLE_COLOUR('',#10);
#10066=FILL_AREA_STYLE('',(#10065));
#10067=SURFACE_STYLE_FILL_AREA(#10066);
#10068=SURFACE_SIDE_STYLE('',(#10067));
#10069=SURFACE_STYLE_USAGE(.BOTH.,#10068);
#10070=PRESENTATION_STYLE_ASSIGNMENT((#10069));
#10071=STYLED_ITEM('',(#10070),#10064);
#10072=CARTESIAN_POINT('',(2.54E1,0.E0,-1.27E1));
#10073=DIRECTION('',(0.E0,0.E0,-1.E0));
#10074=DIRECTION('',(-1.E0,0.E0,0.E0));
#10075=AXIS2_PLACEMENT_3D('',#10072,#10073,#10074);
#10076=PLANE('',#10075);
#10077=ORIENTED_EDGE('',*,*,#10057,.T.);
#10078=ORIENTED_EDGE('',*,*,#6329,.T.);
#10080=ORIENTED_EDGE('',*,*,#10079,.F.);
#10082=ORIENTED_EDGE('',*,*,#10081,.F.);
#10083=EDGE_LOOP('',(#10077,#10078,#10080,#10082));
#10084=FACE_OUTER_BOUND('',#10083,.F.);
#10086=FILL_AREA_STYLE_COLOUR('',#10);
#10087=FILL_AREA_STYLE('',(#10086));
#10088=SURFACE_STYLE_FILL_AREA(#10087);
#10089=SURFACE_SIDE_STYLE('',(#10088));
#10090=SURFACE_STYLE_USAGE(.BOTH.,#10089);
#10091=PRESENTATION_STYLE_ASSIGNMENT((#10090));
#10092=STYLED_ITEM('',(#10091),#10085);
#10093=CARTESIAN_POINT('',(2.47E1,6.28404E0,-1.2E1));
#10094=DIRECTION('',(0.E0,-1.E0,0.E0));
#10095=DIRECTION('',(0.E0,0.E0,-1.E0));
#10096=AXIS2_PLACEMENT_3D('',#10093,#10094,#10095);
#10097=CYLINDRICAL_SURFACE('',#10096,7.E-1);
#10099=ORIENTED_EDGE('',*,*,#10098,.F.);
#10100=ORIENTED_EDGE('',*,*,#10079,.T.);
#10101=ORIENTED_EDGE('',*,*,#6327,.F.);
#10103=ORIENTED_EDGE('',*,*,#10102,.T.);
#10104=EDGE_LOOP('',(#10099,#10100,#10101,#10103));
#10105=FACE_OUTER_BOUND('',#10104,.F.);
#10107=FILL_AREA_STYLE_COLOUR('',#10);
#10108=FILL_AREA_STYLE('',(#10107));
#10109=SURFACE_STYLE_FILL_AREA(#10108);
#10110=SURFACE_SIDE_STYLE('',(#10109));
#10111=SURFACE_STYLE_USAGE(.BOTH.,#10110);
#10112=PRESENTATION_STYLE_ASSIGNMENT((#10111));
#10113=STYLED_ITEM('',(#10112),#10106);
#10114=CARTESIAN_POINT('',(2.47E1,9.E-1,-1.2E1));
#10115=DIRECTION('',(0.E0,-1.E0,0.E0));
#10116=DIRECTION('',(9.810576203544E-1,0.E0,1.937161468347E-1));
#10117=AXIS2_PLACEMENT_3D('',#10114,#10115,#10116);
#10118=TOROIDAL_SURFACE('',#10117,4.E-1,3.E-1);
#10119=ORIENTED_EDGE('',*,*,#9533,.F.);
#10121=ORIENTED_EDGE('',*,*,#10120,.T.);
#10122=ORIENTED_EDGE('',*,*,#10098,.T.);
#10124=ORIENTED_EDGE('',*,*,#10123,.T.);
#10125=EDGE_LOOP('',(#10119,#10121,#10122,#10124));
#10126=FACE_OUTER_BOUND('',#10125,.F.);
#10128=FILL_AREA_STYLE_COLOUR('',#10);
#10129=FILL_AREA_STYLE('',(#10128));
#10130=SURFACE_STYLE_FILL_AREA(#10129);
#10131=SURFACE_SIDE_STYLE('',(#10130));
#10132=SURFACE_STYLE_USAGE(.BOTH.,#10131);
#10133=PRESENTATION_STYLE_ASSIGNMENT((#10132));
#10134=STYLED_ITEM('',(#10133),#10127);
#10135=CARTESIAN_POINT('',(2.479606385209E1,9.E-1,-1.24E1));
#10136=DIRECTION('',(-1.E0,0.E0,0.E0));
#10137=DIRECTION('',(0.E0,1.E0,0.E0));
#10138=AXIS2_PLACEMENT_3D('',#10135,#10136,#10137);
#10139=CYLINDRICAL_SURFACE('',#10138,3.E-1);
#10140=ORIENTED_EDGE('',*,*,#10059,.F.);
#10141=ORIENTED_EDGE('',*,*,#10081,.T.);
#10142=ORIENTED_EDGE('',*,*,#10120,.F.);
#10143=ORIENTED_EDGE('',*,*,#9531,.T.);
#10144=EDGE_LOOP('',(#10140,#10141,#10142,#10143));
#10145=FACE_OUTER_BOUND('',#10144,.F.);
#10147=FILL_AREA_STYLE_COLOUR('',#10);
#10148=FILL_AREA_STYLE('',(#10147));
#10149=SURFACE_STYLE_FILL_AREA(#10148);
#10150=SURFACE_SIDE_STYLE('',(#10149));
#10151=SURFACE_STYLE_USAGE(.BOTH.,#10150);
#10152=PRESENTATION_STYLE_ASSIGNMENT((#10151));
#10153=STYLED_ITEM('',(#10152),#10146);
#10154=CARTESIAN_POINT('',(2.51E1,9.E-1,1.209606385209E1));
#10155=DIRECTION('',(0.E0,0.E0,-1.E0));
#10156=DIRECTION('',(0.E0,1.E0,0.E0));
#10157=AXIS2_PLACEMENT_3D('',#10154,#10155,#10156);
#10158=CYLINDRICAL_SURFACE('',#10157,3.E-1);
#10159=ORIENTED_EDGE('',*,*,#9535,.T.);
#10160=ORIENTED_EDGE('',*,*,#10123,.F.);
#10162=ORIENTED_EDGE('',*,*,#10161,.T.);
#10164=ORIENTED_EDGE('',*,*,#10163,.F.);
#10165=EDGE_LOOP('',(#10159,#10160,#10162,#10164));
#10166=FACE_OUTER_BOUND('',#10165,.F.);
#10168=FILL_AREA_STYLE_COLOUR('',#10);
#10169=FILL_AREA_STYLE('',(#10168));
#10170=SURFACE_STYLE_FILL_AREA(#10169);
#10171=SURFACE_SIDE_STYLE('',(#10170));
#10172=SURFACE_STYLE_USAGE(.BOTH.,#10171);
#10173=PRESENTATION_STYLE_ASSIGNMENT((#10172));
#10174=STYLED_ITEM('',(#10173),#10167);
#10175=CARTESIAN_POINT('',(2.54E1,0.E0,1.27E1));
#10176=DIRECTION('',(1.E0,0.E0,0.E0));
#10177=DIRECTION('',(0.E0,0.E0,-1.E0));
#10178=AXIS2_PLACEMENT_3D('',#10175,#10176,#10177);
#10179=PLANE('',#10178);
#10180=ORIENTED_EDGE('',*,*,#6325,.T.);
#10182=ORIENTED_EDGE('',*,*,#10181,.F.);
#10183=ORIENTED_EDGE('',*,*,#10161,.F.);
#10184=ORIENTED_EDGE('',*,*,#10102,.F.);
#10185=EDGE_LOOP('',(#10180,#10182,#10183,#10184));
#10186=FACE_OUTER_BOUND('',#10185,.F.);
#10188=FILL_AREA_STYLE_COLOUR('',#10);
#10189=FILL_AREA_STYLE('',(#10188));
#10190=SURFACE_STYLE_FILL_AREA(#10189);
#10191=SURFACE_SIDE_STYLE('',(#10190));
#10192=SURFACE_STYLE_USAGE(.BOTH.,#10191);
#10193=PRESENTATION_STYLE_ASSIGNMENT((#10192));
#10194=STYLED_ITEM('',(#10193),#10187);
#10195=CARTESIAN_POINT('',(2.47E1,6.28404E0,1.2E1));
#10196=DIRECTION('',(0.E0,-1.E0,0.E0));
#10197=DIRECTION('',(1.E0,0.E0,0.E0));
#10198=AXIS2_PLACEMENT_3D('',#10195,#10196,#10197);
#10199=CYLINDRICAL_SURFACE('',#10198,7.E-1);
#10201=ORIENTED_EDGE('',*,*,#10200,.F.);
#10202=ORIENTED_EDGE('',*,*,#10181,.T.);
#10203=ORIENTED_EDGE('',*,*,#6323,.F.);
#10205=ORIENTED_EDGE('',*,*,#10204,.T.);
#10206=EDGE_LOOP('',(#10201,#10202,#10203,#10205));
#10207=FACE_OUTER_BOUND('',#10206,.F.);
#10209=FILL_AREA_STYLE_COLOUR('',#10);
#10210=FILL_AREA_STYLE('',(#10209));
#10211=SURFACE_STYLE_FILL_AREA(#10210);
#10212=SURFACE_SIDE_STYLE('',(#10211));
#10213=SURFACE_STYLE_USAGE(.BOTH.,#10212);
#10214=PRESENTATION_STYLE_ASSIGNMENT((#10213));
#10215=STYLED_ITEM('',(#10214),#10208);
#10216=CARTESIAN_POINT('',(2.47E1,9.E-1,1.2E1));
#10217=DIRECTION('',(0.E0,-1.E0,0.E0));
#10218=DIRECTION('',(-1.937161468347E-1,0.E0,9.810576203544E-1));
#10219=AXIS2_PLACEMENT_3D('',#10216,#10217,#10218);
#10220=TOROIDAL_SURFACE('',#10219,4.E-1,3.E-1);
#10221=ORIENTED_EDGE('',*,*,#9537,.F.);
#10222=ORIENTED_EDGE('',*,*,#10163,.T.);
#10223=ORIENTED_EDGE('',*,*,#10200,.T.);
#10225=ORIENTED_EDGE('',*,*,#10224,.T.);
#10226=EDGE_LOOP('',(#10221,#10222,#10223,#10225));
#10227=FACE_OUTER_BOUND('',#10226,.F.);
#10229=FILL_AREA_STYLE_COLOUR('',#10);
#10230=FILL_AREA_STYLE('',(#10229));
#10231=SURFACE_STYLE_FILL_AREA(#10230);
#10232=SURFACE_SIDE_STYLE('',(#10231));
#10233=SURFACE_STYLE_USAGE(.BOTH.,#10232);
#10234=PRESENTATION_STYLE_ASSIGNMENT((#10233));
#10235=STYLED_ITEM('',(#10234),#10228);
#10236=CARTESIAN_POINT('',(-2.479606385209E1,9.E-1,1.24E1));
#10237=DIRECTION('',(1.E0,0.E0,0.E0));
#10238=DIRECTION('',(0.E0,1.E0,0.E0));
#10239=AXIS2_PLACEMENT_3D('',#10236,#10237,#10238);
#10240=CYLINDRICAL_SURFACE('',#10239,3.E-1);
#10242=ORIENTED_EDGE('',*,*,#10241,.F.);
#10243=ORIENTED_EDGE('',*,*,#9539,.T.);
#10244=ORIENTED_EDGE('',*,*,#10224,.F.);
#10246=ORIENTED_EDGE('',*,*,#10245,.T.);
#10247=EDGE_LOOP('',(#10242,#10243,#10244,#10246));
#10248=FACE_OUTER_BOUND('',#10247,.F.);
#10250=FILL_AREA_STYLE_COLOUR('',#10);
#10251=FILL_AREA_STYLE('',(#10250));
#10252=SURFACE_STYLE_FILL_AREA(#10251);
#10253=SURFACE_SIDE_STYLE('',(#10252));
#10254=SURFACE_STYLE_USAGE(.BOTH.,#10253);
#10255=PRESENTATION_STYLE_ASSIGNMENT((#10254));
#10256=STYLED_ITEM('',(#10255),#10249);
#10257=CARTESIAN_POINT('',(9.E0,-7.125E0,1.155E1));
#10258=DIRECTION('',(1.E0,0.E0,0.E0));
#10259=DIRECTION('',(0.E0,0.E0,1.E0));
#10260=AXIS2_PLACEMENT_3D('',#10257,#10258,#10259);
#10261=PLANE('',#10260);
#10263=ORIENTED_EDGE('',*,*,#10262,.T.);
#10264=ORIENTED_EDGE('',*,*,#9541,.T.);
#10265=ORIENTED_EDGE('',*,*,#10241,.T.);
#10267=ORIENTED_EDGE('',*,*,#10266,.T.);
#10268=ORIENTED_EDGE('',*,*,#6319,.F.);
#10269=ORIENTED_EDGE('',*,*,#6185,.T.);
#10271=ORIENTED_EDGE('',*,*,#10270,.T.);
#10272=EDGE_LOOP('',(#10263,#10264,#10265,#10267,#10268,#10269,#10271));
#10273=FACE_OUTER_BOUND('',#10272,.F.);
#10275=FILL_AREA_STYLE_COLOUR('',#10);
#10276=FILL_AREA_STYLE('',(#10275));
#10277=SURFACE_STYLE_FILL_AREA(#10276);
#10278=SURFACE_SIDE_STYLE('',(#10277));
#10279=SURFACE_STYLE_USAGE(.BOTH.,#10278);
#10280=PRESENTATION_STYLE_ASSIGNMENT((#10279));
#10281=STYLED_ITEM('',(#10280),#10274);
#10282=CARTESIAN_POINT('',(6.8E0,-7.125E0,1.155E1));
#10283=DIRECTION('',(0.E0,0.E0,-1.E0));
#10284=DIRECTION('',(1.E0,0.E0,0.E0));
#10285=AXIS2_PLACEMENT_3D('',#10282,#10283,#10284);
#10286=PLANE('',#10285);
#10288=ORIENTED_EDGE('',*,*,#10287,.T.);
#10290=ORIENTED_EDGE('',*,*,#10289,.F.);
#10291=ORIENTED_EDGE('',*,*,#9543,.F.);
#10292=ORIENTED_EDGE('',*,*,#10262,.F.);
#10293=EDGE_LOOP('',(#10288,#10290,#10291,#10292));
#10294=FACE_OUTER_BOUND('',#10293,.F.);
#10296=FILL_AREA_STYLE_COLOUR('',#10);
#10297=FILL_AREA_STYLE('',(#10296));
#10298=SURFACE_STYLE_FILL_AREA(#10297);
#10299=SURFACE_SIDE_STYLE('',(#10298));
#10300=SURFACE_STYLE_USAGE(.BOTH.,#10299);
#10301=PRESENTATION_STYLE_ASSIGNMENT((#10300));
#10302=STYLED_ITEM('',(#10301),#10295);
#10303=CARTESIAN_POINT('',(0.E0,-5.E-1,0.E0));
#10304=DIRECTION('',(0.E0,-1.E0,0.E0));
#10305=DIRECTION('',(0.E0,0.E0,1.E0));
#10306=AXIS2_PLACEMENT_3D('',#10303,#10304,#10305);
#10307=PLANE('',#10306);
#10308=ORIENTED_EDGE('',*,*,#10287,.F.);
#10309=ORIENTED_EDGE('',*,*,#10270,.F.);
#10310=ORIENTED_EDGE('',*,*,#6183,.F.);
#10312=ORIENTED_EDGE('',*,*,#10311,.T.);
#10313=EDGE_LOOP('',(#10308,#10309,#10310,#10312));
#10314=FACE_OUTER_BOUND('',#10313,.F.);
#10316=FILL_AREA_STYLE_COLOUR('',#10);
#10317=FILL_AREA_STYLE('',(#10316));
#10318=SURFACE_STYLE_FILL_AREA(#10317);
#10319=SURFACE_SIDE_STYLE('',(#10318));
#10320=SURFACE_STYLE_USAGE(.BOTH.,#10319);
#10321=PRESENTATION_STYLE_ASSIGNMENT((#10320));
#10322=STYLED_ITEM('',(#10321),#10315);
#10323=CARTESIAN_POINT('',(6.8E0,0.E0,1.451249897566E1));
#10324=DIRECTION('',(-1.E0,0.E0,0.E0));
#10325=DIRECTION('',(0.E0,0.E0,-1.E0));
#10326=AXIS2_PLACEMENT_3D('',#10323,#10324,#10325);
#10327=PLANE('',#10326);
#10328=ORIENTED_EDGE('',*,*,#10289,.T.);
#10329=ORIENTED_EDGE('',*,*,#10311,.F.);
#10330=ORIENTED_EDGE('',*,*,#6181,.T.);
#10332=ORIENTED_EDGE('',*,*,#10331,.T.);
#10334=ORIENTED_EDGE('',*,*,#10333,.F.);
#10336=ORIENTED_EDGE('',*,*,#10335,.T.);
#10337=ORIENTED_EDGE('',*,*,#9545,.F.);
#10338=EDGE_LOOP('',(#10328,#10329,#10330,#10332,#10334,#10336,#10337));
#10339=FACE_OUTER_BOUND('',#10338,.F.);
#10341=FILL_AREA_STYLE_COLOUR('',#10);
#10342=FILL_AREA_STYLE('',(#10341));
#10343=SURFACE_STYLE_FILL_AREA(#10342);
#10344=SURFACE_SIDE_STYLE('',(#10343));
#10345=SURFACE_STYLE_USAGE(.BOTH.,#10344);
#10346=PRESENTATION_STYLE_ASSIGNMENT((#10345));
#10347=STYLED_ITEM('',(#10346),#10340);
#10348=CARTESIAN_POINT('',(0.E0,5.E-1,0.E0));
#10349=DIRECTION('',(0.E0,1.E0,0.E0));
#10350=DIRECTION('',(-1.E0,0.E0,0.E0));
#10351=AXIS2_PLACEMENT_3D('',#10348,#10349,#10350);
#10352=PLANE('',#10351);
#10354=ORIENTED_EDGE('',*,*,#10353,.T.);
#10355=ORIENTED_EDGE('',*,*,#10331,.F.);
#10356=ORIENTED_EDGE('',*,*,#6179,.T.);
#10357=ORIENTED_EDGE('',*,*,#9606,.F.);
#10358=EDGE_LOOP('',(#10354,#10355,#10356,#10357));
#10359=FACE_OUTER_BOUND('',#10358,.F.);
#10361=FILL_AREA_STYLE_COLOUR('',#10);
#10362=FILL_AREA_STYLE('',(#10361));
#10363=SURFACE_STYLE_FILL_AREA(#10362);
#10364=SURFACE_SIDE_STYLE('',(#10363));
#10365=SURFACE_STYLE_USAGE(.BOTH.,#10364);
#10366=PRESENTATION_STYLE_ASSIGNMENT((#10365));
#10367=STYLED_ITEM('',(#10366),#10360);
#10368=CARTESIAN_POINT('',(-2.54E1,0.E0,1.27E1));
#10369=DIRECTION('',(0.E0,0.E0,1.E0));
#10370=DIRECTION('',(1.E0,0.E0,0.E0));
#10371=AXIS2_PLACEMENT_3D('',#10368,#10369,#10370);
#10372=PLANE('',#10371);
#10373=ORIENTED_EDGE('',*,*,#10353,.F.);
#10374=ORIENTED_EDGE('',*,*,#9604,.T.);
#10376=ORIENTED_EDGE('',*,*,#10375,.F.);
#10377=ORIENTED_EDGE('',*,*,#10333,.T.);
#10378=EDGE_LOOP('',(#10373,#10374,#10376,#10377));
#10379=FACE_OUTER_BOUND('',#10378,.F.);
#10381=FILL_AREA_STYLE_COLOUR('',#10);
#10382=FILL_AREA_STYLE('',(#10381));
#10383=SURFACE_STYLE_FILL_AREA(#10382);
#10384=SURFACE_SIDE_STYLE('',(#10383));
#10385=SURFACE_STYLE_USAGE(.BOTH.,#10384);
#10386=PRESENTATION_STYLE_ASSIGNMENT((#10385));
#10387=STYLED_ITEM('',(#10386),#10380);
#10388=CARTESIAN_POINT('',(-2.479606385209E1,9.E-1,1.24E1));
#10389=DIRECTION('',(1.E0,0.E0,0.E0));
#10390=DIRECTION('',(0.E0,1.E0,0.E0));
#10391=AXIS2_PLACEMENT_3D('',#10388,#10389,#10390);
#10392=CYLINDRICAL_SURFACE('',#10391,3.E-1);
#10393=ORIENTED_EDGE('',*,*,#9602,.F.);
#10394=ORIENTED_EDGE('',*,*,#9547,.T.);
#10395=ORIENTED_EDGE('',*,*,#10335,.F.);
#10396=ORIENTED_EDGE('',*,*,#10375,.T.);
#10397=EDGE_LOOP('',(#10393,#10394,#10395,#10396));
#10398=FACE_OUTER_BOUND('',#10397,.F.);
#10400=FILL_AREA_STYLE_COLOUR('',#10);
#10401=FILL_AREA_STYLE('',(#10400));
#10402=SURFACE_STYLE_FILL_AREA(#10401);
#10403=SURFACE_SIDE_STYLE('',(#10402));
#10404=SURFACE_STYLE_USAGE(.BOTH.,#10403);
#10405=PRESENTATION_STYLE_ASSIGNMENT((#10404));
#10406=STYLED_ITEM('',(#10405),#10399);
#10407=CARTESIAN_POINT('',(-2.54E1,0.E0,1.27E1));
#10408=DIRECTION('',(0.E0,0.E0,1.E0));
#10409=DIRECTION('',(1.E0,0.E0,0.E0));
#10410=AXIS2_PLACEMENT_3D('',#10407,#10408,#10409);
#10411=PLANE('',#10410);
#10412=ORIENTED_EDGE('',*,*,#10266,.F.);
#10413=ORIENTED_EDGE('',*,*,#10245,.F.);
#10414=ORIENTED_EDGE('',*,*,#10204,.F.);
#10415=ORIENTED_EDGE('',*,*,#6321,.T.);
#10416=EDGE_LOOP('',(#10412,#10413,#10414,#10415));
#10417=FACE_OUTER_BOUND('',#10416,.F.);
#10419=FILL_AREA_STYLE_COLOUR('',#10);
#10420=FILL_AREA_STYLE('',(#10419));
#10421=SURFACE_STYLE_FILL_AREA(#10420);
#10422=SURFACE_SIDE_STYLE('',(#10421));
#10423=SURFACE_STYLE_USAGE(.BOTH.,#10422);
#10424=PRESENTATION_STYLE_ASSIGNMENT((#10423));
#10425=STYLED_ITEM('',(#10424),#10418);
#10426=CARTESIAN_POINT('',(2.479606385209E1,9.E-1,-1.24E1));
#10427=DIRECTION('',(-1.E0,0.E0,0.E0));
#10428=DIRECTION('',(0.E0,1.E0,0.E0));
#10429=AXIS2_PLACEMENT_3D('',#10426,#10427,#10428);
#10430=CYLINDRICAL_SURFACE('',#10429,3.E-1);
#10431=ORIENTED_EDGE('',*,*,#9927,.F.);
#10432=ORIENTED_EDGE('',*,*,#9969,.T.);
#10433=ORIENTED_EDGE('',*,*,#9990,.F.);
#10434=ORIENTED_EDGE('',*,*,#9523,.T.);
#10435=EDGE_LOOP('',(#10431,#10432,#10433,#10434));
#10436=FACE_OUTER_BOUND('',#10435,.F.);
#10438=FILL_AREA_STYLE_COLOUR('',#10);
#10439=FILL_AREA_STYLE('',(#10438));
#10440=SURFACE_STYLE_FILL_AREA(#10439);
#10441=SURFACE_SIDE_STYLE('',(#10440));
#10442=SURFACE_STYLE_USAGE(.BOTH.,#10441);
#10443=PRESENTATION_STYLE_ASSIGNMENT((#10442));
#10444=STYLED_ITEM('',(#10443),#10437);
#10445=CARTESIAN_POINT('',(2.479606385209E1,9.E-1,-1.24E1));
#10446=DIRECTION('',(-1.E0,0.E0,0.E0));
#10447=DIRECTION('',(0.E0,1.E0,0.E0));
#10448=AXIS2_PLACEMENT_3D('',#10445,#10446,#10447);
#10449=CYLINDRICAL_SURFACE('',#10448,3.E-1);
#10450=ORIENTED_EDGE('',*,*,#9857,.F.);
#10451=ORIENTED_EDGE('',*,*,#9515,.T.);
#10452=ORIENTED_EDGE('',*,*,#9796,.F.);
#10453=ORIENTED_EDGE('',*,*,#9835,.T.);
#10454=EDGE_LOOP('',(#10450,#10451,#10452,#10453));
#10455=FACE_OUTER_BOUND('',#10454,.F.);
#10457=FILL_AREA_STYLE_COLOUR('',#10);
#10458=FILL_AREA_STYLE('',(#10457));
#10459=SURFACE_STYLE_FILL_AREA(#10458);
#10460=SURFACE_SIDE_STYLE('',(#10459));
#10461=SURFACE_STYLE_USAGE(.BOTH.,#10460);
#10462=PRESENTATION_STYLE_ASSIGNMENT((#10461));
#10463=STYLED_ITEM('',(#10462),#10456);
#10464=CARTESIAN_POINT('',(2.286E1,0.E0,-1.016E1));
#10465=DIRECTION('',(0.E0,-1.E0,0.E0));
#10466=DIRECTION('',(-1.E0,0.E0,0.E0));
#10467=AXIS2_PLACEMENT_3D('',#10464,#10465,#10466);
#10468=CYLINDRICAL_SURFACE('',#10467,5.25E-1);
#10469=ORIENTED_EDGE('',*,*,#9551,.F.);
#10471=ORIENTED_EDGE('',*,*,#10470,.T.);
#10473=ORIENTED_EDGE('',*,*,#10472,.F.);
#10475=ORIENTED_EDGE('',*,*,#10474,.F.);
#10476=EDGE_LOOP('',(#10469,#10471,#10473,#10475));
#10477=FACE_OUTER_BOUND('',#10476,.F.);
#10479=FILL_AREA_STYLE_COLOUR('',#10);
#10480=FILL_AREA_STYLE('',(#10479));
#10481=SURFACE_STYLE_FILL_AREA(#10480);
#10482=SURFACE_SIDE_STYLE('',(#10481));
#10483=SURFACE_STYLE_USAGE(.BOTH.,#10482);
#10484=PRESENTATION_STYLE_ASSIGNMENT((#10483));
#10485=STYLED_ITEM('',(#10484),#10478);
#10486=CARTESIAN_POINT('',(2.286E1,0.E0,-1.016E1));
#10487=DIRECTION('',(0.E0,-1.E0,0.E0));
#10488=DIRECTION('',(-1.E0,0.E0,0.E0));
#10489=AXIS2_PLACEMENT_3D('',#10486,#10487,#10488);
#10490=CYLINDRICAL_SURFACE('',#10489,5.25E-1);
#10491=ORIENTED_EDGE('',*,*,#9553,.F.);
#10492=ORIENTED_EDGE('',*,*,#10474,.T.);
#10494=ORIENTED_EDGE('',*,*,#10493,.F.);
#10495=ORIENTED_EDGE('',*,*,#10470,.F.);
#10496=EDGE_LOOP('',(#10491,#10492,#10494,#10495));
#10497=FACE_OUTER_BOUND('',#10496,.F.);
#10499=FILL_AREA_STYLE_COLOUR('',#10);
#10500=FILL_AREA_STYLE('',(#10499));
#10501=SURFACE_STYLE_FILL_AREA(#10500);
#10502=SURFACE_SIDE_STYLE('',(#10501));
#10503=SURFACE_STYLE_USAGE(.BOTH.,#10502);
#10504=PRESENTATION_STYLE_ASSIGNMENT((#10503));
#10505=STYLED_ITEM('',(#10504),#10498);
#10506=CARTESIAN_POINT('',(0.E0,7.E-1,0.E0));
#10507=DIRECTION('',(0.E0,1.E0,0.E0));
#10508=DIRECTION('',(1.E0,0.E0,0.E0));
#10509=AXIS2_PLACEMENT_3D('',#10506,#10507,#10508);
#10510=PLANE('',#10509);
#10512=ORIENTED_EDGE('',*,*,#10511,.T.);
#10514=ORIENTED_EDGE('',*,*,#10513,.T.);
#10516=ORIENTED_EDGE('',*,*,#10515,.T.);
#10518=ORIENTED_EDGE('',*,*,#10517,.T.);
#10519=EDGE_LOOP('',(#10512,#10514,#10516,#10518));
#10520=FACE_OUTER_BOUND('',#10519,.F.);
#10521=ORIENTED_EDGE('',*,*,#10472,.T.);
#10522=ORIENTED_EDGE('',*,*,#10493,.T.);
#10523=EDGE_LOOP('',(#10521,#10522));
#10524=FACE_BOUND('',#10523,.F.);
#10526=FILL_AREA_STYLE_COLOUR('',#10);
#10527=FILL_AREA_STYLE('',(#10526));
#10528=SURFACE_STYLE_FILL_AREA(#10527);
#10529=SURFACE_SIDE_STYLE('',(#10528));
#10530=SURFACE_STYLE_USAGE(.BOTH.,#10529);
#10531=PRESENTATION_STYLE_ASSIGNMENT((#10530));
#10532=STYLED_ITEM('',(#10531),#10525);
#10533=CARTESIAN_POINT('',(2.286E1,3.5E-1,-1.016E1));
#10534=DIRECTION('',(0.E0,-1.E0,0.E0));
#10535=DIRECTION('',(0.E0,0.E0,-1.E0));
#10536=AXIS2_PLACEMENT_3D('',#10533,#10534,#10535);
#10537=CONICAL_SURFACE('',#10536,5.861111111111E-1,6.340191745910E0);
#10538=ORIENTED_EDGE('',*,*,#10513,.F.);
#10539=ORIENTED_EDGE('',*,*,#10511,.F.);
#10541=ORIENTED_EDGE('',*,*,#10540,.T.);
#10542=ORIENTED_EDGE('',*,*,#7423,.F.);
#10543=ORIENTED_EDGE('',*,*,#7421,.F.);
#10545=ORIENTED_EDGE('',*,*,#10544,.F.);
#10546=EDGE_LOOP('',(#10538,#10539,#10541,#10542,#10543,#10545));
#10547=FACE_OUTER_BOUND('',#10546,.F.);
#10549=FILL_AREA_STYLE_COLOUR('',#10);
#10550=FILL_AREA_STYLE('',(#10549));
#10551=SURFACE_STYLE_FILL_AREA(#10550);
#10552=SURFACE_SIDE_STYLE('',(#10551));
#10553=SURFACE_STYLE_USAGE(.BOTH.,#10552);
#10554=PRESENTATION_STYLE_ASSIGNMENT((#10553));
#10555=STYLED_ITEM('',(#10554),#10548);
#10556=CARTESIAN_POINT('',(2.286E1,3.5E-1,-1.016E1));
#10557=DIRECTION('',(0.E0,-1.E0,0.E0));
#10558=DIRECTION('',(0.E0,0.E0,-1.E0));
#10559=AXIS2_PLACEMENT_3D('',#10556,#10557,#10558);
#10560=CONICAL_SURFACE('',#10559,5.861111111111E-1,6.340191745910E0);
#10561=ORIENTED_EDGE('',*,*,#10517,.F.);
#10562=ORIENTED_EDGE('',*,*,#10515,.F.);
#10563=ORIENTED_EDGE('',*,*,#10544,.T.);
#10564=ORIENTED_EDGE('',*,*,#7419,.F.);
#10565=ORIENTED_EDGE('',*,*,#7417,.F.);
#10566=ORIENTED_EDGE('',*,*,#10540,.F.);
#10567=EDGE_LOOP('',(#10561,#10562,#10563,#10564,#10565,#10566));
#10568=FACE_OUTER_BOUND('',#10567,.F.);
#10570=FILL_AREA_STYLE_COLOUR('',#10);
#10571=FILL_AREA_STYLE('',(#10570));
#10572=SURFACE_STYLE_FILL_AREA(#10571);
#10573=SURFACE_SIDE_STYLE('',(#10572));
#10574=SURFACE_STYLE_USAGE(.BOTH.,#10573);
#10575=PRESENTATION_STYLE_ASSIGNMENT((#10574));
#10576=STYLED_ITEM('',(#10575),#10569);
#10577=CARTESIAN_POINT('',(2.286E1,0.E0,0.E0));
#10578=DIRECTION('',(0.E0,-1.E0,0.E0));
#10579=DIRECTION('',(-1.E0,0.E0,0.E0));
#10580=AXIS2_PLACEMENT_3D('',#10577,#10578,#10579);
#10581=CYLINDRICAL_SURFACE('',#10580,5.25E-1);
#10582=ORIENTED_EDGE('',*,*,#9558,.F.);
#10583=ORIENTED_EDGE('',*,*,#9484,.T.);
#10584=ORIENTED_EDGE('',*,*,#9441,.F.);
#10585=ORIENTED_EDGE('',*,*,#9481,.F.);
#10586=EDGE_LOOP('',(#10582,#10583,#10584,#10585));
#10587=FACE_OUTER_BOUND('',#10586,.F.);
#10589=FILL_AREA_STYLE_COLOUR('',#10);
#10590=FILL_AREA_STYLE('',(#10589));
#10591=SURFACE_STYLE_FILL_AREA(#10590);
#10592=SURFACE_SIDE_STYLE('',(#10591));
#10593=SURFACE_STYLE_USAGE(.BOTH.,#10592);
#10594=PRESENTATION_STYLE_ASSIGNMENT((#10593));
#10595=STYLED_ITEM('',(#10594),#10588);
#10596=CARTESIAN_POINT('',(2.286E1,0.E0,1.016E1));
#10597=DIRECTION('',(0.E0,-1.E0,0.E0));
#10598=DIRECTION('',(-1.E0,0.E0,0.E0));
#10599=AXIS2_PLACEMENT_3D('',#10596,#10597,#10598);
#10600=CYLINDRICAL_SURFACE('',#10599,5.25E-1);
#10601=ORIENTED_EDGE('',*,*,#9562,.F.);
#10603=ORIENTED_EDGE('',*,*,#10602,.T.);
#10605=ORIENTED_EDGE('',*,*,#10604,.F.);
#10607=ORIENTED_EDGE('',*,*,#10606,.F.);
#10608=EDGE_LOOP('',(#10601,#10603,#10605,#10607));
#10609=FACE_OUTER_BOUND('',#10608,.F.);
#10611=FILL_AREA_STYLE_COLOUR('',#10);
#10612=FILL_AREA_STYLE('',(#10611));
#10613=SURFACE_STYLE_FILL_AREA(#10612);
#10614=SURFACE_SIDE_STYLE('',(#10613));
#10615=SURFACE_STYLE_USAGE(.BOTH.,#10614);
#10616=PRESENTATION_STYLE_ASSIGNMENT((#10615));
#10617=STYLED_ITEM('',(#10616),#10610);
#10618=CARTESIAN_POINT('',(2.286E1,0.E0,1.016E1));
#10619=DIRECTION('',(0.E0,-1.E0,0.E0));
#10620=DIRECTION('',(-1.E0,0.E0,0.E0));
#10621=AXIS2_PLACEMENT_3D('',#10618,#10619,#10620);
#10622=CYLINDRICAL_SURFACE('',#10621,5.25E-1);
#10623=ORIENTED_EDGE('',*,*,#9564,.F.);
#10624=ORIENTED_EDGE('',*,*,#10606,.T.);
#10626=ORIENTED_EDGE('',*,*,#10625,.F.);
#10627=ORIENTED_EDGE('',*,*,#10602,.F.);
#10628=EDGE_LOOP('',(#10623,#10624,#10626,#10627));
#10629=FACE_OUTER_BOUND('',#10628,.F.);
#10631=FILL_AREA_STYLE_COLOUR('',#10);
#10632=FILL_AREA_STYLE('',(#10631));
#10633=SURFACE_STYLE_FILL_AREA(#10632);
#10634=SURFACE_SIDE_STYLE('',(#10633));
#10635=SURFACE_STYLE_USAGE(.BOTH.,#10634);
#10636=PRESENTATION_STYLE_ASSIGNMENT((#10635));
#10637=STYLED_ITEM('',(#10636),#10630);
#10638=CARTESIAN_POINT('',(0.E0,7.E-1,0.E0));
#10639=DIRECTION('',(0.E0,1.E0,0.E0));
#10640=DIRECTION('',(1.E0,0.E0,0.E0));
#10641=AXIS2_PLACEMENT_3D('',#10638,#10639,#10640);
#10642=PLANE('',#10641);
#10644=ORIENTED_EDGE('',*,*,#10643,.T.);
#10646=ORIENTED_EDGE('',*,*,#10645,.T.);
#10648=ORIENTED_EDGE('',*,*,#10647,.T.);
#10650=ORIENTED_EDGE('',*,*,#10649,.T.);
#10651=EDGE_LOOP('',(#10644,#10646,#10648,#10650));
#10652=FACE_OUTER_BOUND('',#10651,.F.);
#10653=ORIENTED_EDGE('',*,*,#10604,.T.);
#10654=ORIENTED_EDGE('',*,*,#10625,.T.);
#10655=EDGE_LOOP('',(#10653,#10654));
#10656=FACE_BOUND('',#10655,.F.);
#10658=FILL_AREA_STYLE_COLOUR('',#10);
#10659=FILL_AREA_STYLE('',(#10658));
#10660=SURFACE_STYLE_FILL_AREA(#10659);
#10661=SURFACE_SIDE_STYLE('',(#10660));
#10662=SURFACE_STYLE_USAGE(.BOTH.,#10661);
#10663=PRESENTATION_STYLE_ASSIGNMENT((#10662));
#10664=STYLED_ITEM('',(#10663),#10657);
#10665=CARTESIAN_POINT('',(2.286E1,3.5E-1,1.016E1));
#10666=DIRECTION('',(0.E0,-1.E0,0.E0));
#10667=DIRECTION('',(0.E0,0.E0,-1.E0));
#10668=AXIS2_PLACEMENT_3D('',#10665,#10666,#10667);
#10669=CONICAL_SURFACE('',#10668,5.861111111111E-1,6.340191745910E0);
#10670=ORIENTED_EDGE('',*,*,#10645,.F.);
#10671=ORIENTED_EDGE('',*,*,#10643,.F.);
#10673=ORIENTED_EDGE('',*,*,#10672,.T.);
#10674=ORIENTED_EDGE('',*,*,#7433,.F.);
#10675=ORIENTED_EDGE('',*,*,#7431,.F.);
#10677=ORIENTED_EDGE('',*,*,#10676,.F.);
#10678=EDGE_LOOP('',(#10670,#10671,#10673,#10674,#10675,#10677));
#10679=FACE_OUTER_BOUND('',#10678,.F.);
#10681=FILL_AREA_STYLE_COLOUR('',#10);
#10682=FILL_AREA_STYLE('',(#10681));
#10683=SURFACE_STYLE_FILL_AREA(#10682);
#10684=SURFACE_SIDE_STYLE('',(#10683));
#10685=SURFACE_STYLE_USAGE(.BOTH.,#10684);
#10686=PRESENTATION_STYLE_ASSIGNMENT((#10685));
#10687=STYLED_ITEM('',(#10686),#10680);
#10688=CARTESIAN_POINT('',(2.286E1,3.5E-1,1.016E1));
#10689=DIRECTION('',(0.E0,-1.E0,0.E0));
#10690=DIRECTION('',(0.E0,0.E0,-1.E0));
#10691=AXIS2_PLACEMENT_3D('',#10688,#10689,#10690);
#10692=CONICAL_SURFACE('',#10691,5.861111111111E-1,6.340191745910E0);
#10693=ORIENTED_EDGE('',*,*,#10649,.F.);
#10694=ORIENTED_EDGE('',*,*,#10647,.F.);
#10695=ORIENTED_EDGE('',*,*,#10676,.T.);
#10696=ORIENTED_EDGE('',*,*,#7429,.F.);
#10697=ORIENTED_EDGE('',*,*,#7427,.F.);
#10698=ORIENTED_EDGE('',*,*,#10672,.F.);
#10699=EDGE_LOOP('',(#10693,#10694,#10695,#10696,#10697,#10698));
#10700=FACE_OUTER_BOUND('',#10699,.F.);
#10702=FILL_AREA_STYLE_COLOUR('',#10);
#10703=FILL_AREA_STYLE('',(#10702));
#10704=SURFACE_STYLE_FILL_AREA(#10703);
#10705=SURFACE_SIDE_STYLE('',(#10704));
#10706=SURFACE_STYLE_USAGE(.BOTH.,#10705);
#10707=PRESENTATION_STYLE_ASSIGNMENT((#10706));
#10708=STYLED_ITEM('',(#10707),#10701);
#10709=CARTESIAN_POINT('',(-2.286E1,0.E0,7.62E0));
#10710=DIRECTION('',(0.E0,-1.E0,0.E0));
#10711=DIRECTION('',(-1.E0,0.E0,0.E0));
#10712=AXIS2_PLACEMENT_3D('',#10709,#10710,#10711);
#10713=CYLINDRICAL_SURFACE('',#10712,5.25E-1);
#10714=ORIENTED_EDGE('',*,*,#9568,.F.);
#10716=ORIENTED_EDGE('',*,*,#10715,.T.);
#10718=ORIENTED_EDGE('',*,*,#10717,.F.);
#10720=ORIENTED_EDGE('',*,*,#10719,.F.);
#10721=EDGE_LOOP('',(#10714,#10716,#10718,#10720));
#10722=FACE_OUTER_BOUND('',#10721,.F.);
#10724=FILL_AREA_STYLE_COLOUR('',#10);
#10725=FILL_AREA_STYLE('',(#10724));
#10726=SURFACE_STYLE_FILL_AREA(#10725);
#10727=SURFACE_SIDE_STYLE('',(#10726));
#10728=SURFACE_STYLE_USAGE(.BOTH.,#10727);
#10729=PRESENTATION_STYLE_ASSIGNMENT((#10728));
#10730=STYLED_ITEM('',(#10729),#10723);
#10731=CARTESIAN_POINT('',(-2.286E1,0.E0,7.62E0));
#10732=DIRECTION('',(0.E0,-1.E0,0.E0));
#10733=DIRECTION('',(-1.E0,0.E0,0.E0));
#10734=AXIS2_PLACEMENT_3D('',#10731,#10732,#10733);
#10735=CYLINDRICAL_SURFACE('',#10734,5.25E-1);
#10736=ORIENTED_EDGE('',*,*,#9570,.F.);
#10737=ORIENTED_EDGE('',*,*,#10719,.T.);
#10739=ORIENTED_EDGE('',*,*,#10738,.F.);
#10740=ORIENTED_EDGE('',*,*,#10715,.F.);
#10741=EDGE_LOOP('',(#10736,#10737,#10739,#10740));
#10742=FACE_OUTER_BOUND('',#10741,.F.);
#10744=FILL_AREA_STYLE_COLOUR('',#10);
#10745=FILL_AREA_STYLE('',(#10744));
#10746=SURFACE_STYLE_FILL_AREA(#10745);
#10747=SURFACE_SIDE_STYLE('',(#10746));
#10748=SURFACE_STYLE_USAGE(.BOTH.,#10747);
#10749=PRESENTATION_STYLE_ASSIGNMENT((#10748));
#10750=STYLED_ITEM('',(#10749),#10743);
#10751=CARTESIAN_POINT('',(0.E0,7.E-1,0.E0));
#10752=DIRECTION('',(0.E0,1.E0,0.E0));
#10753=DIRECTION('',(1.E0,0.E0,0.E0));
#10754=AXIS2_PLACEMENT_3D('',#10751,#10752,#10753);
#10755=PLANE('',#10754);
#10757=ORIENTED_EDGE('',*,*,#10756,.T.);
#10759=ORIENTED_EDGE('',*,*,#10758,.T.);
#10761=ORIENTED_EDGE('',*,*,#10760,.T.);
#10763=ORIENTED_EDGE('',*,*,#10762,.T.);
#10764=EDGE_LOOP('',(#10757,#10759,#10761,#10763));
#10765=FACE_OUTER_BOUND('',#10764,.F.);
#10766=ORIENTED_EDGE('',*,*,#10717,.T.);
#10767=ORIENTED_EDGE('',*,*,#10738,.T.);
#10768=EDGE_LOOP('',(#10766,#10767));
#10769=FACE_BOUND('',#10768,.F.);
#10771=FILL_AREA_STYLE_COLOUR('',#10);
#10772=FILL_AREA_STYLE('',(#10771));
#10773=SURFACE_STYLE_FILL_AREA(#10772);
#10774=SURFACE_SIDE_STYLE('',(#10773));
#10775=SURFACE_STYLE_USAGE(.BOTH.,#10774);
#10776=PRESENTATION_STYLE_ASSIGNMENT((#10775));
#10777=STYLED_ITEM('',(#10776),#10770);
#10778=CARTESIAN_POINT('',(-2.286E1,3.5E-1,7.62E0));
#10779=DIRECTION('',(0.E0,-1.E0,0.E0));
#10780=DIRECTION('',(0.E0,0.E0,-1.E0));
#10781=AXIS2_PLACEMENT_3D('',#10778,#10779,#10780);
#10782=CONICAL_SURFACE('',#10781,5.861111111111E-1,6.340191745910E0);
#10783=ORIENTED_EDGE('',*,*,#10758,.F.);
#10784=ORIENTED_EDGE('',*,*,#10756,.F.);
#10786=ORIENTED_EDGE('',*,*,#10785,.T.);
#10787=ORIENTED_EDGE('',*,*,#7137,.F.);
#10788=ORIENTED_EDGE('',*,*,#7135,.F.);
#10790=ORIENTED_EDGE('',*,*,#10789,.F.);
#10791=EDGE_LOOP('',(#10783,#10784,#10786,#10787,#10788,#10790));
#10792=FACE_OUTER_BOUND('',#10791,.F.);
#10794=FILL_AREA_STYLE_COLOUR('',#10);
#10795=FILL_AREA_STYLE('',(#10794));
#10796=SURFACE_STYLE_FILL_AREA(#10795);
#10797=SURFACE_SIDE_STYLE('',(#10796));
#10798=SURFACE_STYLE_USAGE(.BOTH.,#10797);
#10799=PRESENTATION_STYLE_ASSIGNMENT((#10798));
#10800=STYLED_ITEM('',(#10799),#10793);
#10801=CARTESIAN_POINT('',(-2.286E1,3.5E-1,7.62E0));
#10802=DIRECTION('',(0.E0,-1.E0,0.E0));
#10803=DIRECTION('',(0.E0,0.E0,-1.E0));
#10804=AXIS2_PLACEMENT_3D('',#10801,#10802,#10803);
#10805=CONICAL_SURFACE('',#10804,5.861111111111E-1,6.340191745910E0);
#10806=ORIENTED_EDGE('',*,*,#10762,.F.);
#10807=ORIENTED_EDGE('',*,*,#10760,.F.);
#10808=ORIENTED_EDGE('',*,*,#10789,.T.);
#10809=ORIENTED_EDGE('',*,*,#7133,.F.);
#10810=ORIENTED_EDGE('',*,*,#7131,.F.);
#10811=ORIENTED_EDGE('',*,*,#10785,.F.);
#10812=EDGE_LOOP('',(#10806,#10807,#10808,#10809,#10810,#10811));
#10813=FACE_OUTER_BOUND('',#10812,.F.);
#10815=FILL_AREA_STYLE_COLOUR('',#10);
#10816=FILL_AREA_STYLE('',(#10815));
#10817=SURFACE_STYLE_FILL_AREA(#10816);
#10818=SURFACE_SIDE_STYLE('',(#10817));
#10819=SURFACE_STYLE_USAGE(.BOTH.,#10818);
#10820=PRESENTATION_STYLE_ASSIGNMENT((#10819));
#10821=STYLED_ITEM('',(#10820),#10814);
#10822=CARTESIAN_POINT('',(-2.286E1,0.E0,-2.54E0));
#10823=DIRECTION('',(0.E0,-1.E0,0.E0));
#10824=DIRECTION('',(-1.E0,0.E0,0.E0));
#10825=AXIS2_PLACEMENT_3D('',#10822,#10823,#10824);
#10826=CYLINDRICAL_SURFACE('',#10825,5.25E-1);
#10827=ORIENTED_EDGE('',*,*,#9574,.F.);
#10829=ORIENTED_EDGE('',*,*,#10828,.T.);
#10831=ORIENTED_EDGE('',*,*,#10830,.F.);
#10833=ORIENTED_EDGE('',*,*,#10832,.F.);
#10834=EDGE_LOOP('',(#10827,#10829,#10831,#10833));
#10835=FACE_OUTER_BOUND('',#10834,.F.);
#10837=FILL_AREA_STYLE_COLOUR('',#10);
#10838=FILL_AREA_STYLE('',(#10837));
#10839=SURFACE_STYLE_FILL_AREA(#10838);
#10840=SURFACE_SIDE_STYLE('',(#10839));
#10841=SURFACE_STYLE_USAGE(.BOTH.,#10840);
#10842=PRESENTATION_STYLE_ASSIGNMENT((#10841));
#10843=STYLED_ITEM('',(#10842),#10836);
#10844=CARTESIAN_POINT('',(-2.286E1,0.E0,-2.54E0));
#10845=DIRECTION('',(0.E0,-1.E0,0.E0));
#10846=DIRECTION('',(-1.E0,0.E0,0.E0));
#10847=AXIS2_PLACEMENT_3D('',#10844,#10845,#10846);
#10848=CYLINDRICAL_SURFACE('',#10847,5.25E-1);
#10849=ORIENTED_EDGE('',*,*,#9576,.F.);
#10850=ORIENTED_EDGE('',*,*,#10832,.T.);
#10852=ORIENTED_EDGE('',*,*,#10851,.F.);
#10853=ORIENTED_EDGE('',*,*,#10828,.F.);
#10854=EDGE_LOOP('',(#10849,#10850,#10852,#10853));
#10855=FACE_OUTER_BOUND('',#10854,.F.);
#10857=FILL_AREA_STYLE_COLOUR('',#10);
#10858=FILL_AREA_STYLE('',(#10857));
#10859=SURFACE_STYLE_FILL_AREA(#10858);
#10860=SURFACE_SIDE_STYLE('',(#10859));
#10861=SURFACE_STYLE_USAGE(.BOTH.,#10860);
#10862=PRESENTATION_STYLE_ASSIGNMENT((#10861));
#10863=STYLED_ITEM('',(#10862),#10856);
#10864=CARTESIAN_POINT('',(0.E0,7.E-1,0.E0));
#10865=DIRECTION('',(0.E0,1.E0,0.E0));
#10866=DIRECTION('',(1.E0,0.E0,0.E0));
#10867=AXIS2_PLACEMENT_3D('',#10864,#10865,#10866);
#10868=PLANE('',#10867);
#10870=ORIENTED_EDGE('',*,*,#10869,.T.);
#10872=ORIENTED_EDGE('',*,*,#10871,.T.);
#10874=ORIENTED_EDGE('',*,*,#10873,.T.);
#10876=ORIENTED_EDGE('',*,*,#10875,.T.);
#10877=EDGE_LOOP('',(#10870,#10872,#10874,#10876));
#10878=FACE_OUTER_BOUND('',#10877,.F.);
#10879=ORIENTED_EDGE('',*,*,#10830,.T.);
#10880=ORIENTED_EDGE('',*,*,#10851,.T.);
#10881=EDGE_LOOP('',(#10879,#10880));
#10882=FACE_BOUND('',#10881,.F.);
#10884=FILL_AREA_STYLE_COLOUR('',#10);
#10885=FILL_AREA_STYLE('',(#10884));
#10886=SURFACE_STYLE_FILL_AREA(#10885);
#10887=SURFACE_SIDE_STYLE('',(#10886));
#10888=SURFACE_STYLE_USAGE(.BOTH.,#10887);
#10889=PRESENTATION_STYLE_ASSIGNMENT((#10888));
#10890=STYLED_ITEM('',(#10889),#10883);
#10891=CARTESIAN_POINT('',(-2.286E1,3.5E-1,-2.54E0));
#10892=DIRECTION('',(0.E0,-1.E0,0.E0));
#10893=DIRECTION('',(0.E0,0.E0,-1.E0));
#10894=AXIS2_PLACEMENT_3D('',#10891,#10892,#10893);
#10895=CONICAL_SURFACE('',#10894,5.861111111111E-1,6.340191745910E0);
#10896=ORIENTED_EDGE('',*,*,#10871,.F.);
#10897=ORIENTED_EDGE('',*,*,#10869,.F.);
#10899=ORIENTED_EDGE('',*,*,#10898,.T.);
#10900=ORIENTED_EDGE('',*,*,#7117,.F.);
#10901=ORIENTED_EDGE('',*,*,#7115,.F.);
#10903=ORIENTED_EDGE('',*,*,#10902,.F.);
#10904=EDGE_LOOP('',(#10896,#10897,#10899,#10900,#10901,#10903));
#10905=FACE_OUTER_BOUND('',#10904,.F.);
#10907=FILL_AREA_STYLE_COLOUR('',#10);
#10908=FILL_AREA_STYLE('',(#10907));
#10909=SURFACE_STYLE_FILL_AREA(#10908);
#10910=SURFACE_SIDE_STYLE('',(#10909));
#10911=SURFACE_STYLE_USAGE(.BOTH.,#10910);
#10912=PRESENTATION_STYLE_ASSIGNMENT((#10911));
#10913=STYLED_ITEM('',(#10912),#10906);
#10914=CARTESIAN_POINT('',(-2.286E1,3.5E-1,-2.54E0));
#10915=DIRECTION('',(0.E0,-1.E0,0.E0));
#10916=DIRECTION('',(0.E0,0.E0,-1.E0));
#10917=AXIS2_PLACEMENT_3D('',#10914,#10915,#10916);
#10918=CONICAL_SURFACE('',#10917,5.861111111111E-1,6.340191745910E0);
#10919=ORIENTED_EDGE('',*,*,#10875,.F.);
#10920=ORIENTED_EDGE('',*,*,#10873,.F.);
#10921=ORIENTED_EDGE('',*,*,#10902,.T.);
#10922=ORIENTED_EDGE('',*,*,#7113,.F.);
#10923=ORIENTED_EDGE('',*,*,#7111,.F.);
#10924=ORIENTED_EDGE('',*,*,#10898,.F.);
#10925=EDGE_LOOP('',(#10919,#10920,#10921,#10922,#10923,#10924));
#10926=FACE_OUTER_BOUND('',#10925,.F.);
#10928=FILL_AREA_STYLE_COLOUR('',#10);
#10929=FILL_AREA_STYLE('',(#10928));
#10930=SURFACE_STYLE_FILL_AREA(#10929);
#10931=SURFACE_SIDE_STYLE('',(#10930));
#10932=SURFACE_STYLE_USAGE(.BOTH.,#10931);
#10933=PRESENTATION_STYLE_ASSIGNMENT((#10932));
#10934=STYLED_ITEM('',(#10933),#10927);
#10935=CARTESIAN_POINT('',(-2.286E1,0.E0,-7.62E0));
#10936=DIRECTION('',(0.E0,-1.E0,0.E0));
#10937=DIRECTION('',(-1.E0,0.E0,0.E0));
#10938=AXIS2_PLACEMENT_3D('',#10935,#10936,#10937);
#10939=CYLINDRICAL_SURFACE('',#10938,5.25E-1);
#10940=ORIENTED_EDGE('',*,*,#9580,.F.);
#10942=ORIENTED_EDGE('',*,*,#10941,.T.);
#10944=ORIENTED_EDGE('',*,*,#10943,.F.);
#10946=ORIENTED_EDGE('',*,*,#10945,.F.);
#10947=EDGE_LOOP('',(#10940,#10942,#10944,#10946));
#10948=FACE_OUTER_BOUND('',#10947,.F.);
#10950=FILL_AREA_STYLE_COLOUR('',#10);
#10951=FILL_AREA_STYLE('',(#10950));
#10952=SURFACE_STYLE_FILL_AREA(#10951);
#10953=SURFACE_SIDE_STYLE('',(#10952));
#10954=SURFACE_STYLE_USAGE(.BOTH.,#10953);
#10955=PRESENTATION_STYLE_ASSIGNMENT((#10954));
#10956=STYLED_ITEM('',(#10955),#10949);
#10957=CARTESIAN_POINT('',(-2.286E1,0.E0,-7.62E0));
#10958=DIRECTION('',(0.E0,-1.E0,0.E0));
#10959=DIRECTION('',(-1.E0,0.E0,0.E0));
#10960=AXIS2_PLACEMENT_3D('',#10957,#10958,#10959);
#10961=CYLINDRICAL_SURFACE('',#10960,5.25E-1);
#10962=ORIENTED_EDGE('',*,*,#9582,.F.);
#10963=ORIENTED_EDGE('',*,*,#10945,.T.);
#10965=ORIENTED_EDGE('',*,*,#10964,.F.);
#10966=ORIENTED_EDGE('',*,*,#10941,.F.);
#10967=EDGE_LOOP('',(#10962,#10963,#10965,#10966));
#10968=FACE_OUTER_BOUND('',#10967,.F.);
#10970=FILL_AREA_STYLE_COLOUR('',#10);
#10971=FILL_AREA_STYLE('',(#10970));
#10972=SURFACE_STYLE_FILL_AREA(#10971);
#10973=SURFACE_SIDE_STYLE('',(#10972));
#10974=SURFACE_STYLE_USAGE(.BOTH.,#10973);
#10975=PRESENTATION_STYLE_ASSIGNMENT((#10974));
#10976=STYLED_ITEM('',(#10975),#10969);
#10977=CARTESIAN_POINT('',(0.E0,7.E-1,0.E0));
#10978=DIRECTION('',(0.E0,1.E0,0.E0));
#10979=DIRECTION('',(1.E0,0.E0,0.E0));
#10980=AXIS2_PLACEMENT_3D('',#10977,#10978,#10979);
#10981=PLANE('',#10980);
#10983=ORIENTED_EDGE('',*,*,#10982,.T.);
#10985=ORIENTED_EDGE('',*,*,#10984,.T.);
#10987=ORIENTED_EDGE('',*,*,#10986,.T.);
#10989=ORIENTED_EDGE('',*,*,#10988,.T.);
#10990=EDGE_LOOP('',(#10983,#10985,#10987,#10989));
#10991=FACE_OUTER_BOUND('',#10990,.F.);
#10992=ORIENTED_EDGE('',*,*,#10943,.T.);
#10993=ORIENTED_EDGE('',*,*,#10964,.T.);
#10994=EDGE_LOOP('',(#10992,#10993));
#10995=FACE_BOUND('',#10994,.F.);
#10997=FILL_AREA_STYLE_COLOUR('',#10);
#10998=FILL_AREA_STYLE('',(#10997));
#10999=SURFACE_STYLE_FILL_AREA(#10998);
#11000=SURFACE_SIDE_STYLE('',(#10999));
#11001=SURFACE_STYLE_USAGE(.BOTH.,#11000);
#11002=PRESENTATION_STYLE_ASSIGNMENT((#11001));
#11003=STYLED_ITEM('',(#11002),#10996);
#11004=CARTESIAN_POINT('',(-2.286E1,3.5E-1,-7.62E0));
#11005=DIRECTION('',(0.E0,-1.E0,0.E0));
#11006=DIRECTION('',(0.E0,0.E0,-1.E0));
#11007=AXIS2_PLACEMENT_3D('',#11004,#11005,#11006);
#11008=CONICAL_SURFACE('',#11007,5.861111111111E-1,6.340191745910E0);
#11009=ORIENTED_EDGE('',*,*,#10984,.F.);
#11010=ORIENTED_EDGE('',*,*,#10982,.F.);
#11012=ORIENTED_EDGE('',*,*,#11011,.T.);
#11013=ORIENTED_EDGE('',*,*,#7127,.F.);
#11014=ORIENTED_EDGE('',*,*,#7125,.F.);
#11016=ORIENTED_EDGE('',*,*,#11015,.F.);
#11017=EDGE_LOOP('',(#11009,#11010,#11012,#11013,#11014,#11016));
#11018=FACE_OUTER_BOUND('',#11017,.F.);
#11020=FILL_AREA_STYLE_COLOUR('',#10);
#11021=FILL_AREA_STYLE('',(#11020));
#11022=SURFACE_STYLE_FILL_AREA(#11021);
#11023=SURFACE_SIDE_STYLE('',(#11022));
#11024=SURFACE_STYLE_USAGE(.BOTH.,#11023);
#11025=PRESENTATION_STYLE_ASSIGNMENT((#11024));
#11026=STYLED_ITEM('',(#11025),#11019);
#11027=CARTESIAN_POINT('',(-2.286E1,3.5E-1,-7.62E0));
#11028=DIRECTION('',(0.E0,-1.E0,0.E0));
#11029=DIRECTION('',(0.E0,0.E0,-1.E0));
#11030=AXIS2_PLACEMENT_3D('',#11027,#11028,#11029);
#11031=CONICAL_SURFACE('',#11030,5.861111111111E-1,6.340191745910E0);
#11032=ORIENTED_EDGE('',*,*,#10988,.F.);
#11033=ORIENTED_EDGE('',*,*,#10986,.F.);
#11034=ORIENTED_EDGE('',*,*,#11015,.T.);
#11035=ORIENTED_EDGE('',*,*,#7123,.F.);
#11036=ORIENTED_EDGE('',*,*,#7121,.F.);
#11037=ORIENTED_EDGE('',*,*,#11011,.F.);
#11038=EDGE_LOOP('',(#11032,#11033,#11034,#11035,#11036,#11037));
#11039=FACE_OUTER_BOUND('',#11038,.F.);
#11041=FILL_AREA_STYLE_COLOUR('',#10);
#11042=FILL_AREA_STYLE('',(#11041));
#11043=SURFACE_STYLE_FILL_AREA(#11042);
#11044=SURFACE_SIDE_STYLE('',(#11043));
#11045=SURFACE_STYLE_USAGE(.BOTH.,#11044);
#11046=PRESENTATION_STYLE_ASSIGNMENT((#11045));
#11047=STYLED_ITEM('',(#11046),#11040);
#11048=CARTESIAN_POINT('',(-1.65E1,0.E0,1.065E1));
#11049=DIRECTION('',(1.E0,0.E0,0.E0));
#11050=DIRECTION('',(0.E0,0.E0,1.E0));
#11051=AXIS2_PLACEMENT_3D('',#11048,#11049,#11050);
#11052=PLANE('',#11051);
#11054=ORIENTED_EDGE('',*,*,#11053,.T.);
#11056=ORIENTED_EDGE('',*,*,#11055,.F.);
#11057=ORIENTED_EDGE('',*,*,#7276,.T.);
#11058=ORIENTED_EDGE('',*,*,#7195,.T.);
#11059=ORIENTED_EDGE('',*,*,#7167,.F.);
#11061=ORIENTED_EDGE('',*,*,#11060,.T.);
#11063=ORIENTED_EDGE('',*,*,#11062,.F.);
#11064=EDGE_LOOP('',(#11054,#11056,#11057,#11058,#11059,#11061,#11063));
#11065=FACE_OUTER_BOUND('',#11064,.F.);
#11067=FILL_AREA_STYLE_COLOUR('',#10);
#11068=FILL_AREA_STYLE('',(#11067));
#11069=SURFACE_STYLE_FILL_AREA(#11068);
#11070=SURFACE_SIDE_STYLE('',(#11069));
#11071=SURFACE_STYLE_USAGE(.BOTH.,#11070);
#11072=PRESENTATION_STYLE_ASSIGNMENT((#11071));
#11073=STYLED_ITEM('',(#11072),#11066);
#11074=CARTESIAN_POINT('',(-1.685E1,-1.2E0,1.09E1));
#11075=DIRECTION('',(0.E0,-2.982749931359E-1,-9.544799780350E-1));
#11076=DIRECTION('',(0.E0,9.544799780350E-1,-2.982749931359E-1));
#11077=AXIS2_PLACEMENT_3D('',#11074,#11075,#11076);
#11078=PLANE('',#11077);
#11079=ORIENTED_EDGE('',*,*,#11053,.F.);
#11081=ORIENTED_EDGE('',*,*,#11080,.T.);
#11083=ORIENTED_EDGE('',*,*,#11082,.F.);
#11085=ORIENTED_EDGE('',*,*,#11084,.F.);
#11086=EDGE_LOOP('',(#11079,#11081,#11083,#11085));
#11087=FACE_OUTER_BOUND('',#11086,.F.);
#11089=FILL_AREA_STYLE_COLOUR('',#10);
#11090=FILL_AREA_STYLE('',(#11089));
#11091=SURFACE_STYLE_FILL_AREA(#11090);
#11092=SURFACE_SIDE_STYLE('',(#11091));
#11093=SURFACE_STYLE_USAGE(.BOTH.,#11092);
#11094=PRESENTATION_STYLE_ASSIGNMENT((#11093));
#11095=STYLED_ITEM('',(#11094),#11088);
#11096=CARTESIAN_POINT('',(-1.72E1,0.E0,1.065E1));
#11097=DIRECTION('',(0.E0,0.E0,-1.E0));
#11098=DIRECTION('',(1.E0,0.E0,0.E0));
#11099=AXIS2_PLACEMENT_3D('',#11096,#11097,#11098);
#11100=PLANE('',#11099);
#11101=ORIENTED_EDGE('',*,*,#11080,.F.);
#11102=ORIENTED_EDGE('',*,*,#11062,.T.);
#11104=ORIENTED_EDGE('',*,*,#11103,.T.);
#11106=ORIENTED_EDGE('',*,*,#11105,.F.);
#11107=EDGE_LOOP('',(#11101,#11102,#11104,#11106));
#11108=FACE_OUTER_BOUND('',#11107,.F.);
#11110=FILL_AREA_STYLE_COLOUR('',#10);
#11111=FILL_AREA_STYLE('',(#11110));
#11112=SURFACE_STYLE_FILL_AREA(#11111);
#11113=SURFACE_SIDE_STYLE('',(#11112));
#11114=SURFACE_STYLE_USAGE(.BOTH.,#11113);
#11115=PRESENTATION_STYLE_ASSIGNMENT((#11114));
#11116=STYLED_ITEM('',(#11115),#11109);
#11117=CARTESIAN_POINT('',(0.E0,-1.5E-1,0.E0));
#11118=DIRECTION('',(0.E0,-1.E0,0.E0));
#11119=DIRECTION('',(-1.E0,0.E0,0.E0));
#11120=AXIS2_PLACEMENT_3D('',#11117,#11118,#11119);
#11121=PLANE('',#11120);
#11123=ORIENTED_EDGE('',*,*,#11122,.T.);
#11124=ORIENTED_EDGE('',*,*,#11103,.F.);
#11125=ORIENTED_EDGE('',*,*,#11060,.F.);
#11126=ORIENTED_EDGE('',*,*,#7165,.F.);
#11127=EDGE_LOOP('',(#11123,#11124,#11125,#11126));
#11128=FACE_OUTER_BOUND('',#11127,.F.);
#11130=FILL_AREA_STYLE_COLOUR('',#10);
#11131=FILL_AREA_STYLE('',(#11130));
#11132=SURFACE_STYLE_FILL_AREA(#11131);
#11133=SURFACE_SIDE_STYLE('',(#11132));
#11134=SURFACE_STYLE_USAGE(.BOTH.,#11133);
#11135=PRESENTATION_STYLE_ASSIGNMENT((#11134));
#11136=STYLED_ITEM('',(#11135),#11129);
#11137=CARTESIAN_POINT('',(-1.72E1,0.E0,1.155E1));
#11138=DIRECTION('',(-1.E0,0.E0,0.E0));
#11139=DIRECTION('',(0.E0,0.E0,-1.E0));
#11140=AXIS2_PLACEMENT_3D('',#11137,#11138,#11139);
#11141=PLANE('',#11140);
#11142=ORIENTED_EDGE('',*,*,#11082,.T.);
#11143=ORIENTED_EDGE('',*,*,#11105,.T.);
#11144=ORIENTED_EDGE('',*,*,#11122,.F.);
#11145=ORIENTED_EDGE('',*,*,#7163,.T.);
#11146=ORIENTED_EDGE('',*,*,#7107,.T.);
#11147=ORIENTED_EDGE('',*,*,#7280,.F.);
#11149=ORIENTED_EDGE('',*,*,#11148,.F.);
#11150=EDGE_LOOP('',(#11142,#11143,#11144,#11145,#11146,#11147,#11149));
#11151=FACE_OUTER_BOUND('',#11150,.F.);
#11153=FILL_AREA_STYLE_COLOUR('',#10);
#11154=FILL_AREA_STYLE('',(#11153));
#11155=SURFACE_STYLE_FILL_AREA(#11154);
#11156=SURFACE_SIDE_STYLE('',(#11155));
#11157=SURFACE_STYLE_USAGE(.BOTH.,#11156);
#11158=PRESENTATION_STYLE_ASSIGNMENT((#11157));
#11159=STYLED_ITEM('',(#11158),#11152);
#11160=CARTESIAN_POINT('',(0.E0,-2.E0,0.E0));
#11161=DIRECTION('',(0.E0,-1.E0,0.E0));
#11162=DIRECTION('',(-1.E0,0.E0,0.E0));
#11163=AXIS2_PLACEMENT_3D('',#11160,#11161,#11162);
#11164=PLANE('',#11163);
#11165=ORIENTED_EDGE('',*,*,#11084,.T.);
#11166=ORIENTED_EDGE('',*,*,#11148,.T.);
#11167=ORIENTED_EDGE('',*,*,#7278,.T.);
#11168=ORIENTED_EDGE('',*,*,#11055,.T.);
#11169=EDGE_LOOP('',(#11165,#11166,#11167,#11168));
#11170=FACE_OUTER_BOUND('',#11169,.F.);
#11172=FILL_AREA_STYLE_COLOUR('',#10);
#11173=FILL_AREA_STYLE('',(#11172));
#11174=SURFACE_STYLE_FILL_AREA(#11173);
#11175=SURFACE_SIDE_STYLE('',(#11174));
#11176=SURFACE_STYLE_USAGE(.BOTH.,#11175);
#11177=PRESENTATION_STYLE_ASSIGNMENT((#11176));
#11178=STYLED_ITEM('',(#11177),#11171);
#11179=CARTESIAN_POINT('',(-1.8E1,-1.E0,-1.85E1));
#11180=DIRECTION('',(0.E0,0.E0,1.E0));
#11181=DIRECTION('',(-1.E0,0.E0,0.E0));
#11182=AXIS2_PLACEMENT_3D('',#11179,#11180,#11181);
#11183=CYLINDRICAL_SURFACE('',#11182,6.E-1);
#11184=ORIENTED_EDGE('',*,*,#6197,.F.);
#11186=ORIENTED_EDGE('',*,*,#11185,.T.);
#11187=ORIENTED_EDGE('',*,*,#7289,.F.);
#11189=ORIENTED_EDGE('',*,*,#11188,.F.);
#11190=EDGE_LOOP('',(#11184,#11186,#11187,#11189));
#11191=FACE_OUTER_BOUND('',#11190,.F.);
#11193=FILL_AREA_STYLE_COLOUR('',#10);
#11194=FILL_AREA_STYLE('',(#11193));
#11195=SURFACE_STYLE_FILL_AREA(#11194);
#11196=SURFACE_SIDE_STYLE('',(#11195));
#11197=SURFACE_STYLE_USAGE(.BOTH.,#11196);
#11198=PRESENTATION_STYLE_ASSIGNMENT((#11197));
#11199=STYLED_ITEM('',(#11198),#11192);
#11200=CARTESIAN_POINT('',(-1.8E1,-1.E0,-1.85E1));
#11201=DIRECTION('',(0.E0,0.E0,1.E0));
#11202=DIRECTION('',(-1.E0,0.E0,0.E0));
#11203=AXIS2_PLACEMENT_3D('',#11200,#11201,#11202);
#11204=CYLINDRICAL_SURFACE('',#11203,6.E-1);
#11205=ORIENTED_EDGE('',*,*,#6199,.F.);
#11206=ORIENTED_EDGE('',*,*,#11188,.T.);
#11207=ORIENTED_EDGE('',*,*,#7291,.F.);
#11208=ORIENTED_EDGE('',*,*,#11185,.F.);
#11209=EDGE_LOOP('',(#11205,#11206,#11207,#11208));
#11210=FACE_OUTER_BOUND('',#11209,.F.);
#11212=FILL_AREA_STYLE_COLOUR('',#10);
#11213=FILL_AREA_STYLE('',(#11212));
#11214=SURFACE_STYLE_FILL_AREA(#11213);
#11215=SURFACE_SIDE_STYLE('',(#11214));
#11216=SURFACE_STYLE_USAGE(.BOTH.,#11215);
#11217=PRESENTATION_STYLE_ASSIGNMENT((#11216));
#11218=STYLED_ITEM('',(#11217),#11211);
#11219=CARTESIAN_POINT('',(1.8E1,-1.E0,-1.85E1));
#11220=DIRECTION('',(0.E0,0.E0,1.E0));
#11221=DIRECTION('',(-1.E0,0.E0,0.E0));
#11222=AXIS2_PLACEMENT_3D('',#11219,#11220,#11221);
#11223=CYLINDRICAL_SURFACE('',#11222,6.E-1);
#11224=ORIENTED_EDGE('',*,*,#6203,.F.);
#11226=ORIENTED_EDGE('',*,*,#11225,.T.);
#11227=ORIENTED_EDGE('',*,*,#7295,.F.);
#11229=ORIENTED_EDGE('',*,*,#11228,.F.);
#11230=EDGE_LOOP('',(#11224,#11226,#11227,#11229));
#11231=FACE_OUTER_BOUND('',#11230,.F.);
#11233=FILL_AREA_STYLE_COLOUR('',#10);
#11234=FILL_AREA_STYLE('',(#11233));
#11235=SURFACE_STYLE_FILL_AREA(#11234);
#11236=SURFACE_SIDE_STYLE('',(#11235));
#11237=SURFACE_STYLE_USAGE(.BOTH.,#11236);
#11238=PRESENTATION_STYLE_ASSIGNMENT((#11237));
#11239=STYLED_ITEM('',(#11238),#11232);
#11240=CARTESIAN_POINT('',(1.8E1,-1.E0,-1.85E1));
#11241=DIRECTION('',(0.E0,0.E0,1.E0));
#11242=DIRECTION('',(-1.E0,0.E0,0.E0));
#11243=AXIS2_PLACEMENT_3D('',#11240,#11241,#11242);
#11244=CYLINDRICAL_SURFACE('',#11243,6.E-1);
#11245=ORIENTED_EDGE('',*,*,#6205,.F.);
#11246=ORIENTED_EDGE('',*,*,#11228,.T.);
#11247=ORIENTED_EDGE('',*,*,#7297,.F.);
#11248=ORIENTED_EDGE('',*,*,#11225,.F.);
#11249=EDGE_LOOP('',(#11245,#11246,#11247,#11248));
#11250=FACE_OUTER_BOUND('',#11249,.F.);
#11252=FILL_AREA_STYLE_COLOUR('',#10);
#11253=FILL_AREA_STYLE('',(#11252));
#11254=SURFACE_STYLE_FILL_AREA(#11253);
#11255=SURFACE_SIDE_STYLE('',(#11254));
#11256=SURFACE_STYLE_USAGE(.BOTH.,#11255);
#11257=PRESENTATION_STYLE_ASSIGNMENT((#11256));
#11258=STYLED_ITEM('',(#11257),#11251);
#11259=CARTESIAN_POINT('',(-1.016E1,4.5E-1,1.016E1));
#11260=DIRECTION('',(0.E0,-1.E0,0.E0));
#11261=DIRECTION('',(0.E0,0.E0,-1.E0));
#11262=AXIS2_PLACEMENT_3D('',#11259,#11260,#11261);
#11263=CONICAL_SURFACE('',#11262,5.75E-1,6.340191745910E0);
#11265=ORIENTED_EDGE('',*,*,#11264,.T.);
#11267=ORIENTED_EDGE('',*,*,#11266,.T.);
#11269=ORIENTED_EDGE('',*,*,#11268,.T.);
#11270=ORIENTED_EDGE('',*,*,#7203,.F.);
#11271=ORIENTED_EDGE('',*,*,#7201,.F.);
#11273=ORIENTED_EDGE('',*,*,#11272,.F.);
#11274=EDGE_LOOP('',(#11265,#11267,#11269,#11270,#11271,#11273));
#11275=FACE_OUTER_BOUND('',#11274,.F.);
#11277=FILL_AREA_STYLE_COLOUR('',#10);
#11278=FILL_AREA_STYLE('',(#11277));
#11279=SURFACE_STYLE_FILL_AREA(#11278);
#11280=SURFACE_SIDE_STYLE('',(#11279));
#11281=SURFACE_STYLE_USAGE(.BOTH.,#11280);
#11282=PRESENTATION_STYLE_ASSIGNMENT((#11281));
#11283=STYLED_ITEM('',(#11282),#11276);
#11284=CARTESIAN_POINT('',(-1.016E1,1.2E0,1.016E1));
#11285=DIRECTION('',(0.E0,1.E0,0.E0));
#11286=DIRECTION('',(-1.E0,0.E0,0.E0));
#11287=AXIS2_PLACEMENT_3D('',#11284,#11285,#11286);
#11288=CYLINDRICAL_SURFACE('',#11287,5.25E-1);
#11289=ORIENTED_EDGE('',*,*,#11266,.F.);
#11290=ORIENTED_EDGE('',*,*,#11264,.F.);
#11292=ORIENTED_EDGE('',*,*,#11291,.F.);
#11294=ORIENTED_EDGE('',*,*,#11293,.F.);
#11296=ORIENTED_EDGE('',*,*,#11295,.T.);
#11297=EDGE_LOOP('',(#11289,#11290,#11292,#11294,#11296));
#11298=FACE_OUTER_BOUND('',#11297,.F.);
#11300=FILL_AREA_STYLE_COLOUR('',#10);
#11301=FILL_AREA_STYLE('',(#11300));
#11302=SURFACE_STYLE_FILL_AREA(#11301);
#11303=SURFACE_SIDE_STYLE('',(#11302));
#11304=SURFACE_STYLE_USAGE(.BOTH.,#11303);
#11305=PRESENTATION_STYLE_ASSIGNMENT((#11304));
#11306=STYLED_ITEM('',(#11305),#11299);
#11307=CARTESIAN_POINT('',(-1.016E1,1.2E0,1.016E1));
#11308=DIRECTION('',(0.E0,1.E0,0.E0));
#11309=DIRECTION('',(-1.E0,0.E0,0.E0));
#11310=AXIS2_PLACEMENT_3D('',#11307,#11308,#11309);
#11311=CYLINDRICAL_SURFACE('',#11310,5.25E-1);
#11313=ORIENTED_EDGE('',*,*,#11312,.F.);
#11315=ORIENTED_EDGE('',*,*,#11314,.F.);
#11316=ORIENTED_EDGE('',*,*,#11295,.F.);
#11318=ORIENTED_EDGE('',*,*,#11317,.F.);
#11319=ORIENTED_EDGE('',*,*,#11291,.T.);
#11320=EDGE_LOOP('',(#11313,#11315,#11316,#11318,#11319));
#11321=FACE_OUTER_BOUND('',#11320,.F.);
#11323=FILL_AREA_STYLE_COLOUR('',#10);
#11324=FILL_AREA_STYLE('',(#11323));
#11325=SURFACE_STYLE_FILL_AREA(#11324);
#11326=SURFACE_SIDE_STYLE('',(#11325));
#11327=SURFACE_STYLE_USAGE(.BOTH.,#11326);
#11328=PRESENTATION_STYLE_ASSIGNMENT((#11327));
#11329=STYLED_ITEM('',(#11328),#11322);
#11330=CARTESIAN_POINT('',(-1.016E1,4.5E-1,1.016E1));
#11331=DIRECTION('',(0.E0,-1.E0,0.E0));
#11332=DIRECTION('',(0.E0,0.E0,-1.E0));
#11333=AXIS2_PLACEMENT_3D('',#11330,#11331,#11332);
#11334=CONICAL_SURFACE('',#11333,5.75E-1,6.340191745910E0);
#11335=ORIENTED_EDGE('',*,*,#11314,.T.);
#11336=ORIENTED_EDGE('',*,*,#11312,.T.);
#11337=ORIENTED_EDGE('',*,*,#11272,.T.);
#11338=ORIENTED_EDGE('',*,*,#7207,.F.);
#11339=ORIENTED_EDGE('',*,*,#7205,.F.);
#11340=ORIENTED_EDGE('',*,*,#11268,.F.);
#11341=EDGE_LOOP('',(#11335,#11336,#11337,#11338,#11339,#11340));
#11342=FACE_OUTER_BOUND('',#11341,.F.);
#11344=FILL_AREA_STYLE_COLOUR('',#10);
#11345=FILL_AREA_STYLE('',(#11344));
#11346=SURFACE_STYLE_FILL_AREA(#11345);
#11347=SURFACE_SIDE_STYLE('',(#11346));
#11348=SURFACE_STYLE_USAGE(.BOTH.,#11347);
#11349=PRESENTATION_STYLE_ASSIGNMENT((#11348));
#11350=STYLED_ITEM('',(#11349),#11343);
#11351=CARTESIAN_POINT('',(0.E0,7.E-1,0.E0));
#11352=DIRECTION('',(0.E0,1.E0,0.E0));
#11353=DIRECTION('',(-1.E0,0.E0,0.E0));
#11354=AXIS2_PLACEMENT_3D('',#11351,#11352,#11353);
#11355=PLANE('',#11354);
#11356=ORIENTED_EDGE('',*,*,#11293,.T.);
#11357=ORIENTED_EDGE('',*,*,#11317,.T.);
#11358=EDGE_LOOP('',(#11356,#11357));
#11359=FACE_OUTER_BOUND('',#11358,.F.);
#11361=FILL_AREA_STYLE_COLOUR('',#10);
#11362=FILL_AREA_STYLE('',(#11361));
#11363=SURFACE_STYLE_FILL_AREA(#11362);
#11364=SURFACE_SIDE_STYLE('',(#11363));
#11365=SURFACE_STYLE_USAGE(.BOTH.,#11364);
#11366=PRESENTATION_STYLE_ASSIGNMENT((#11365));
#11367=STYLED_ITEM('',(#11366),#11360);
#11368=CARTESIAN_POINT('',(2.3E1,-2.7E0,-1.E1));
#11369=DIRECTION('',(-1.E0,0.E0,0.E0));
#11370=DIRECTION('',(0.E0,0.E0,-1.E0));
#11371=AXIS2_PLACEMENT_3D('',#11368,#11369,#11370);
#11372=PLANE('',#11371);
#11373=ORIENTED_EDGE('',*,*,#6573,.T.);
#11375=ORIENTED_EDGE('',*,*,#11374,.F.);
#11376=ORIENTED_EDGE('',*,*,#6781,.F.);
#11377=ORIENTED_EDGE('',*,*,#6472,.F.);
#11378=ORIENTED_EDGE('',*,*,#6516,.T.);
#11379=EDGE_LOOP('',(#11373,#11375,#11376,#11377,#11378));
#11380=FACE_OUTER_BOUND('',#11379,.F.);
#11382=FILL_AREA_STYLE_COLOUR('',#10);
#11383=FILL_AREA_STYLE('',(#11382));
#11384=SURFACE_STYLE_FILL_AREA(#11383);
#11385=SURFACE_SIDE_STYLE('',(#11384));
#11386=SURFACE_STYLE_USAGE(.BOTH.,#11385);
#11387=PRESENTATION_STYLE_ASSIGNMENT((#11386));
#11388=STYLED_ITEM('',(#11387),#11381);
#11389=CARTESIAN_POINT('',(0.E0,-2.7E0,0.E0));
#11390=DIRECTION('',(0.E0,1.E0,0.E0));
#11391=DIRECTION('',(1.E0,0.E0,0.E0));
#11392=AXIS2_PLACEMENT_3D('',#11389,#11390,#11391);
#11393=PLANE('',#11392);
#11394=ORIENTED_EDGE('',*,*,#6571,.F.);
#11395=ORIENTED_EDGE('',*,*,#6597,.F.);
#11396=ORIENTED_EDGE('',*,*,#6783,.T.);
#11397=ORIENTED_EDGE('',*,*,#11374,.T.);
#11398=EDGE_LOOP('',(#11394,#11395,#11396,#11397));
#11399=FACE_OUTER_BOUND('',#11398,.F.);
#11401=FILL_AREA_STYLE_COLOUR('',#10);
#11402=FILL_AREA_STYLE('',(#11401));
#11403=SURFACE_STYLE_FILL_AREA(#11402);
#11404=SURFACE_SIDE_STYLE('',(#11403));
#11405=SURFACE_STYLE_USAGE(.BOTH.,#11404);
#11406=PRESENTATION_STYLE_ASSIGNMENT((#11405));
#11407=STYLED_ITEM('',(#11406),#11400);
#11408=CARTESIAN_POINT('',(-1.8E1,-1.E0,-1.85E1));
#11409=DIRECTION('',(0.E0,0.E0,1.E0));
#11410=DIRECTION('',(-1.E0,0.E0,0.E0));
#11411=AXIS2_PLACEMENT_3D('',#11408,#11409,#11410);
#11412=CYLINDRICAL_SURFACE('',#11411,6.E-1);
#11413=ORIENTED_EDGE('',*,*,#6544,.F.);
#11415=ORIENTED_EDGE('',*,*,#11414,.F.);
#11416=ORIENTED_EDGE('',*,*,#6810,.F.);
#11418=ORIENTED_EDGE('',*,*,#11417,.T.);
#11419=EDGE_LOOP('',(#11413,#11415,#11416,#11418));
#11420=FACE_OUTER_BOUND('',#11419,.F.);
#11422=FILL_AREA_STYLE_COLOUR('',#10);
#11423=FILL_AREA_STYLE('',(#11422));
#11424=SURFACE_STYLE_FILL_AREA(#11423);
#11425=SURFACE_SIDE_STYLE('',(#11424));
#11426=SURFACE_STYLE_USAGE(.BOTH.,#11425);
#11427=PRESENTATION_STYLE_ASSIGNMENT((#11426));
#11428=STYLED_ITEM('',(#11427),#11421);
#11429=CARTESIAN_POINT('',(-1.8E1,-1.E0,-1.85E1));
#11430=DIRECTION('',(0.E0,0.E0,1.E0));
#11431=DIRECTION('',(-1.E0,0.E0,0.E0));
#11432=AXIS2_PLACEMENT_3D('',#11429,#11430,#11431);
#11433=CYLINDRICAL_SURFACE('',#11432,6.E-1);
#11434=ORIENTED_EDGE('',*,*,#6546,.F.);
#11435=ORIENTED_EDGE('',*,*,#11417,.F.);
#11436=ORIENTED_EDGE('',*,*,#6812,.F.);
#11437=ORIENTED_EDGE('',*,*,#11414,.T.);
#11438=EDGE_LOOP('',(#11434,#11435,#11436,#11437));
#11439=FACE_OUTER_BOUND('',#11438,.F.);
#11441=FILL_AREA_STYLE_COLOUR('',#10);
#11442=FILL_AREA_STYLE('',(#11441));
#11443=SURFACE_STYLE_FILL_AREA(#11442);
#11444=SURFACE_SIDE_STYLE('',(#11443));
#11445=SURFACE_STYLE_USAGE(.BOTH.,#11444);
#11446=PRESENTATION_STYLE_ASSIGNMENT((#11445));
#11447=STYLED_ITEM('',(#11446),#11440);
#11448=CARTESIAN_POINT('',(1.8E1,-1.E0,-1.85E1));
#11449=DIRECTION('',(0.E0,0.E0,1.E0));
#11450=DIRECTION('',(-1.E0,0.E0,0.E0));
#11451=AXIS2_PLACEMENT_3D('',#11448,#11449,#11450);
#11452=CYLINDRICAL_SURFACE('',#11451,6.E-1);
#11453=ORIENTED_EDGE('',*,*,#6550,.F.);
#11455=ORIENTED_EDGE('',*,*,#11454,.F.);
#11456=ORIENTED_EDGE('',*,*,#6816,.F.);
#11458=ORIENTED_EDGE('',*,*,#11457,.T.);
#11459=EDGE_LOOP('',(#11453,#11455,#11456,#11458));
#11460=FACE_OUTER_BOUND('',#11459,.F.);
#11462=FILL_AREA_STYLE_COLOUR('',#10);
#11463=FILL_AREA_STYLE('',(#11462));
#11464=SURFACE_STYLE_FILL_AREA(#11463);
#11465=SURFACE_SIDE_STYLE('',(#11464));
#11466=SURFACE_STYLE_USAGE(.BOTH.,#11465);
#11467=PRESENTATION_STYLE_ASSIGNMENT((#11466));
#11468=STYLED_ITEM('',(#11467),#11461);
#11469=CARTESIAN_POINT('',(1.8E1,-1.E0,-1.85E1));
#11470=DIRECTION('',(0.E0,0.E0,1.E0));
#11471=DIRECTION('',(-1.E0,0.E0,0.E0));
#11472=AXIS2_PLACEMENT_3D('',#11469,#11470,#11471);
#11473=CYLINDRICAL_SURFACE('',#11472,6.E-1);
#11474=ORIENTED_EDGE('',*,*,#6552,.F.);
#11475=ORIENTED_EDGE('',*,*,#11457,.F.);
#11476=ORIENTED_EDGE('',*,*,#6818,.F.);
#11477=ORIENTED_EDGE('',*,*,#11454,.T.);
#11478=EDGE_LOOP('',(#11474,#11475,#11476,#11477));
#11479=FACE_OUTER_BOUND('',#11478,.F.);
#11481=FILL_AREA_STYLE_COLOUR('',#10);
#11482=FILL_AREA_STYLE('',(#11481));
#11483=SURFACE_STYLE_FILL_AREA(#11482);
#11484=SURFACE_SIDE_STYLE('',(#11483));
#11485=SURFACE_STYLE_USAGE(.BOTH.,#11484);
#11486=PRESENTATION_STYLE_ASSIGNMENT((#11485));
#11487=STYLED_ITEM('',(#11486),#11480);
#11488=CARTESIAN_POINT('',(-2.425E1,4.67152E0,-1.155E1));
#11489=DIRECTION('',(0.E0,-1.E0,0.E0));
#11490=DIRECTION('',(-1.E0,0.E0,0.E0));
#11491=AXIS2_PLACEMENT_3D('',#11488,#11489,#11490);
#11492=CYLINDRICAL_SURFACE('',#11491,5.E-1);
#11493=ORIENTED_EDGE('',*,*,#6622,.F.);
#11494=ORIENTED_EDGE('',*,*,#6536,.T.);
#11495=ORIENTED_EDGE('',*,*,#5896,.F.);
#11496=ORIENTED_EDGE('',*,*,#5944,.T.);
#11497=EDGE_LOOP('',(#11493,#11494,#11495,#11496));
#11498=FACE_OUTER_BOUND('',#11497,.F.);
#11500=FILL_AREA_STYLE_COLOUR('',#10);
#11501=FILL_AREA_STYLE('',(#11500));
#11502=SURFACE_STYLE_FILL_AREA(#11501);
#11503=SURFACE_SIDE_STYLE('',(#11502));
#11504=SURFACE_STYLE_USAGE(.BOTH.,#11503);
#11505=PRESENTATION_STYLE_ASSIGNMENT((#11504));
#11506=STYLED_ITEM('',(#11505),#11499);
#11507=CLOSED_SHELL('',(#5881,#5919,#5957,#5981,#6003,#6044,#6065,#6086,#6107,
#6133,#6153,#6209,#6231,#6254,#6281,#6302,#6339,#6367,#6389,#6411,#6432,#6454,
#6481,#6501,#6556,#6578,#6601,#6626,#6648,#6671,#6692,#6713,#6732,#6751,#6822,
#6844,#6865,#6886,#6907,#6928,#6949,#6970,#6997,#7019,#7046,#7065,#7141,#7171,
#7211,#7233,#7301,#7321,#7341,#7365,#7437,#7467,#7488,#7509,#7530,#7554,#7575,
#7596,#7617,#7646,#7685,#7705,#7740,#7760,#7779,#7800,#7824,#7845,#7869,#7890,
#7914,#7934,#8009,#8029,#8049,#8068,#8088,#8108,#8128,#8163,#8183,#8203,#8223,
#8243,#8263,#8283,#8320,#8346,#8368,#8393,#8412,#8432,#8451,#8471,#8491,#8510,
#8535,#8558,#8581,#8602,#8619,#8641,#8669,#8688,#8713,#8736,#8759,#8780,#8797,
#8819,#8847,#8866,#8891,#8914,#8937,#8958,#8975,#8997,#9025,#9044,#9069,#9092,
#9115,#9136,#9153,#9179,#9201,#9222,#9242,#9265,#9284,#9309,#9332,#9355,#9376,
#9393,#9418,#9445,#9466,#9488,#9586,#9613,#9634,#9654,#9678,#9699,#9719,#9740,
#9759,#9779,#9800,#9820,#9841,#9866,#9887,#9907,#9932,#9953,#9974,#9999,#10020,
#10040,#10064,#10085,#10106,#10127,#10146,#10167,#10187,#10208,#10228,#10249,
#10274,#10295,#10315,#10340,#10360,#10380,#10399,#10418,#10437,#10456,#10478,
#10498,#10525,#10548,#10569,#10588,#10610,#10630,#10657,#10680,#10701,#10723,
#10743,#10770,#10793,#10814,#10836,#10856,#10883,#10906,#10927,#10949,#10969,
#10996,#11019,#11040,#11066,#11088,#11109,#11129,#11152,#11171,#11192,#11211,
#11232,#11251,#11276,#11299,#11322,#11343,#11360,#11381,#11400,#11421,#11440,
#11461,#11480,#11499));
#11508=MANIFOLD_SOLID_BREP('',#11507);
#11511=PLANE_ANGLE_MEASURE_WITH_UNIT(PLANE_ANGLE_MEASURE(1.745329251994E-2),
#11510);
#11512=(CONVERSION_BASED_UNIT('DEGREE',#11511)NAMED_UNIT(*)PLANE_ANGLE_UNIT());
#11514=UNCERTAINTY_MEASURE_WITH_UNIT(LENGTH_MEASURE(5.692759194262E-3),#11509,
'distance_accuracy_value',
'Maximum model space distance between geometric entities at asserted connectivities');
#11516=CARTESIAN_POINT('',(0.E0,0.E0,0.E0));
#11517=DIRECTION('',(0.E0,0.E0,1.E0));
#11518=DIRECTION('',(1.E0,0.E0,0.E0));
#11521=PRODUCT_CONTEXT('',#1873,'mechanical');
#11522=PRODUCT('2X1CASE_3','2X1CASE_3','NOT SPECIFIED',(#11521));
#11523=PRODUCT_DEFINITION_FORMATION('1','LAST_VERSION',#11522);
#11531=DERIVED_UNIT_ELEMENT(#11530,2.E0);
#11532=DERIVED_UNIT((#11531));
#11533=MEASURE_REPRESENTATION_ITEM('surface area measure',AREA_MEASURE(
3.537658695284E3),#11532);
#11538=DERIVED_UNIT_ELEMENT(#11537,3.E0);
#11539=DERIVED_UNIT((#11538));
#11540=MEASURE_REPRESENTATION_ITEM('volume measure',VOLUME_MEASURE(
1.524024758696E3),#11539);
#11544=CARTESIAN_POINT('centre point',(3.402835014749E-2,4.312430656149E-1,
-8.621957526837E-4));
#11549=DERIVED_UNIT_ELEMENT(#11548,2.E0);
#11550=DERIVED_UNIT((#11549));
#11551=MEASURE_REPRESENTATION_ITEM('surface area measure',AREA_MEASURE(
3.537658695284E3),#11550);
#11556=DERIVED_UNIT_ELEMENT(#11555,3.E0);
#11557=DERIVED_UNIT((#11556));
#11558=MEASURE_REPRESENTATION_ITEM('volume measure',VOLUME_MEASURE(
1.524024758696E3),#11557);
#11562=CARTESIAN_POINT('centre point',(3.402835014749E-2,4.312430656149E-1,
-8.621957526837E-4));
#11568=GENERAL_PROPERTY('','DESCRIPTION','user defined attribute');
#11569=GENERAL_PROPERTY_ASSOCIATION('user defined attribute','',#11568,#11567);
#11570=DESCRIPTIVE_REPRESENTATION_ITEM('DESCRIPTION','');
#11574=GENERAL_PROPERTY('','MODELED_BY','user defined attribute');
#11575=GENERAL_PROPERTY_ASSOCIATION('user defined attribute','',#11574,#11573);
#11576=DESCRIPTIVE_REPRESENTATION_ITEM('MODELED_BY','');
#11580=GENERAL_PROPERTY('','PTC_COMMON_NAME','user defined attribute');
#11581=GENERAL_PROPERTY_ASSOCIATION('user defined attribute','',#11580,#11579);
#11582=DESCRIPTIVE_REPRESENTATION_ITEM('PTC_COMMON_NAME','2x1case.prt');
#11587=CARTESIAN_POINT('centre point',(3.402835014749E-2,1.093124306561E1,
-8.621957526837E-4));
#11591=CARTESIAN_POINT('',(0.E0,1.05E1,0.E0));
#11592=DIRECTION('',(0.E0,0.E0,1.E0));
#11593=DIRECTION('',(1.E0,0.E0,0.E0));
#11594=AXIS2_PLACEMENT_3D('',#11591,#11592,#11593);
#11595=ITEM_DEFINED_TRANSFORMATION('','',#11519,#11594);
#11596=(REPRESENTATION_RELATIONSHIP('','',#11520,#1936)REPRESENTATION_RELATIONSHIP_WITH_TRANSFORMATION(#11595)SHAPE_REPRESENTATION_RELATIONSHIP());
#11597=CONTEXT_DEPENDENT_SHAPE_REPRESENTATION(#11596,#11586);
#11598=CARTESIAN_POINT('',(0.E0,-3.999999999996E0,0.E0));
#11599=DIRECTION('',(-1.117152013131E-13,1.E0,1.476997954503E-13));
#11600=DIRECTION('',(1.E0,1.110214548032E-13,5.921166877735E-10));
#11601=AXIS2_PLACEMENT_3D('',#11598,#11599,#11600);
#11603=CARTESIAN_POINT('',(0.E0,-3.999999999996E0,0.E0));
#11604=DIRECTION('',(1.117491549218E-13,1.E0,-1.477653717987E-13));
#11605=DIRECTION('',(-1.E0,1.110214548032E-13,-5.921167920338E-10));
#11606=AXIS2_PLACEMENT_3D('',#11603,#11604,#11605);
#11608=CARTESIAN_POINT('',(-3.295866012816E-14,-3.7E0,4.425109163832E-14));
#11609=DIRECTION('',(-1.117152013131E-13,1.E0,1.476997954503E-13));
#11610=DIRECTION('',(1.E0,1.119104808822E-13,-8.850218327660E-14));
#11611=AXIS2_PLACEMENT_3D('',#11608,#11609,#11610);
#11613=CARTESIAN_POINT('',(1.999999999852E-1,-3.7E0,-2.424209170264E-6));
#11614=DIRECTION('',(1.212104607255E-5,-1.476989228073E-13,9.999999999265E-1));
#11615=DIRECTION('',(7.197109642234E-6,-9.999999999741E-1,-8.738419649206E-11));
#11616=AXIS2_PLACEMENT_3D('',#11613,#11614,#11615);
#11618=DIRECTION('',(5.898163690915E-12,-1.E0,3.924897482653E-13));
#11619=VECTOR('',#11618,3.700000720472E0);
#11620=CARTESIAN_POINT('',(-5.E-1,0.E0,-6.209000054131E-12));
#11621=LINE('',#11620,#11619);
#11622=DIRECTION('',(-5.898163690915E-12,-1.E0,2.703600027436E-14));
#11623=VECTOR('',#11622,3.700000720472E0);
#11624=CARTESIAN_POINT('',(5.E-1,0.E0,0.E0));
#11625=LINE('',#11624,#11623);
#11626=CARTESIAN_POINT('',(3.295771998415E-14,-3.7E0,-4.424991249174E-14));
#11627=DIRECTION('',(1.117491549218E-13,1.E0,-1.477653717987E-13));
#11628=DIRECTION('',(-1.E0,1.119104808822E-13,-1.853850045765E-11));
#11629=AXIS2_PLACEMENT_3D('',#11626,#11627,#11628);
#11631=CARTESIAN_POINT('',(-1.999999999852E-1,-3.7E0,2.424209170237E-6));
#11632=DIRECTION('',(-1.212104607244E-5,-1.477639822653E-13,
-9.999999999265E-1));
#11633=DIRECTION('',(-7.197109640847E-6,-9.999999999741E-1,8.738426153431E-11));
#11634=AXIS2_PLACEMENT_3D('',#11631,#11632,#11633);
#11636=CARTESIAN_POINT('',(0.E0,0.E0,0.E0));
#11637=DIRECTION('',(0.E0,1.E0,0.E0));
#11638=DIRECTION('',(1.E0,0.E0,0.E0));
#11639=AXIS2_PLACEMENT_3D('',#11636,#11637,#11638);
#11641=CARTESIAN_POINT('',(0.E0,0.E0,0.E0));
#11642=DIRECTION('',(0.E0,1.E0,0.E0));
#11643=DIRECTION('',(-1.E0,0.E0,0.E0));
#11644=AXIS2_PLACEMENT_3D('',#11641,#11642,#11643);
#11646=CARTESIAN_POINT('',(0.E0,0.E0,0.E0));
#11647=DIRECTION('',(0.E0,-1.E0,0.E0));
#11648=DIRECTION('',(1.E0,0.E0,0.E0));
#11649=AXIS2_PLACEMENT_3D('',#11646,#11647,#11648);
#11651=CARTESIAN_POINT('',(0.E0,0.E0,0.E0));
#11652=DIRECTION('',(0.E0,-1.E0,0.E0));
#11653=DIRECTION('',(-1.E0,0.E0,0.E0));
#11654=AXIS2_PLACEMENT_3D('',#11651,#11652,#11653);
#11656=DIRECTION('',(0.E0,-1.E0,0.E0));
#11657=VECTOR('',#11656,5.E-1);
#11658=CARTESIAN_POINT('',(-1.E0,5.E-1,0.E0));
#11659=LINE('',#11658,#11657);
#11660=DIRECTION('',(0.E0,-1.E0,0.E0));
#11661=VECTOR('',#11660,5.E-1);
#11662=CARTESIAN_POINT('',(1.E0,5.E-1,0.E0));
#11663=LINE('',#11662,#11661);
#11664=CARTESIAN_POINT('',(0.E0,5.E-1,0.E0));
#11665=DIRECTION('',(0.E0,-1.E0,0.E0));
#11666=DIRECTION('',(1.E0,0.E0,0.E0));
#11667=AXIS2_PLACEMENT_3D('',#11664,#11665,#11666);
#11669=CARTESIAN_POINT('',(0.E0,5.E-1,0.E0));
#11670=DIRECTION('',(0.E0,-1.E0,0.E0));
#11671=DIRECTION('',(-1.E0,0.E0,0.E0));
#11672=AXIS2_PLACEMENT_3D('',#11669,#11670,#11671);
#11674=CARTESIAN_POINT('',(0.E0,5.E-1,0.E0));
#11675=DIRECTION('',(0.E0,1.E0,0.E0));
#11676=DIRECTION('',(1.E0,0.E0,0.E0));
#11677=AXIS2_PLACEMENT_3D('',#11674,#11675,#11676);
#11679=CARTESIAN_POINT('',(0.E0,5.E-1,0.E0));
#11680=DIRECTION('',(0.E0,1.E0,0.E0));
#11681=DIRECTION('',(-1.E0,0.E0,0.E0));
#11682=AXIS2_PLACEMENT_3D('',#11679,#11680,#11681);
#11684=DIRECTION('',(-2.481903368352E-12,-1.E0,-1.906755843092E-12));
#11685=VECTOR('',#11684,8.800000720472E0);
#11686=CARTESIAN_POINT('',(-4.999999999782E-1,9.300000720472E0,
-5.077010960054E-11));
#11687=LINE('',#11686,#11685);
#11688=CARTESIAN_POINT('',(0.E0,9.3E0,3.500197476491E-14));
#11689=DIRECTION('',(-1.297733849713E-13,-1.E0,9.403648365061E-14));
#11690=DIRECTION('',(-1.E0,1.314504061156E-13,-2.027186910098E-10));
#11691=AXIS2_PLACEMENT_3D('',#11688,#11689,#11690);
#11693=CARTESIAN_POINT('',(1.999999999852E-1,9.3E0,-2.425266626681E-6));
#11694=DIRECTION('',(1.212633330841E-5,9.403624431871E-14,9.999999999265E-1));
#11695=DIRECTION('',(9.999999999265E-1,-1.302661682227E-13,-1.212633330841E-5));
#11696=AXIS2_PLACEMENT_3D('',#11693,#11694,#11695);
#11698=CARTESIAN_POINT('',(0.E0,9.3E0,-3.500118866719E-14));
#11699=DIRECTION('',(1.298525190513E-13,-1.E0,-9.408020121623E-14));
#11700=DIRECTION('',(1.E0,1.314504061156E-13,7.024730669421E-14));
#11701=AXIS2_PLACEMENT_3D('',#11698,#11699,#11700);
#11703=CARTESIAN_POINT('',(-1.999999999852E-1,9.3E0,2.425266626675E-6));
#11704=DIRECTION('',(-1.212633330838E-5,9.407761285160E-14,-9.999999999265E-1));
#11705=DIRECTION('',(-9.999999999265E-1,-1.302661682227E-13,1.212633330838E-5));
#11706=AXIS2_PLACEMENT_3D('',#11703,#11704,#11705);
#11708=DIRECTION('',(2.481903368352E-12,-1.E0,-1.226434992783E-14));
#11709=VECTOR('',#11708,8.800000720472E0);
#11710=CARTESIAN_POINT('',(4.999999999782E-1,9.300000720472E0,
1.079671097610E-13));
#11711=LINE('',#11710,#11709);
#11712=CARTESIAN_POINT('',(3.450393134972E-14,9.599999999998E0,0.E0));
#11713=DIRECTION('',(-1.297733849713E-13,-1.E0,9.403648365061E-14));
#11714=DIRECTION('',(-1.E0,1.332260392246E-13,-3.401624805030E-14));
#11715=AXIS2_PLACEMENT_3D('',#11712,#11713,#11714);
#11717=CARTESIAN_POINT('',(-3.451608522233E-14,9.599999999998E0,0.E0));
#11718=DIRECTION('',(1.298525190513E-13,-1.E0,-9.408020121623E-14));
#11719=DIRECTION('',(1.E0,1.332260392246E-13,3.394674121326E-14));
#11720=AXIS2_PLACEMENT_3D('',#11717,#11718,#11719);
#11722=CARTESIAN_POINT('',(2.000015270190E-1,-3.999999999996E0,
1.184241828811E-10));
#11723=CARTESIAN_POINT('',(-2.000015270190E-1,-3.999999999996E0,
-1.184242362497E-10));
#11724=VERTEX_POINT('',#11722);
#11725=VERTEX_POINT('',#11723);
#11726=CARTESIAN_POINT('',(5.E-1,-3.7E0,0.E0));
#11727=CARTESIAN_POINT('',(-5.E-1,-3.7E0,-9.313593755404E-12));
#11728=VERTEX_POINT('',#11726);
#11729=VERTEX_POINT('',#11727);
#11730=CARTESIAN_POINT('',(5.E-1,0.E0,0.E0));
#11731=VERTEX_POINT('',#11730);
#11732=CARTESIAN_POINT('',(-5.E-1,0.E0,0.E0));
#11733=VERTEX_POINT('',#11732);
#11734=CARTESIAN_POINT('',(1.E0,0.E0,0.E0));
#11735=CARTESIAN_POINT('',(-1.E0,0.E0,0.E0));
#11736=VERTEX_POINT('',#11734);
#11737=VERTEX_POINT('',#11735);
#11738=CARTESIAN_POINT('',(1.E0,5.E-1,0.E0));
#11739=VERTEX_POINT('',#11738);
#11740=CARTESIAN_POINT('',(-1.E0,5.E-1,0.E0));
#11741=VERTEX_POINT('',#11740);
#11742=CARTESIAN_POINT('',(5.E-1,5.E-1,0.E0));
#11743=CARTESIAN_POINT('',(-5.E-1,5.E-1,0.E0));
#11744=VERTEX_POINT('',#11742);
#11745=VERTEX_POINT('',#11743);
#11746=CARTESIAN_POINT('',(-5.E-1,9.3E0,-1.013243435302E-10));
#11747=CARTESIAN_POINT('',(5.E-1,9.3E0,0.E0));
#11748=VERTEX_POINT('',#11746);
#11749=VERTEX_POINT('',#11747);
#11750=CARTESIAN_POINT('',(2.000021581151E-1,9.599999999992E0,
-2.425292825094E-6));
#11751=VERTEX_POINT('',#11750);
#11752=CARTESIAN_POINT('',(-2.000010864699E-1,9.599999999998E0,0.E0));
#11753=VERTEX_POINT('',#11752);
#11754=CARTESIAN_POINT('',(0.E0,-4.E0,0.E0));
#11755=DIRECTION('',(0.E0,1.E0,0.E0));
#11756=DIRECTION('',(1.E0,0.E0,0.E0));
#11757=AXIS2_PLACEMENT_3D('',#11754,#11755,#11756);
#11758=PLANE('',#11757);
#11760=ORIENTED_EDGE('',*,*,#11759,.T.);
#11762=ORIENTED_EDGE('',*,*,#11761,.T.);
#11763=EDGE_LOOP('',(#11760,#11762));
#11764=FACE_OUTER_BOUND('',#11763,.F.);
#11766=FILL_AREA_STYLE_COLOUR('',#19);
#11767=FILL_AREA_STYLE('',(#11766));
#11768=SURFACE_STYLE_FILL_AREA(#11767);
#11769=SURFACE_SIDE_STYLE('',(#11768));
#11770=SURFACE_STYLE_USAGE(.BOTH.,#11769);
#11771=PRESENTATION_STYLE_ASSIGNMENT((#11770));
#11772=STYLED_ITEM('',(#11771),#11765);
#11773=CARTESIAN_POINT('',(1.827020144506E-1,-3.999536952966E0,
1.526070066215E-2));
#11774=CARTESIAN_POINT('',(3.733745967832E-1,-4.010180052548E0,
3.118716546991E-2));
#11775=CARTESIAN_POINT('',(5.084090863201E-1,-3.874675701241E0,
4.246630177331E-2));
#11776=CARTESIAN_POINT('',(4.978034565765E-1,-3.683339093755E0,
4.158043665939E-2));
#11777=CARTESIAN_POINT('',(1.922438245685E-1,-3.999536952966E0,
-9.897441662567E-2));
#11778=CARTESIAN_POINT('',(3.928744885388E-1,-4.010180052548E0,
-2.022666964597E-1));
#11779=CARTESIAN_POINT('',(5.349613001992E-1,-3.874675701241E0,
-2.754183793596E-1));
#11780=CARTESIAN_POINT('',(5.238017799828E-1,-3.683339093755E0,
-2.696730348434E-1));
#11781=CARTESIAN_POINT('',(1.146329280326E-1,-3.999536952966E0,
-1.833382530782E-1));
#11782=CARTESIAN_POINT('',(2.342668383321E-1,-4.010180052548E0,
-3.746748306188E-1));
#11783=CARTESIAN_POINT('',(3.189916782172E-1,-3.874675701241E0,
-5.101795621427E-1));
#11784=CARTESIAN_POINT('',(3.123373761571E-1,-3.683339093755E0,
-4.995369995206E-1));
#11785=CARTESIAN_POINT('',(1.188388052975E-10,-3.999536952966E0,
-1.833382531525E-1));
#11786=CARTESIAN_POINT('',(2.428627951694E-10,-4.010180052548E0,
-3.746748307707E-1));
#11787=CARTESIAN_POINT('',(3.306806738698E-10,-3.874675701241E0,
-5.101795623495E-1));
#11788=CARTESIAN_POINT('',(3.237609925887E-10,-3.683339093755E0,
-4.995369997230E-1));
#11789=CARTESIAN_POINT('',(-1.146329277949E-1,-3.999536952966E0,
-1.833382532268E-1));
#11790=CARTESIAN_POINT('',(-2.342668378464E-1,-4.010180052548E0,
-3.746748309225E-1));
#11791=CARTESIAN_POINT('',(-3.189916775558E-1,-3.874675701241E0,
-5.101795625562E-1));
#11792=CARTESIAN_POINT('',(-3.123373755096E-1,-3.683339093755E0,
-4.995369999255E-1));
#11793=CARTESIAN_POINT('',(-1.922438244401E-1,-3.999536952966E0,
-9.897441687489E-2));
#11794=CARTESIAN_POINT('',(-3.928744882766E-1,-4.010180052548E0,
-2.022666969690E-1));
#11795=CARTESIAN_POINT('',(-5.349612998422E-1,-3.874675701241E0,
-2.754183800531E-1));
#11796=CARTESIAN_POINT('',(-5.238017796332E-1,-3.683339093755E0,
-2.696730355224E-1));
#11797=CARTESIAN_POINT('',(-1.827020144704E-1,-3.999536952966E0,
1.526070042530E-2));
#11798=CARTESIAN_POINT('',(-3.733745968236E-1,-4.010180052548E0,
3.118716498588E-2));
#11799=CARTESIAN_POINT('',(-5.084090863751E-1,-3.874675701241E0,
4.246630111421E-2));
#11800=CARTESIAN_POINT('',(-4.978034566305E-1,-3.683339093755E0,
4.158043601405E-2));
#11801=(BOUNDED_SURFACE()B_SPLINE_SURFACE(3,3,((#11773,#11774,#11775,#11776),(
#11777,#11778,#11779,#11780),(#11781,#11782,#11783,#11784),(#11785,#11786,
#11787,#11788),(#11789,#11790,#11791,#11792),(#11793,#11794,#11795,#11796),(
#11797,#11798,#11799,#11800)),.UNSPECIFIED.,.F.,.F.,.F.)B_SPLINE_SURFACE_WITH_KNOTS((4,3,4),(4,4),(0.E0,1.E0,2.E0),(0.E0,1.E0),.UNSPECIFIED.)GEOMETRIC_REPRESENTATION_ITEM()RATIONAL_B_SPLINE_SURFACE(((1.431027566904E0,1.113095505205E0,
1.113095505205E0,1.431027566904E0),(1.122916285847E0,8.734374511045E-1,
8.734374511045E-1,1.122916285847E0),(1.122916285847E0,8.734374511045E-1,
8.734374511045E-1,1.122916285847E0),(1.431027566904E0,1.113095505205E0,
1.113095505205E0,1.431027566904E0),(1.122916285847E0,8.734374511045E-1,
8.734374511045E-1,1.122916285847E0),(1.122916285847E0,8.734374511045E-1,
8.734374511045E-1,1.122916285847E0),(1.431027566904E0,1.113095505205E0,
1.113095505205E0,1.431027566904E0)))REPRESENTATION_ITEM('')SURFACE());
#11803=ORIENTED_EDGE('',*,*,#11802,.T.);
#11805=ORIENTED_EDGE('',*,*,#11804,.F.);
#11806=ORIENTED_EDGE('',*,*,#11759,.F.);
#11808=ORIENTED_EDGE('',*,*,#11807,.T.);
#11809=EDGE_LOOP('',(#11803,#11805,#11806,#11808));
#11810=FACE_OUTER_BOUND('',#11809,.F.);
#11812=FILL_AREA_STYLE_COLOUR('',#19);
#11813=FILL_AREA_STYLE('',(#11812));
#11814=SURFACE_STYLE_FILL_AREA(#11813);
#11815=SURFACE_SIDE_STYLE('',(#11814));
#11816=SURFACE_STYLE_USAGE(.BOTH.,#11815);
#11817=PRESENTATION_STYLE_ASSIGNMENT((#11816));
#11818=STYLED_ITEM('',(#11817),#11811);
#11819=CARTESIAN_POINT('',(0.E0,-4.68E0,0.E0));
#11820=DIRECTION('',(0.E0,1.E0,0.E0));
#11821=DIRECTION('',(1.E0,0.E0,0.E0));
#11822=AXIS2_PLACEMENT_3D('',#11819,#11820,#11821);
#11823=CYLINDRICAL_SURFACE('',#11822,5.E-1);
#11824=ORIENTED_EDGE('',*,*,#11802,.F.);
#11826=ORIENTED_EDGE('',*,*,#11825,.F.);
#11828=ORIENTED_EDGE('',*,*,#11827,.F.);
#11830=ORIENTED_EDGE('',*,*,#11829,.T.);
#11831=EDGE_LOOP('',(#11824,#11826,#11828,#11830));
#11832=FACE_OUTER_BOUND('',#11831,.F.);
#11834=FILL_AREA_STYLE_COLOUR('',#19);
#11835=FILL_AREA_STYLE('',(#11834));
#11836=SURFACE_STYLE_FILL_AREA(#11835);
#11837=SURFACE_SIDE_STYLE('',(#11836));
#11838=SURFACE_STYLE_USAGE(.BOTH.,#11837);
#11839=PRESENTATION_STYLE_ASSIGNMENT((#11838));
#11840=STYLED_ITEM('',(#11839),#11833);
#11841=CARTESIAN_POINT('',(0.E0,-4.68E0,0.E0));
#11842=DIRECTION('',(0.E0,1.E0,0.E0));
#11843=DIRECTION('',(1.E0,0.E0,0.E0));
#11844=AXIS2_PLACEMENT_3D('',#11841,#11842,#11843);
#11845=CYLINDRICAL_SURFACE('',#11844,5.E-1);
#11847=ORIENTED_EDGE('',*,*,#11846,.F.);
#11848=ORIENTED_EDGE('',*,*,#11829,.F.);
#11850=ORIENTED_EDGE('',*,*,#11849,.F.);
#11851=ORIENTED_EDGE('',*,*,#11825,.T.);
#11852=EDGE_LOOP('',(#11847,#11848,#11850,#11851));
#11853=FACE_OUTER_BOUND('',#11852,.F.);
#11855=FILL_AREA_STYLE_COLOUR('',#19);
#11856=FILL_AREA_STYLE('',(#11855));
#11857=SURFACE_STYLE_FILL_AREA(#11856);
#11858=SURFACE_SIDE_STYLE('',(#11857));
#11859=SURFACE_STYLE_USAGE(.BOTH.,#11858);
#11860=PRESENTATION_STYLE_ASSIGNMENT((#11859));
#11861=STYLED_ITEM('',(#11860),#11854);
#11862=CARTESIAN_POINT('',(-1.827020144506E-1,-3.999536952966E0,
-1.526070066215E-2));
#11863=CARTESIAN_POINT('',(-3.733745967832E-1,-4.010180052548E0,
-3.118716546991E-2));
#11864=CARTESIAN_POINT('',(-5.084090863201E-1,-3.874675701241E0,
-4.246630177331E-2));
#11865=CARTESIAN_POINT('',(-4.978034565765E-1,-3.683339093755E0,
-4.158043665939E-2));
#11866=CARTESIAN_POINT('',(-1.922438245685E-1,-3.999536952966E0,
9.897441662567E-2));
#11867=CARTESIAN_POINT('',(-3.928744885388E-1,-4.010180052548E0,
2.022666964597E-1));
#11868=CARTESIAN_POINT('',(-5.349613001992E-1,-3.874675701241E0,
2.754183793596E-1));
#11869=CARTESIAN_POINT('',(-5.238017799828E-1,-3.683339093755E0,
2.696730348434E-1));
#11870=CARTESIAN_POINT('',(-1.146329280326E-1,-3.999536952966E0,
1.833382530782E-1));
#11871=CARTESIAN_POINT('',(-2.342668383321E-1,-4.010180052548E0,
3.746748306188E-1));
#11872=CARTESIAN_POINT('',(-3.189916782172E-1,-3.874675701241E0,
5.101795621427E-1));
#11873=CARTESIAN_POINT('',(-3.123373761571E-1,-3.683339093755E0,
4.995369995206E-1));
#11874=CARTESIAN_POINT('',(-1.188389038663E-10,-3.999536952966E0,
1.833382531525E-1));
#11875=CARTESIAN_POINT('',(-2.428629420549E-10,-4.010180052548E0,
3.746748307707E-1));
#11876=CARTESIAN_POINT('',(-3.306809142635E-10,-3.874675701241E0,
5.101795623495E-1));
#11877=CARTESIAN_POINT('',(-3.237610954761E-10,-3.683339093755E0,
4.995369997230E-1));
#11878=CARTESIAN_POINT('',(1.146329277949E-1,-3.999536952966E0,
1.833382532268E-1));
#11879=CARTESIAN_POINT('',(2.342668378464E-1,-4.010180052548E0,
3.746748309225E-1));
#11880=CARTESIAN_POINT('',(3.189916775558E-1,-3.874675701241E0,
5.101795625562E-1));
#11881=CARTESIAN_POINT('',(3.123373755096E-1,-3.683339093755E0,
4.995369999255E-1));
#11882=CARTESIAN_POINT('',(1.922438244401E-1,-3.999536952966E0,
9.897441687489E-2));
#11883=CARTESIAN_POINT('',(3.928744882766E-1,-4.010180052548E0,
2.022666969690E-1));
#11884=CARTESIAN_POINT('',(5.349612998422E-1,-3.874675701241E0,
2.754183800531E-1));
#11885=CARTESIAN_POINT('',(5.238017796332E-1,-3.683339093755E0,
2.696730355224E-1));
#11886=CARTESIAN_POINT('',(1.827020144704E-1,-3.999536952966E0,
-1.526070042530E-2));
#11887=CARTESIAN_POINT('',(3.733745968236E-1,-4.010180052548E0,
-3.118716498588E-2));
#11888=CARTESIAN_POINT('',(5.084090863751E-1,-3.874675701241E0,
-4.246630111421E-2));
#11889=CARTESIAN_POINT('',(4.978034566305E-1,-3.683339093755E0,
-4.158043601405E-2));
#11890=(BOUNDED_SURFACE()B_SPLINE_SURFACE(3,3,((#11862,#11863,#11864,#11865),(
#11866,#11867,#11868,#11869),(#11870,#11871,#11872,#11873),(#11874,#11875,
#11876,#11877),(#11878,#11879,#11880,#11881),(#11882,#11883,#11884,#11885),(
#11886,#11887,#11888,#11889)),.UNSPECIFIED.,.F.,.F.,.F.)B_SPLINE_SURFACE_WITH_KNOTS((4,3,4),(4,4),(0.E0,1.E0,2.E0),(0.E0,1.E0),.UNSPECIFIED.)GEOMETRIC_REPRESENTATION_ITEM()RATIONAL_B_SPLINE_SURFACE(((1.431027566904E0,1.113095505205E0,
1.113095505205E0,1.431027566904E0),(1.122916285847E0,8.734374511045E-1,
8.734374511045E-1,1.122916285847E0),(1.122916285847E0,8.734374511045E-1,
8.734374511045E-1,1.122916285847E0),(1.431027566904E0,1.113095505205E0,
1.113095505205E0,1.431027566904E0),(1.122916285847E0,8.734374511045E-1,
8.734374511045E-1,1.122916285847E0),(1.122916285847E0,8.734374511045E-1,
8.734374511045E-1,1.122916285847E0),(1.431027566904E0,1.113095505205E0,
1.113095505205E0,1.431027566904E0)))REPRESENTATION_ITEM('')SURFACE());
#11891=ORIENTED_EDGE('',*,*,#11846,.T.);
#11892=ORIENTED_EDGE('',*,*,#11807,.F.);
#11893=ORIENTED_EDGE('',*,*,#11761,.F.);
#11894=ORIENTED_EDGE('',*,*,#11804,.T.);
#11895=EDGE_LOOP('',(#11891,#11892,#11893,#11894));
#11896=FACE_OUTER_BOUND('',#11895,.F.);
#11898=FILL_AREA_STYLE_COLOUR('',#19);
#11899=FILL_AREA_STYLE('',(#11898));
#11900=SURFACE_STYLE_FILL_AREA(#11899);
#11901=SURFACE_SIDE_STYLE('',(#11900));
#11902=SURFACE_STYLE_USAGE(.BOTH.,#11901);
#11903=PRESENTATION_STYLE_ASSIGNMENT((#11902));
#11904=STYLED_ITEM('',(#11903),#11897);
#11905=CARTESIAN_POINT('',(0.E0,0.E0,0.E0));
#11906=DIRECTION('',(0.E0,1.E0,0.E0));
#11907=DIRECTION('',(1.E0,0.E0,0.E0));
#11908=AXIS2_PLACEMENT_3D('',#11905,#11906,#11907);
#11909=PLANE('',#11908);
#11911=ORIENTED_EDGE('',*,*,#11910,.T.);
#11913=ORIENTED_EDGE('',*,*,#11912,.T.);
#11914=EDGE_LOOP('',(#11911,#11913));
#11915=FACE_OUTER_BOUND('',#11914,.F.);
#11916=ORIENTED_EDGE('',*,*,#11849,.T.);
#11917=ORIENTED_EDGE('',*,*,#11827,.T.);
#11918=EDGE_LOOP('',(#11916,#11917));
#11919=FACE_BOUND('',#11918,.F.);
#11921=FILL_AREA_STYLE_COLOUR('',#19);
#11922=FILL_AREA_STYLE('',(#11921));
#11923=SURFACE_STYLE_FILL_AREA(#11922);
#11924=SURFACE_SIDE_STYLE('',(#11923));
#11925=SURFACE_STYLE_USAGE(.BOTH.,#11924);
#11926=PRESENTATION_STYLE_ASSIGNMENT((#11925));
#11927=STYLED_ITEM('',(#11926),#11920);
#11928=CARTESIAN_POINT('',(0.E0,-4.68E0,0.E0));
#11929=DIRECTION('',(0.E0,1.E0,0.E0));
#11930=DIRECTION('',(1.E0,0.E0,0.E0));
#11931=AXIS2_PLACEMENT_3D('',#11928,#11929,#11930);
#11932=CYLINDRICAL_SURFACE('',#11931,1.E0);
#11934=ORIENTED_EDGE('',*,*,#11933,.F.);
#11936=ORIENTED_EDGE('',*,*,#11935,.F.);
#11938=ORIENTED_EDGE('',*,*,#11937,.T.);
#11939=ORIENTED_EDGE('',*,*,#11910,.F.);
#11940=EDGE_LOOP('',(#11934,#11936,#11938,#11939));
#11941=FACE_OUTER_BOUND('',#11940,.F.);
#11943=FILL_AREA_STYLE_COLOUR('',#19);
#11944=FILL_AREA_STYLE('',(#11943));
#11945=SURFACE_STYLE_FILL_AREA(#11944);
#11946=SURFACE_SIDE_STYLE('',(#11945));
#11947=SURFACE_STYLE_USAGE(.BOTH.,#11946);
#11948=PRESENTATION_STYLE_ASSIGNMENT((#11947));
#11949=STYLED_ITEM('',(#11948),#11942);
#11950=CARTESIAN_POINT('',(0.E0,-4.68E0,0.E0));
#11951=DIRECTION('',(0.E0,1.E0,0.E0));
#11952=DIRECTION('',(1.E0,0.E0,0.E0));
#11953=AXIS2_PLACEMENT_3D('',#11950,#11951,#11952);
#11954=CYLINDRICAL_SURFACE('',#11953,1.E0);
#11955=ORIENTED_EDGE('',*,*,#11933,.T.);
#11956=ORIENTED_EDGE('',*,*,#11912,.F.);
#11957=ORIENTED_EDGE('',*,*,#11937,.F.);
#11959=ORIENTED_EDGE('',*,*,#11958,.F.);
#11960=EDGE_LOOP('',(#11955,#11956,#11957,#11959));
#11961=FACE_OUTER_BOUND('',#11960,.F.);
#11963=FILL_AREA_STYLE_COLOUR('',#19);
#11964=FILL_AREA_STYLE('',(#11963));
#11965=SURFACE_STYLE_FILL_AREA(#11964);
#11966=SURFACE_SIDE_STYLE('',(#11965));
#11967=SURFACE_STYLE_USAGE(.BOTH.,#11966);
#11968=PRESENTATION_STYLE_ASSIGNMENT((#11967));
#11969=STYLED_ITEM('',(#11968),#11962);
#11970=CARTESIAN_POINT('',(0.E0,5.E-1,0.E0));
#11971=DIRECTION('',(0.E0,1.E0,0.E0));
#11972=DIRECTION('',(1.E0,0.E0,0.E0));
#11973=AXIS2_PLACEMENT_3D('',#11970,#11971,#11972);
#11974=PLANE('',#11973);
#11975=ORIENTED_EDGE('',*,*,#11958,.T.);
#11976=ORIENTED_EDGE('',*,*,#11935,.T.);
#11977=EDGE_LOOP('',(#11975,#11976));
#11978=FACE_OUTER_BOUND('',#11977,.F.);
#11980=ORIENTED_EDGE('',*,*,#11979,.T.);
#11982=ORIENTED_EDGE('',*,*,#11981,.T.);
#11983=EDGE_LOOP('',(#11980,#11982));
#11984=FACE_BOUND('',#11983,.F.);
#11986=FILL_AREA_STYLE_COLOUR('',#19);
#11987=FILL_AREA_STYLE('',(#11986));
#11988=SURFACE_STYLE_FILL_AREA(#11987);
#11989=SURFACE_SIDE_STYLE('',(#11988));
#11990=SURFACE_STYLE_USAGE(.BOTH.,#11989);
#11991=PRESENTATION_STYLE_ASSIGNMENT((#11990));
#11992=STYLED_ITEM('',(#11991),#11985);
#11993=CARTESIAN_POINT('',(0.E0,-4.68E0,0.E0));
#11994=DIRECTION('',(0.E0,1.E0,0.E0));
#11995=DIRECTION('',(1.E0,0.E0,0.E0));
#11996=AXIS2_PLACEMENT_3D('',#11993,#11994,#11995);
#11997=CYLINDRICAL_SURFACE('',#11996,5.E-1);
#11999=ORIENTED_EDGE('',*,*,#11998,.F.);
#12001=ORIENTED_EDGE('',*,*,#12000,.T.);
#12002=ORIENTED_EDGE('',*,*,#11979,.F.);
#12004=ORIENTED_EDGE('',*,*,#12003,.F.);
#12005=EDGE_LOOP('',(#11999,#12001,#12002,#12004));
#12006=FACE_OUTER_BOUND('',#12005,.F.);
#12008=FILL_AREA_STYLE_COLOUR('',#19);
#12009=FILL_AREA_STYLE('',(#12008));
#12010=SURFACE_STYLE_FILL_AREA(#12009);
#12011=SURFACE_SIDE_STYLE('',(#12010));
#12012=SURFACE_STYLE_USAGE(.BOTH.,#12011);
#12013=PRESENTATION_STYLE_ASSIGNMENT((#12012));
#12014=STYLED_ITEM('',(#12013),#12007);
#12015=CARTESIAN_POINT('',(4.978034577515E-1,9.283339093755E0,
4.158042259264E-2));
#12016=CARTESIAN_POINT('',(5.084090861103E-1,9.474675675808E0,
4.246628728912E-2));
#12017=CARTESIAN_POINT('',(3.733746259094E-1,9.610180020849E0,
3.118715727848E-2));
#12018=CARTESIAN_POINT('',(1.827020666328E-1,9.599536955854E0,
1.526069982207E-2));
#12019=CARTESIAN_POINT('',(5.238017718079E-1,9.283339093755E0,
-2.696730430053E-1));
#12020=CARTESIAN_POINT('',(5.349612903668E-1,9.474675675808E0,
-2.754183869316E-1));
#12021=CARTESIAN_POINT('',(3.928745121274E-1,9.610180020849E0,
-2.022667178825E-1));
#12022=CARTESIAN_POINT('',(1.922438760218E-1,9.599536955854E0,
-9.897444765601E-2));
#12023=CARTESIAN_POINT('',(3.123373691709E-1,9.283339093755E0,
-4.995369997229E-1));
#12024=CARTESIAN_POINT('',(3.189916701976E-1,9.474675675808E0,
-5.101795609347E-1));
#12025=CARTESIAN_POINT('',(2.342668508139E-1,9.610180020849E0,
-3.746748591139E-1));
#12026=CARTESIAN_POINT('',(1.146329579387E-1,9.599536955854E0,
-1.833383050836E-1));
#12027=CARTESIAN_POINT('',(2.145066788248E-13,9.283339093755E0,
-4.995369997231E-1));
#12028=CARTESIAN_POINT('',(2.440054008742E-13,9.474675675808E0,
-5.101795609348E-1));
#12029=CARTESIAN_POINT('',(2.017213458468E-13,9.610180020849E0,
-3.746748591140E-1));
#12030=CARTESIAN_POINT('',(1.155950199994E-13,9.599536955854E0,
-1.833383050836E-1));
#12031=CARTESIAN_POINT('',(-3.123373691705E-1,9.283339093755E0,
-4.995369997232E-1));
#12032=CARTESIAN_POINT('',(-3.189916701971E-1,9.474675675808E0,
-5.101795609350E-1));
#12033=CARTESIAN_POINT('',(-2.342668508135E-1,9.610180020849E0,
-3.746748591141E-1));
#12034=CARTESIAN_POINT('',(-1.146329579385E-1,9.599536955854E0,
-1.833383050837E-1));
#12035=CARTESIAN_POINT('',(-5.238017718077E-1,9.283339093755E0,
-2.696730430057E-1));
#12036=CARTESIAN_POINT('',(-5.349612903666E-1,9.474675675808E0,
-2.754183869321E-1));
#12037=CARTESIAN_POINT('',(-3.928745121271E-1,9.610180020849E0,
-2.022667178828E-1));
#12038=CARTESIAN_POINT('',(-1.922438760216E-1,9.599536955854E0,
-9.897444765618E-2));
#12039=CARTESIAN_POINT('',(-4.978034577516E-1,9.283339093755E0,
4.158042259220E-2));
#12040=CARTESIAN_POINT('',(-5.084090861103E-1,9.474675675808E0,
4.246628728867E-2));
#12041=CARTESIAN_POINT('',(-3.733746259094E-1,9.610180020850E0,
3.118715727815E-2));
#12042=CARTESIAN_POINT('',(-1.827020666327E-1,9.599536955854E0,
1.526069982191E-2));
#12043=(BOUNDED_SURFACE()B_SPLINE_SURFACE(3,3,((#12015,#12016,#12017,#12018),(
#12019,#12020,#12021,#12022),(#12023,#12024,#12025,#12026),(#12027,#12028,
#12029,#12030),(#12031,#12032,#12033,#12034),(#12035,#12036,#12037,#12038),(
#12039,#12040,#12041,#12042)),.UNSPECIFIED.,.F.,.F.,.F.)B_SPLINE_SURFACE_WITH_KNOTS((4,3,4),(4,4),(0.E0,1.E0,2.E0),(0.E0,1.E0),.UNSPECIFIED.)GEOMETRIC_REPRESENTATION_ITEM()RATIONAL_B_SPLINE_SURFACE(((1.431027502766E0,1.113095516951E0,
1.113095516951E0,1.431027502766E0),(1.122916245210E0,8.734374678610E-1,
8.734374678610E-1,1.122916245210E0),(1.122916245210E0,8.734374678610E-1,
8.734374678610E-1,1.122916245210E0),(1.431027502766E0,1.113095516951E0,
1.113095516951E0,1.431027502766E0),(1.122916245210E0,8.734374678610E-1,
8.734374678610E-1,1.122916245210E0),(1.122916245210E0,8.734374678610E-1,
8.734374678610E-1,1.122916245210E0),(1.431027502766E0,1.113095516951E0,
1.113095516951E0,1.431027502766E0)))REPRESENTATION_ITEM('')SURFACE());
#12044=ORIENTED_EDGE('',*,*,#11998,.T.);
#12046=ORIENTED_EDGE('',*,*,#12045,.T.);
#12048=ORIENTED_EDGE('',*,*,#12047,.F.);
#12050=ORIENTED_EDGE('',*,*,#12049,.F.);
#12051=EDGE_LOOP('',(#12044,#12046,#12048,#12050));
#12052=FACE_OUTER_BOUND('',#12051,.F.);
#12054=FILL_AREA_STYLE_COLOUR('',#19);
#12055=FILL_AREA_STYLE('',(#12054));
#12056=SURFACE_STYLE_FILL_AREA(#12055);
#12057=SURFACE_SIDE_STYLE('',(#12056));
#12058=SURFACE_STYLE_USAGE(.BOTH.,#12057);
#12059=PRESENTATION_STYLE_ASSIGNMENT((#12058));
#12060=STYLED_ITEM('',(#12059),#12053);
#12061=CARTESIAN_POINT('',(-4.978034577515E-1,9.283339093755E0,
-4.158042259264E-2));
#12062=CARTESIAN_POINT('',(-5.084090861103E-1,9.474675675808E0,
-4.246628728912E-2));
#12063=CARTESIAN_POINT('',(-3.733746259094E-1,9.610180020849E0,
-3.118715727848E-2));
#12064=CARTESIAN_POINT('',(-1.827020666328E-1,9.599536955854E0,
-1.526069982207E-2));
#12065=CARTESIAN_POINT('',(-5.238017718079E-1,9.283339093755E0,
2.696730430053E-1));
#12066=CARTESIAN_POINT('',(-5.349612903668E-1,9.474675675808E0,
2.754183869316E-1));
#12067=CARTESIAN_POINT('',(-3.928745121274E-1,9.610180020849E0,
2.022667178825E-1));
#12068=CARTESIAN_POINT('',(-1.922438760218E-1,9.599536955854E0,
9.897444765601E-2));
#12069=CARTESIAN_POINT('',(-3.123373691709E-1,9.283339093755E0,
4.995369997229E-1));
#12070=CARTESIAN_POINT('',(-3.189916701976E-1,9.474675675808E0,
5.101795609347E-1));
#12071=CARTESIAN_POINT('',(-2.342668508139E-1,9.610180020849E0,
3.746748591139E-1));
#12072=CARTESIAN_POINT('',(-1.146329579387E-1,9.599536955854E0,
1.833383050836E-1));
#12073=CARTESIAN_POINT('',(-2.146445691135E-13,9.283339093755E0,
4.995369997231E-1));
#12074=CARTESIAN_POINT('',(-2.440453366105E-13,9.474675675808E0,
5.101795609348E-1));
#12075=CARTESIAN_POINT('',(-2.016930012144E-13,9.610180020849E0,
3.746748591140E-1));
#12076=CARTESIAN_POINT('',(-1.155729727060E-13,9.599536955854E0,
1.833383050836E-1));
#12077=CARTESIAN_POINT('',(3.123373691705E-1,9.283339093755E0,
4.995369997232E-1));
#12078=CARTESIAN_POINT('',(3.189916701971E-1,9.474675675808E0,
5.101795609350E-1));
#12079=CARTESIAN_POINT('',(2.342668508135E-1,9.610180020849E0,
3.746748591141E-1));
#12080=CARTESIAN_POINT('',(1.146329579385E-1,9.599536955854E0,
1.833383050837E-1));
#12081=CARTESIAN_POINT('',(5.238017718077E-1,9.283339093755E0,
2.696730430057E-1));
#12082=CARTESIAN_POINT('',(5.349612903666E-1,9.474675675808E0,
2.754183869321E-1));
#12083=CARTESIAN_POINT('',(3.928745121271E-1,9.610180020849E0,
2.022667178828E-1));
#12084=CARTESIAN_POINT('',(1.922438760216E-1,9.599536955854E0,
9.897444765618E-2));
#12085=CARTESIAN_POINT('',(4.978034577516E-1,9.283339093755E0,
-4.158042259220E-2));
#12086=CARTESIAN_POINT('',(5.084090861103E-1,9.474675675808E0,
-4.246628728867E-2));
#12087=CARTESIAN_POINT('',(3.733746259094E-1,9.610180020850E0,
-3.118715727815E-2));
#12088=CARTESIAN_POINT('',(1.827020666327E-1,9.599536955854E0,
-1.526069982191E-2));
#12089=(BOUNDED_SURFACE()B_SPLINE_SURFACE(3,3,((#12061,#12062,#12063,#12064),(
#12065,#12066,#12067,#12068),(#12069,#12070,#12071,#12072),(#12073,#12074,
#12075,#12076),(#12077,#12078,#12079,#12080),(#12081,#12082,#12083,#12084),(
#12085,#12086,#12087,#12088)),.UNSPECIFIED.,.F.,.F.,.F.)B_SPLINE_SURFACE_WITH_KNOTS((4,3,4),(4,4),(0.E0,1.E0,2.E0),(0.E0,1.E0),.UNSPECIFIED.)GEOMETRIC_REPRESENTATION_ITEM()RATIONAL_B_SPLINE_SURFACE(((1.431027502766E0,1.113095516951E0,
1.113095516951E0,1.431027502766E0),(1.122916245210E0,8.734374678610E-1,
8.734374678610E-1,1.122916245210E0),(1.122916245210E0,8.734374678610E-1,
8.734374678610E-1,1.122916245210E0),(1.431027502766E0,1.113095516951E0,
1.113095516951E0,1.431027502766E0),(1.122916245210E0,8.734374678610E-1,
8.734374678610E-1,1.122916245210E0),(1.122916245210E0,8.734374678610E-1,
8.734374678610E-1,1.122916245210E0),(1.431027502766E0,1.113095516951E0,
1.113095516951E0,1.431027502766E0)))REPRESENTATION_ITEM('')SURFACE());
#12091=ORIENTED_EDGE('',*,*,#12090,.T.);
#12092=ORIENTED_EDGE('',*,*,#12049,.T.);
#12094=ORIENTED_EDGE('',*,*,#12093,.F.);
#12095=ORIENTED_EDGE('',*,*,#12045,.F.);
#12096=EDGE_LOOP('',(#12091,#12092,#12094,#12095));
#12097=FACE_OUTER_BOUND('',#12096,.F.);
#12099=FILL_AREA_STYLE_COLOUR('',#19);
#12100=FILL_AREA_STYLE('',(#12099));
#12101=SURFACE_STYLE_FILL_AREA(#12100);
#12102=SURFACE_SIDE_STYLE('',(#12101));
#12103=SURFACE_STYLE_USAGE(.BOTH.,#12102);
#12104=PRESENTATION_STYLE_ASSIGNMENT((#12103));
#12105=STYLED_ITEM('',(#12104),#12098);
#12106=CARTESIAN_POINT('',(0.E0,-4.68E0,0.E0));
#12107=DIRECTION('',(0.E0,1.E0,0.E0));
#12108=DIRECTION('',(1.E0,0.E0,0.E0));
#12109=AXIS2_PLACEMENT_3D('',#12106,#12107,#12108);
#12110=CYLINDRICAL_SURFACE('',#12109,5.E-1);
#12111=ORIENTED_EDGE('',*,*,#12090,.F.);
#12112=ORIENTED_EDGE('',*,*,#12003,.T.);
#12113=ORIENTED_EDGE('',*,*,#11981,.F.);
#12114=ORIENTED_EDGE('',*,*,#12000,.F.);
#12115=EDGE_LOOP('',(#12111,#12112,#12113,#12114));
#12116=FACE_OUTER_BOUND('',#12115,.F.);
#12118=FILL_AREA_STYLE_COLOUR('',#19);
#12119=FILL_AREA_STYLE('',(#12118));
#12120=SURFACE_STYLE_FILL_AREA(#12119);
#12121=SURFACE_SIDE_STYLE('',(#12120));
#12122=SURFACE_STYLE_USAGE(.BOTH.,#12121);
#12123=PRESENTATION_STYLE_ASSIGNMENT((#12122));
#12124=STYLED_ITEM('',(#12123),#12117);
#12125=CARTESIAN_POINT('',(0.E0,9.6E0,0.E0));
#12126=DIRECTION('',(0.E0,1.E0,0.E0));
#12127=DIRECTION('',(1.E0,0.E0,0.E0));
#12128=AXIS2_PLACEMENT_3D('',#12125,#12126,#12127);
#12129=PLANE('',#12128);
#12130=ORIENTED_EDGE('',*,*,#12047,.T.);
#12131=ORIENTED_EDGE('',*,*,#12093,.T.);
#12132=EDGE_LOOP('',(#12130,#12131));
#12133=FACE_OUTER_BOUND('',#12132,.F.);
#12135=FILL_AREA_STYLE_COLOUR('',#19);
#12136=FILL_AREA_STYLE('',(#12135));
#12137=SURFACE_STYLE_FILL_AREA(#12136);
#12138=SURFACE_SIDE_STYLE('',(#12137));
#12139=SURFACE_STYLE_USAGE(.BOTH.,#12138);
#12140=PRESENTATION_STYLE_ASSIGNMENT((#12139));
#12141=STYLED_ITEM('',(#12140),#12134);
#12142=CLOSED_SHELL('',(#11765,#11811,#11833,#11854,#11897,#11920,#11942,#11962,
#11985,#12007,#12053,#12098,#12117,#12134));
#12143=MANIFOLD_SOLID_BREP('',#12142);
#12146=PLANE_ANGLE_MEASURE_WITH_UNIT(PLANE_ANGLE_MEASURE(1.745329251994E-2),
#12145);
#12147=(CONVERSION_BASED_UNIT('DEGREE',#12146)NAMED_UNIT(*)PLANE_ANGLE_UNIT());
#12149=UNCERTAINTY_MEASURE_WITH_UNIT(LENGTH_MEASURE(1.389044864318E-3),#12144,
'distance_accuracy_value',
'Maximum model space distance between geometric entities at asserted connectivities');
#12151=CARTESIAN_POINT('',(0.E0,0.E0,0.E0));
#12152=DIRECTION('',(0.E0,0.E0,1.E0));
#12153=DIRECTION('',(1.E0,0.E0,0.E0));
#12156=PRODUCT_DEFINITION_CONTEXT('part definition',#1873,'design');
#12157=PRODUCT_CONTEXT('',#1873,'mechanical');
#12158=PRODUCT('16011409_7','16011409_7','NOT SPECIFIED',(#12157));
#12159=PRODUCT_DEFINITION_FORMATION('1','LAST_VERSION',#12158);
#12167=DERIVED_UNIT_ELEMENT(#12166,2.E0);
#12168=DERIVED_UNIT((#12167));
#12169=MEASURE_REPRESENTATION_ITEM('surface area measure',AREA_MEASURE(
4.969052083528E1),#12168);
#12174=DERIVED_UNIT_ELEMENT(#12173,3.E0);
#12175=DERIVED_UNIT((#12174));
#12176=MEASURE_REPRESENTATION_ITEM('volume measure',VOLUME_MEASURE(
1.175438818398E1),#12175);
#12180=CARTESIAN_POINT('centre point',(0.E0,2.544423278736E0,
-9.436509236069E-12));
#12185=DERIVED_UNIT_ELEMENT(#12184,2.E0);
#12186=DERIVED_UNIT((#12185));
#12187=MEASURE_REPRESENTATION_ITEM('surface area measure',AREA_MEASURE(
4.969052083528E1),#12186);
#12192=DERIVED_UNIT_ELEMENT(#12191,3.E0);
#12193=DERIVED_UNIT((#12192));
#12194=MEASURE_REPRESENTATION_ITEM('volume measure',VOLUME_MEASURE(
1.175438818398E1),#12193);
#12198=CARTESIAN_POINT('centre point',(0.E0,2.544423278736E0,
-9.436509236069E-12));
#12204=GENERAL_PROPERTY('','DESCRIPTION','user defined attribute');
#12205=GENERAL_PROPERTY_ASSOCIATION('user defined attribute','',#12204,#12203);
#12206=DESCRIPTIVE_REPRESENTATION_ITEM('DESCRIPTION','');
#12210=GENERAL_PROPERTY('','MODELED_BY','user defined attribute');
#12211=GENERAL_PROPERTY_ASSOCIATION('user defined attribute','',#12210,#12209);
#12212=DESCRIPTIVE_REPRESENTATION_ITEM('MODELED_BY','');
#12217=CARTESIAN_POINT('centre point',(2.286E1,8.744381718736E0,
-1.016000954973E-5));
#12221=CARTESIAN_POINT('',(2.286E1,6.19995844E0,-1.016000011322E-5));
#12222=DIRECTION('',(0.E0,0.E0,1.E0));
#12223=DIRECTION('',(1.E0,0.E0,0.E0));
#12224=AXIS2_PLACEMENT_3D('',#12221,#12222,#12223);
#12225=ITEM_DEFINED_TRANSFORMATION('','',#12154,#12224);
#12226=(REPRESENTATION_RELATIONSHIP('','',#12155,#1936)REPRESENTATION_RELATIONSHIP_WITH_TRANSFORMATION(#12225)SHAPE_REPRESENTATION_RELATIONSHIP());
#12227=CONTEXT_DEPENDENT_SHAPE_REPRESENTATION(#12226,#12216);
#12230=CARTESIAN_POINT('centre point',(2.286E1,8.744381718736E0,
-1.016000000001E1));
#12234=CARTESIAN_POINT('',(2.286E1,6.19995844E0,-1.016E1));
#12235=DIRECTION('',(0.E0,0.E0,1.E0));
#12236=DIRECTION('',(1.E0,0.E0,0.E0));
#12237=AXIS2_PLACEMENT_3D('',#12234,#12235,#12236);
#12238=ITEM_DEFINED_TRANSFORMATION('','',#12154,#12237);
#12239=(REPRESENTATION_RELATIONSHIP('','',#12155,#1936)REPRESENTATION_RELATIONSHIP_WITH_TRANSFORMATION(#12238)SHAPE_REPRESENTATION_RELATIONSHIP());
#12240=CONTEXT_DEPENDENT_SHAPE_REPRESENTATION(#12239,#12229);
#12243=CARTESIAN_POINT('centre point',(2.286254E1,8.744381718736E0,
1.016506983999E1));
#12247=CARTESIAN_POINT('',(2.286254E1,6.19995844E0,1.016506984E1));
#12248=DIRECTION('',(0.E0,0.E0,1.E0));
#12249=DIRECTION('',(1.E0,0.E0,0.E0));
#12250=AXIS2_PLACEMENT_3D('',#12247,#12248,#12249);
#12251=ITEM_DEFINED_TRANSFORMATION('','',#12154,#12250);
#12252=(REPRESENTATION_RELATIONSHIP('','',#12155,#1936)REPRESENTATION_RELATIONSHIP_WITH_TRANSFORMATION(#12251)SHAPE_REPRESENTATION_RELATIONSHIP());
#12253=CONTEXT_DEPENDENT_SHAPE_REPRESENTATION(#12252,#12242);
#12256=CARTESIAN_POINT('centre point',(-2.286E1,8.744381718736E0,
-7.620000000009E0));
#12260=CARTESIAN_POINT('',(-2.286E1,6.19995844E0,-7.62E0));
#12261=DIRECTION('',(0.E0,0.E0,1.E0));
#12262=DIRECTION('',(1.E0,0.E0,0.E0));
#12263=AXIS2_PLACEMENT_3D('',#12260,#12261,#12262);
#12264=ITEM_DEFINED_TRANSFORMATION('','',#12154,#12263);
#12265=(REPRESENTATION_RELATIONSHIP('','',#12155,#1936)REPRESENTATION_RELATIONSHIP_WITH_TRANSFORMATION(#12264)SHAPE_REPRESENTATION_RELATIONSHIP());
#12266=CONTEXT_DEPENDENT_SHAPE_REPRESENTATION(#12265,#12255);
#12269=CARTESIAN_POINT('centre point',(-2.286E1,8.744381718736E0,
-2.540000000009E0));
#12273=CARTESIAN_POINT('',(-2.286E1,6.19995844E0,-2.54E0));
#12274=DIRECTION('',(0.E0,0.E0,1.E0));
#12275=DIRECTION('',(1.E0,0.E0,0.E0));
#12276=AXIS2_PLACEMENT_3D('',#12273,#12274,#12275);
#12277=ITEM_DEFINED_TRANSFORMATION('','',#12154,#12276);
#12278=(REPRESENTATION_RELATIONSHIP('','',#12155,#1936)REPRESENTATION_RELATIONSHIP_WITH_TRANSFORMATION(#12277)SHAPE_REPRESENTATION_RELATIONSHIP());
#12279=CONTEXT_DEPENDENT_SHAPE_REPRESENTATION(#12278,#12268);
#12282=CARTESIAN_POINT('centre point',(-2.286E1,8.744381718736E0,
7.619999999991E0));
#12286=CARTESIAN_POINT('',(-2.286E1,6.19995844E0,7.62E0));
#12287=DIRECTION('',(0.E0,0.E0,1.E0));
#12288=DIRECTION('',(1.E0,0.E0,0.E0));
#12289=AXIS2_PLACEMENT_3D('',#12286,#12287,#12288);
#12290=ITEM_DEFINED_TRANSFORMATION('','',#12154,#12289);
#12291=(REPRESENTATION_RELATIONSHIP('','',#12155,#1936)REPRESENTATION_RELATIONSHIP_WITH_TRANSFORMATION(#12290)SHAPE_REPRESENTATION_RELATIONSHIP());
#12292=CONTEXT_DEPENDENT_SHAPE_REPRESENTATION(#12291,#12281);
#12295=PLANE_ANGLE_MEASURE_WITH_UNIT(PLANE_ANGLE_MEASURE(1.745329251994E-2),
#12294);
#12296=(CONVERSION_BASED_UNIT('DEGREE',#12295)NAMED_UNIT(*)PLANE_ANGLE_UNIT());
#12298=UNCERTAINTY_MEASURE_WITH_UNIT(LENGTH_MEASURE(5.907977180386E-3),#12293,
'distance_accuracy_value',
'Maximum model space distance between geometric entities at asserted connectivities');
#12300=CARTESIAN_POINT('',(0.E0,0.E0,0.E0));
#12301=DIRECTION('',(0.E0,0.E0,1.E0));
#12302=DIRECTION('',(1.E0,0.E0,0.E0));
#12304=MECHANICAL_DESIGN_GEOMETRIC_PRESENTATION_REPRESENTATION('',(#634,#656,
#676,#698,#726,#746,#766,#787,#809,#829,#849,#870,#892,#912,#931,#952,#972,
#1013,#1047,#1068,#1095,#1116,#1149,#1170,#1191,#1211,#1231,#1252,#1274,#1295,
#1313,#1332,#1352,#1371,#1390,#1436,#1454,#1497,#1543,#1561,#1604,#1625,#1644,
#1690,#1708,#1751,#1797,#1815,#1858,#5888,#5926,#5964,#5988,#6010,#6051,#6072,
#6093,#6114,#6140,#6160,#6216,#6238,#6261,#6288,#6309,#6346,#6374,#6396,#6418,
#6439,#6461,#6488,#6508,#6563,#6585,#6608,#6633,#6655,#6678,#6699,#6720,#6739,
#6758,#6829,#6851,#6872,#6893,#6914,#6935,#6956,#6977,#7004,#7026,#7053,#7072,
#7148,#7178,#7218,#7240,#7308,#7328,#7348,#7372,#7444,#7474,#7495,#7516,#7537,
#7561,#7582,#7603,#7624,#7653,#7692,#7712,#7747,#7767,#7786,#7807,#7831,#7852,
#7876,#7897,#7921,#7941,#8016,#8036,#8056,#8075,#8095,#8115,#8135,#8170,#8190,
#8210,#8230,#8250,#8270,#8290,#8327,#8353,#8375,#8400,#8419,#8439,#8458,#8478,
#8498,#8517,#8542,#8565,#8588,#8609,#8626,#8648,#8676,#8695,#8720,#8743,#8766,
#8787,#8804,#8826,#8854,#8873,#8898,#8921,#8944,#8965,#8982,#9004,#9032,#9051,
#9076,#9099,#9122,#9143,#9160,#9186,#9208,#9229,#9249,#9272,#9291,#9316,#9339,
#9362,#9383,#9400,#9425,#9452,#9473,#9495,#9593,#9620,#9641,#9661,#9685,#9706,
#9726,#9747,#9766,#9786,#9807,#9827,#9848,#9873,#9894,#9914,#9939,#9960,#9981,
#10006,#10027,#10047,#10071,#10092,#10113,#10134,#10153,#10174,#10194,#10215,
#10235,#10256,#10281,#10302,#10322,#10347,#10367,#10387,#10406,#10425,#10444,
#10463,#10485,#10505,#10532,#10555,#10576,#10595,#10617,#10637,#10664,#10687,
#10708,#10730,#10750,#10777,#10800,#10821,#10843,#10863,#10890,#10913,#10934,
#10956,#10976,#11003,#11026,#11047,#11073,#11095,#11116,#11136,#11159,#11178,
#11199,#11218,#11239,#11258,#11283,#11306,#11329,#11350,#11367,#11388,#11407,
#11428,#11447,#11468,#11487,#11506,#11772,#11818,#11840,#11861,#11904,#11927,
#11949,#11969,#11992,#12014,#12060,#12105,#12124,#12141),#12299);
#12305=PRODUCT_CONTEXT('',#1873,'mechanical');
#12306=PRODUCT('00_ASM_25_ASM','00_ASM_25_ASM','NOT SPECIFIED',(#12305));
#12307=PRODUCT_DEFINITION_FORMATION('1','LAST_VERSION',#12306);
#12310=DERIVED_UNIT_ELEMENT(#12309,2.E0);
#12311=DERIVED_UNIT((#12310));
#12312=MEASURE_REPRESENTATION_ITEM('surface area measure',AREA_MEASURE(
9.585614472201E3),#12311);
#12317=DERIVED_UNIT_ELEMENT(#12316,3.E0);
#12318=DERIVED_UNIT((#12317));
#12319=MEASURE_REPRESENTATION_ITEM('volume measure',VOLUME_MEASURE(
3.291806525236E3),#12318);
#12323=CARTESIAN_POINT('centre point',(2.094806564772E-2,6.964895835255E0,
-9.966311428489E-3));
#12327=PRODUCT_RELATED_PRODUCT_CATEGORY('part','',(#12306,#1877,#11522,#12158));
#12329=GENERAL_PROPERTY('','DESCRIPTION','user defined attribute');
#12330=GENERAL_PROPERTY_ASSOCIATION('user defined attribute','',#12329,#12328);
#12331=DESCRIPTIVE_REPRESENTATION_ITEM('DESCRIPTION','');
#12335=GENERAL_PROPERTY('','MODELED_BY','user defined attribute');
#12336=GENERAL_PROPERTY_ASSOCIATION('user defined attribute','',#12335,#12334);
#12337=DESCRIPTIVE_REPRESENTATION_ITEM('MODELED_BY','');
#1=DRAUGHTING_PRE_DEFINED_COLOUR('black');
#2=COLOUR_RGB('',0.E0,5.019607843137E-1,0.E0);
#3=DRAUGHTING_PRE_DEFINED_COLOUR('green');
#4=COLOUR_RGB('',1.1E-2,1.2E-2,1.E0);
#5=COLOUR_RGB('',1.058823529412E-1,1.137254901961E-1,1.215686274510E-1);
#6=COLOUR_RGB('',2.E-1,2.E-1,2.E-1);
#7=COLOUR_RGB('',3.92E-1,1.2E-2,1.2E-2);
#8=COLOUR_RGB('',4.1E-1,0.E0,2.2E-1);
#9=COLOUR_RGB('',4.980392156863E-1,4.980392156863E-1,4.980392156863E-1);
#10=COLOUR_RGB('',6.470588235294E-1,6.196078431373E-1,5.882352941176E-1);
#11=COLOUR_RGB('',6.705882352941E-1,8.392156862745E-1,6.274509803922E-1);
#12=COLOUR_RGB('',6.941176470588E-1,6.941176470588E-1,6.941176470588E-1);
#13=COLOUR_RGB('',6.952E-1,7.426E-1,7.9E-1);
#14=COLOUR_RGB('',7.84314E-1,7.84314E-1,7.84314E-1);
#15=COLOUR_RGB('',7.960784313725E-1,8.235294117647E-1,9.372549019608E-1);
#16=COLOUR_RGB('',8.784E-1,9.49E-1,1.E0);
#17=COLOUR_RGB('',9.098039215686E-1,4.431372549020E-1,3.137254901961E-2);
#18=COLOUR_RGB('',9.6E-1,9.6E-1,9.6E-1);
#19=COLOUR_RGB('',9.8E-1,6.27E-1,0.E0);
#20=DRAUGHTING_PRE_DEFINED_COLOUR('red');
#21=DRAUGHTING_PRE_DEFINED_COLOUR('yellow');
#22=COLOUR_RGB('',1.E0,1.E0,9.49E-1);
#23=DRAUGHTING_PRE_DEFINED_COLOUR('white');
#36=CIRCLE('',#35,7.E-1);
#41=CIRCLE('',#40,7.E-1);
#46=CIRCLE('',#45,7.E-1);
#63=CIRCLE('',#62,6.E-1);
#68=CIRCLE('',#67,6.E-1);
#81=CIRCLE('',#80,7.E-1);
#86=CIRCLE('',#85,7.E-1);
#91=CIRCLE('',#90,7.E-1);
#116=CIRCLE('',#115,7.E-1);
#121=CIRCLE('',#120,7.E-1);
#126=CIRCLE('',#125,7.E-1);
#151=CIRCLE('',#150,7.E-1);
#156=CIRCLE('',#155,7.E-1);
#161=CIRCLE('',#160,7.E-1);
#178=CIRCLE('',#177,7.E-1);
#183=CIRCLE('',#182,7.E-1);
#188=CIRCLE('',#187,7.E-1);
#193=CIRCLE('',#192,7.E-1);
#202=CIRCLE('',#201,1.E-1);
#211=CIRCLE('',#210,1.E-1);
#220=CIRCLE('',#219,1.E-1);
#229=CIRCLE('',#228,1.E-1);
#234=CIRCLE('',#233,4.999992754094E-1);
#239=CIRCLE('',#238,4.999992754105E-1);
#244=CIRCLE('',#243,4.999992754094E-1);
#249=CIRCLE('',#248,4.999992754105E-1);
#262=CIRCLE('',#261,6.E-1);
#267=CIRCLE('',#266,6.E-1);
#280=CIRCLE('',#279,4.999991959632E-1);
#285=CIRCLE('',#284,4.999991959627E-1);
#290=CIRCLE('',#289,4.999991959630E-1);
#295=CIRCLE('',#294,4.999991959627E-1);
#316=CIRCLE('',#315,1.E-1);
#321=CIRCLE('',#320,1.E-1);
#326=CIRCLE('',#325,1.E-1);
#347=CIRCLE('',#346,1.E-1);
#352=CIRCLE('',#351,1.E-1);
#357=CIRCLE('',#356,1.E-1);
#362=CIRCLE('',#361,1.E-1);
#367=CIRCLE('',#366,1.E-1);
#372=CIRCLE('',#371,1.E-1);
#385=CIRCLE('',#384,1.E-1);
#390=CIRCLE('',#389,1.E-1);
#395=CIRCLE('',#394,1.E-1);
#408=CIRCLE('',#407,4.900000000086E-1);
#413=CIRCLE('',#412,2.368715868981E-2);
#418=CIRCLE('',#417,2.368718400570E-2);
#423=CIRCLE('',#422,4.900000000111E-1);
#428=CIRCLE('',#427,4.900000000079E-1);
#433=CIRCLE('',#432,2.368715868982E-2);
#438=CIRCLE('',#437,2.368718400570E-2);
#443=CIRCLE('',#442,4.900000000111E-1);
#456=CIRCLE('',#455,4.900000000116E-1);
#461=CIRCLE('',#460,2.368715869024E-2);
#466=CIRCLE('',#465,2.368718400946E-2);
#471=CIRCLE('',#470,4.900000000113E-1);
#476=CIRCLE('',#475,4.900000000116E-1);
#481=CIRCLE('',#480,2.368715869023E-2);
#486=CIRCLE('',#485,2.368718400946E-2);
#491=CIRCLE('',#490,4.900000000113E-1);
#617=EDGE_CURVE('',#494,#495,#27,.T.);
#619=EDGE_CURVE('',#497,#494,#142,.T.);
#621=EDGE_CURVE('',#499,#497,#107,.T.);
#623=EDGE_CURVE('',#495,#499,#72,.T.);
#627=ADVANCED_FACE('',(#626),#616,.F.);
#641=EDGE_CURVE('',#501,#495,#41,.T.);
#643=EDGE_CURVE('',#501,#503,#31,.T.);
#645=EDGE_CURVE('',#494,#503,#161,.T.);
#649=ADVANCED_FACE('',(#648),#639,.T.);
#662=EDGE_CURVE('',#505,#501,#36,.T.);
#665=EDGE_CURVE('',#495,#505,#46,.T.);
#669=ADVANCED_FACE('',(#668),#661,.T.);
#683=EDGE_CURVE('',#505,#507,#50,.T.);
#685=EDGE_CURVE('',#509,#507,#178,.T.);
#687=EDGE_CURVE('',#509,#501,#54,.T.);
#691=ADVANCED_FACE('',(#690),#681,.T.);
#704=EDGE_CURVE('',#511,#505,#76,.T.);
#706=EDGE_CURVE('',#513,#511,#99,.T.);
#708=EDGE_CURVE('',#513,#507,#58,.T.);
#713=EDGE_CURVE('',#516,#517,#63,.T.);
#715=EDGE_CURVE('',#517,#516,#68,.T.);
#719=ADVANCED_FACE('',(#712,#718),#703,.T.);
#733=EDGE_CURVE('',#511,#499,#86,.T.);
#739=ADVANCED_FACE('',(#738),#731,.T.);
#752=EDGE_CURVE('',#519,#511,#81,.T.);
#755=EDGE_CURVE('',#499,#519,#91,.T.);
#759=ADVANCED_FACE('',(#758),#751,.T.);
#773=EDGE_CURVE('',#519,#521,#95,.T.);
#775=EDGE_CURVE('',#513,#521,#183,.T.);
#780=ADVANCED_FACE('',(#779),#771,.T.);
#793=EDGE_CURVE('',#523,#519,#111,.T.);
#795=EDGE_CURVE('',#525,#523,#134,.T.);
#797=EDGE_CURVE('',#525,#521,#103,.T.);
#802=ADVANCED_FACE('',(#801),#792,.T.);
#816=EDGE_CURVE('',#523,#497,#121,.T.);
#822=ADVANCED_FACE('',(#821),#814,.T.);
#835=EDGE_CURVE('',#527,#523,#116,.T.);
#838=EDGE_CURVE('',#497,#527,#126,.T.);
#842=ADVANCED_FACE('',(#841),#834,.T.);
#856=EDGE_CURVE('',#527,#529,#130,.T.);
#858=EDGE_CURVE('',#525,#529,#188,.T.);
#863=ADVANCED_FACE('',(#862),#854,.T.);
#876=EDGE_CURVE('',#531,#527,#146,.T.);
#878=EDGE_CURVE('',#533,#531,#169,.T.);
#880=EDGE_CURVE('',#533,#529,#138,.T.);
#885=ADVANCED_FACE('',(#884),#875,.T.);
#899=EDGE_CURVE('',#531,#494,#156,.T.);
#905=ADVANCED_FACE('',(#904),#897,.T.);
#918=EDGE_CURVE('',#503,#531,#151,.T.);
#924=ADVANCED_FACE('',(#923),#917,.T.);
#938=EDGE_CURVE('',#503,#535,#165,.T.);
#940=EDGE_CURVE('',#533,#535,#193,.T.);
#945=ADVANCED_FACE('',(#944),#936,.T.);
#960=EDGE_CURVE('',#509,#535,#173,.T.);
#965=ADVANCED_FACE('',(#964),#957,.T.);
#988=EDGE_CURVE('',#538,#539,#197,.T.);
#990=EDGE_CURVE('',#539,#541,#202,.T.);
#992=EDGE_CURVE('',#541,#543,#206,.T.);
#994=EDGE_CURVE('',#543,#545,#211,.T.);
#996=EDGE_CURVE('',#545,#547,#215,.T.);
#998=EDGE_CURVE('',#547,#549,#220,.T.);
#1000=EDGE_CURVE('',#549,#551,#224,.T.);
#1002=EDGE_CURVE('',#551,#538,#229,.T.);
#1006=ADVANCED_FACE('',(#987,#1005),#977,.T.);
#1020=EDGE_CURVE('',#553,#538,#257,.T.);
#1022=EDGE_CURVE('',#555,#553,#334,.T.);
#1024=EDGE_CURVE('',#539,#555,#307,.T.);
#1028=EDGE_CURVE('',#558,#559,#234,.T.);
#1030=EDGE_CURVE('',#559,#558,#239,.T.);
#1034=EDGE_CURVE('',#562,#563,#244,.T.);
#1036=EDGE_CURVE('',#563,#562,#249,.T.);
#1040=ADVANCED_FACE('',(#1027,#1033,#1039),#1018,.F.);
#1054=EDGE_CURVE('',#551,#565,#253,.T.);
#1056=EDGE_CURVE('',#553,#565,#347,.T.);
#1061=ADVANCED_FACE('',(#1060),#1052,.F.);
#1075=EDGE_CURVE('',#567,#549,#275,.T.);
#1077=EDGE_CURVE('',#565,#567,#342,.T.);
#1082=EDGE_CURVE('',#570,#571,#262,.T.);
#1084=EDGE_CURVE('',#571,#570,#267,.T.);
#1088=ADVANCED_FACE('',(#1081,#1087),#1073,.F.);
#1102=EDGE_CURVE('',#547,#573,#271,.T.);
#1104=EDGE_CURVE('',#567,#573,#362,.T.);
#1109=ADVANCED_FACE('',(#1108),#1100,.F.);
#1123=EDGE_CURVE('',#575,#545,#303,.T.);
#1125=EDGE_CURVE('',#573,#575,#380,.T.);
#1130=EDGE_CURVE('',#578,#579,#280,.T.);
#1132=EDGE_CURVE('',#579,#578,#285,.T.);
#1136=EDGE_CURVE('',#582,#583,#290,.T.);
#1138=EDGE_CURVE('',#583,#582,#295,.T.);
#1142=ADVANCED_FACE('',(#1129,#1135,#1141),#1121,.F.);
#1156=EDGE_CURVE('',#543,#585,#299,.T.);
#1158=EDGE_CURVE('',#575,#585,#385,.T.);
#1163=ADVANCED_FACE('',(#1162),#1154,.F.);
#1177=EDGE_CURVE('',#587,#541,#311,.T.);
#1179=EDGE_CURVE('',#585,#587,#403,.T.);
#1184=ADVANCED_FACE('',(#1183),#1175,.F.);
#1199=EDGE_CURVE('',#587,#555,#316,.T.);
#1204=ADVANCED_FACE('',(#1203),#1196,.F.);
#1218=EDGE_CURVE('',#555,#589,#321,.T.);
#1220=EDGE_CURVE('',#589,#587,#326,.T.);
#1224=ADVANCED_FACE('',(#1223),#1216,.F.);
#1237=EDGE_CURVE('',#591,#589,#330,.T.);
#1241=EDGE_CURVE('',#591,#553,#357,.T.);
#1245=ADVANCED_FACE('',(#1244),#1236,.F.);
#1259=EDGE_CURVE('',#593,#591,#338,.T.);
#1261=EDGE_CURVE('',#595,#593,#376,.T.);
#1263=EDGE_CURVE('',#589,#595,#399,.T.);
#1267=ADVANCED_FACE('',(#1266),#1257,.T.);
#1281=EDGE_CURVE('',#565,#591,#352,.T.);
#1284=EDGE_CURVE('',#593,#567,#372,.T.);
#1288=ADVANCED_FACE('',(#1287),#1279,.F.);
#1306=ADVANCED_FACE('',(#1305),#1300,.F.);
#1320=EDGE_CURVE('',#573,#593,#367,.T.);
#1325=ADVANCED_FACE('',(#1324),#1318,.F.);
#1341=EDGE_CURVE('',#595,#575,#395,.T.);
#1345=ADVANCED_FACE('',(#1344),#1337,.F.);
#1359=EDGE_CURVE('',#585,#595,#390,.T.);
#1364=ADVANCED_FACE('',(#1363),#1357,.F.);
#1383=ADVANCED_FACE('',(#1382),#1376,.F.);
#1420=EDGE_CURVE('',#598,#599,#413,.T.);
#1422=EDGE_CURVE('',#598,#579,#408,.T.);
#1425=EDGE_CURVE('',#599,#578,#423,.T.);
#1429=ADVANCED_FACE('',(#1428),#1419,.T.);
#1443=EDGE_CURVE('',#599,#598,#418,.T.);
#1447=ADVANCED_FACE('',(#1446),#1441,.F.);
#1490=ADVANCED_FACE('',(#1489),#1483,.T.);
#1527=EDGE_CURVE('',#602,#603,#433,.T.);
#1529=EDGE_CURVE('',#602,#583,#428,.T.);
#1532=EDGE_CURVE('',#603,#582,#443,.T.);
#1536=ADVANCED_FACE('',(#1535),#1526,.T.);
#1550=EDGE_CURVE('',#603,#602,#438,.T.);
#1554=ADVANCED_FACE('',(#1553),#1548,.F.);
#1597=ADVANCED_FACE('',(#1596),#1590,.T.);
#1611=EDGE_CURVE('',#516,#571,#447,.T.);
#1614=EDGE_CURVE('',#517,#570,#451,.T.);
#1618=ADVANCED_FACE('',(#1617),#1609,.F.);
#1637=ADVANCED_FACE('',(#1636),#1630,.F.);
#1674=EDGE_CURVE('',#606,#607,#461,.T.);
#1676=EDGE_CURVE('',#606,#559,#456,.T.);
#1679=EDGE_CURVE('',#607,#558,#471,.T.);
#1683=ADVANCED_FACE('',(#1682),#1673,.T.);
#1697=EDGE_CURVE('',#607,#606,#466,.T.);
#1701=ADVANCED_FACE('',(#1700),#1695,.T.);
#1744=ADVANCED_FACE('',(#1743),#1737,.T.);
#1781=EDGE_CURVE('',#610,#611,#481,.T.);
#1783=EDGE_CURVE('',#610,#563,#476,.T.);
#1786=EDGE_CURVE('',#611,#562,#491,.T.);
#1790=ADVANCED_FACE('',(#1789),#1780,.T.);
#1804=EDGE_CURVE('',#611,#610,#486,.T.);
#1808=ADVANCED_FACE('',(#1807),#1802,.T.);
#1851=ADVANCED_FACE('',(#1850),#1844,.T.);
#1861=(LENGTH_UNIT()NAMED_UNIT(*)SI_UNIT(.MILLI.,.METRE.));
#1862=(NAMED_UNIT(*)PLANE_ANGLE_UNIT()SI_UNIT($,.RADIAN.));
#1865=(NAMED_UNIT(*)SI_UNIT($,.STERADIAN.)SOLID_ANGLE_UNIT());
#1867=(GEOMETRIC_REPRESENTATION_CONTEXT(3)GLOBAL_UNCERTAINTY_ASSIGNED_CONTEXT((
#1866))GLOBAL_UNIT_ASSIGNED_CONTEXT((#1861,#1864,#1865))REPRESENTATION_CONTEXT(
'ID1','3'));
#1871=AXIS2_PLACEMENT_3D('',#1868,#1869,#1870);
#1872=ADVANCED_BREP_SHAPE_REPRESENTATION('',(#1871,#1860),#1867);
#1879=PRODUCT_DEFINITION('part definition','',#1878,#1875);
#1880=PRODUCT_DEFINITION_SHAPE('','SHAPE FOR 11020191_RW_UR_LD-40WR3_M_-A_2.',
#1879);
#1881=SHAPE_ASPECT('',
'solid data associated with 11020191_RW_UR_LD-40WR3_M_-A_2',#1880,.F.);
#1882=PROPERTY_DEFINITION('',
'shape for solid data with which properties are associated',#1881);
#1883=SHAPE_REPRESENTATION('',(#1860),#1867);
#1884=SHAPE_DEFINITION_REPRESENTATION(#1882,#1883);
#1885=(LENGTH_UNIT()NAMED_UNIT(*)SI_UNIT(.MILLI.,.METRE.));
#1889=PROPERTY_DEFINITION('geometric validation property',
'area of 11020191_RW_UR_LD-40WR3_M_-A_2',#1881);
#1890=REPRESENTATION('surface area',(#1888),#1867);
#1891=PROPERTY_DEFINITION_REPRESENTATION(#1889,#1890);
#1892=(LENGTH_UNIT()NAMED_UNIT(*)SI_UNIT(.MILLI.,.METRE.));
#1896=PROPERTY_DEFINITION('geometric validation property',
'volume of 11020191_RW_UR_LD-40WR3_M_-A_2',#1881);
#1897=REPRESENTATION('volume',(#1895),#1867);
#1898=PROPERTY_DEFINITION_REPRESENTATION(#1896,#1897);
#1900=PROPERTY_DEFINITION('geometric validation property',
'centroid of 11020191_RW_UR_LD-40WR3_M_-A_2',#1881);
#1901=REPRESENTATION('centroid',(#1899),#1867);
#1902=PROPERTY_DEFINITION_REPRESENTATION(#1900,#1901);
#1903=(LENGTH_UNIT()NAMED_UNIT(*)SI_UNIT(.MILLI.,.METRE.));
#1907=PROPERTY_DEFINITION('geometric validation property',
'area of 11020191_RW_UR_LD-40WR3_M_-A_2',#1880);
#1908=REPRESENTATION('surface area',(#1906),#1867);
#1909=PROPERTY_DEFINITION_REPRESENTATION(#1907,#1908);
#1910=(LENGTH_UNIT()NAMED_UNIT(*)SI_UNIT(.MILLI.,.METRE.));
#1914=PROPERTY_DEFINITION('geometric validation property',
'volume of 11020191_RW_UR_LD-40WR3_M_-A_2',#1880);
#1915=REPRESENTATION('volume',(#1913),#1867);
#1916=PROPERTY_DEFINITION_REPRESENTATION(#1914,#1915);
#1918=PROPERTY_DEFINITION('geometric validation property',
'centroid of 11020191_RW_UR_LD-40WR3_M_-A_2',#1880);
#1919=REPRESENTATION('centroid',(#1917),#1867);
#1920=PROPERTY_DEFINITION_REPRESENTATION(#1918,#1919);
#1921=SHAPE_DEFINITION_REPRESENTATION(#1880,#1872);
#1922=PROPERTY_DEFINITION('DESCRIPTION','user defined attribute',#1879);
#1926=REPRESENTATION('',(#1925),#1867);
#1927=PROPERTY_DEFINITION_REPRESENTATION(#1922,#1926);
#1928=PROPERTY_DEFINITION('MODELED_BY','user defined attribute',#1879);
#1932=REPRESENTATION('',(#1931),#1867);
#1933=PROPERTY_DEFINITION_REPRESENTATION(#1928,#1932);
#1934=SHAPE_DEFINITION_REPRESENTATION(#1935,#1936);
#1935=PRODUCT_DEFINITION_SHAPE('','SHAPE FOR 00_ASM_25_ASM.',#12308);
#1936=SHAPE_REPRESENTATION('',(#1946,#11594,#12224,#12237,#12250,#12263,#12276,
#12289,#12303),#12299);
#1937=NEXT_ASSEMBLY_USAGE_OCCURRENCE('292','Next assembly relationship',
'11020191_RW_UR_LD-40WR3_M_-A',#12308,#1879,$);
#1938=PRODUCT_DEFINITION_SHAPE('Placement #292',
'Placement of 11020191_RW_UR_LD-40WR3_M_-A_2 with respect to 00_ASM_25_ASM',
#1937);
#1940=PROPERTY_DEFINITION('geometric validation property',
'centroid of 11020191_RW_UR_LD-40WR3_M_-A',#1938);
#1941=REPRESENTATION('centroid',(#1939),#1867);
#1942=PROPERTY_DEFINITION_REPRESENTATION(#1940,#1941);
#1962=CIRCLE('',#1961,5.E-1);
#1975=CIRCLE('',#1974,7.E-1);
#1980=CIRCLE('',#1979,7.E-1);
#1989=CIRCLE('',#1988,5.E-1);
#1998=CIRCLE('',#1997,1.5E0);
#2028=B_SPLINE_CURVE_WITH_KNOTS('',3,(#2023,#2024,#2025,#2026,#2027),
.UNSPECIFIED.,.F.,.F.,(4,1,4),(0.E0,5.E-1,1.E0),.UNSPECIFIED.);
#2037=CIRCLE('',#2036,3.E-1);
#2058=CIRCLE('',#2057,3.E-1);
#2067=CIRCLE('',#2066,1.5E0);
#2100=CIRCLE('',#2099,5.E-1);
#2149=CIRCLE('',#2148,6.E-1);
#2154=CIRCLE('',#2153,6.E-1);
#2159=CIRCLE('',#2158,6.E-1);
#2164=CIRCLE('',#2163,6.E-1);
#2185=CIRCLE('',#2184,5.E-1);
#2210=CIRCLE('',#2209,5.E-1);
#2223=CIRCLE('',#2222,7.E-1);
#2228=CIRCLE('',#2227,7.E-1);
#2237=CIRCLE('',#2236,5.E-1);
#2290=CIRCLE('',#2289,5.E-1);
#2339=CIRCLE('',#2338,6.E-1);
#2344=CIRCLE('',#2343,6.E-1);
#2349=CIRCLE('',#2348,6.E-1);
#2354=CIRCLE('',#2353,6.E-1);
#2383=CIRCLE('',#2382,5.E-1);
#2401=B_SPLINE_CURVE_WITH_KNOTS('',3,(#2396,#2397,#2398,#2399,#2400),
.UNSPECIFIED.,.F.,.F.,(4,1,4),(0.E0,5.E-1,1.E0),.UNSPECIFIED.);
#2478=CIRCLE('',#2477,6.E-1);
#2483=CIRCLE('',#2482,6.E-1);
#2488=CIRCLE('',#2487,6.E-1);
#2493=CIRCLE('',#2492,6.E-1);
#2610=CIRCLE('',#2609,1.8E0);
#2615=CIRCLE('',#2614,1.8E0);
#2620=CIRCLE('',#2619,1.8E0);
#2625=CIRCLE('',#2624,1.8E0);
#2630=CIRCLE('',#2629,1.8E0);
#2635=CIRCLE('',#2634,1.8E0);
#2652=CIRCLE('',#2651,6.25E-1);
#2657=CIRCLE('',#2656,6.25E-1);
#2662=CIRCLE('',#2661,6.25E-1);
#2667=CIRCLE('',#2666,6.25E-1);
#2672=CIRCLE('',#2671,6.25E-1);
#2677=CIRCLE('',#2676,6.25E-1);
#2682=CIRCLE('',#2681,6.25E-1);
#2687=CIRCLE('',#2686,6.25E-1);
#2692=CIRCLE('',#2691,6.25E-1);
#2697=CIRCLE('',#2696,6.25E-1);
#2702=CIRCLE('',#2701,6.25E-1);
#2707=CIRCLE('',#2706,6.25E-1);
#2732=CIRCLE('',#2731,1.8E0);
#2741=CIRCLE('',#2740,6.25E-1);
#2746=CIRCLE('',#2745,6.25E-1);
#2751=CIRCLE('',#2750,6.25E-1);
#2756=CIRCLE('',#2755,6.25E-1);
#2801=CIRCLE('',#2800,6.E-1);
#2806=CIRCLE('',#2805,6.E-1);
#2811=CIRCLE('',#2810,6.E-1);
#2816=CIRCLE('',#2815,6.E-1);
#2865=CIRCLE('',#2864,1.8E0);
#2870=CIRCLE('',#2869,1.8E0);
#2875=CIRCLE('',#2874,1.8E0);
#2880=CIRCLE('',#2879,1.8E0);
#2885=CIRCLE('',#2884,6.25E-1);
#2890=CIRCLE('',#2889,6.25E-1);
#2895=CIRCLE('',#2894,6.25E-1);
#2900=CIRCLE('',#2899,6.25E-1);
#2905=CIRCLE('',#2904,6.25E-1);
#2910=CIRCLE('',#2909,6.25E-1);
#2915=CIRCLE('',#2914,6.25E-1);
#2920=CIRCLE('',#2919,6.25E-1);
#2925=CIRCLE('',#2924,6.25E-1);
#2930=CIRCLE('',#2929,6.25E-1);
#2935=CIRCLE('',#2934,6.25E-1);
#2940=CIRCLE('',#2939,6.25E-1);
#3029=CIRCLE('',#3028,1.8E0);
#3038=CIRCLE('',#3037,6.25E-1);
#3043=CIRCLE('',#3042,6.25E-1);
#3048=CIRCLE('',#3047,6.25E-1);
#3053=CIRCLE('',#3052,6.25E-1);
#3166=CIRCLE('',#3165,1.8E0);
#3175=CIRCLE('',#3174,1.8E0);
#3180=CIRCLE('',#3179,1.8E0);
#3189=CIRCLE('',#3188,1.8E0);
#3206=CIRCLE('',#3205,1.8E0);
#3223=CIRCLE('',#3222,1.8E0);
#3228=CIRCLE('',#3227,1.8E0);
#3237=CIRCLE('',#3236,1.8E0);
#3242=CIRCLE('',#3241,1.8E0);
#3251=CIRCLE('',#3250,1.8E0);
#3256=CIRCLE('',#3255,1.8E0);
#3273=CIRCLE('',#3272,1.8E0);
#3290=CIRCLE('',#3289,1.8E0);
#3299=CIRCLE('',#3298,1.8E0);
#3304=CIRCLE('',#3303,1.8E0);
#3309=CIRCLE('',#3308,1.8E0);
#3314=CIRCLE('',#3313,1.8E0);
#3319=CIRCLE('',#3318,1.8E0);
#3324=CIRCLE('',#3323,1.8E0);
#3457=CIRCLE('',#3456,1.8E0);
#3462=CIRCLE('',#3461,6.25E-1);
#3467=CIRCLE('',#3466,6.25E-1);
#3472=CIRCLE('',#3471,6.25E-1);
#3477=CIRCLE('',#3476,6.25E-1);
#3566=CIRCLE('',#3565,5.25E-1);
#3571=CIRCLE('',#3570,5.25E-1);
#3588=CIRCLE('',#3587,5.25E-1);
#3593=CIRCLE('',#3592,5.25E-1);
#3602=CIRCLE('',#3601,5.25E-1);
#3607=CIRCLE('',#3606,5.25E-1);
#3616=CIRCLE('',#3615,1.8E0);
#3621=CIRCLE('',#3620,1.8E0);
#3626=CIRCLE('',#3625,6.25E-1);
#3631=CIRCLE('',#3630,6.25E-1);
#3636=CIRCLE('',#3635,6.25E-1);
#3641=CIRCLE('',#3640,6.25E-1);
#3650=CIRCLE('',#3649,5.25E-1);
#3655=CIRCLE('',#3654,5.25E-1);
#3672=CIRCLE('',#3671,5.25E-1);
#3677=CIRCLE('',#3676,5.25E-1);
#3686=CIRCLE('',#3685,5.25E-1);
#3691=CIRCLE('',#3690,5.25E-1);
#3700=CIRCLE('',#3699,1.8E0);
#3705=CIRCLE('',#3704,1.8E0);
#3710=CIRCLE('',#3709,6.25E-1);
#3715=CIRCLE('',#3714,6.25E-1);
#3720=CIRCLE('',#3719,6.25E-1);
#3725=CIRCLE('',#3724,6.25E-1);
#3734=CIRCLE('',#3733,5.25E-1);
#3739=CIRCLE('',#3738,5.25E-1);
#3756=CIRCLE('',#3755,5.25E-1);
#3761=CIRCLE('',#3760,5.25E-1);
#3770=CIRCLE('',#3769,5.25E-1);
#3775=CIRCLE('',#3774,5.25E-1);
#3784=CIRCLE('',#3783,1.8E0);
#3789=CIRCLE('',#3788,1.8E0);
#3794=CIRCLE('',#3793,6.25E-1);
#3799=CIRCLE('',#3798,6.25E-1);
#3804=CIRCLE('',#3803,6.25E-1);
#3809=CIRCLE('',#3808,6.25E-1);
#3818=CIRCLE('',#3817,5.25E-1);
#3823=CIRCLE('',#3822,5.25E-1);
#3840=CIRCLE('',#3839,5.25E-1);
#3845=CIRCLE('',#3844,5.25E-1);
#3854=CIRCLE('',#3853,5.25E-1);
#3859=CIRCLE('',#3858,5.25E-1);
#3924=CIRCLE('',#3923,5.25E-1);
#3929=CIRCLE('',#3928,5.25E-1);
#3946=CIRCLE('',#3945,5.25E-1);
#3951=CIRCLE('',#3950,5.25E-1);
#3960=CIRCLE('',#3959,5.25E-1);
#3965=CIRCLE('',#3964,5.25E-1);
#3974=CIRCLE('',#3973,5.472222222222E-1);
#3979=CIRCLE('',#3978,5.472222222222E-1);
#3984=CIRCLE('',#3983,5.472222222222E-1);
#3989=CIRCLE('',#3988,5.472222222222E-1);
#3994=CIRCLE('',#3993,5.25E-1);
#3999=CIRCLE('',#3998,5.25E-1);
#4020=CIRCLE('',#4019,4.E-1);
#4025=CIRCLE('',#4024,4.E-1);
#4046=CIRCLE('',#4045,4.E-1);
#4051=CIRCLE('',#4050,4.E-1);
#4064=CIRCLE('',#4063,5.25E-1);
#4069=CIRCLE('',#4068,5.25E-1);
#4074=CIRCLE('',#4073,5.25E-1);
#4079=CIRCLE('',#4078,5.25E-1);
#4084=CIRCLE('',#4083,5.25E-1);
#4089=CIRCLE('',#4088,5.25E-1);
#4094=CIRCLE('',#4093,5.25E-1);
#4099=CIRCLE('',#4098,5.25E-1);
#4104=CIRCLE('',#4103,5.25E-1);
#4109=CIRCLE('',#4108,5.25E-1);
#4114=CIRCLE('',#4113,5.25E-1);
#4119=CIRCLE('',#4118,5.25E-1);
#4132=CIRCLE('',#4131,3.E-1);
#4165=CIRCLE('',#4164,3.E-1);
#4186=CIRCLE('',#4185,3.E-1);
#4191=CIRCLE('',#4190,7.E-1);
#4196=CIRCLE('',#4195,3.E-1);
#4217=CIRCLE('',#4216,3.E-1);
#4222=CIRCLE('',#4221,7.E-1);
#4227=CIRCLE('',#4226,3.E-1);
#4252=CIRCLE('',#4251,3.E-1);
#4289=CIRCLE('',#4288,3.E-1);
#4318=CIRCLE('',#4317,3.E-1);
#4351=CIRCLE('',#4350,3.E-1);
#4372=CIRCLE('',#4371,3.E-1);
#4377=CIRCLE('',#4376,7.E-1);
#4382=CIRCLE('',#4381,3.E-1);
#4415=CIRCLE('',#4414,3.E-1);
#4420=CIRCLE('',#4419,7.E-1);
#4425=CIRCLE('',#4424,3.E-1);
#4446=CIRCLE('',#4445,3.E-1);
#4483=CIRCLE('',#4482,3.E-1);
#4540=CIRCLE('',#4539,5.472222222222E-1);
#4545=CIRCLE('',#4544,5.472222222222E-1);
#4550=CIRCLE('',#4549,5.472222222222E-1);
#4555=CIRCLE('',#4554,5.472222222222E-1);
#4560=CIRCLE('',#4559,5.25E-1);
#4565=CIRCLE('',#4564,5.25E-1);
#4590=CIRCLE('',#4589,5.472222222222E-1);
#4595=CIRCLE('',#4594,5.472222222222E-1);
#4600=CIRCLE('',#4599,5.472222222222E-1);
#4605=CIRCLE('',#4604,5.472222222222E-1);
#4610=CIRCLE('',#4609,5.25E-1);
#4615=CIRCLE('',#4614,5.25E-1);
#4636=CIRCLE('',#4635,5.472222222222E-1);
#4641=CIRCLE('',#4640,5.472222222222E-1);
#4646=CIRCLE('',#4645,5.472222222222E-1);
#4651=CIRCLE('',#4650,5.472222222222E-1);
#4656=CIRCLE('',#4655,5.25E-1);
#4661=CIRCLE('',#4660,5.25E-1);
#4682=CIRCLE('',#4681,5.472222222222E-1);
#4687=CIRCLE('',#4686,5.472222222222E-1);
#4692=CIRCLE('',#4691,5.472222222222E-1);
#4697=CIRCLE('',#4696,5.472222222222E-1);
#4702=CIRCLE('',#4701,5.25E-1);
#4707=CIRCLE('',#4706,5.25E-1);
#4728=CIRCLE('',#4727,5.472222222222E-1);
#4733=CIRCLE('',#4732,5.472222222222E-1);
#4738=CIRCLE('',#4737,5.472222222222E-1);
#4743=CIRCLE('',#4742,5.472222222222E-1);
#4748=CIRCLE('',#4747,5.25E-1);
#4753=CIRCLE('',#4752,5.25E-1);
#4846=CIRCLE('',#4845,5.25E-1);
#4851=CIRCLE('',#4850,5.25E-1);
#4868=CIRCLE('',#4867,5.25E-1);
#4873=CIRCLE('',#4872,5.25E-1);
#4882=CIRCLE('',#4881,5.25E-1);
#4887=CIRCLE('',#4886,5.25E-1);
#5871=EDGE_CURVE('',#4930,#4931,#1953,.T.);
#5873=EDGE_CURVE('',#4933,#4931,#4231,.T.);
#5875=EDGE_CURVE('',#4935,#4933,#4212,.T.);
#5877=EDGE_CURVE('',#4930,#4935,#4181,.T.);
#5881=ADVANCED_FACE('',(#5880),#5870,.T.);
#5894=EDGE_CURVE('',#4978,#4979,#1957,.T.);
#5896=EDGE_CURVE('',#4979,#4981,#1962,.T.);
#5898=EDGE_CURVE('',#4981,#4983,#1966,.T.);
#5900=EDGE_CURVE('',#4983,#4985,#1970,.T.);
#5902=EDGE_CURVE('',#4987,#4985,#4239,.T.);
#5904=EDGE_CURVE('',#4987,#4931,#1975,.T.);
#5907=EDGE_CURVE('',#4930,#4989,#1980,.T.);
#5909=EDGE_CURVE('',#4991,#4989,#4173,.T.);
#5911=EDGE_CURVE('',#4993,#4991,#4160,.T.);
#5913=EDGE_CURVE('',#4993,#4995,#1984,.T.);
#5915=EDGE_CURVE('',#4995,#4978,#1989,.T.);
#5919=ADVANCED_FACE('',(#5918),#5893,.F.);
#5932=EDGE_CURVE('',#5198,#5199,#1993,.T.);
#5934=EDGE_CURVE('',#5199,#5201,#1998,.T.);
#5936=EDGE_CURVE('',#5201,#5203,#2002,.T.);
#5938=EDGE_CURVE('',#5205,#5203,#2395,.T.);
#5940=EDGE_CURVE('',#5168,#5205,#2391,.T.);
#5942=EDGE_CURVE('',#5168,#5169,#2006,.T.);
#5944=EDGE_CURVE('',#4979,#5169,#4927,.T.);
#5947=EDGE_CURVE('',#5176,#4978,#2112,.T.);
#5949=EDGE_CURVE('',#5176,#5177,#2010,.T.);
#5951=EDGE_CURVE('',#5177,#5207,#2014,.T.);
#5953=EDGE_CURVE('',#5198,#5207,#2083,.T.);
#5957=ADVANCED_FACE('',(#5956),#5931,.T.);
#5970=EDGE_CURVE('',#5210,#5211,#2022,.T.);
#5972=EDGE_CURVE('',#5213,#5210,#2071,.T.);
#5974=EDGE_CURVE('',#5199,#5213,#2417,.T.);
#5977=EDGE_CURVE('',#5198,#5211,#2018,.T.);
#5981=ADVANCED_FACE('',(#5980),#5969,.F.);
#5994=EDGE_CURVE('',#5210,#5215,#2037,.T.);
#5997=EDGE_CURVE('',#5211,#5216,#2028,.T.);
#5999=EDGE_CURVE('',#5216,#5215,#2032,.T.);
#6003=ADVANCED_FACE('',(#6002),#5993,.T.);
#6017=EDGE_CURVE('',#5218,#5215,#2079,.T.);
#6019=EDGE_CURVE('',#5179,#5218,#2091,.T.);
#6021=EDGE_CURVE('',#5179,#5131,#2041,.T.);
#6023=EDGE_CURVE('',#5129,#5131,#2788,.T.);
#6025=EDGE_CURVE('',#5220,#5129,#2643,.T.);
#6027=EDGE_CURVE('',#5220,#5173,#2045,.T.);
#6029=EDGE_CURVE('',#5173,#5171,#2049,.T.);
#6031=EDGE_CURVE('',#5171,#5222,#2053,.T.);
#6033=EDGE_CURVE('',#5224,#5222,#2425,.T.);
#6035=EDGE_CURVE('',#5224,#5226,#2058,.T.);
#6037=EDGE_CURVE('',#5226,#5228,#2062,.T.);
#6039=EDGE_CURVE('',#5228,#5213,#2067,.T.);
#6044=ADVANCED_FACE('',(#6043),#6015,.T.);
#6058=EDGE_CURVE('',#5216,#5244,#2075,.T.);
#6060=EDGE_CURVE('',#5218,#5244,#2095,.T.);
#6065=ADVANCED_FACE('',(#6064),#6056,.F.);
#6081=EDGE_CURVE('',#5244,#5207,#2087,.T.);
#6086=ADVANCED_FACE('',(#6085),#6077,.T.);
#6101=EDGE_CURVE('',#5179,#5177,#2108,.T.);
#6107=ADVANCED_FACE('',(#6106),#6098,.F.);
#6121=EDGE_CURVE('',#5176,#5061,#2100,.T.);
#6123=EDGE_CURVE('',#5059,#5061,#2124,.T.);
#6125=EDGE_CURVE('',#5059,#5133,#2104,.T.);
#6127=EDGE_CURVE('',#5131,#5133,#2792,.T.);
#6133=ADVANCED_FACE('',(#6132),#6119,.T.);
#6149=EDGE_CURVE('',#4995,#5061,#2116,.T.);
#6153=ADVANCED_FACE('',(#6152),#6145,.T.);
#6166=EDGE_CURVE('',#5056,#5057,#2120,.T.);
#6168=EDGE_CURVE('',#5059,#5057,#2832,.T.);
#6173=EDGE_CURVE('',#4993,#5027,#2128,.T.);
#6175=EDGE_CURVE('',#5027,#5025,#2132,.T.);
#6177=EDGE_CURVE('',#4951,#5025,#4140,.T.);
#6179=EDGE_CURVE('',#4949,#4951,#4491,.T.);
#6181=EDGE_CURVE('',#5035,#4949,#4474,.T.);
#6183=EDGE_CURVE('',#5035,#5033,#2136,.T.);
#6185=EDGE_CURVE('',#4959,#5033,#4454,.T.);
#6187=EDGE_CURVE('',#4957,#4959,#2214,.T.);
#6189=EDGE_CURVE('',#5063,#4957,#2197,.T.);
#6191=EDGE_CURVE('',#5063,#5065,#2140,.T.);
#6193=EDGE_CURVE('',#5065,#5056,#2144,.T.);
#6197=EDGE_CURVE('',#5068,#5069,#2149,.T.);
#6199=EDGE_CURVE('',#5069,#5068,#2154,.T.);
#6203=EDGE_CURVE('',#5072,#5073,#2159,.T.);
#6205=EDGE_CURVE('',#5073,#5072,#2164,.T.);
#6209=ADVANCED_FACE('',(#6196,#6202,#6208),#6165,.T.);
#6222=EDGE_CURVE('',#5231,#5056,#2172,.T.);
#6224=EDGE_CURVE('',#5231,#5232,#2168,.T.);
#6226=EDGE_CURVE('',#5057,#5232,#2828,.T.);
#6231=ADVANCED_FACE('',(#6230),#6221,.T.);
#6246=EDGE_CURVE('',#5091,#5065,#2193,.T.);
#6248=EDGE_CURVE('',#5091,#5088,#2176,.T.);
#6250=EDGE_CURVE('',#5088,#5231,#2180,.T.);
#6254=ADVANCED_FACE('',(#6253),#6243,.F.);
#6268=EDGE_CURVE('',#5063,#5181,#2185,.T.);
#6270=EDGE_CURVE('',#5183,#5181,#2241,.T.);
#6272=EDGE_CURVE('',#5183,#5185,#2189,.T.);
#6274=EDGE_CURVE('',#5093,#5185,#2844,.T.);
#6276=EDGE_CURVE('',#5091,#5093,#2768,.T.);
#6281=ADVANCED_FACE('',(#6280),#6266,.T.);
#6296=EDGE_CURVE('',#4955,#4957,#2210,.T.);
#6298=EDGE_CURVE('',#4955,#5181,#2201,.T.);
#6302=ADVANCED_FACE('',(#6301),#6293,.T.);
#6315=EDGE_CURVE('',#4954,#4955,#2205,.T.);
#6319=EDGE_CURVE('',#4959,#4961,#2218,.T.);
#6321=EDGE_CURVE('',#4963,#4961,#4511,.T.);
#6323=EDGE_CURVE('',#4963,#4965,#2223,.T.);
#6325=EDGE_CURVE('',#4967,#4965,#4402,.T.);
#6327=EDGE_CURVE('',#4967,#4969,#2228,.T.);
#6329=EDGE_CURVE('',#4971,#4969,#4359,.T.);
#6331=EDGE_CURVE('',#4973,#4971,#4346,.T.);
#6333=EDGE_CURVE('',#4973,#4975,#2232,.T.);
#6335=EDGE_CURVE('',#4975,#4954,#2237,.T.);
#6339=ADVANCED_FACE('',(#6338),#6314,.F.);
#6352=EDGE_CURVE('',#5250,#5252,#2253,.T.);
#6354=EDGE_CURVE('',#5183,#5250,#2261,.T.);
#6359=EDGE_CURVE('',#5188,#4954,#2302,.T.);
#6361=EDGE_CURVE('',#5188,#5189,#2245,.T.);
#6363=EDGE_CURVE('',#5189,#5252,#2249,.T.);
#6367=ADVANCED_FACE('',(#6366),#6351,.T.);
#6380=EDGE_CURVE('',#5250,#5235,#2257,.T.);
#6383=EDGE_CURVE('',#5236,#5252,#2277,.T.);
#6385=EDGE_CURVE('',#5235,#5236,#2265,.T.);
#6389=ADVANCED_FACE('',(#6388),#6379,.T.);
#6403=EDGE_CURVE('',#5240,#5235,#2273,.T.);
#6405=EDGE_CURVE('',#5185,#5240,#2848,.T.);
#6411=ADVANCED_FACE('',(#6410),#6401,.F.);
#6425=EDGE_CURVE('',#5238,#5236,#2285,.T.);
#6427=EDGE_CURVE('',#5238,#5240,#2269,.T.);
#6432=ADVANCED_FACE('',(#6431),#6423,.F.);
#6447=EDGE_CURVE('',#5195,#5189,#2298,.T.);
#6449=EDGE_CURVE('',#5195,#5238,#2281,.T.);
#6454=ADVANCED_FACE('',(#6453),#6444,.F.);
#6468=EDGE_CURVE('',#5188,#5153,#2290,.T.);
#6470=EDGE_CURVE('',#5151,#5153,#2314,.T.);
#6472=EDGE_CURVE('',#5151,#5191,#2294,.T.);
#6474=EDGE_CURVE('',#5193,#5191,#2453,.T.);
#6476=EDGE_CURVE('',#5195,#5193,#2836,.T.);
#6481=ADVANCED_FACE('',(#6480),#6466,.T.);
#6497=EDGE_CURVE('',#4975,#5153,#2306,.T.);
#6501=ADVANCED_FACE('',(#6500),#6493,.T.);
#6514=EDGE_CURVE('',#5148,#5149,#2310,.T.);
#6516=EDGE_CURVE('',#5151,#5149,#4895,.T.);
#6521=EDGE_CURVE('',#4973,#5045,#2318,.T.);
#6523=EDGE_CURVE('',#5045,#5043,#2322,.T.);
#6525=EDGE_CURVE('',#4943,#5043,#4326,.T.);
#6527=EDGE_CURVE('',#4941,#4943,#4293,.T.);
#6529=EDGE_CURVE('',#5037,#4941,#4280,.T.);
#6531=EDGE_CURVE('',#5037,#5015,#2326,.T.);
#6533=EDGE_CURVE('',#4983,#5015,#4260,.T.);
#6536=EDGE_CURVE('',#5155,#4981,#4923,.T.);
#6538=EDGE_CURVE('',#5155,#5157,#2330,.T.);
#6540=EDGE_CURVE('',#5157,#5148,#2334,.T.);
#6544=EDGE_CURVE('',#5140,#5141,#2339,.T.);
#6546=EDGE_CURVE('',#5141,#5140,#2344,.T.);
#6550=EDGE_CURVE('',#5080,#5081,#2349,.T.);
#6552=EDGE_CURVE('',#5081,#5080,#2354,.T.);
#6556=ADVANCED_FACE('',(#6543,#6549,#6555),#6513,.T.);
#6569=EDGE_CURVE('',#5159,#5148,#2362,.T.);
#6571=EDGE_CURVE('',#5159,#5161,#2358,.T.);
#6573=EDGE_CURVE('',#5149,#5161,#4891,.T.);
#6578=ADVANCED_FACE('',(#6577),#6568,.T.);
#6593=EDGE_CURVE('',#5163,#5157,#2378,.T.);
#6595=EDGE_CURVE('',#5163,#5165,#2366,.T.);
#6597=EDGE_CURVE('',#5165,#5159,#2370,.T.);
#6601=ADVANCED_FACE('',(#6600),#6590,.F.);
#6615=EDGE_CURVE('',#5168,#5171,#2374,.T.);
#6618=EDGE_CURVE('',#5163,#5173,#2461,.T.);
#6622=EDGE_CURVE('',#5155,#5169,#2383,.T.);
#6626=ADVANCED_FACE('',(#6625),#6613,.T.);
#6639=EDGE_CURVE('',#5205,#5248,#2387,.T.);
#6641=EDGE_CURVE('',#5222,#5248,#2429,.T.);
#6648=ADVANCED_FACE('',(#6647),#6638,.F.);
#6661=EDGE_CURVE('',#5246,#5865,#2401,.T.);
#6663=EDGE_CURVE('',#5248,#5246,#2433,.T.);
#6667=EDGE_CURVE('',#5865,#5203,#2413,.T.);
#6671=ADVANCED_FACE('',(#6670),#6660,.T.);
#6685=EDGE_CURVE('',#5865,#5226,#2405,.T.);
#6688=EDGE_CURVE('',#5224,#5246,#2409,.T.);
#6692=ADVANCED_FACE('',(#6691),#6683,.T.);
#6708=EDGE_CURVE('',#5228,#5201,#2421,.T.);
#6713=ADVANCED_FACE('',(#6712),#6704,.F.);
#6732=ADVANCED_FACE('',(#6731),#6725,.F.);
#6751=ADVANCED_FACE('',(#6750),#6744,.F.);
#6764=EDGE_CURVE('',#5257,#5258,#2497,.T.);
#6766=EDGE_CURVE('',#5257,#5260,#2437,.T.);
#6768=EDGE_CURVE('',#5262,#5260,#3033,.T.);
#6770=EDGE_CURVE('',#5264,#5262,#3867,.T.);
#6772=EDGE_CURVE('',#5264,#5266,#2441,.T.);
#6774=EDGE_CURVE('',#5266,#5268,#2445,.T.);
#6776=EDGE_CURVE('',#5254,#5268,#2860,.T.);
#6778=EDGE_CURVE('',#5254,#5193,#2449,.T.);
#6781=EDGE_CURVE('',#5191,#5242,#2457,.T.);
#6783=EDGE_CURVE('',#5165,#5242,#4899,.T.);
#6788=EDGE_CURVE('',#5270,#5220,#2639,.T.);
#6790=EDGE_CURVE('',#5272,#5270,#2585,.T.);
#6792=EDGE_CURVE('',#5272,#5274,#2465,.T.);
#6794=EDGE_CURVE('',#5274,#5276,#2469,.T.);
#6796=EDGE_CURVE('',#5278,#5276,#2557,.T.);
#6798=EDGE_CURVE('',#5280,#5278,#2549,.T.);
#6800=EDGE_CURVE('',#5282,#5280,#2533,.T.);
#6802=EDGE_CURVE('',#5282,#5284,#2473,.T.);
#6804=EDGE_CURVE('',#5286,#5284,#2521,.T.);
#6806=EDGE_CURVE('',#5258,#5286,#2513,.T.);
#6810=EDGE_CURVE('',#5145,#5143,#2478,.T.);
#6812=EDGE_CURVE('',#5143,#5145,#2483,.T.);
#6816=EDGE_CURVE('',#5085,#5083,#2488,.T.);
#6818=EDGE_CURVE('',#5083,#5085,#2493,.T.);
#6822=ADVANCED_FACE('',(#6809,#6815,#6821),#6763,.T.);
#6836=EDGE_CURVE('',#5258,#5288,#2501,.T.);
#6838=EDGE_CURVE('',#5288,#5290,#2505,.T.);
#6840=EDGE_CURVE('',#5290,#5257,#2509,.T.);
#6844=ADVANCED_FACE('',(#6843),#6834,.T.);
#6857=EDGE_CURVE('',#5304,#5286,#2517,.T.);
#6859=EDGE_CURVE('',#5288,#5304,#3097,.T.);
#6865=ADVANCED_FACE('',(#6864),#6856,.T.);
#6880=EDGE_CURVE('',#5482,#5284,#2525,.T.);
#6882=EDGE_CURVE('',#5304,#5482,#3065,.T.);
#6886=ADVANCED_FACE('',(#6885),#6877,.F.);
#6901=EDGE_CURVE('',#5294,#5282,#2545,.T.);
#6903=EDGE_CURVE('',#5294,#5482,#2529,.T.);
#6907=ADVANCED_FACE('',(#6906),#6898,.T.);
#6921=EDGE_CURVE('',#5280,#5292,#2537,.T.);
#6923=EDGE_CURVE('',#5292,#5294,#2541,.T.);
#6928=ADVANCED_FACE('',(#6927),#6919,.T.);
#6941=EDGE_CURVE('',#5504,#5278,#2553,.T.);
#6943=EDGE_CURVE('',#5292,#5504,#3069,.T.);
#6949=ADVANCED_FACE('',(#6948),#6940,.T.);
#6964=EDGE_CURVE('',#5506,#5276,#2573,.T.);
#6966=EDGE_CURVE('',#5504,#5506,#3073,.T.);
#6970=ADVANCED_FACE('',(#6969),#6961,.F.);
#6983=EDGE_CURVE('',#5815,#5816,#2561,.T.);
#6985=EDGE_CURVE('',#5816,#5818,#2565,.T.);
#6987=EDGE_CURVE('',#5810,#5818,#3101,.T.);
#6989=EDGE_CURVE('',#5810,#5506,#2569,.T.);
#6993=EDGE_CURVE('',#5815,#5274,#2601,.T.);
#6997=ADVANCED_FACE('',(#6996),#6982,.T.);
#7010=EDGE_CURVE('',#5821,#5822,#2581,.T.);
#7012=EDGE_CURVE('',#5821,#5816,#2577,.T.);
#7015=EDGE_CURVE('',#5822,#5815,#2597,.T.);
#7019=ADVANCED_FACE('',(#7018),#7009,.T.);
#7033=EDGE_CURVE('',#5272,#5822,#2605,.T.);
#7036=EDGE_CURVE('',#5270,#5412,#2589,.T.);
#7038=EDGE_CURVE('',#5812,#5412,#3081,.T.);
#7040=EDGE_CURVE('',#5812,#5824,#2593,.T.);
#7042=EDGE_CURVE('',#5821,#5824,#3105,.T.);
#7046=ADVANCED_FACE('',(#7045),#7031,.T.);
#7065=ADVANCED_FACE('',(#7064),#7058,.T.);
#7078=EDGE_CURVE('',#5389,#5390,#2719,.T.);
#7080=EDGE_CURVE('',#5392,#5389,#3153,.T.);
#7082=EDGE_CURVE('',#5392,#5395,#2610,.T.);
#7084=EDGE_CURVE('',#5395,#5396,#2615,.T.);
#7086=EDGE_CURVE('',#5398,#5396,#3141,.T.);
#7088=EDGE_CURVE('',#5398,#5401,#2620,.T.);
#7090=EDGE_CURVE('',#5401,#5402,#2625,.T.);
#7092=EDGE_CURVE('',#5404,#5402,#3129,.T.);
#7094=EDGE_CURVE('',#5404,#5407,#2630,.T.);
#7096=EDGE_CURVE('',#5407,#5408,#2635,.T.);
#7098=EDGE_CURVE('',#5410,#5408,#3113,.T.);
#7100=EDGE_CURVE('',#5412,#5410,#3085,.T.);
#7105=EDGE_CURVE('',#5129,#5127,#2647,.T.);
#7107=EDGE_CURVE('',#5390,#5127,#4809,.T.);
#7111=EDGE_CURVE('',#5418,#5415,#2652,.T.);
#7113=EDGE_CURVE('',#5415,#5416,#2657,.T.);
#7115=EDGE_CURVE('',#5416,#5420,#2662,.T.);
#7117=EDGE_CURVE('',#5420,#5418,#2667,.T.);
#7121=EDGE_CURVE('',#5426,#5423,#2672,.T.);
#7123=EDGE_CURVE('',#5423,#5424,#2677,.T.);
#7125=EDGE_CURVE('',#5424,#5428,#2682,.T.);
#7127=EDGE_CURVE('',#5428,#5426,#2687,.T.);
#7131=EDGE_CURVE('',#5434,#5431,#2692,.T.);
#7133=EDGE_CURVE('',#5431,#5432,#2697,.T.);
#7135=EDGE_CURVE('',#5432,#5436,#2702,.T.);
#7137=EDGE_CURVE('',#5436,#5434,#2707,.T.);
#7141=ADVANCED_FACE('',(#7110,#7120,#7130,#7140),#7077,.F.);
#7154=EDGE_CURVE('',#5494,#5492,#2711,.T.);
#7156=EDGE_CURVE('',#5780,#5492,#3352,.T.);
#7158=EDGE_CURVE('',#5778,#5780,#3264,.T.);
#7160=EDGE_CURVE('',#5778,#5389,#2715,.T.);
#7163=EDGE_CURVE('',#5847,#5390,#4805,.T.);
#7165=EDGE_CURVE('',#5847,#5852,#2723,.T.);
#7167=EDGE_CURVE('',#5852,#5494,#2727,.T.);
#7171=ADVANCED_FACE('',(#7170),#7153,.F.);
#7184=EDGE_CURVE('',#5484,#5119,#2760,.T.);
#7186=EDGE_CURVE('',#5486,#5484,#3372,.T.);
#7188=EDGE_CURVE('',#5488,#5486,#3364,.T.);
#7190=EDGE_CURVE('',#5488,#5490,#2732,.T.);
#7192=EDGE_CURVE('',#5492,#5490,#3348,.T.);
#7195=EDGE_CURVE('',#5121,#5494,#4773,.T.);
#7197=EDGE_CURVE('',#5121,#5119,#2736,.T.);
#7201=EDGE_CURVE('',#5500,#5497,#2741,.T.);
#7203=EDGE_CURVE('',#5497,#5498,#2746,.T.);
#7205=EDGE_CURVE('',#5498,#5502,#2751,.T.);
#7207=EDGE_CURVE('',#5502,#5500,#2756,.T.);
#7211=ADVANCED_FACE('',(#7200,#7210),#7183,.F.);
#7225=EDGE_CURVE('',#5117,#5119,#2780,.T.);
#7227=EDGE_CURVE('',#5302,#5117,#3404,.T.);
#7229=EDGE_CURVE('',#5302,#5484,#2764,.T.);
#7233=ADVANCED_FACE('',(#7232),#7223,.T.);
#7246=EDGE_CURVE('',#5088,#5089,#2820,.T.);
#7250=EDGE_CURVE('',#5095,#5093,#2840,.T.);
#7252=EDGE_CURVE('',#5097,#5095,#2852,.T.);
#7254=EDGE_CURVE('',#5099,#5097,#3505,.T.);
#7256=EDGE_CURVE('',#5101,#5099,#3525,.T.);
#7258=EDGE_CURVE('',#5101,#5103,#2772,.T.);
#7260=EDGE_CURVE('',#5105,#5103,#3452,.T.);
#7262=EDGE_CURVE('',#5107,#5105,#3444,.T.);
#7264=EDGE_CURVE('',#5109,#5107,#3428,.T.);
#7266=EDGE_CURVE('',#5109,#5111,#2776,.T.);
#7268=EDGE_CURVE('',#5113,#5111,#3416,.T.);
#7270=EDGE_CURVE('',#5115,#5113,#3408,.T.);
#7272=EDGE_CURVE('',#5117,#5115,#3392,.T.);
#7276=EDGE_CURVE('',#5123,#5121,#4769,.T.);
#7278=EDGE_CURVE('',#5125,#5123,#4821,.T.);
#7280=EDGE_CURVE('',#5125,#5127,#2784,.T.);
#7285=EDGE_CURVE('',#5133,#5089,#2796,.T.);
#7289=EDGE_CURVE('',#5136,#5137,#2801,.T.);
#7291=EDGE_CURVE('',#5137,#5136,#2806,.T.);
#7295=EDGE_CURVE('',#5077,#5075,#2811,.T.);
#7297=EDGE_CURVE('',#5075,#5077,#2816,.T.);
#7301=ADVANCED_FACE('',(#7288,#7294,#7300),#7245,.T.);
#7317=EDGE_CURVE('',#5089,#5232,#2824,.T.);
#7321=ADVANCED_FACE('',(#7320),#7313,.F.);
#7341=ADVANCED_FACE('',(#7340),#7333,.F.);
#7356=EDGE_CURVE('',#5095,#5254,#2856,.T.);
#7365=ADVANCED_FACE('',(#7364),#7353,.T.);
#7378=EDGE_CURVE('',#5343,#5344,#2944,.T.);
#7380=EDGE_CURVE('',#5097,#5343,#3509,.T.);
#7385=EDGE_CURVE('',#5346,#5268,#3907,.T.);
#7387=EDGE_CURVE('',#5348,#5346,#3016,.T.);
#7389=EDGE_CURVE('',#5350,#5348,#3004,.T.);
#7391=EDGE_CURVE('',#5350,#5352,#2865,.T.);
#7393=EDGE_CURVE('',#5354,#5352,#2992,.T.);
#7395=EDGE_CURVE('',#5354,#5357,#2870,.T.);
#7397=EDGE_CURVE('',#5357,#5358,#2875,.T.);
#7399=EDGE_CURVE('',#5360,#5358,#2980,.T.);
#7401=EDGE_CURVE('',#5360,#5362,#2880,.T.);
#7403=EDGE_CURVE('',#5344,#5362,#2964,.T.);
#7407=EDGE_CURVE('',#5368,#5365,#2885,.T.);
#7409=EDGE_CURVE('',#5365,#5366,#2890,.T.);
#7411=EDGE_CURVE('',#5366,#5370,#2895,.T.);
#7413=EDGE_CURVE('',#5370,#5368,#2900,.T.);
#7417=EDGE_CURVE('',#5376,#5373,#2905,.T.);
#7419=EDGE_CURVE('',#5373,#5374,#2910,.T.);
#7421=EDGE_CURVE('',#5374,#5378,#2915,.T.);
#7423=EDGE_CURVE('',#5378,#5376,#2920,.T.);
#7427=EDGE_CURVE('',#5384,#5381,#2925,.T.);
#7429=EDGE_CURVE('',#5381,#5382,#2930,.T.);
#7431=EDGE_CURVE('',#5382,#5386,#2935,.T.);
#7433=EDGE_CURVE('',#5386,#5384,#2940,.T.);
#7437=ADVANCED_FACE('',(#7406,#7416,#7426,#7436),#7377,.F.);
#7451=EDGE_CURVE('',#5732,#5344,#2968,.T.);
#7453=EDGE_CURVE('',#5731,#5732,#3157,.T.);
#7455=EDGE_CURVE('',#5731,#5448,#2948,.T.);
#7457=EDGE_CURVE('',#5448,#5446,#2952,.T.);
#7459=EDGE_CURVE('',#5802,#5446,#3489,.T.);
#7461=EDGE_CURVE('',#5802,#5804,#2956,.T.);
#7463=EDGE_CURVE('',#5804,#5343,#2960,.T.);
#7467=ADVANCED_FACE('',(#7466),#7449,.F.);
#7481=EDGE_CURVE('',#5734,#5362,#2976,.T.);
#7483=EDGE_CURVE('',#5732,#5734,#3161,.T.);
#7488=ADVANCED_FACE('',(#7487),#7479,.F.);
#7502=EDGE_CURVE('',#5360,#5736,#2972,.T.);
#7504=EDGE_CURVE('',#5734,#5736,#3166,.T.);
#7509=ADVANCED_FACE('',(#7508),#7500,.T.);
#7523=EDGE_CURVE('',#5738,#5358,#2988,.T.);
#7525=EDGE_CURVE('',#5736,#5738,#3170,.T.);
#7530=ADVANCED_FACE('',(#7529),#7521,.F.);
#7545=EDGE_CURVE('',#5354,#5742,#2984,.T.);
#7547=EDGE_CURVE('',#5741,#5742,#3180,.T.);
#7549=EDGE_CURVE('',#5738,#5741,#3175,.T.);
#7554=ADVANCED_FACE('',(#7553),#7542,.T.);
#7568=EDGE_CURVE('',#5744,#5352,#3000,.T.);
#7570=EDGE_CURVE('',#5742,#5744,#3184,.T.);
#7575=ADVANCED_FACE('',(#7574),#7566,.F.);
#7589=EDGE_CURVE('',#5350,#5746,#2996,.T.);
#7591=EDGE_CURVE('',#5744,#5746,#3189,.T.);
#7596=ADVANCED_FACE('',(#7595),#7587,.T.);
#7610=EDGE_CURVE('',#5748,#5348,#3012,.T.);
#7612=EDGE_CURVE('',#5746,#5748,#3193,.T.);
#7617=ADVANCED_FACE('',(#7616),#7608,.F.);
#7630=EDGE_CURVE('',#5472,#5470,#3008,.T.);
#7632=EDGE_CURVE('',#5750,#5470,#3332,.T.);
#7634=EDGE_CURVE('',#5748,#5750,#3197,.T.);
#7638=EDGE_CURVE('',#5806,#5346,#3903,.T.);
#7640=EDGE_CURVE('',#5806,#5808,#3020,.T.);
#7642=EDGE_CURVE('',#5808,#5472,#3024,.T.);
#7646=ADVANCED_FACE('',(#7645),#7629,.F.);
#7659=EDGE_CURVE('',#5462,#5260,#3057,.T.);
#7661=EDGE_CURVE('',#5464,#5462,#3093,.T.);
#7663=EDGE_CURVE('',#5466,#5464,#3344,.T.);
#7665=EDGE_CURVE('',#5466,#5468,#3029,.T.);
#7667=EDGE_CURVE('',#5470,#5468,#3328,.T.);
#7670=EDGE_CURVE('',#5262,#5472,#3871,.T.);
#7675=EDGE_CURVE('',#5478,#5475,#3038,.T.);
#7677=EDGE_CURVE('',#5475,#5476,#3043,.T.);
#7679=EDGE_CURVE('',#5476,#5480,#3048,.T.);
#7681=EDGE_CURVE('',#5480,#5478,#3053,.T.);
#7685=ADVANCED_FACE('',(#7674,#7684),#7658,.F.);
#7701=EDGE_CURVE('',#5290,#5462,#3061,.T.);
#7705=ADVANCED_FACE('',(#7704),#7697,.T.);
#7724=EDGE_CURVE('',#5810,#5812,#3077,.T.);
#7728=EDGE_CURVE('',#5758,#5410,#3117,.T.);
#7730=EDGE_CURVE('',#5756,#5758,#3214,.T.);
#7732=EDGE_CURVE('',#5756,#5464,#3089,.T.);
#7740=ADVANCED_FACE('',(#7739),#7717,.F.);
#7754=EDGE_CURVE('',#5824,#5818,#3109,.T.);
#7760=ADVANCED_FACE('',(#7759),#7752,.F.);
#7779=ADVANCED_FACE('',(#7778),#7772,.T.);
#7793=EDGE_CURVE('',#5760,#5408,#3125,.T.);
#7795=EDGE_CURVE('',#5758,#5760,#3218,.T.);
#7800=ADVANCED_FACE('',(#7799),#7791,.F.);
#7815=EDGE_CURVE('',#5404,#5764,#3121,.T.);
#7817=EDGE_CURVE('',#5763,#5764,#3228,.T.);
#7819=EDGE_CURVE('',#5760,#5763,#3223,.T.);
#7824=ADVANCED_FACE('',(#7823),#7812,.T.);
#7838=EDGE_CURVE('',#5766,#5402,#3137,.T.);
#7840=EDGE_CURVE('',#5764,#5766,#3232,.T.);
#7845=ADVANCED_FACE('',(#7844),#7836,.F.);
#7860=EDGE_CURVE('',#5398,#5770,#3133,.T.);
#7862=EDGE_CURVE('',#5769,#5770,#3242,.T.);
#7864=EDGE_CURVE('',#5766,#5769,#3237,.T.);
#7869=ADVANCED_FACE('',(#7868),#7857,.T.);
#7883=EDGE_CURVE('',#5772,#5396,#3149,.T.);
#7885=EDGE_CURVE('',#5770,#5772,#3246,.T.);
#7890=ADVANCED_FACE('',(#7889),#7881,.F.);
#7905=EDGE_CURVE('',#5392,#5776,#3145,.T.);
#7907=EDGE_CURVE('',#5775,#5776,#3256,.T.);
#7909=EDGE_CURVE('',#5772,#5775,#3251,.T.);
#7914=ADVANCED_FACE('',(#7913),#7902,.T.);
#7929=EDGE_CURVE('',#5776,#5778,#3260,.T.);
#7934=ADVANCED_FACE('',(#7933),#7926,.F.);
#7957=EDGE_CURVE('',#5750,#5752,#3201,.T.);
#7959=EDGE_CURVE('',#5752,#5754,#3206,.T.);
#7961=EDGE_CURVE('',#5754,#5756,#3210,.T.);
#7975=EDGE_CURVE('',#5780,#5782,#3268,.T.);
#7977=EDGE_CURVE('',#5782,#5784,#3273,.T.);
#7979=EDGE_CURVE('',#5784,#5786,#3277,.T.);
#7981=EDGE_CURVE('',#5786,#5788,#3281,.T.);
#7983=EDGE_CURVE('',#5788,#5790,#3285,.T.);
#7985=EDGE_CURVE('',#5790,#5792,#3290,.T.);
#7987=EDGE_CURVE('',#5792,#5731,#3294,.T.);
#7991=EDGE_CURVE('',#5795,#5796,#3299,.T.);
#7993=EDGE_CURVE('',#5796,#5795,#3304,.T.);
#7997=EDGE_CURVE('',#5799,#5800,#3309,.T.);
#7999=EDGE_CURVE('',#5800,#5799,#3314,.T.);
#8003=EDGE_CURVE('',#5728,#5726,#3319,.T.);
#8005=EDGE_CURVE('',#5726,#5728,#3324,.T.);
#8009=ADVANCED_FACE('',(#7990,#7996,#8002,#8008),#7946,.T.);
#8023=EDGE_CURVE('',#5752,#5468,#3340,.T.);
#8029=ADVANCED_FACE('',(#8028),#8021,.F.);
#8043=EDGE_CURVE('',#5466,#5754,#3336,.T.);
#8049=ADVANCED_FACE('',(#8048),#8041,.T.);
#8068=ADVANCED_FACE('',(#8067),#8061,.F.);
#8082=EDGE_CURVE('',#5782,#5490,#3360,.T.);
#8088=ADVANCED_FACE('',(#8087),#8080,.F.);
#8102=EDGE_CURVE('',#5488,#5784,#3356,.T.);
#8108=ADVANCED_FACE('',(#8107),#8100,.T.);
#8122=EDGE_CURVE('',#5786,#5486,#3368,.T.);
#8128=ADVANCED_FACE('',(#8127),#8120,.F.);
#8144=EDGE_CURVE('',#5300,#5302,#3400,.T.);
#8146=EDGE_CURVE('',#5300,#5440,#3376,.T.);
#8148=EDGE_CURVE('',#5440,#5438,#3380,.T.);
#8150=EDGE_CURVE('',#5298,#5438,#3424,.T.);
#8152=EDGE_CURVE('',#5296,#5298,#3436,.T.);
#8154=EDGE_CURVE('',#5296,#5443,#3384,.T.);
#8156=EDGE_CURVE('',#5443,#5444,#3388,.T.);
#8158=EDGE_CURVE('',#5788,#5444,#3561,.T.);
#8163=ADVANCED_FACE('',(#8162),#8140,.F.);
#8177=EDGE_CURVE('',#5115,#5300,#3396,.T.);
#8183=ADVANCED_FACE('',(#8182),#8175,.T.);
#8196=EDGE_CURVE('',#5440,#5113,#3412,.T.);
#8203=ADVANCED_FACE('',(#8202),#8195,.T.);
#8216=EDGE_CURVE('',#5438,#5111,#3420,.T.);
#8223=ADVANCED_FACE('',(#8222),#8215,.F.);
#8238=EDGE_CURVE('',#5298,#5109,#3440,.T.);
#8243=ADVANCED_FACE('',(#8242),#8235,.T.);
#8257=EDGE_CURVE('',#5107,#5296,#3432,.T.);
#8263=ADVANCED_FACE('',(#8262),#8255,.T.);
#8276=EDGE_CURVE('',#5443,#5105,#3448,.T.);
#8283=ADVANCED_FACE('',(#8282),#8275,.T.);
#8299=EDGE_CURVE('',#5446,#5103,#3493,.T.);
#8302=EDGE_CURVE('',#5450,#5448,#3545,.T.);
#8304=EDGE_CURVE('',#5450,#5452,#3457,.T.);
#8306=EDGE_CURVE('',#5444,#5452,#3557,.T.);
#8310=EDGE_CURVE('',#5458,#5455,#3462,.T.);
#8312=EDGE_CURVE('',#5455,#5456,#3467,.T.);
#8314=EDGE_CURVE('',#5456,#5460,#3472,.T.);
#8316=EDGE_CURVE('',#5460,#5458,#3477,.T.);
#8320=ADVANCED_FACE('',(#8309,#8319),#8295,.F.);
#8333=EDGE_CURVE('',#5832,#5862,#3481,.T.);
#8335=EDGE_CURVE('',#5862,#5854,#3485,.T.);
#8337=EDGE_CURVE('',#5802,#5854,#3533,.T.);
#8342=EDGE_CURVE('',#5832,#5101,#3521,.T.);
#8346=ADVANCED_FACE('',(#8345),#8332,.T.);
#8359=EDGE_CURVE('',#5864,#5831,#3501,.T.);
#8361=EDGE_CURVE('',#5864,#5862,#3497,.T.);
#8364=EDGE_CURVE('',#5831,#5832,#3517,.T.);
#8368=ADVANCED_FACE('',(#8367),#8358,.T.);
#8382=EDGE_CURVE('',#5099,#5831,#3529,.T.);
#8387=EDGE_CURVE('',#5804,#5856,#3513,.T.);
#8389=EDGE_CURVE('',#5864,#5856,#3537,.T.);
#8393=ADVANCED_FACE('',(#8392),#8380,.T.);
#8412=ADVANCED_FACE('',(#8411),#8405,.T.);
#8426=EDGE_CURVE('',#5856,#5854,#3541,.T.);
#8432=ADVANCED_FACE('',(#8431),#8424,.F.);
#8451=ADVANCED_FACE('',(#8450),#8444,.T.);
#8467=EDGE_CURVE('',#5450,#5792,#3549,.T.);
#8471=ADVANCED_FACE('',(#8470),#8463,.F.);
#8487=EDGE_CURVE('',#5790,#5452,#3553,.T.);
#8491=ADVANCED_FACE('',(#8490),#8483,.T.);
#8510=ADVANCED_FACE('',(#8509),#8503,.F.);
#8523=EDGE_CURVE('',#5698,#5695,#3566,.T.);
#8525=EDGE_CURVE('',#5695,#5696,#3571,.T.);
#8527=EDGE_CURVE('',#5696,#5456,#3575,.T.);
#8531=EDGE_CURVE('',#5698,#5458,#3597,.T.);
#8535=ADVANCED_FACE('',(#8534),#8522,.F.);
#8550=EDGE_CURVE('',#5672,#5698,#3583,.T.);
#8552=EDGE_CURVE('',#5671,#5672,#3602,.T.);
#8554=EDGE_CURVE('',#5671,#5696,#3579,.T.);
#8558=ADVANCED_FACE('',(#8557),#8547,.T.);
#8571=EDGE_CURVE('',#5700,#5698,#3593,.T.);
#8573=EDGE_CURVE('',#5696,#5700,#3588,.T.);
#8576=EDGE_CURVE('',#5672,#5671,#3607,.T.);
#8581=ADVANCED_FACE('',(#8580),#8570,.T.);
#8602=ADVANCED_FACE('',(#8601),#8593,.F.);
#8619=ADVANCED_FACE('',(#8618),#8614,.F.);
#8632=EDGE_CURVE('',#5319,#5320,#3616,.T.);
#8634=EDGE_CURVE('',#5796,#5319,#3645,.T.);
#8637=EDGE_CURVE('',#5795,#5320,#3611,.T.);
#8641=ADVANCED_FACE('',(#8640),#8631,.T.);
#8655=EDGE_CURVE('',#5320,#5319,#3621,.T.);
#8659=EDGE_CURVE('',#5326,#5323,#3626,.T.);
#8661=EDGE_CURVE('',#5323,#5324,#3631,.T.);
#8663=EDGE_CURVE('',#5324,#5328,#3636,.T.);
#8665=EDGE_CURVE('',#5328,#5326,#3641,.T.);
#8669=ADVANCED_FACE('',(#8658,#8668),#8653,.F.);
#8688=ADVANCED_FACE('',(#8687),#8681,.T.);
#8701=EDGE_CURVE('',#5714,#5711,#3650,.T.);
#8703=EDGE_CURVE('',#5711,#5712,#3655,.T.);
#8705=EDGE_CURVE('',#5712,#5324,#3659,.T.);
#8709=EDGE_CURVE('',#5714,#5326,#3681,.T.);
#8713=ADVANCED_FACE('',(#8712),#8700,.F.);
#8728=EDGE_CURVE('',#5680,#5714,#3667,.T.);
#8730=EDGE_CURVE('',#5679,#5680,#3686,.T.);
#8732=EDGE_CURVE('',#5679,#5712,#3663,.T.);
#8736=ADVANCED_FACE('',(#8735),#8725,.T.);
#8749=EDGE_CURVE('',#5716,#5714,#3677,.T.);
#8751=EDGE_CURVE('',#5712,#5716,#3672,.T.);
#8754=EDGE_CURVE('',#5680,#5679,#3691,.T.);
#8759=ADVANCED_FACE('',(#8758),#8748,.T.);
#8780=ADVANCED_FACE('',(#8779),#8771,.F.);
#8797=ADVANCED_FACE('',(#8796),#8792,.F.);
#8810=EDGE_CURVE('',#5331,#5332,#3700,.T.);
#8812=EDGE_CURVE('',#5800,#5331,#3729,.T.);
#8815=EDGE_CURVE('',#5799,#5332,#3695,.T.);
#8819=ADVANCED_FACE('',(#8818),#8809,.T.);
#8833=EDGE_CURVE('',#5332,#5331,#3705,.T.);
#8837=EDGE_CURVE('',#5338,#5335,#3710,.T.);
#8839=EDGE_CURVE('',#5335,#5336,#3715,.T.);
#8841=EDGE_CURVE('',#5336,#5340,#3720,.T.);
#8843=EDGE_CURVE('',#5340,#5338,#3725,.T.);
#8847=ADVANCED_FACE('',(#8836,#8846),#8831,.F.);
#8866=ADVANCED_FACE('',(#8865),#8859,.T.);
#8879=EDGE_CURVE('',#5690,#5687,#3734,.T.);
#8881=EDGE_CURVE('',#5687,#5688,#3739,.T.);
#8883=EDGE_CURVE('',#5688,#5336,#3743,.T.);
#8887=EDGE_CURVE('',#5690,#5338,#3765,.T.);
#8891=ADVANCED_FACE('',(#8890),#8878,.F.);
#8906=EDGE_CURVE('',#5668,#5690,#3751,.T.);
#8908=EDGE_CURVE('',#5667,#5668,#3770,.T.);
#8910=EDGE_CURVE('',#5667,#5688,#3747,.T.);
#8914=ADVANCED_FACE('',(#8913),#8903,.T.);
#8927=EDGE_CURVE('',#5692,#5690,#3761,.T.);
#8929=EDGE_CURVE('',#5688,#5692,#3756,.T.);
#8932=EDGE_CURVE('',#5668,#5667,#3775,.T.);
#8937=ADVANCED_FACE('',(#8936),#8926,.T.);
#8958=ADVANCED_FACE('',(#8957),#8949,.F.);
#8975=ADVANCED_FACE('',(#8974),#8970,.F.);
#8988=EDGE_CURVE('',#5307,#5308,#3784,.T.);
#8990=EDGE_CURVE('',#5726,#5307,#3813,.T.);
#8993=EDGE_CURVE('',#5728,#5308,#3779,.T.);
#8997=ADVANCED_FACE('',(#8996),#8987,.T.);
#9011=EDGE_CURVE('',#5308,#5307,#3789,.T.);
#9015=EDGE_CURVE('',#5314,#5311,#3794,.T.);
#9017=EDGE_CURVE('',#5311,#5312,#3799,.T.);
#9019=EDGE_CURVE('',#5312,#5316,#3804,.T.);
#9021=EDGE_CURVE('',#5316,#5314,#3809,.T.);
#9025=ADVANCED_FACE('',(#9014,#9024),#9009,.F.);
#9044=ADVANCED_FACE('',(#9043),#9037,.T.);
#9057=EDGE_CURVE('',#5722,#5719,#3818,.T.);
#9059=EDGE_CURVE('',#5719,#5720,#3823,.T.);
#9061=EDGE_CURVE('',#5720,#5312,#3827,.T.);
#9065=EDGE_CURVE('',#5722,#5314,#3849,.T.);
#9069=ADVANCED_FACE('',(#9068),#9056,.F.);
#9084=EDGE_CURVE('',#5684,#5722,#3835,.T.);
#9086=EDGE_CURVE('',#5683,#5684,#3854,.T.);
#9088=EDGE_CURVE('',#5683,#5720,#3831,.T.);
#9092=ADVANCED_FACE('',(#9091),#9081,.T.);
#9105=EDGE_CURVE('',#5724,#5722,#3845,.T.);
#9107=EDGE_CURVE('',#5720,#5724,#3840,.T.);
#9110=EDGE_CURVE('',#5684,#5683,#3859,.T.);
#9115=ADVANCED_FACE('',(#9114),#9104,.T.);
#9136=ADVANCED_FACE('',(#9135),#9127,.F.);
#9153=ADVANCED_FACE('',(#9152),#9148,.F.);
#9166=EDGE_CURVE('',#5838,#5827,#3863,.T.);
#9168=EDGE_CURVE('',#5264,#5827,#3919,.T.);
#9173=EDGE_CURVE('',#5808,#5842,#3875,.T.);
#9175=EDGE_CURVE('',#5838,#5842,#3883,.T.);
#9179=ADVANCED_FACE('',(#9178),#9165,.T.);
#9193=EDGE_CURVE('',#5838,#5840,#3879,.T.);
#9195=EDGE_CURVE('',#5828,#5840,#3895,.T.);
#9197=EDGE_CURVE('',#5827,#5828,#3911,.T.);
#9201=ADVANCED_FACE('',(#9200),#9191,.T.);
#9216=EDGE_CURVE('',#5842,#5844,#3887,.T.);
#9218=EDGE_CURVE('',#5840,#5844,#3899,.T.);
#9222=ADVANCED_FACE('',(#9221),#9213,.T.);
#9235=EDGE_CURVE('',#5806,#5844,#3891,.T.);
#9242=ADVANCED_FACE('',(#9241),#9234,.F.);
#9261=EDGE_CURVE('',#5828,#5266,#3915,.T.);
#9265=ADVANCED_FACE('',(#9264),#9254,.T.);
#9284=ADVANCED_FACE('',(#9283),#9277,.T.);
#9297=EDGE_CURVE('',#5658,#5655,#3924,.T.);
#9299=EDGE_CURVE('',#5655,#5656,#3929,.T.);
#9301=EDGE_CURVE('',#5656,#5476,#3933,.T.);
#9305=EDGE_CURVE('',#5658,#5478,#3955,.T.);
#9309=ADVANCED_FACE('',(#9308),#9296,.F.);
#9324=EDGE_CURVE('',#5660,#5658,#3941,.T.);
#9326=EDGE_CURVE('',#5662,#5660,#3960,.T.);
#9328=EDGE_CURVE('',#5662,#5656,#3937,.T.);
#9332=ADVANCED_FACE('',(#9331),#9321,.T.);
#9345=EDGE_CURVE('',#5664,#5658,#3951,.T.);
#9347=EDGE_CURVE('',#5656,#5664,#3946,.T.);
#9350=EDGE_CURVE('',#5660,#5662,#3965,.T.);
#9355=ADVANCED_FACE('',(#9354),#9344,.T.);
#9376=ADVANCED_FACE('',(#9375),#9367,.F.);
#9393=ADVANCED_FACE('',(#9392),#9388,.F.);
#9406=EDGE_CURVE('',#5550,#5548,#3989,.T.);
#9408=EDGE_CURVE('',#5546,#5550,#3984,.T.);
#9410=EDGE_CURVE('',#5546,#5366,#3969,.T.);
#9414=EDGE_CURVE('',#5548,#5368,#4003,.T.);
#9418=ADVANCED_FACE('',(#9417),#9405,.F.);
#9431=EDGE_CURVE('',#5548,#5545,#3974,.T.);
#9433=EDGE_CURVE('',#5545,#5546,#3979,.T.);
#9439=EDGE_CURVE('',#5553,#5554,#3994,.T.);
#9441=EDGE_CURVE('',#5554,#5553,#3999,.T.);
#9445=ADVANCED_FACE('',(#9438,#9444),#9430,.F.);
#9466=ADVANCED_FACE('',(#9465),#9457,.F.);
#9479=EDGE_CURVE('',#5621,#5622,#4074,.T.);
#9481=EDGE_CURVE('',#5621,#5554,#4007,.T.);
#9484=EDGE_CURVE('',#5622,#5553,#4577,.T.);
#9488=ADVANCED_FACE('',(#9487),#9478,.F.);
#9501=EDGE_CURVE('',#5049,#5584,#4127,.T.);
#9503=EDGE_CURVE('',#5049,#5047,#4011,.T.);
#9505=EDGE_CURVE('',#5047,#5053,#4015,.T.);
#9507=EDGE_CURVE('',#5586,#5053,#4204,.T.);
#9509=EDGE_CURVE('',#5586,#5588,#4020,.T.);
#9511=EDGE_CURVE('',#5590,#5588,#4208,.T.);
#9513=EDGE_CURVE('',#5590,#5592,#4025,.T.);
#9515=EDGE_CURVE('',#5013,#5592,#4523,.T.);
#9517=EDGE_CURVE('',#5011,#5013,#4247,.T.);
#9519=EDGE_CURVE('',#5011,#5019,#4029,.T.);
#9521=EDGE_CURVE('',#5019,#5594,#4033,.T.);
#9523=EDGE_CURVE('',#5596,#5594,#4519,.T.);
#9525=EDGE_CURVE('',#5598,#5596,#4313,.T.);
#9527=EDGE_CURVE('',#5598,#5600,#4037,.T.);
#9529=EDGE_CURVE('',#5600,#5602,#4041,.T.);
#9531=EDGE_CURVE('',#5604,#5602,#4390,.T.);
#9533=EDGE_CURVE('',#5604,#5606,#4046,.T.);
#9535=EDGE_CURVE('',#5608,#5606,#4394,.T.);
#9537=EDGE_CURVE('',#5608,#5610,#4051,.T.);
#9539=EDGE_CURVE('',#5612,#5610,#4429,.T.);
#9541=EDGE_CURVE('',#5614,#5612,#4441,.T.);
#9543=EDGE_CURVE('',#5614,#5616,#4055,.T.);
#9545=EDGE_CURVE('',#5616,#5618,#4059,.T.);
#9547=EDGE_CURVE('',#5584,#5618,#4503,.T.);
#9551=EDGE_CURVE('',#5581,#5582,#4064,.T.);
#9553=EDGE_CURVE('',#5582,#5581,#4069,.T.);
#9558=EDGE_CURVE('',#5622,#5621,#4079,.T.);
#9562=EDGE_CURVE('',#5625,#5626,#4084,.T.);
#9564=EDGE_CURVE('',#5626,#5625,#4089,.T.);
#9568=EDGE_CURVE('',#5629,#5630,#4094,.T.);
#9570=EDGE_CURVE('',#5630,#5629,#4099,.T.);
#9574=EDGE_CURVE('',#5633,#5634,#4104,.T.);
#9576=EDGE_CURVE('',#5634,#5633,#4109,.T.);
#9580=EDGE_CURVE('',#5637,#5638,#4114,.T.);
#9582=EDGE_CURVE('',#5638,#5637,#4119,.T.);
#9586=ADVANCED_FACE('',(#9550,#9556,#9561,#9567,#9573,#9579,#9585),#9500,.T.);
#9599=EDGE_CURVE('',#5022,#5049,#4123,.T.);
#9602=EDGE_CURVE('',#5584,#5640,#4132,.T.);
#9604=EDGE_CURVE('',#4946,#5640,#4495,.T.);
#9606=EDGE_CURVE('',#4946,#4951,#4136,.T.);
#9609=EDGE_CURVE('',#5025,#5022,#4144,.T.);
#9613=ADVANCED_FACE('',(#9612),#9598,.F.);
#9626=EDGE_CURVE('',#5022,#5023,#4148,.T.);
#9628=EDGE_CURVE('',#5047,#5023,#4156,.T.);
#9634=ADVANCED_FACE('',(#9633),#9625,.F.);
#9650=EDGE_CURVE('',#5027,#5023,#4152,.T.);
#9654=ADVANCED_FACE('',(#9653),#9646,.F.);
#9671=EDGE_CURVE('',#5051,#4991,#4169,.T.);
#9673=EDGE_CURVE('',#5051,#5053,#4165,.T.);
#9678=ADVANCED_FACE('',(#9677),#9666,.F.);
#9693=EDGE_CURVE('',#5644,#4989,#4177,.T.);
#9695=EDGE_CURVE('',#5051,#5644,#4200,.T.);
#9699=ADVANCED_FACE('',(#9698),#9690,.T.);
#9712=EDGE_CURVE('',#5644,#4935,#4191,.T.);
#9719=ADVANCED_FACE('',(#9718),#9711,.T.);
#9733=EDGE_CURVE('',#5586,#5644,#4186,.T.);
#9736=EDGE_CURVE('',#4935,#5588,#4196,.T.);
#9740=ADVANCED_FACE('',(#9739),#9731,.T.);
#9759=ADVANCED_FACE('',(#9758),#9752,.T.);
#9775=EDGE_CURVE('',#5590,#4933,#4217,.T.);
#9779=ADVANCED_FACE('',(#9778),#9771,.T.);
#9794=EDGE_CURVE('',#4933,#4999,#4222,.T.);
#9796=EDGE_CURVE('',#4999,#5592,#4227,.T.);
#9800=ADVANCED_FACE('',(#9799),#9791,.T.);
#9816=EDGE_CURVE('',#4987,#4999,#4235,.T.);
#9820=ADVANCED_FACE('',(#9819),#9812,.T.);
#9833=EDGE_CURVE('',#4997,#4985,#4256,.T.);
#9835=EDGE_CURVE('',#4999,#4997,#4527,.T.);
#9841=ADVANCED_FACE('',(#9840),#9832,.T.);
#9854=EDGE_CURVE('',#5010,#5011,#4243,.T.);
#9857=EDGE_CURVE('',#5013,#4997,#4252,.T.);
#9862=EDGE_CURVE('',#5015,#5010,#4264,.T.);
#9866=ADVANCED_FACE('',(#9865),#9853,.F.);
#9879=EDGE_CURVE('',#5010,#5017,#4268,.T.);
#9881=EDGE_CURVE('',#5019,#5017,#4276,.T.);
#9887=ADVANCED_FACE('',(#9886),#9878,.F.);
#9903=EDGE_CURVE('',#5037,#5017,#4272,.T.);
#9907=ADVANCED_FACE('',(#9906),#9899,.F.);
#9923=EDGE_CURVE('',#4941,#4938,#4284,.T.);
#9925=EDGE_CURVE('',#5007,#4938,#4305,.T.);
#9927=EDGE_CURVE('',#5007,#5594,#4289,.T.);
#9932=ADVANCED_FACE('',(#9931),#9919,.F.);
#9945=EDGE_CURVE('',#4938,#4939,#4297,.T.);
#9949=EDGE_CURVE('',#4939,#4943,#4322,.T.);
#9953=ADVANCED_FACE('',(#9952),#9944,.F.);
#9967=EDGE_CURVE('',#4939,#5005,#4301,.T.);
#9969=EDGE_CURVE('',#5007,#5005,#4515,.T.);
#9974=ADVANCED_FACE('',(#9973),#9965,.T.);
#9987=EDGE_CURVE('',#5040,#5598,#4309,.T.);
#9990=EDGE_CURVE('',#5596,#5005,#4318,.T.);
#9995=EDGE_CURVE('',#5043,#5040,#4330,.T.);
#9999=ADVANCED_FACE('',(#9998),#9986,.F.);
#10012=EDGE_CURVE('',#5040,#5041,#4334,.T.);
#10014=EDGE_CURVE('',#5600,#5041,#4342,.T.);
#10020=ADVANCED_FACE('',(#10019),#10011,.F.);
#10036=EDGE_CURVE('',#5045,#5041,#4338,.T.);
#10040=ADVANCED_FACE('',(#10039),#10032,.F.);
#10057=EDGE_CURVE('',#5001,#4971,#4355,.T.);
#10059=EDGE_CURVE('',#5001,#5602,#4351,.T.);
#10064=ADVANCED_FACE('',(#10063),#10052,.F.);
#10079=EDGE_CURVE('',#5003,#4969,#4363,.T.);
#10081=EDGE_CURVE('',#5001,#5003,#4386,.T.);
#10085=ADVANCED_FACE('',(#10084),#10076,.T.);
#10098=EDGE_CURVE('',#5003,#5650,#4377,.T.);
#10102=EDGE_CURVE('',#4967,#5650,#4367,.T.);
#10106=ADVANCED_FACE('',(#10105),#10097,.T.);
#10120=EDGE_CURVE('',#5604,#5003,#4372,.T.);
#10123=EDGE_CURVE('',#5650,#5606,#4382,.T.);
#10127=ADVANCED_FACE('',(#10126),#10118,.T.);
#10146=ADVANCED_FACE('',(#10145),#10139,.T.);
#10161=EDGE_CURVE('',#5650,#5652,#4398,.T.);
#10163=EDGE_CURVE('',#5608,#5652,#4415,.T.);
#10167=ADVANCED_FACE('',(#10166),#10158,.T.);
#10181=EDGE_CURVE('',#5652,#4965,#4406,.T.);
#10187=ADVANCED_FACE('',(#10186),#10179,.T.);
#10200=EDGE_CURVE('',#5652,#5648,#4420,.T.);
#10204=EDGE_CURVE('',#4963,#5648,#4410,.T.);
#10208=ADVANCED_FACE('',(#10207),#10199,.T.);
#10224=EDGE_CURVE('',#5648,#5610,#4425,.T.);
#10228=ADVANCED_FACE('',(#10227),#10220,.T.);
#10241=EDGE_CURVE('',#5612,#5646,#4446,.T.);
#10245=EDGE_CURVE('',#5648,#5646,#4433,.T.);
#10249=ADVANCED_FACE('',(#10248),#10240,.T.);
#10262=EDGE_CURVE('',#5030,#5614,#4437,.T.);
#10266=EDGE_CURVE('',#5646,#4961,#4450,.T.);
#10270=EDGE_CURVE('',#5033,#5030,#4458,.T.);
#10274=ADVANCED_FACE('',(#10273),#10261,.F.);
#10287=EDGE_CURVE('',#5030,#5031,#4462,.T.);
#10289=EDGE_CURVE('',#5616,#5031,#4470,.T.);
#10295=ADVANCED_FACE('',(#10294),#10286,.F.);
#10311=EDGE_CURVE('',#5035,#5031,#4466,.T.);
#10315=ADVANCED_FACE('',(#10314),#10307,.F.);
#10331=EDGE_CURVE('',#4949,#4947,#4478,.T.);
#10333=EDGE_CURVE('',#5642,#4947,#4499,.T.);
#10335=EDGE_CURVE('',#5642,#5618,#4483,.T.);
#10340=ADVANCED_FACE('',(#10339),#10327,.F.);
#10353=EDGE_CURVE('',#4946,#4947,#4487,.T.);
#10360=ADVANCED_FACE('',(#10359),#10352,.F.);
#10375=EDGE_CURVE('',#5642,#5640,#4507,.T.);
#10380=ADVANCED_FACE('',(#10379),#10372,.T.);
#10399=ADVANCED_FACE('',(#10398),#10392,.T.);
#10418=ADVANCED_FACE('',(#10417),#10411,.T.);
#10437=ADVANCED_FACE('',(#10436),#10430,.T.);
#10456=ADVANCED_FACE('',(#10455),#10449,.T.);
#10470=EDGE_CURVE('',#5581,#5566,#4531,.T.);
#10472=EDGE_CURVE('',#5565,#5566,#4560,.T.);
#10474=EDGE_CURVE('',#5582,#5565,#4535,.T.);
#10478=ADVANCED_FACE('',(#10477),#10468,.F.);
#10493=EDGE_CURVE('',#5566,#5565,#4565,.T.);
#10498=ADVANCED_FACE('',(#10497),#10490,.F.);
#10511=EDGE_CURVE('',#5560,#5557,#4540,.T.);
#10513=EDGE_CURVE('',#5557,#5558,#4545,.T.);
#10515=EDGE_CURVE('',#5558,#5562,#4550,.T.);
#10517=EDGE_CURVE('',#5562,#5560,#4555,.T.);
#10525=ADVANCED_FACE('',(#10520,#10524),#10510,.F.);
#10540=EDGE_CURVE('',#5560,#5376,#4569,.T.);
#10544=EDGE_CURVE('',#5558,#5374,#4573,.T.);
#10548=ADVANCED_FACE('',(#10547),#10537,.F.);
#10569=ADVANCED_FACE('',(#10568),#10560,.F.);
#10588=ADVANCED_FACE('',(#10587),#10581,.F.);
#10602=EDGE_CURVE('',#5625,#5578,#4581,.T.);
#10604=EDGE_CURVE('',#5577,#5578,#4610,.T.);
#10606=EDGE_CURVE('',#5626,#5577,#4585,.T.);
#10610=ADVANCED_FACE('',(#10609),#10600,.F.);
#10625=EDGE_CURVE('',#5578,#5577,#4615,.T.);
#10630=ADVANCED_FACE('',(#10629),#10622,.F.);
#10643=EDGE_CURVE('',#5572,#5569,#4590,.T.);
#10645=EDGE_CURVE('',#5569,#5570,#4595,.T.);
#10647=EDGE_CURVE('',#5570,#5574,#4600,.T.);
#10649=EDGE_CURVE('',#5574,#5572,#4605,.T.);
#10657=ADVANCED_FACE('',(#10652,#10656),#10642,.F.);
#10672=EDGE_CURVE('',#5572,#5384,#4619,.T.);
#10676=EDGE_CURVE('',#5570,#5382,#4623,.T.);
#10680=ADVANCED_FACE('',(#10679),#10669,.F.);
#10701=ADVANCED_FACE('',(#10700),#10692,.F.);
#10715=EDGE_CURVE('',#5629,#5542,#4627,.T.);
#10717=EDGE_CURVE('',#5541,#5542,#4656,.T.);
#10719=EDGE_CURVE('',#5630,#5541,#4631,.T.);
#10723=ADVANCED_FACE('',(#10722),#10713,.F.);
#10738=EDGE_CURVE('',#5542,#5541,#4661,.T.);
#10743=ADVANCED_FACE('',(#10742),#10735,.F.);
#10756=EDGE_CURVE('',#5536,#5533,#4636,.T.);
#10758=EDGE_CURVE('',#5533,#5534,#4641,.T.);
#10760=EDGE_CURVE('',#5534,#5538,#4646,.T.);
#10762=EDGE_CURVE('',#5538,#5536,#4651,.T.);
#10770=ADVANCED_FACE('',(#10765,#10769),#10755,.F.);
#10785=EDGE_CURVE('',#5536,#5434,#4665,.T.);
#10789=EDGE_CURVE('',#5534,#5432,#4669,.T.);
#10793=ADVANCED_FACE('',(#10792),#10782,.F.);
#10814=ADVANCED_FACE('',(#10813),#10805,.F.);
#10828=EDGE_CURVE('',#5633,#5518,#4673,.T.);
#10830=EDGE_CURVE('',#5517,#5518,#4702,.T.);
#10832=EDGE_CURVE('',#5634,#5517,#4677,.T.);
#10836=ADVANCED_FACE('',(#10835),#10826,.F.);
#10851=EDGE_CURVE('',#5518,#5517,#4707,.T.);
#10856=ADVANCED_FACE('',(#10855),#10848,.F.);
#10869=EDGE_CURVE('',#5510,#5514,#4682,.T.);
#10871=EDGE_CURVE('',#5514,#5512,#4687,.T.);
#10873=EDGE_CURVE('',#5512,#5509,#4692,.T.);
#10875=EDGE_CURVE('',#5509,#5510,#4697,.T.);
#10883=ADVANCED_FACE('',(#10878,#10882),#10868,.F.);
#10898=EDGE_CURVE('',#5510,#5418,#4711,.T.);
#10902=EDGE_CURVE('',#5512,#5416,#4715,.T.);
#10906=ADVANCED_FACE('',(#10905),#10895,.F.);
#10927=ADVANCED_FACE('',(#10926),#10918,.F.);
#10941=EDGE_CURVE('',#5637,#5530,#4719,.T.);
#10943=EDGE_CURVE('',#5529,#5530,#4748,.T.);
#10945=EDGE_CURVE('',#5638,#5529,#4723,.T.);
#10949=ADVANCED_FACE('',(#10948),#10939,.F.);
#10964=EDGE_CURVE('',#5530,#5529,#4753,.T.);
#10969=ADVANCED_FACE('',(#10968),#10961,.F.);
#10982=EDGE_CURVE('',#5524,#5521,#4728,.T.);
#10984=EDGE_CURVE('',#5521,#5522,#4733,.T.);
#10986=EDGE_CURVE('',#5522,#5526,#4738,.T.);
#10988=EDGE_CURVE('',#5526,#5524,#4743,.T.);
#10996=ADVANCED_FACE('',(#10991,#10995),#10981,.F.);
#11011=EDGE_CURVE('',#5524,#5426,#4757,.T.);
#11015=EDGE_CURVE('',#5522,#5424,#4761,.T.);
#11019=ADVANCED_FACE('',(#11018),#11008,.F.);
#11040=ADVANCED_FACE('',(#11039),#11031,.F.);
#11053=EDGE_CURVE('',#5860,#5835,#4765,.T.);
#11055=EDGE_CURVE('',#5123,#5835,#4825,.T.);
#11060=EDGE_CURVE('',#5852,#5850,#4777,.T.);
#11062=EDGE_CURVE('',#5860,#5850,#4785,.T.);
#11066=ADVANCED_FACE('',(#11065),#11052,.T.);
#11080=EDGE_CURVE('',#5860,#5858,#4781,.T.);
#11082=EDGE_CURVE('',#5836,#5858,#4797,.T.);
#11084=EDGE_CURVE('',#5835,#5836,#4813,.T.);
#11088=ADVANCED_FACE('',(#11087),#11078,.T.);
#11103=EDGE_CURVE('',#5850,#5848,#4789,.T.);
#11105=EDGE_CURVE('',#5858,#5848,#4801,.T.);
#11109=ADVANCED_FACE('',(#11108),#11100,.T.);
#11122=EDGE_CURVE('',#5847,#5848,#4793,.T.);
#11129=ADVANCED_FACE('',(#11128),#11121,.F.);
#11148=EDGE_CURVE('',#5836,#5125,#4817,.T.);
#11152=ADVANCED_FACE('',(#11151),#11141,.T.);
#11171=ADVANCED_FACE('',(#11170),#11164,.T.);
#11185=EDGE_CURVE('',#5068,#5137,#4829,.T.);
#11188=EDGE_CURVE('',#5069,#5136,#4833,.T.);
#11192=ADVANCED_FACE('',(#11191),#11183,.F.);
#11211=ADVANCED_FACE('',(#11210),#11204,.F.);
#11225=EDGE_CURVE('',#5072,#5075,#4837,.T.);
#11228=EDGE_CURVE('',#5073,#5077,#4841,.T.);
#11232=ADVANCED_FACE('',(#11231),#11223,.F.);
#11251=ADVANCED_FACE('',(#11250),#11244,.F.);
#11264=EDGE_CURVE('',#5706,#5703,#4846,.T.);
#11266=EDGE_CURVE('',#5703,#5704,#4851,.T.);
#11268=EDGE_CURVE('',#5704,#5498,#4855,.T.);
#11272=EDGE_CURVE('',#5706,#5500,#4877,.T.);
#11276=ADVANCED_FACE('',(#11275),#11263,.F.);
#11291=EDGE_CURVE('',#5676,#5706,#4863,.T.);
#11293=EDGE_CURVE('',#5675,#5676,#4882,.T.);
#11295=EDGE_CURVE('',#5675,#5704,#4859,.T.);
#11299=ADVANCED_FACE('',(#11298),#11288,.T.);
#11312=EDGE_CURVE('',#5708,#5706,#4873,.T.);
#11314=EDGE_CURVE('',#5704,#5708,#4868,.T.);
#11317=EDGE_CURVE('',#5676,#5675,#4887,.T.);
#11322=ADVANCED_FACE('',(#11321),#11311,.T.);
#11343=ADVANCED_FACE('',(#11342),#11334,.F.);
#11360=ADVANCED_FACE('',(#11359),#11355,.F.);
#11374=EDGE_CURVE('',#5242,#5161,#4903,.T.);
#11381=ADVANCED_FACE('',(#11380),#11372,.F.);
#11400=ADVANCED_FACE('',(#11399),#11393,.F.);
#11414=EDGE_CURVE('',#5143,#5140,#4911,.T.);
#11417=EDGE_CURVE('',#5145,#5141,#4907,.T.);
#11421=ADVANCED_FACE('',(#11420),#11412,.F.);
#11440=ADVANCED_FACE('',(#11439),#11433,.F.);
#11454=EDGE_CURVE('',#5083,#5080,#4919,.T.);
#11457=EDGE_CURVE('',#5085,#5081,#4915,.T.);
#11461=ADVANCED_FACE('',(#11460),#11452,.F.);
#11480=ADVANCED_FACE('',(#11479),#11473,.F.);
#11499=ADVANCED_FACE('',(#11498),#11492,.T.);
#11509=(LENGTH_UNIT()NAMED_UNIT(*)SI_UNIT(.MILLI.,.METRE.));
#11510=(NAMED_UNIT(*)PLANE_ANGLE_UNIT()SI_UNIT($,.RADIAN.));
#11513=(NAMED_UNIT(*)SI_UNIT($,.STERADIAN.)SOLID_ANGLE_UNIT());
#11515=(GEOMETRIC_REPRESENTATION_CONTEXT(3)GLOBAL_UNCERTAINTY_ASSIGNED_CONTEXT((
#11514))GLOBAL_UNIT_ASSIGNED_CONTEXT((#11509,#11512,#11513))REPRESENTATION_CONTEXT('ID2','3'));
#11519=AXIS2_PLACEMENT_3D('',#11516,#11517,#11518);
#11520=ADVANCED_BREP_SHAPE_REPRESENTATION('',(#11519,#11508),#11515);
#11524=PRODUCT_DEFINITION('part definition','',#11523,#1875);
#11525=PRODUCT_DEFINITION_SHAPE('','SHAPE FOR 2X1CASE_3.',#11524);
#11526=SHAPE_ASPECT('','solid data associated with 2X1CASE_3',#11525,.F.);
#11527=PROPERTY_DEFINITION('',
'shape for solid data with which properties are associated',#11526);
#11528=SHAPE_REPRESENTATION('',(#11508),#11515);
#11529=SHAPE_DEFINITION_REPRESENTATION(#11527,#11528);
#11530=(LENGTH_UNIT()NAMED_UNIT(*)SI_UNIT(.MILLI.,.METRE.));
#11534=PROPERTY_DEFINITION('geometric validation property','area of 2X1CASE_3',
#11526);
#11535=REPRESENTATION('surface area',(#11533),#11515);
#11536=PROPERTY_DEFINITION_REPRESENTATION(#11534,#11535);
#11537=(LENGTH_UNIT()NAMED_UNIT(*)SI_UNIT(.MILLI.,.METRE.));
#11541=PROPERTY_DEFINITION('geometric validation property',
'volume of 2X1CASE_3',#11526);
#11542=REPRESENTATION('volume',(#11540),#11515);
#11543=PROPERTY_DEFINITION_REPRESENTATION(#11541,#11542);
#11545=PROPERTY_DEFINITION('geometric validation property',
'centroid of 2X1CASE_3',#11526);
#11546=REPRESENTATION('centroid',(#11544),#11515);
#11547=PROPERTY_DEFINITION_REPRESENTATION(#11545,#11546);
#11548=(LENGTH_UNIT()NAMED_UNIT(*)SI_UNIT(.MILLI.,.METRE.));
#11552=PROPERTY_DEFINITION('geometric validation property','area of 2X1CASE_3',
#11525);
#11553=REPRESENTATION('surface area',(#11551),#11515);
#11554=PROPERTY_DEFINITION_REPRESENTATION(#11552,#11553);
#11555=(LENGTH_UNIT()NAMED_UNIT(*)SI_UNIT(.MILLI.,.METRE.));
#11559=PROPERTY_DEFINITION('geometric validation property',
'volume of 2X1CASE_3',#11525);
#11560=REPRESENTATION('volume',(#11558),#11515);
#11561=PROPERTY_DEFINITION_REPRESENTATION(#11559,#11560);
#11563=PROPERTY_DEFINITION('geometric validation property',
'centroid of 2X1CASE_3',#11525);
#11564=REPRESENTATION('centroid',(#11562),#11515);
#11565=PROPERTY_DEFINITION_REPRESENTATION(#11563,#11564);
#11566=SHAPE_DEFINITION_REPRESENTATION(#11525,#11520);
#11567=PROPERTY_DEFINITION('DESCRIPTION','user defined attribute',#11524);
#11571=REPRESENTATION('',(#11570),#11515);
#11572=PROPERTY_DEFINITION_REPRESENTATION(#11567,#11571);
#11573=PROPERTY_DEFINITION('MODELED_BY','user defined attribute',#11524);
#11577=REPRESENTATION('',(#11576),#11515);
#11578=PROPERTY_DEFINITION_REPRESENTATION(#11573,#11577);
#11579=PROPERTY_DEFINITION('PTC_COMMON_NAME','user defined attribute',#11524);
#11583=REPRESENTATION('',(#11582),#11515);
#11584=PROPERTY_DEFINITION_REPRESENTATION(#11579,#11583);
#11585=NEXT_ASSEMBLY_USAGE_OCCURRENCE('293','Next assembly relationship',
'2X1CASE',#12308,#11524,$);
#11586=PRODUCT_DEFINITION_SHAPE('Placement #293',
'Placement of 2X1CASE_3 with respect to 00_ASM_25_ASM',#11585);
#11588=PROPERTY_DEFINITION('geometric validation property',
'centroid of 2X1CASE',#11586);
#11589=REPRESENTATION('centroid',(#11587),#11515);
#11590=PROPERTY_DEFINITION_REPRESENTATION(#11588,#11589);
#11602=CIRCLE('',#11601,2.000015270190E-1);
#11607=CIRCLE('',#11606,2.000015270190E-1);
#11612=CIRCLE('',#11611,5.E-1);
#11617=CIRCLE('',#11616,3.E-1);
#11630=CIRCLE('',#11629,5.E-1);
#11635=CIRCLE('',#11634,3.E-1);
#11640=CIRCLE('',#11639,1.E0);
#11645=CIRCLE('',#11644,1.E0);
#11650=CIRCLE('',#11649,5.E-1);
#11655=CIRCLE('',#11654,5.E-1);
#11668=CIRCLE('',#11667,1.E0);
#11673=CIRCLE('',#11672,1.E0);
#11678=CIRCLE('',#11677,5.E-1);
#11683=CIRCLE('',#11682,5.E-1);
#11692=CIRCLE('',#11691,5.E-1);
#11697=CIRCLE('',#11696,3.E-1);
#11702=CIRCLE('',#11701,5.E-1);
#11707=CIRCLE('',#11706,3.E-1);
#11716=CIRCLE('',#11715,2.000010864699E-1);
#11721=CIRCLE('',#11720,2.000010864699E-1);
#11759=EDGE_CURVE('',#11724,#11725,#11602,.T.);
#11761=EDGE_CURVE('',#11725,#11724,#11607,.T.);
#11765=ADVANCED_FACE('',(#11764),#11758,.F.);
#11802=EDGE_CURVE('',#11728,#11729,#11612,.T.);
#11804=EDGE_CURVE('',#11725,#11729,#11635,.T.);
#11807=EDGE_CURVE('',#11724,#11728,#11617,.T.);
#11811=ADVANCED_FACE('',(#11810),#11801,.T.);
#11825=EDGE_CURVE('',#11731,#11728,#11625,.T.);
#11827=EDGE_CURVE('',#11733,#11731,#11655,.T.);
#11829=EDGE_CURVE('',#11733,#11729,#11621,.T.);
#11833=ADVANCED_FACE('',(#11832),#11823,.T.);
#11846=EDGE_CURVE('',#11729,#11728,#11630,.T.);
#11849=EDGE_CURVE('',#11731,#11733,#11650,.T.);
#11854=ADVANCED_FACE('',(#11853),#11845,.T.);
#11897=ADVANCED_FACE('',(#11896),#11890,.T.);
#11910=EDGE_CURVE('',#11736,#11737,#11640,.T.);
#11912=EDGE_CURVE('',#11737,#11736,#11645,.T.);
#11920=ADVANCED_FACE('',(#11915,#11919),#11909,.F.);
#11933=EDGE_CURVE('',#11739,#11736,#11663,.T.);
#11935=EDGE_CURVE('',#11741,#11739,#11673,.T.);
#11937=EDGE_CURVE('',#11741,#11737,#11659,.T.);
#11942=ADVANCED_FACE('',(#11941),#11932,.T.);
#11958=EDGE_CURVE('',#11739,#11741,#11668,.T.);
#11962=ADVANCED_FACE('',(#11961),#11954,.T.);
#11979=EDGE_CURVE('',#11744,#11745,#11678,.T.);
#11981=EDGE_CURVE('',#11745,#11744,#11683,.T.);
#11985=ADVANCED_FACE('',(#11978,#11984),#11974,.T.);
#11998=EDGE_CURVE('',#11748,#11749,#11692,.T.);
#12000=EDGE_CURVE('',#11748,#11745,#11687,.T.);
#12003=EDGE_CURVE('',#11749,#11744,#11711,.T.);
#12007=ADVANCED_FACE('',(#12006),#11997,.T.);
#12045=EDGE_CURVE('',#11749,#11751,#11697,.T.);
#12047=EDGE_CURVE('',#11753,#11751,#11716,.T.);
#12049=EDGE_CURVE('',#11748,#11753,#11707,.T.);
#12053=ADVANCED_FACE('',(#12052),#12043,.T.);
#12090=EDGE_CURVE('',#11749,#11748,#11702,.T.);
#12093=EDGE_CURVE('',#11751,#11753,#11721,.T.);
#12098=ADVANCED_FACE('',(#12097),#12089,.T.);
#12117=ADVANCED_FACE('',(#12116),#12110,.T.);
#12134=ADVANCED_FACE('',(#12133),#12129,.T.);
#12144=(LENGTH_UNIT()NAMED_UNIT(*)SI_UNIT(.MILLI.,.METRE.));
#12145=(NAMED_UNIT(*)PLANE_ANGLE_UNIT()SI_UNIT($,.RADIAN.));
#12148=(NAMED_UNIT(*)SI_UNIT($,.STERADIAN.)SOLID_ANGLE_UNIT());
#12150=(GEOMETRIC_REPRESENTATION_CONTEXT(3)GLOBAL_UNCERTAINTY_ASSIGNED_CONTEXT((
#12149))GLOBAL_UNIT_ASSIGNED_CONTEXT((#12144,#12147,#12148))REPRESENTATION_CONTEXT('ID3','3'));
#12154=AXIS2_PLACEMENT_3D('',#12151,#12152,#12153);
#12155=ADVANCED_BREP_SHAPE_REPRESENTATION('',(#12154,#12143),#12150);
#12160=PRODUCT_DEFINITION('part definition','',#12159,#12156);
#12161=PRODUCT_DEFINITION_SHAPE('','SHAPE FOR 16011409_7.',#12160);
#12162=SHAPE_ASPECT('','solid data associated with 16011409_7',#12161,.F.);
#12163=PROPERTY_DEFINITION('',
'shape for solid data with which properties are associated',#12162);
#12164=SHAPE_REPRESENTATION('',(#12143),#12150);
#12165=SHAPE_DEFINITION_REPRESENTATION(#12163,#12164);
#12166=(LENGTH_UNIT()NAMED_UNIT(*)SI_UNIT(.MILLI.,.METRE.));
#12170=PROPERTY_DEFINITION('geometric validation property','area of 16011409_7',
#12162);
#12171=REPRESENTATION('surface area',(#12169),#12150);
#12172=PROPERTY_DEFINITION_REPRESENTATION(#12170,#12171);
#12173=(LENGTH_UNIT()NAMED_UNIT(*)SI_UNIT(.MILLI.,.METRE.));
#12177=PROPERTY_DEFINITION('geometric validation property',
'volume of 16011409_7',#12162);
#12178=REPRESENTATION('volume',(#12176),#12150);
#12179=PROPERTY_DEFINITION_REPRESENTATION(#12177,#12178);
#12181=PROPERTY_DEFINITION('geometric validation property',
'centroid of 16011409_7',#12162);
#12182=REPRESENTATION('centroid',(#12180),#12150);
#12183=PROPERTY_DEFINITION_REPRESENTATION(#12181,#12182);
#12184=(LENGTH_UNIT()NAMED_UNIT(*)SI_UNIT(.MILLI.,.METRE.));
#12188=PROPERTY_DEFINITION('geometric validation property','area of 16011409_7',
#12161);
#12189=REPRESENTATION('surface area',(#12187),#12150);
#12190=PROPERTY_DEFINITION_REPRESENTATION(#12188,#12189);
#12191=(LENGTH_UNIT()NAMED_UNIT(*)SI_UNIT(.MILLI.,.METRE.));
#12195=PROPERTY_DEFINITION('geometric validation property',
'volume of 16011409_7',#12161);
#12196=REPRESENTATION('volume',(#12194),#12150);
#12197=PROPERTY_DEFINITION_REPRESENTATION(#12195,#12196);
#12199=PROPERTY_DEFINITION('geometric validation property',
'centroid of 16011409_7',#12161);
#12200=REPRESENTATION('centroid',(#12198),#12150);
#12201=PROPERTY_DEFINITION_REPRESENTATION(#12199,#12200);
#12202=SHAPE_DEFINITION_REPRESENTATION(#12161,#12155);
#12203=PROPERTY_DEFINITION('DESCRIPTION','user defined attribute',#12160);
#12207=REPRESENTATION('',(#12206),#12150);
#12208=PROPERTY_DEFINITION_REPRESENTATION(#12203,#12207);
#12209=PROPERTY_DEFINITION('MODELED_BY','user defined attribute',#12160);
#12213=REPRESENTATION('',(#12212),#12150);
#12214=PROPERTY_DEFINITION_REPRESENTATION(#12209,#12213);
#12215=NEXT_ASSEMBLY_USAGE_OCCURRENCE('294','Next assembly relationship',
'16011409',#12308,#12160,$);
#12216=PRODUCT_DEFINITION_SHAPE('Placement #294',
'Placement of 16011409_7 with respect to 00_ASM_25_ASM',#12215);
#12218=PROPERTY_DEFINITION('geometric validation property',
'centroid of 16011409',#12216);
#12219=REPRESENTATION('centroid',(#12217),#12150);
#12220=PROPERTY_DEFINITION_REPRESENTATION(#12218,#12219);
#12228=NEXT_ASSEMBLY_USAGE_OCCURRENCE('295','Next assembly relationship',
'16011409_7',#12308,#12160,$);
#12229=PRODUCT_DEFINITION_SHAPE('Placement #295',
'Placement of 16011409_7 with respect to 00_ASM_25_ASM',#12228);
#12231=PROPERTY_DEFINITION('geometric validation property',
'centroid of 16011409_7',#12229);
#12232=REPRESENTATION('centroid',(#12230),#12150);
#12233=PROPERTY_DEFINITION_REPRESENTATION(#12231,#12232);
#12241=NEXT_ASSEMBLY_USAGE_OCCURRENCE('296','Next assembly relationship',
'16011409_7',#12308,#12160,$);
#12242=PRODUCT_DEFINITION_SHAPE('Placement #296',
'Placement of 16011409_7 with respect to 00_ASM_25_ASM',#12241);
#12244=PROPERTY_DEFINITION('geometric validation property',
'centroid of 16011409_7',#12242);
#12245=REPRESENTATION('centroid',(#12243),#12150);
#12246=PROPERTY_DEFINITION_REPRESENTATION(#12244,#12245);
#12254=NEXT_ASSEMBLY_USAGE_OCCURRENCE('297','Next assembly relationship',
'16011409_7',#12308,#12160,$);
#12255=PRODUCT_DEFINITION_SHAPE('Placement #297',
'Placement of 16011409_7 with respect to 00_ASM_25_ASM',#12254);
#12257=PROPERTY_DEFINITION('geometric validation property',
'centroid of 16011409_7',#12255);
#12258=REPRESENTATION('centroid',(#12256),#12150);
#12259=PROPERTY_DEFINITION_REPRESENTATION(#12257,#12258);
#12267=NEXT_ASSEMBLY_USAGE_OCCURRENCE('298','Next assembly relationship',
'16011409_7',#12308,#12160,$);
#12268=PRODUCT_DEFINITION_SHAPE('Placement #298',
'Placement of 16011409_7 with respect to 00_ASM_25_ASM',#12267);
#12270=PROPERTY_DEFINITION('geometric validation property',
'centroid of 16011409_7',#12268);
#12271=REPRESENTATION('centroid',(#12269),#12150);
#12272=PROPERTY_DEFINITION_REPRESENTATION(#12270,#12271);
#12280=NEXT_ASSEMBLY_USAGE_OCCURRENCE('299','Next assembly relationship',
'16011409_7',#12308,#12160,$);
#12281=PRODUCT_DEFINITION_SHAPE('Placement #299',
'Placement of 16011409_7 with respect to 00_ASM_25_ASM',#12280);
#12283=PROPERTY_DEFINITION('geometric validation property',
'centroid of 16011409_7',#12281);
#12284=REPRESENTATION('centroid',(#12282),#12150);
#12285=PROPERTY_DEFINITION_REPRESENTATION(#12283,#12284);
#12293=(LENGTH_UNIT()NAMED_UNIT(*)SI_UNIT(.MILLI.,.METRE.));
#12294=(NAMED_UNIT(*)PLANE_ANGLE_UNIT()SI_UNIT($,.RADIAN.));
#12297=(NAMED_UNIT(*)SI_UNIT($,.STERADIAN.)SOLID_ANGLE_UNIT());
#12299=(GEOMETRIC_REPRESENTATION_CONTEXT(3)GLOBAL_UNCERTAINTY_ASSIGNED_CONTEXT((
#12298))GLOBAL_UNIT_ASSIGNED_CONTEXT((#12293,#12296,#12297))REPRESENTATION_CONTEXT('ID4','3'));
#12303=AXIS2_PLACEMENT_3D('',#12300,#12301,#12302);
#12308=PRODUCT_DEFINITION('part definition','',#12307,#12156);
#12309=(LENGTH_UNIT()NAMED_UNIT(*)SI_UNIT(.MILLI.,.METRE.));
#12313=PROPERTY_DEFINITION('geometric validation property',
'area of 00_ASM_25_ASM',#1935);
#12314=REPRESENTATION('surface area',(#12312),#12299);
#12315=PROPERTY_DEFINITION_REPRESENTATION(#12313,#12314);
#12316=(LENGTH_UNIT()NAMED_UNIT(*)SI_UNIT(.MILLI.,.METRE.));
#12320=PROPERTY_DEFINITION('geometric validation property',
'volume of 00_ASM_25_ASM',#1935);
#12321=REPRESENTATION('volume',(#12319),#12299);
#12322=PROPERTY_DEFINITION_REPRESENTATION(#12320,#12321);
#12324=PROPERTY_DEFINITION('geometric validation property',
'centroid of 00_ASM_25_ASM',#1935);
#12325=REPRESENTATION('centroid',(#12323),#12299);
#12326=PROPERTY_DEFINITION_REPRESENTATION(#12324,#12325);
#12328=PROPERTY_DEFINITION('DESCRIPTION','user defined attribute',#12308);
#12332=REPRESENTATION('',(#12331),#12299);
#12333=PROPERTY_DEFINITION_REPRESENTATION(#12328,#12332);
#12334=PROPERTY_DEFINITION('MODELED_BY','user defined attribute',#12308);
#12338=REPRESENTATION('',(#12337),#12299);
#12339=PROPERTY_DEFINITION_REPRESENTATION(#12334,#12338);
ENDSEC;
END-ISO-10303-21;
