ISO-10303-21;
HEADER;
FILE_DESCRIPTION((''),'2;1');
FILE_NAME('URB_LD-30WR3_ASM','2016-05-10T',('eng706'),(''),
'PRO/ENGINEER BY PARAMETRIC TECHNOLOGY CORPORATION, 2014000',
'PRO/ENGINEER BY PARAMETRIC TECHNOLOGY CORPORATION, 2014000','');
FILE_SCHEMA(('AUTOMOTIVE_DESIGN { 1 0 10303 214 1 1 1 1 }'));
ENDSEC;
DATA;
#50=DIRECTION('',(1.104315260772E-1,9.938837346734E-1,-4.943181909294E-11));
#51=VECTOR('',#50,9.055385138039E-1);
#52=CARTESIAN_POINT('',(2.2235E1,1.06E1,-1.015999999988E1));
#53=LINE('',#52,#51);
#54=CARTESIAN_POINT('',(2.286E1,1.149999999999E1,-1.016E1));
#55=DIRECTION('',(0.E0,-1.E0,0.E0));
#56=DIRECTION('',(-1.E0,0.E0,0.E0));
#57=AXIS2_PLACEMENT_3D('',#54,#55,#56);
#59=CARTESIAN_POINT('',(2.286E1,1.149999999999E1,-1.016E1));
#60=DIRECTION('',(0.E0,-1.E0,0.E0));
#61=DIRECTION('',(0.E0,0.E0,-1.E0));
#62=AXIS2_PLACEMENT_3D('',#59,#60,#61);
#64=DIRECTION('',(1.104315260772E-1,-9.938837346734E-1,6.298295232418E-11));
#65=VECTOR('',#64,9.055385138039E-1);
#66=CARTESIAN_POINT('',(2.3385E1,1.149999999999E1,-1.016000000029E1));
#67=LINE('',#66,#65);
#68=DIRECTION('',(-1.356490677360E-13,3.552713678801E-14,1.E0));
#69=VECTOR('',#68,5.5E-1);
#70=CARTESIAN_POINT('',(1.72E1,1.06E1,1.1E1));
#71=LINE('',#70,#69);
#72=DIRECTION('',(1.E0,0.E0,0.E0));
#73=VECTOR('',#72,7.05E0);
#74=CARTESIAN_POINT('',(1.72E1,1.06E1,1.155E1));
#75=LINE('',#74,#73);
#76=DIRECTION('',(0.E0,0.E0,-1.E0));
#77=VECTOR('',#76,2.31E1);
#78=CARTESIAN_POINT('',(2.425E1,1.06E1,1.155E1));
#79=LINE('',#78,#77);
#80=DIRECTION('',(-1.E0,0.E0,0.E0));
#81=VECTOR('',#80,7.05E0);
#82=CARTESIAN_POINT('',(2.425E1,1.06E1,-1.155E1));
#83=LINE('',#82,#81);
#84=DIRECTION('',(1.291895883200E-13,-3.875687649601E-14,1.E0));
#85=VECTOR('',#84,5.5E-1);
#86=CARTESIAN_POINT('',(1.72E1,1.06E1,-1.155E1));
#87=LINE('',#86,#85);
#88=CARTESIAN_POINT('',(2.286E1,1.06E1,-1.016E1));
#89=DIRECTION('',(0.E0,1.E0,0.E0));
#90=DIRECTION('',(-1.E0,0.E0,0.E0));
#91=AXIS2_PLACEMENT_3D('',#88,#89,#90);
#93=CARTESIAN_POINT('',(2.286E1,1.06E1,-1.398840616139E-13));
#94=DIRECTION('',(0.E0,1.E0,0.E0));
#95=DIRECTION('',(7.777777777778E-2,0.E0,-9.969707203745E-1));
#96=AXIS2_PLACEMENT_3D('',#93,#94,#95);
#98=CARTESIAN_POINT('',(2.286E1,1.06E1,-1.398840616139E-13));
#99=DIRECTION('',(0.E0,1.E0,0.E0));
#100=DIRECTION('',(-1.E0,0.E0,0.E0));
#101=AXIS2_PLACEMENT_3D('',#98,#99,#100);
#103=CARTESIAN_POINT('',(2.286E1,1.06E1,1.016E1));
#104=DIRECTION('',(0.E0,1.E0,0.E0));
#105=DIRECTION('',(7.777777777778E-2,0.E0,-9.969707203745E-1));
#106=AXIS2_PLACEMENT_3D('',#103,#104,#105);
#108=CARTESIAN_POINT('',(2.286E1,1.06E1,0.E0));
#109=DIRECTION('',(0.E0,-1.E0,0.E0));
#110=DIRECTION('',(1.E0,0.E0,0.E0));
#111=AXIS2_PLACEMENT_3D('',#108,#109,#110);
#113=CARTESIAN_POINT('',(2.286E1,1.06E1,0.E0));
#114=DIRECTION('',(0.E0,-1.E0,0.E0));
#115=DIRECTION('',(0.E0,0.E0,1.E0));
#116=AXIS2_PLACEMENT_3D('',#113,#114,#115);
#118=CARTESIAN_POINT('',(2.286E1,1.06E1,0.E0));
#119=DIRECTION('',(0.E0,-1.E0,0.E0));
#120=DIRECTION('',(-1.E0,0.E0,0.E0));
#121=AXIS2_PLACEMENT_3D('',#118,#119,#120);
#123=CARTESIAN_POINT('',(2.286E1,1.06E1,0.E0));
#124=DIRECTION('',(0.E0,-1.E0,0.E0));
#125=DIRECTION('',(0.E0,0.E0,-1.E0));
#126=AXIS2_PLACEMENT_3D('',#123,#124,#125);
#128=CARTESIAN_POINT('',(2.286E1,1.06E1,-1.016E1));
#129=DIRECTION('',(0.E0,-1.E0,0.E0));
#130=DIRECTION('',(1.E0,0.E0,0.E0));
#131=AXIS2_PLACEMENT_3D('',#128,#129,#130);
#133=CARTESIAN_POINT('',(2.286E1,1.06E1,-1.016E1));
#134=DIRECTION('',(0.E0,-1.E0,0.E0));
#135=DIRECTION('',(0.E0,0.E0,1.E0));
#136=AXIS2_PLACEMENT_3D('',#133,#134,#135);
#138=CARTESIAN_POINT('',(2.286E1,1.06E1,-1.016E1));
#139=DIRECTION('',(0.E0,-1.E0,0.E0));
#140=DIRECTION('',(-1.E0,0.E0,0.E0));
#141=AXIS2_PLACEMENT_3D('',#138,#139,#140);
#143=CARTESIAN_POINT('',(2.286E1,1.06E1,-1.016E1));
#144=DIRECTION('',(0.E0,-1.E0,0.E0));
#145=DIRECTION('',(0.E0,0.E0,-1.E0));
#146=AXIS2_PLACEMENT_3D('',#143,#144,#145);
#148=CARTESIAN_POINT('',(2.286E1,1.06E1,1.016E1));
#149=DIRECTION('',(0.E0,-1.E0,0.E0));
#150=DIRECTION('',(1.E0,0.E0,0.E0));
#151=AXIS2_PLACEMENT_3D('',#148,#149,#150);
#153=CARTESIAN_POINT('',(2.286E1,1.06E1,1.016E1));
#154=DIRECTION('',(0.E0,-1.E0,0.E0));
#155=DIRECTION('',(0.E0,0.E0,1.E0));
#156=AXIS2_PLACEMENT_3D('',#153,#154,#155);
#158=CARTESIAN_POINT('',(2.286E1,1.06E1,1.016E1));
#159=DIRECTION('',(0.E0,-1.E0,0.E0));
#160=DIRECTION('',(-1.E0,0.E0,0.E0));
#161=AXIS2_PLACEMENT_3D('',#158,#159,#160);
#163=CARTESIAN_POINT('',(2.286E1,1.06E1,1.016E1));
#164=DIRECTION('',(0.E0,-1.E0,0.E0));
#165=DIRECTION('',(0.E0,0.E0,-1.E0));
#166=AXIS2_PLACEMENT_3D('',#163,#164,#165);
#168=DIRECTION('',(1.E0,0.E0,0.E0));
#169=VECTOR('',#168,3.86E0);
#170=CARTESIAN_POINT('',(1.72E1,1.06E1,1.1E1));
#171=LINE('',#170,#169);
#172=DIRECTION('',(-1.E0,0.E0,0.E0));
#173=VECTOR('',#172,9.1E0);
#174=CARTESIAN_POINT('',(2.106E1,1.075E1,1.1E1));
#175=LINE('',#174,#173);
#176=DIRECTION('',(2.605323364456E-13,-1.E0,0.E0));
#177=VECTOR('',#176,1.499999999999E-1);
#178=CARTESIAN_POINT('',(1.65E1,1.06E1,1.1E1));
#179=LINE('',#178,#177);
#180=DIRECTION('',(2.605323364456E-13,1.E0,0.E0));
#181=VECTOR('',#180,1.499999999999E-1);
#182=CARTESIAN_POINT('',(1.72E1,1.045E1,1.1E1));
#183=LINE('',#182,#181);
#184=DIRECTION('',(0.E0,7.612957883144E-14,-1.E0));
#185=VECTOR('',#184,8.4E-1);
#186=CARTESIAN_POINT('',(2.106E1,1.06E1,1.1E1));
#187=LINE('',#186,#185);
#188=DIRECTION('',(0.E0,0.E0,1.E0));
#189=VECTOR('',#188,8.4E-1);
#190=CARTESIAN_POINT('',(2.106E1,1.075E1,1.016E1));
#191=LINE('',#190,#189);
#192=DIRECTION('',(0.E0,-1.E0,0.E0));
#193=VECTOR('',#192,1.5E-1);
#194=CARTESIAN_POINT('',(2.106E1,1.075E1,1.1E1));
#195=LINE('',#194,#193);
#196=DIRECTION('',(0.E0,1.E0,0.E0));
#197=VECTOR('',#196,1.5E-1);
#198=CARTESIAN_POINT('',(2.3E1,1.06E1,8.365452703326E0));
#199=LINE('',#198,#197);
#200=DIRECTION('',(0.E0,-1.E0,0.E0));
#201=VECTOR('',#200,1.499999999999E-1);
#202=CARTESIAN_POINT('',(2.106E1,1.075E1,1.016E1));
#203=LINE('',#202,#201);
#204=DIRECTION('',(0.E0,0.E0,-1.E0));
#205=VECTOR('',#204,6.570905406652E0);
#206=CARTESIAN_POINT('',(2.3E1,1.06E1,8.365452703326E0));
#207=LINE('',#206,#205);
#208=DIRECTION('',(0.E0,0.E0,1.E0));
#209=VECTOR('',#208,6.570905406652E0);
#210=CARTESIAN_POINT('',(2.3E1,1.075E1,1.794547296674E0));
#211=LINE('',#210,#209);
#212=DIRECTION('',(0.E0,1.E0,3.848773152034E-14));
#213=VECTOR('',#212,1.5E-1);
#214=CARTESIAN_POINT('',(2.3E1,1.06E1,-1.794547296674E0));
#215=LINE('',#214,#213);
#216=DIRECTION('',(0.E0,-1.E0,0.E0));
#217=VECTOR('',#216,1.5E-1);
#218=CARTESIAN_POINT('',(2.3E1,1.075E1,1.794547296674E0));
#219=LINE('',#218,#217);
#220=DIRECTION('',(0.E0,0.E0,-1.E0));
#221=VECTOR('',#220,6.570905406652E0);
#222=CARTESIAN_POINT('',(2.3E1,1.06E1,-1.794547296674E0));
#223=LINE('',#222,#221);
#224=DIRECTION('',(0.E0,0.E0,1.E0));
#225=VECTOR('',#224,6.570905406652E0);
#226=CARTESIAN_POINT('',(2.3E1,1.075E1,-8.365452703326E0));
#227=LINE('',#226,#225);
#228=DIRECTION('',(0.E0,1.E0,0.E0));
#229=VECTOR('',#228,1.499999999999E-1);
#230=CARTESIAN_POINT('',(2.106E1,1.06E1,-1.016E1));
#231=LINE('',#230,#229);
#232=DIRECTION('',(0.E0,-1.E0,3.552713678800E-14));
#233=VECTOR('',#232,1.5E-1);
#234=CARTESIAN_POINT('',(2.3E1,1.075E1,-8.365452703326E0));
#235=LINE('',#234,#233);
#236=DIRECTION('',(0.E0,-7.401486830835E-14,-1.E0));
#237=VECTOR('',#236,8.4E-1);
#238=CARTESIAN_POINT('',(2.106E1,1.06E1,-1.016E1));
#239=LINE('',#238,#237);
#240=DIRECTION('',(0.E0,0.E0,1.E0));
#241=VECTOR('',#240,8.4E-1);
#242=CARTESIAN_POINT('',(2.106E1,1.075E1,-1.1E1));
#243=LINE('',#242,#241);
#244=DIRECTION('',(1.E0,0.E0,0.E0));
#245=VECTOR('',#244,9.1E0);
#246=CARTESIAN_POINT('',(1.196E1,1.075E1,-1.1E1));
#247=LINE('',#246,#245);
#248=DIRECTION('',(0.E0,-1.E0,0.E0));
#249=VECTOR('',#248,1.5E-1);
#250=CARTESIAN_POINT('',(2.106E1,1.075E1,-1.1E1));
#251=LINE('',#250,#249);
#252=DIRECTION('',(-1.E0,0.E0,-2.346999969156E-14));
#253=VECTOR('',#252,3.86E0);
#254=CARTESIAN_POINT('',(2.106E1,1.06E1,-1.1E1));
#255=LINE('',#254,#253);
#256=DIRECTION('',(2.131628207282E-13,-1.E0,0.E0));
#257=VECTOR('',#256,1.499999999999E-1);
#258=CARTESIAN_POINT('',(1.72E1,1.06E1,-1.1E1));
#259=LINE('',#258,#257);
#260=DIRECTION('',(-2.368475785869E-13,1.E0,0.E0));
#261=VECTOR('',#260,1.499999999999E-1);
#262=CARTESIAN_POINT('',(1.65E1,1.045E1,-1.1E1));
#263=LINE('',#262,#261);
#264=DIRECTION('',(0.E0,-3.229739708001E-14,1.E0));
#265=VECTOR('',#264,5.499999999999E-1);
#266=CARTESIAN_POINT('',(9.8E0,1.06E1,-1.155E1));
#267=LINE('',#266,#265);
#268=CARTESIAN_POINT('',(1.016E1,1.06E1,-1.016E1));
#269=DIRECTION('',(0.E0,1.E0,0.E0));
#270=DIRECTION('',(-1.E0,0.E0,0.E0));
#271=AXIS2_PLACEMENT_3D('',#268,#269,#270);
#273=DIRECTION('',(1.E0,0.E0,0.E0));
#274=VECTOR('',#273,4.54E0);
#275=CARTESIAN_POINT('',(1.196E1,1.06E1,-1.1E1));
#276=LINE('',#275,#274);
#277=DIRECTION('',(1.356490677360E-13,-2.034736016040E-13,-1.E0));
#278=VECTOR('',#277,5.5E-1);
#279=CARTESIAN_POINT('',(1.65E1,1.06E1,-1.1E1));
#280=LINE('',#279,#278);
#281=DIRECTION('',(-1.E0,1.882407993991E-14,0.E0));
#282=VECTOR('',#281,6.7E0);
#283=CARTESIAN_POINT('',(1.65E1,1.06E1,-1.155E1));
#284=LINE('',#283,#282);
#285=CARTESIAN_POINT('',(1.016E1,1.06E1,-1.016E1));
#286=DIRECTION('',(0.E0,-1.E0,0.E0));
#287=DIRECTION('',(1.E0,0.E0,0.E0));
#288=AXIS2_PLACEMENT_3D('',#285,#286,#287);
#290=CARTESIAN_POINT('',(1.016E1,1.06E1,-1.016E1));
#291=DIRECTION('',(0.E0,-1.E0,0.E0));
#292=DIRECTION('',(0.E0,0.E0,1.E0));
#293=AXIS2_PLACEMENT_3D('',#290,#291,#292);
#295=CARTESIAN_POINT('',(1.016E1,1.06E1,-1.016E1));
#296=DIRECTION('',(0.E0,-1.E0,0.E0));
#297=DIRECTION('',(-1.E0,0.E0,0.E0));
#298=AXIS2_PLACEMENT_3D('',#295,#296,#297);
#300=CARTESIAN_POINT('',(1.016E1,1.06E1,-1.016E1));
#301=DIRECTION('',(0.E0,-1.E0,0.E0));
#302=DIRECTION('',(0.E0,0.E0,-1.E0));
#303=AXIS2_PLACEMENT_3D('',#300,#301,#302);
#305=DIRECTION('',(1.E0,2.945012654795E-14,0.E0));
#306=VECTOR('',#305,3.8E0);
#307=CARTESIAN_POINT('',(6.E0,9.4E0,-1.155E1));
#308=LINE('',#307,#306);
#309=DIRECTION('',(0.E0,1.E0,0.E0));
#310=VECTOR('',#309,1.2E0);
#311=CARTESIAN_POINT('',(9.8E0,9.4E0,-1.155E1));
#312=LINE('',#311,#310);
#313=DIRECTION('',(1.776356839400E-14,-1.E0,0.E0));
#314=VECTOR('',#313,2.E0);
#315=CARTESIAN_POINT('',(1.65E1,1.06E1,-1.155E1));
#316=LINE('',#315,#314);
#317=DIRECTION('',(1.E0,8.374253671460E-14,-5.329070518202E-14));
#318=VECTOR('',#317,6.999999999999E-1);
#319=CARTESIAN_POINT('',(1.65E1,8.6E0,-1.155E1));
#320=LINE('',#319,#318);
#321=DIRECTION('',(1.953992523340E-14,1.E0,0.E0));
#322=VECTOR('',#321,2.E0);
#323=CARTESIAN_POINT('',(1.72E1,8.6E0,-1.155E1));
#324=LINE('',#323,#322);
#325=DIRECTION('',(0.E0,-1.E0,0.E0));
#326=VECTOR('',#325,1.200000000001E0);
#327=CARTESIAN_POINT('',(2.425E1,1.06E1,-1.155E1));
#328=LINE('',#327,#326);
#329=DIRECTION('',(1.953992523340E-14,-1.E0,0.E0));
#330=VECTOR('',#329,2.E0);
#331=CARTESIAN_POINT('',(-1.72E1,1.06E1,-1.155E1));
#332=LINE('',#331,#330);
#333=DIRECTION('',(1.E0,8.374253671460E-14,5.329070518202E-14));
#334=VECTOR('',#333,6.999999999999E-1);
#335=CARTESIAN_POINT('',(-1.72E1,8.6E0,-1.155E1));
#336=LINE('',#335,#334);
#337=DIRECTION('',(1.776356839400E-14,1.E0,0.E0));
#338=VECTOR('',#337,2.E0);
#339=CARTESIAN_POINT('',(-1.65E1,8.6E0,-1.155E1));
#340=LINE('',#339,#338);
#341=DIRECTION('',(0.E0,-1.E0,0.E0));
#342=VECTOR('',#341,1.2E0);
#343=CARTESIAN_POINT('',(-9.8E0,1.06E1,-1.155E1));
#344=LINE('',#343,#342);
#345=DIRECTION('',(1.E0,0.E0,0.E0));
#346=VECTOR('',#345,3.8E0);
#347=CARTESIAN_POINT('',(-9.8E0,9.4E0,-1.155E1));
#348=LINE('',#347,#346);
#349=DIRECTION('',(0.E0,1.E0,0.E0));
#350=VECTOR('',#349,1.2E0);
#351=CARTESIAN_POINT('',(-6.E0,9.4E0,-1.155E1));
#352=LINE('',#351,#350);
#353=DIRECTION('',(0.E0,-1.E0,0.E0));
#354=VECTOR('',#353,1.2E0);
#355=CARTESIAN_POINT('',(6.E0,1.06E1,-1.155E1));
#356=LINE('',#355,#354);
#357=CARTESIAN_POINT('',(-1.8E1,9.6E0,-1.155E1));
#358=DIRECTION('',(0.E0,0.E0,1.E0));
#359=DIRECTION('',(-1.E0,-4.947153797730E-12,0.E0));
#360=AXIS2_PLACEMENT_3D('',#357,#358,#359);
#362=CARTESIAN_POINT('',(-1.8E1,9.6E0,-1.155E1));
#363=DIRECTION('',(0.E0,0.E0,1.E0));
#364=DIRECTION('',(1.E0,-4.947153797730E-12,0.E0));
#365=AXIS2_PLACEMENT_3D('',#362,#363,#364);
#367=CARTESIAN_POINT('',(0.E0,9.6E0,-1.155E1));
#368=DIRECTION('',(0.E0,0.E0,1.E0));
#369=DIRECTION('',(-1.E0,-4.947153797730E-12,0.E0));
#370=AXIS2_PLACEMENT_3D('',#367,#368,#369);
#372=CARTESIAN_POINT('',(0.E0,9.6E0,-1.155E1));
#373=DIRECTION('',(0.E0,0.E0,1.E0));
#374=DIRECTION('',(1.E0,-4.947153797730E-12,0.E0));
#375=AXIS2_PLACEMENT_3D('',#372,#373,#374);
#377=CARTESIAN_POINT('',(1.8E1,9.6E0,-1.155E1));
#378=DIRECTION('',(0.E0,0.E0,1.E0));
#379=DIRECTION('',(-1.E0,-4.947153797730E-12,0.E0));
#380=AXIS2_PLACEMENT_3D('',#377,#378,#379);
#382=CARTESIAN_POINT('',(1.8E1,9.6E0,-1.155E1));
#383=DIRECTION('',(0.E0,0.E0,1.E0));
#384=DIRECTION('',(1.E0,-4.947153797730E-12,0.E0));
#385=AXIS2_PLACEMENT_3D('',#382,#383,#384);
#387=DIRECTION('',(0.E0,4.844609562001E-14,1.E0));
#388=VECTOR('',#387,5.5E-1);
#389=CARTESIAN_POINT('',(6.E0,9.4E0,-1.155E1));
#390=LINE('',#389,#388);
#391=DIRECTION('',(0.E0,-4.521635591201E-14,-1.E0));
#392=VECTOR('',#391,5.499999999999E-1);
#393=CARTESIAN_POINT('',(9.8E0,9.4E0,-1.1E1));
#394=LINE('',#393,#392);
#395=DIRECTION('',(0.E0,0.E0,-1.E0));
#396=VECTOR('',#395,5.5E-1);
#397=CARTESIAN_POINT('',(6.E0,1.06E1,-1.1E1));
#398=LINE('',#397,#396);
#399=DIRECTION('',(-1.E0,0.E0,0.E0));
#400=VECTOR('',#399,1.2E1);
#401=CARTESIAN_POINT('',(6.E0,1.06E1,-1.155E1));
#402=LINE('',#401,#400);
#403=DIRECTION('',(0.E0,0.E0,1.E0));
#404=VECTOR('',#403,5.5E-1);
#405=CARTESIAN_POINT('',(-6.E0,1.06E1,-1.155E1));
#406=LINE('',#405,#404);
#407=DIRECTION('',(0.E0,6.039613253961E-13,1.E0));
#408=VECTOR('',#407,5.5E-1);
#409=CARTESIAN_POINT('',(-6.E0,9.4E0,-1.155E1));
#410=LINE('',#409,#408);
#411=DIRECTION('',(0.E0,6.039613253961E-13,1.E0));
#412=VECTOR('',#411,5.5E-1);
#413=CARTESIAN_POINT('',(-9.8E0,9.4E0,-1.155E1));
#414=LINE('',#413,#412);
#415=DIRECTION('',(0.E0,0.E0,-1.E0));
#416=VECTOR('',#415,5.5E-1);
#417=CARTESIAN_POINT('',(-9.8E0,1.06E1,-1.1E1));
#418=LINE('',#417,#416);
#419=DIRECTION('',(-1.E0,0.E0,0.E0));
#420=VECTOR('',#419,6.7E0);
#421=CARTESIAN_POINT('',(-9.8E0,1.06E1,-1.155E1));
#422=LINE('',#421,#420);
#423=DIRECTION('',(1.356490677360E-13,0.E0,1.E0));
#424=VECTOR('',#423,5.5E-1);
#425=CARTESIAN_POINT('',(-1.65E1,1.06E1,-1.155E1));
#426=LINE('',#425,#424);
#427=DIRECTION('',(6.358113888939E-14,9.544799780355E-1,2.982749931346E-1));
#428=VECTOR('',#427,1.676305461427E0);
#429=CARTESIAN_POINT('',(-1.65E1,8.6E0,-1.115E1));
#430=LINE('',#429,#428);
#431=DIRECTION('',(-4.263256414615E-13,1.E0,2.742694960069E-12));
#432=VECTOR('',#431,2.499999999968E-1);
#433=CARTESIAN_POINT('',(-1.65E1,1.02E1,-1.065E1));
#434=LINE('',#433,#432);
#435=DIRECTION('',(2.753353101065E-13,-1.998401444321E-13,1.E0));
#436=VECTOR('',#435,4.000000000008E-1);
#437=CARTESIAN_POINT('',(-1.65E1,8.6E0,-1.155E1));
#438=LINE('',#437,#436);
#439=DIRECTION('',(1.E0,2.588405680268E-12,-3.578090205076E-13));
#440=VECTOR('',#439,7.000000000003E-1);
#441=CARTESIAN_POINT('',(-1.72E1,1.02E1,-1.065E1));
#442=LINE('',#441,#440);
#443=DIRECTION('',(-1.E0,-8.628018934229E-14,1.141943682471E-12));
#444=VECTOR('',#443,7.000000000001E-1);
#445=CARTESIAN_POINT('',(-1.65E1,8.6E0,-1.115E1));
#446=LINE('',#445,#444);
#447=DIRECTION('',(6.570051018578E-14,-9.544799780355E-1,-2.982749931346E-1));
#448=VECTOR('',#447,1.676305461425E0);
#449=CARTESIAN_POINT('',(-1.72E1,1.02E1,-1.065E1));
#450=LINE('',#449,#448);
#451=DIRECTION('',(2.753353101059E-13,2.042810365302E-13,-1.E0));
#452=VECTOR('',#451,4.000000000016E-1);
#453=CARTESIAN_POINT('',(-1.72E1,8.6E0,-1.115E1));
#454=LINE('',#453,#452);
#455=DIRECTION('',(-4.405364961736E-13,-1.E0,-2.735589532691E-12));
#456=VECTOR('',#455,2.499999999986E-1);
#457=CARTESIAN_POINT('',(-1.72E1,1.045E1,-1.065E1));
#458=LINE('',#457,#456);
#459=CARTESIAN_POINT('',(-2.286E1,1.06E1,7.62E0));
#460=DIRECTION('',(0.E0,1.E0,0.E0));
#461=DIRECTION('',(-7.777777777778E-2,0.E0,9.969707203745E-1));
#462=AXIS2_PLACEMENT_3D('',#459,#460,#461);
#464=CARTESIAN_POINT('',(-2.286E1,1.06E1,7.62E0));
#465=DIRECTION('',(0.E0,1.E0,0.E0));
#466=DIRECTION('',(1.E0,0.E0,0.E0));
#467=AXIS2_PLACEMENT_3D('',#464,#465,#466);
#469=CARTESIAN_POINT('',(-2.286E1,1.06E1,-2.54E0));
#470=DIRECTION('',(0.E0,1.E0,0.E0));
#471=DIRECTION('',(-7.777777777778E-2,0.E0,9.969707203745E-1));
#472=AXIS2_PLACEMENT_3D('',#469,#470,#471);
#474=CARTESIAN_POINT('',(-2.286E1,1.06E1,-2.54E0));
#475=DIRECTION('',(0.E0,1.E0,0.E0));
#476=DIRECTION('',(1.E0,0.E0,0.E0));
#477=AXIS2_PLACEMENT_3D('',#474,#475,#476);
#479=CARTESIAN_POINT('',(-2.286E1,1.06E1,-7.62E0));
#480=DIRECTION('',(0.E0,1.E0,0.E0));
#481=DIRECTION('',(-7.777777777778E-2,0.E0,9.969707203745E-1));
#482=AXIS2_PLACEMENT_3D('',#479,#480,#481);
#484=CARTESIAN_POINT('',(-2.286E1,1.06E1,-7.62E0));
#485=DIRECTION('',(0.E0,1.E0,0.E0));
#486=DIRECTION('',(1.E0,0.E0,0.E0));
#487=AXIS2_PLACEMENT_3D('',#484,#485,#486);
#489=DIRECTION('',(1.356490677360E-13,1.162706294880E-13,-1.E0));
#490=VECTOR('',#489,5.5E-1);
#491=CARTESIAN_POINT('',(-1.72E1,1.06E1,-1.1E1));
#492=LINE('',#491,#490);
#493=DIRECTION('',(-1.E0,0.E0,0.E0));
#494=VECTOR('',#493,7.05E0);
#495=CARTESIAN_POINT('',(-1.72E1,1.06E1,-1.155E1));
#496=LINE('',#495,#494);
#497=DIRECTION('',(0.E0,0.E0,1.E0));
#498=VECTOR('',#497,2.31E1);
#499=CARTESIAN_POINT('',(-2.425E1,1.06E1,-1.155E1));
#500=LINE('',#499,#498);
#501=DIRECTION('',(1.E0,0.E0,0.E0));
#502=VECTOR('',#501,7.05E0);
#503=CARTESIAN_POINT('',(-2.425E1,1.06E1,1.155E1));
#504=LINE('',#503,#502);
#505=DIRECTION('',(-1.227301089040E-13,-3.875687649601E-14,-1.E0));
#506=VECTOR('',#505,5.5E-1);
#507=CARTESIAN_POINT('',(-1.72E1,1.06E1,1.155E1));
#508=LINE('',#507,#506);
#509=CARTESIAN_POINT('',(-2.286E1,1.06E1,-2.54E0));
#510=DIRECTION('',(0.E0,-1.E0,0.E0));
#511=DIRECTION('',(1.E0,0.E0,0.E0));
#512=AXIS2_PLACEMENT_3D('',#509,#510,#511);
#514=CARTESIAN_POINT('',(-2.286E1,1.06E1,-2.54E0));
#515=DIRECTION('',(0.E0,-1.E0,0.E0));
#516=DIRECTION('',(0.E0,0.E0,1.E0));
#517=AXIS2_PLACEMENT_3D('',#514,#515,#516);
#519=CARTESIAN_POINT('',(-2.286E1,1.06E1,-2.54E0));
#520=DIRECTION('',(0.E0,-1.E0,0.E0));
#521=DIRECTION('',(-1.E0,0.E0,0.E0));
#522=AXIS2_PLACEMENT_3D('',#519,#520,#521);
#524=CARTESIAN_POINT('',(-2.286E1,1.06E1,-2.54E0));
#525=DIRECTION('',(0.E0,-1.E0,0.E0));
#526=DIRECTION('',(0.E0,0.E0,-1.E0));
#527=AXIS2_PLACEMENT_3D('',#524,#525,#526);
#529=CARTESIAN_POINT('',(-2.286E1,1.06E1,-7.62E0));
#530=DIRECTION('',(0.E0,-1.E0,0.E0));
#531=DIRECTION('',(1.E0,0.E0,0.E0));
#532=AXIS2_PLACEMENT_3D('',#529,#530,#531);
#534=CARTESIAN_POINT('',(-2.286E1,1.06E1,-7.62E0));
#535=DIRECTION('',(0.E0,-1.E0,0.E0));
#536=DIRECTION('',(0.E0,0.E0,1.E0));
#537=AXIS2_PLACEMENT_3D('',#534,#535,#536);
#539=CARTESIAN_POINT('',(-2.286E1,1.06E1,-7.62E0));
#540=DIRECTION('',(0.E0,-1.E0,0.E0));
#541=DIRECTION('',(-1.E0,0.E0,0.E0));
#542=AXIS2_PLACEMENT_3D('',#539,#540,#541);
#544=CARTESIAN_POINT('',(-2.286E1,1.06E1,-7.62E0));
#545=DIRECTION('',(0.E0,-1.E0,0.E0));
#546=DIRECTION('',(0.E0,0.E0,-1.E0));
#547=AXIS2_PLACEMENT_3D('',#544,#545,#546);
#549=CARTESIAN_POINT('',(-2.286E1,1.06E1,7.62E0));
#550=DIRECTION('',(0.E0,-1.E0,0.E0));
#551=DIRECTION('',(1.E0,0.E0,0.E0));
#552=AXIS2_PLACEMENT_3D('',#549,#550,#551);
#554=CARTESIAN_POINT('',(-2.286E1,1.06E1,7.62E0));
#555=DIRECTION('',(0.E0,-1.E0,0.E0));
#556=DIRECTION('',(0.E0,0.E0,1.E0));
#557=AXIS2_PLACEMENT_3D('',#554,#555,#556);
#559=CARTESIAN_POINT('',(-2.286E1,1.06E1,7.62E0));
#560=DIRECTION('',(0.E0,-1.E0,0.E0));
#561=DIRECTION('',(-1.E0,0.E0,0.E0));
#562=AXIS2_PLACEMENT_3D('',#559,#560,#561);
#564=CARTESIAN_POINT('',(-2.286E1,1.06E1,7.62E0));
#565=DIRECTION('',(0.E0,-1.E0,0.E0));
#566=DIRECTION('',(0.E0,0.E0,-1.E0));
#567=AXIS2_PLACEMENT_3D('',#564,#565,#566);
#569=DIRECTION('',(-1.E0,0.E0,0.E0));
#570=VECTOR('',#569,1.104E1);
#571=CARTESIAN_POINT('',(-1.196E1,1.075E1,1.1E1));
#572=LINE('',#571,#570);
#573=DIRECTION('',(1.E0,0.E0,0.E0));
#574=VECTOR('',#573,5.8E0);
#575=CARTESIAN_POINT('',(-2.3E1,1.06E1,1.1E1));
#576=LINE('',#575,#574);
#577=DIRECTION('',(-2.131628207282E-13,-1.E0,0.E0));
#578=VECTOR('',#577,1.499999999999E-1);
#579=CARTESIAN_POINT('',(-1.72E1,1.06E1,1.1E1));
#580=LINE('',#579,#578);
#581=DIRECTION('',(2.368475785869E-13,1.E0,0.E0));
#582=VECTOR('',#581,1.499999999999E-1);
#583=CARTESIAN_POINT('',(-1.65E1,1.045E1,1.1E1));
#584=LINE('',#583,#582);
#585=DIRECTION('',(0.E0,-3.229739708001E-14,-1.E0));
#586=VECTOR('',#585,5.499999999999E-1);
#587=CARTESIAN_POINT('',(-9.8E0,1.06E1,1.155E1));
#588=LINE('',#587,#586);
#589=CARTESIAN_POINT('',(-1.016E1,1.06E1,1.016E1));
#590=DIRECTION('',(0.E0,1.E0,0.E0));
#591=DIRECTION('',(1.E0,0.E0,0.E0));
#592=AXIS2_PLACEMENT_3D('',#589,#590,#591);
#594=DIRECTION('',(-1.E0,0.E0,0.E0));
#595=VECTOR('',#594,4.54E0);
#596=CARTESIAN_POINT('',(-1.196E1,1.06E1,1.1E1));
#597=LINE('',#596,#595);
#598=DIRECTION('',(-1.356490677360E-13,-1.970141221880E-13,1.E0));
#599=VECTOR('',#598,5.5E-1);
#600=CARTESIAN_POINT('',(-1.65E1,1.06E1,1.1E1));
#601=LINE('',#600,#599);
#602=DIRECTION('',(1.E0,1.882407993991E-14,0.E0));
#603=VECTOR('',#602,6.7E0);
#604=CARTESIAN_POINT('',(-1.65E1,1.06E1,1.155E1));
#605=LINE('',#604,#603);
#606=CARTESIAN_POINT('',(-1.016E1,1.06E1,1.016E1));
#607=DIRECTION('',(0.E0,-1.E0,0.E0));
#608=DIRECTION('',(1.E0,0.E0,0.E0));
#609=AXIS2_PLACEMENT_3D('',#606,#607,#608);
#611=CARTESIAN_POINT('',(-1.016E1,1.06E1,1.016E1));
#612=DIRECTION('',(0.E0,-1.E0,0.E0));
#613=DIRECTION('',(0.E0,0.E0,1.E0));
#614=AXIS2_PLACEMENT_3D('',#611,#612,#613);
#616=CARTESIAN_POINT('',(-1.016E1,1.06E1,1.016E1));
#617=DIRECTION('',(0.E0,-1.E0,0.E0));
#618=DIRECTION('',(-1.E0,0.E0,0.E0));
#619=AXIS2_PLACEMENT_3D('',#616,#617,#618);
#621=CARTESIAN_POINT('',(-1.016E1,1.06E1,1.016E1));
#622=DIRECTION('',(0.E0,-1.E0,0.E0));
#623=DIRECTION('',(0.E0,0.E0,-1.E0));
#624=AXIS2_PLACEMENT_3D('',#621,#622,#623);
#626=DIRECTION('',(0.E0,-1.E0,0.E0));
#627=VECTOR('',#626,1.2E0);
#628=CARTESIAN_POINT('',(-9.8E0,1.06E1,1.155E1));
#629=LINE('',#628,#627);
#630=DIRECTION('',(0.E0,6.039613253962E-13,-1.E0));
#631=VECTOR('',#630,5.499999999999E-1);
#632=CARTESIAN_POINT('',(-9.8E0,9.4E0,1.155E1));
#633=LINE('',#632,#631);
#634=DIRECTION('',(0.E0,1.E0,0.E0));
#635=VECTOR('',#634,1.200000000001E0);
#636=CARTESIAN_POINT('',(2.425E1,9.399999999999E0,1.155E1));
#637=LINE('',#636,#635);
#638=DIRECTION('',(-1.953992523340E-14,-1.E0,0.E0));
#639=VECTOR('',#638,2.E0);
#640=CARTESIAN_POINT('',(1.72E1,1.06E1,1.155E1));
#641=LINE('',#640,#639);
#642=DIRECTION('',(-1.E0,8.374253671460E-14,-5.329070518202E-14));
#643=VECTOR('',#642,6.999999999999E-1);
#644=CARTESIAN_POINT('',(1.72E1,8.6E0,1.155E1));
#645=LINE('',#644,#643);
#646=DIRECTION('',(-1.776356839400E-14,1.E0,0.E0));
#647=VECTOR('',#646,2.E0);
#648=CARTESIAN_POINT('',(1.65E1,8.6E0,1.155E1));
#649=LINE('',#648,#647);
#650=DIRECTION('',(0.E0,-1.E0,0.E0));
#651=VECTOR('',#650,1.2E0);
#652=CARTESIAN_POINT('',(9.8E0,1.06E1,1.155E1));
#653=LINE('',#652,#651);
#654=DIRECTION('',(-1.E0,0.E0,0.E0));
#655=VECTOR('',#654,3.8E0);
#656=CARTESIAN_POINT('',(9.8E0,9.4E0,1.155E1));
#657=LINE('',#656,#655);
#658=DIRECTION('',(0.E0,1.E0,0.E0));
#659=VECTOR('',#658,1.2E0);
#660=CARTESIAN_POINT('',(6.E0,9.4E0,1.155E1));
#661=LINE('',#660,#659);
#662=DIRECTION('',(0.E0,-1.E0,0.E0));
#663=VECTOR('',#662,1.2E0);
#664=CARTESIAN_POINT('',(-6.E0,1.06E1,1.155E1));
#665=LINE('',#664,#663);
#666=DIRECTION('',(-1.E0,0.E0,0.E0));
#667=VECTOR('',#666,3.8E0);
#668=CARTESIAN_POINT('',(-6.E0,9.4E0,1.155E1));
#669=LINE('',#668,#667);
#670=DIRECTION('',(-1.776356839400E-14,-1.E0,0.E0));
#671=VECTOR('',#670,2.E0);
#672=CARTESIAN_POINT('',(-1.65E1,1.06E1,1.155E1));
#673=LINE('',#672,#671);
#674=DIRECTION('',(-1.E0,8.374253671460E-14,5.329070518202E-14));
#675=VECTOR('',#674,6.999999999999E-1);
#676=CARTESIAN_POINT('',(-1.65E1,8.6E0,1.155E1));
#677=LINE('',#676,#675);
#678=DIRECTION('',(-1.953992523340E-14,1.E0,0.E0));
#679=VECTOR('',#678,2.E0);
#680=CARTESIAN_POINT('',(-1.72E1,8.6E0,1.155E1));
#681=LINE('',#680,#679);
#682=CARTESIAN_POINT('',(-1.8E1,9.6E0,1.155E1));
#683=DIRECTION('',(0.E0,0.E0,-1.E0));
#684=DIRECTION('',(1.E0,-4.947153797730E-12,0.E0));
#685=AXIS2_PLACEMENT_3D('',#682,#683,#684);
#687=CARTESIAN_POINT('',(-1.8E1,9.6E0,1.155E1));
#688=DIRECTION('',(0.E0,0.E0,-1.E0));
#689=DIRECTION('',(-1.E0,-4.947153797730E-12,0.E0));
#690=AXIS2_PLACEMENT_3D('',#687,#688,#689);
#692=CARTESIAN_POINT('',(0.E0,9.6E0,1.155E1));
#693=DIRECTION('',(0.E0,0.E0,-1.E0));
#694=DIRECTION('',(1.E0,-4.947153797730E-12,0.E0));
#695=AXIS2_PLACEMENT_3D('',#692,#693,#694);
#697=CARTESIAN_POINT('',(0.E0,9.6E0,1.155E1));
#698=DIRECTION('',(0.E0,0.E0,-1.E0));
#699=DIRECTION('',(-1.E0,-4.947153797730E-12,0.E0));
#700=AXIS2_PLACEMENT_3D('',#697,#698,#699);
#702=CARTESIAN_POINT('',(1.8E1,9.6E0,1.155E1));
#703=DIRECTION('',(0.E0,0.E0,-1.E0));
#704=DIRECTION('',(1.E0,-4.947153797730E-12,0.E0));
#705=AXIS2_PLACEMENT_3D('',#702,#703,#704);
#707=CARTESIAN_POINT('',(1.8E1,9.6E0,1.155E1));
#708=DIRECTION('',(0.E0,0.E0,-1.E0));
#709=DIRECTION('',(-1.E0,-4.947153797730E-12,0.E0));
#710=AXIS2_PLACEMENT_3D('',#707,#708,#709);
#712=DIRECTION('',(1.E0,0.E0,0.E0));
#713=VECTOR('',#712,4.6E1);
#714=CARTESIAN_POINT('',(-2.3E1,7.9E0,1.185E1));
#715=LINE('',#714,#713);
#716=DIRECTION('',(-2.368475785871E-14,-8.526512829136E-13,-1.E0));
#717=VECTOR('',#716,2.999999999995E-1);
#718=CARTESIAN_POINT('',(2.3E1,7.9E0,1.185E1));
#719=LINE('',#718,#717);
#720=DIRECTION('',(-1.E0,0.E0,0.E0));
#721=VECTOR('',#720,4.6E1);
#722=CARTESIAN_POINT('',(2.3E1,7.9E0,1.155E1));
#723=LINE('',#722,#721);
#724=DIRECTION('',(0.E0,8.944271909983E-1,4.472135955031E-1));
#725=VECTOR('',#724,4.472135954992E-1);
#726=CARTESIAN_POINT('',(2.3E1,7.9E0,1.185E1));
#727=LINE('',#726,#725);
#728=DIRECTION('',(0.E0,1.E0,-4.134066826239E-13));
#729=VECTOR('',#728,1.1E0);
#730=CARTESIAN_POINT('',(2.3E1,8.299999999999E0,1.205E1));
#731=LINE('',#730,#729);
#732=DIRECTION('',(0.E0,-4.973799150320E-14,-1.E0));
#733=VECTOR('',#732,5.000000000001E-1);
#734=CARTESIAN_POINT('',(2.3E1,9.399999999999E0,1.205E1));
#735=LINE('',#734,#733);
#736=DIRECTION('',(0.E0,-1.E0,0.E0));
#737=VECTOR('',#736,1.499999999999E0);
#738=CARTESIAN_POINT('',(2.3E1,9.399999999999E0,1.155E1));
#739=LINE('',#738,#737);
#740=DIRECTION('',(-1.E0,0.E0,0.E0));
#741=VECTOR('',#740,4.6E1);
#742=CARTESIAN_POINT('',(2.3E1,8.299999999999E0,1.205E1));
#743=LINE('',#742,#741);
#744=DIRECTION('',(-1.E0,-2.373212737437E-13,9.947598300635E-14));
#745=VECTOR('',#744,1.250000000001E0);
#746=CARTESIAN_POINT('',(2.425E1,9.4E0,1.205E1));
#747=LINE('',#746,#745);
#748=CARTESIAN_POINT('',(-1.8E1,9.6E0,1.205E1));
#749=DIRECTION('',(0.E0,0.E0,1.E0));
#750=DIRECTION('',(-1.E0,-3.389880968522E-12,0.E0));
#751=AXIS2_PLACEMENT_3D('',#748,#749,#750);
#753=CARTESIAN_POINT('',(-1.8E1,9.6E0,1.205E1));
#754=DIRECTION('',(0.E0,0.E0,1.E0));
#755=DIRECTION('',(1.E0,-3.389880968522E-12,0.E0));
#756=AXIS2_PLACEMENT_3D('',#753,#754,#755);
#758=CARTESIAN_POINT('',(0.E0,9.6E0,1.205E1));
#759=DIRECTION('',(0.E0,0.E0,1.E0));
#760=DIRECTION('',(-1.E0,-3.389880968522E-12,0.E0));
#761=AXIS2_PLACEMENT_3D('',#758,#759,#760);
#763=CARTESIAN_POINT('',(0.E0,9.6E0,1.205E1));
#764=DIRECTION('',(0.E0,0.E0,1.E0));
#765=DIRECTION('',(1.E0,-3.389880968522E-12,0.E0));
#766=AXIS2_PLACEMENT_3D('',#763,#764,#765);
#768=CARTESIAN_POINT('',(1.8E1,9.6E0,1.205E1));
#769=DIRECTION('',(0.E0,0.E0,1.E0));
#770=DIRECTION('',(-1.E0,-3.389880968522E-12,0.E0));
#771=AXIS2_PLACEMENT_3D('',#768,#769,#770);
#773=CARTESIAN_POINT('',(1.8E1,9.6E0,1.205E1));
#774=DIRECTION('',(0.E0,0.E0,1.E0));
#775=DIRECTION('',(1.E0,-3.389880968522E-12,0.E0));
#776=AXIS2_PLACEMENT_3D('',#773,#774,#775);
#778=DIRECTION('',(0.E0,-8.944271909983E-1,-4.472135955031E-1));
#779=VECTOR('',#778,4.472135954997E-1);
#780=CARTESIAN_POINT('',(-2.3E1,8.299999999999E0,1.205E1));
#781=LINE('',#780,#779);
#782=DIRECTION('',(2.368475785875E-14,-8.526512829149E-13,-1.E0));
#783=VECTOR('',#782,2.999999999990E-1);
#784=CARTESIAN_POINT('',(-2.3E1,7.9E0,1.185E1));
#785=LINE('',#784,#783);
#786=DIRECTION('',(0.E0,1.E0,0.E0));
#787=VECTOR('',#786,1.499999999999E0);
#788=CARTESIAN_POINT('',(-2.3E1,7.9E0,1.155E1));
#789=LINE('',#788,#787);
#790=DIRECTION('',(0.E0,-7.460698725484E-14,1.E0));
#791=VECTOR('',#790,4.999999999998E-1);
#792=CARTESIAN_POINT('',(-2.3E1,9.399999999999E0,1.155E1));
#793=LINE('',#792,#791);
#794=DIRECTION('',(0.E0,-1.E0,4.424743399961E-13));
#795=VECTOR('',#794,1.1E0);
#796=CARTESIAN_POINT('',(-2.3E1,9.399999999999E0,1.205E1));
#797=LINE('',#796,#795);
#798=CARTESIAN_POINT('',(-2.425E1,9.4E0,1.155E1));
#799=DIRECTION('',(0.E0,1.E0,0.E0));
#800=DIRECTION('',(-1.E0,0.E0,6.885159109515E-12));
#801=AXIS2_PLACEMENT_3D('',#798,#799,#800);
#803=DIRECTION('',(1.E0,-2.884803507185E-13,-9.663381206334E-14));
#804=VECTOR('',#803,1.25E0);
#805=CARTESIAN_POINT('',(-2.425E1,9.4E0,1.205E1));
#806=LINE('',#805,#804);
#807=DIRECTION('',(-1.E0,3.552713678801E-14,-2.984279490193E-14));
#808=VECTOR('',#807,1.25E0);
#809=CARTESIAN_POINT('',(-2.3E1,9.399999999999E0,1.155E1));
#810=LINE('',#809,#808);
#811=CARTESIAN_POINT('',(-2.475E1,8.5E0,2.5E0));
#812=DIRECTION('',(-1.E0,0.E0,0.E0));
#813=DIRECTION('',(0.E0,4.361938736863E-2,9.990482215817E-1));
#814=AXIS2_PLACEMENT_3D('',#811,#812,#813);
#816=DIRECTION('',(0.E0,1.445028490120E-13,-1.E0));
#817=VECTOR('',#816,1.098983878367E1);
#818=CARTESIAN_POINT('',(-2.475E1,8.299999999995E0,9.898387836728E-1));
#819=LINE('',#818,#817);
#820=DIRECTION('',(0.E0,2.326454441280E-13,-1.E0));
#821=VECTOR('',#820,1.55E0);
#822=CARTESIAN_POINT('',(-2.475E1,9.399999999999E0,-1.E1));
#823=LINE('',#822,#821);
#824=DIRECTION('',(-6.417805355249E-14,-1.959722706692E-13,-1.E0));
#825=VECTOR('',#824,1.550000000001E0);
#826=CARTESIAN_POINT('',(-2.475E1,9.4E0,1.155E1));
#827=LINE('',#826,#825);
#828=DIRECTION('',(2.846992427363E-14,8.689258137682E-14,-1.E0));
#829=VECTOR('',#828,5.989838783672E0);
#830=CARTESIAN_POINT('',(-2.475E1,8.299999999998E0,1.E1));
#831=LINE('',#830,#829);
#832=DIRECTION('',(-1.444181944955E-12,-9.990482215817E-1,4.361938736897E-2));
#833=VECTOR('',#832,2.656819513986E-1);
#834=CARTESIAN_POINT('',(-2.475E1,8.565429081050E0,3.998572332373E0));
#835=LINE('',#834,#833);
#836=DIRECTION('',(4.468729796652E-1,-8.937459593468E-1,3.902179130267E-2));
#837=VECTOR('',#836,1.265301566120E-1);
#838=CARTESIAN_POINT('',(-2.475E1,8.299999999998E0,4.010161216328E0));
#839=LINE('',#838,#837);
#840=DIRECTION('',(-1.E0,-4.133884183510E-12,2.583677614694E-13));
#841=VECTOR('',#840,4.434570918976E-1);
#842=CARTESIAN_POINT('',(-2.425E1,8.186914183793E0,4.015098649693E0));
#843=LINE('',#842,#841);
#844=CARTESIAN_POINT('',(-2.469345709189E1,8.186914183788E0,4.015098649693E0));
#845=CARTESIAN_POINT('',(-2.464815818591E1,8.096316371829E0,4.019054235589E0));
#846=CARTESIAN_POINT('',(-2.458758557909E1,7.975171158192E0,4.091533123854E0));
#847=CARTESIAN_POINT('',(-2.455E1,7.9E0,4.213444476665E0));
#848=CARTESIAN_POINT('',(-2.455E1,7.9E0,4.314813116167E0));
#850=DIRECTION('',(1.E0,-9.385085301516E-13,0.E0));
#851=VECTOR('',#850,2.999999999994E-1);
#852=CARTESIAN_POINT('',(-2.455E1,7.9E0,4.314813116167E0));
#853=LINE('',#852,#851);
#854=CARTESIAN_POINT('',(-2.425E1,8.2E0,4.314813116167E0));
#855=DIRECTION('',(-1.E0,0.E0,0.E0));
#856=DIRECTION('',(0.E0,-4.361938735605E-2,-9.990482215823E-1));
#857=AXIS2_PLACEMENT_3D('',#854,#855,#856);
#859=DIRECTION('',(0.E0,0.E0,1.E0));
#860=VECTOR('',#859,1.55E0);
#861=CARTESIAN_POINT('',(-2.425E1,9.399999999999E0,1.E1));
#862=LINE('',#861,#860);
#863=DIRECTION('',(0.E0,1.E0,0.E0));
#864=VECTOR('',#863,1.200000000001E0);
#865=CARTESIAN_POINT('',(-2.425E1,9.399999999999E0,1.155E1));
#866=LINE('',#865,#864);
#867=DIRECTION('',(0.E0,-1.E0,0.E0));
#868=VECTOR('',#867,1.200000000001E0);
#869=CARTESIAN_POINT('',(-2.425E1,1.06E1,-1.155E1));
#870=LINE('',#869,#868);
#871=DIRECTION('',(0.E0,0.E0,1.E0));
#872=VECTOR('',#871,1.55E0);
#873=CARTESIAN_POINT('',(-2.425E1,9.399999999999E0,-1.155E1));
#874=LINE('',#873,#872);
#875=CARTESIAN_POINT('',(-2.425E1,8.2E0,6.851868838335E-1));
#876=DIRECTION('',(-1.E0,0.E0,0.E0));
#877=DIRECTION('',(0.E0,-1.E0,-5.117387994839E-12));
#878=AXIS2_PLACEMENT_3D('',#875,#876,#877);
#880=DIRECTION('',(0.E0,9.990482215818E-1,4.361938736553E-2));
#881=VECTOR('',#880,3.788755027869E-1);
#882=CARTESIAN_POINT('',(-2.425E1,8.186914183792E0,9.849013503082E-1));
#883=LINE('',#882,#881);
#884=CARTESIAN_POINT('',(-2.425E1,8.5E0,2.5E0));
#885=DIRECTION('',(1.E0,0.E0,0.E0));
#886=DIRECTION('',(0.E0,4.361938737140E-2,-9.990482215816E-1));
#887=AXIS2_PLACEMENT_3D('',#884,#885,#886);
#889=DIRECTION('',(0.E0,-9.990482215818E-1,4.361938736660E-2));
#890=VECTOR('',#889,3.788755027811E-1);
#891=CARTESIAN_POINT('',(-2.425E1,8.565429081047E0,3.998572332373E0));
#892=LINE('',#891,#890);
#893=DIRECTION('',(0.E0,0.E0,1.E0));
#894=VECTOR('',#893,5.685186883833E0);
#895=CARTESIAN_POINT('',(-2.455E1,7.9E0,4.314813116167E0));
#896=LINE('',#895,#894);
#897=DIRECTION('',(0.E0,0.E0,-1.E0));
#898=VECTOR('',#897,5.685186883833E0);
#899=CARTESIAN_POINT('',(-2.425E1,7.9E0,1.E1));
#900=LINE('',#899,#898);
#901=DIRECTION('',(-4.472135955039E-1,8.944271909979E-1,0.E0));
#902=VECTOR('',#901,4.472135954984E-1);
#903=CARTESIAN_POINT('',(-2.455E1,7.9E0,1.E1));
#904=LINE('',#903,#902);
#905=DIRECTION('',(3.326631899236E-13,1.E0,0.E0));
#906=VECTOR('',#905,1.100000000001E0);
#907=CARTESIAN_POINT('',(-2.475E1,8.299999999998E0,1.E1));
#908=LINE('',#907,#906);
#909=DIRECTION('',(1.E0,1.776356839400E-14,0.E0));
#910=VECTOR('',#909,5.000000000002E-1);
#911=CARTESIAN_POINT('',(-2.475E1,9.399999999999E0,1.E1));
#912=LINE('',#911,#910);
#913=DIRECTION('',(0.E0,-1.E0,0.E0));
#914=VECTOR('',#913,1.499999999999E0);
#915=CARTESIAN_POINT('',(-2.425E1,9.399999999999E0,1.E1));
#916=LINE('',#915,#914);
#917=DIRECTION('',(-1.E0,9.414691248839E-13,0.E0));
#918=VECTOR('',#917,2.999999999995E-1);
#919=CARTESIAN_POINT('',(-2.425E1,7.9E0,1.E1));
#920=LINE('',#919,#918);
#921=DIRECTION('',(1.E0,6.110667527537E-14,-2.984279490193E-14));
#922=VECTOR('',#921,1.25E0);
#923=CARTESIAN_POINT('',(-2.425E1,9.399999999999E0,-1.155E1));
#924=LINE('',#923,#922);
#925=CARTESIAN_POINT('',(-2.425E1,9.4E0,-1.155E1));
#926=DIRECTION('',(0.E0,1.E0,0.E0));
#927=DIRECTION('',(-7.609912699991E-12,0.E0,-1.E0));
#928=AXIS2_PLACEMENT_3D('',#925,#926,#927);
#930=DIRECTION('',(4.472135955048E-1,-8.944271909975E-1,0.E0));
#931=VECTOR('',#930,4.472135954973E-1);
#932=CARTESIAN_POINT('',(-2.475E1,8.299999999997E0,-1.E1));
#933=LINE('',#932,#931);
#934=DIRECTION('',(0.E0,1.E0,0.E0));
#935=VECTOR('',#934,1.499999999999E0);
#936=CARTESIAN_POINT('',(-2.425E1,7.9E0,-1.E1));
#937=LINE('',#936,#935);
#938=DIRECTION('',(-1.E0,9.237055564880E-14,0.E0));
#939=VECTOR('',#938,5.E-1);
#940=CARTESIAN_POINT('',(-2.425E1,9.399999999999E0,-1.E1));
#941=LINE('',#940,#939);
#942=DIRECTION('',(-4.521635591190E-14,-1.E0,0.E0));
#943=VECTOR('',#942,1.100000000002E0);
#944=CARTESIAN_POINT('',(-2.475E1,9.399999999999E0,-1.E1));
#945=LINE('',#944,#943);
#946=CARTESIAN_POINT('',(-2.455E1,7.9E0,6.851868838341E-1));
#947=CARTESIAN_POINT('',(-2.455E1,7.9E0,7.865555233379E-1));
#948=CARTESIAN_POINT('',(-2.458758557910E1,7.975171158194E0,9.084668761495E-1));
#949=CARTESIAN_POINT('',(-2.464815818592E1,8.096316371834E0,9.809457644139E-1));
#950=CARTESIAN_POINT('',(-2.469345709190E1,8.186914183795E0,9.849013503082E-1));
#952=DIRECTION('',(1.E0,-1.165659202905E-12,1.714941052384E-13));
#953=VECTOR('',#952,4.434570918990E-1);
#954=CARTESIAN_POINT('',(-2.469345709190E1,8.186914183793E0,9.849013503082E-1));
#955=LINE('',#954,#953);
#956=DIRECTION('',(-1.E0,9.385085301516E-13,2.374396975336E-12));
#957=VECTOR('',#956,2.999999999994E-1);
#958=CARTESIAN_POINT('',(-2.425E1,7.9E0,6.851868838329E-1));
#959=LINE('',#958,#957);
#960=DIRECTION('',(-4.468729796707E-1,8.937459593440E-1,3.902179130293E-2));
#961=VECTOR('',#960,1.265301566069E-1);
#962=CARTESIAN_POINT('',(-2.469345709190E1,8.186914183793E0,9.849013503082E-1));
#963=LINE('',#962,#961);
#964=DIRECTION('',(2.540690458653E-13,9.990482215818E-1,4.361938736772E-2));
#965=VECTOR('',#964,2.656819514054E-1);
#966=CARTESIAN_POINT('',(-2.475E1,8.299999999995E0,9.898387836728E-1));
#967=LINE('',#966,#965);
#968=DIRECTION('',(1.E0,-4.845901457885E-12,3.357314426467E-13));
#969=VECTOR('',#968,4.999999999999E-1);
#970=CARTESIAN_POINT('',(-2.475E1,8.565429081050E0,3.998572332373E0));
#971=LINE('',#970,#969);
#972=DIRECTION('',(-1.E0,1.755040557327E-12,3.184119634625E-13));
#973=VECTOR('',#972,5.E-1);
#974=CARTESIAN_POINT('',(-2.425E1,8.565429081052E0,1.001427667628E0));
#975=LINE('',#974,#973);
#976=DIRECTION('',(0.E0,0.E0,-1.E0));
#977=VECTOR('',#976,1.068518688383E1);
#978=CARTESIAN_POINT('',(-2.425E1,7.9E0,6.851868838329E-1));
#979=LINE('',#978,#977);
#980=DIRECTION('',(-1.E0,9.385085301526E-13,0.E0));
#981=VECTOR('',#980,2.999999999991E-1);
#982=CARTESIAN_POINT('',(-2.425E1,7.9E0,-1.E1));
#983=LINE('',#982,#981);
#984=DIRECTION('',(-3.358145116785E-14,0.E0,1.E0));
#985=VECTOR('',#984,1.068518688383E1);
#986=CARTESIAN_POINT('',(-2.455E1,7.9E0,-1.E1));
#987=LINE('',#986,#985);
#988=DIRECTION('',(0.E0,8.944271909983E-1,-4.472135955031E-1));
#989=VECTOR('',#988,4.472135954992E-1);
#990=CARTESIAN_POINT('',(-2.3E1,7.9E0,-1.185E1));
#991=LINE('',#990,#989);
#992=DIRECTION('',(0.E0,1.E0,4.134066826239E-13));
#993=VECTOR('',#992,1.1E0);
#994=CARTESIAN_POINT('',(-2.3E1,8.299999999999E0,-1.205E1));
#995=LINE('',#994,#993);
#996=DIRECTION('',(0.E0,-6.394884621840E-14,1.E0));
#997=VECTOR('',#996,5.000000000001E-1);
#998=CARTESIAN_POINT('',(-2.3E1,9.399999999999E0,-1.205E1));
#999=LINE('',#998,#997);
#1000=DIRECTION('',(0.E0,-1.E0,0.E0));
#1001=VECTOR('',#1000,1.499999999999E0);
#1002=CARTESIAN_POINT('',(-2.3E1,9.399999999999E0,-1.155E1));
#1003=LINE('',#1002,#1001);
#1004=DIRECTION('',(-1.E0,0.E0,-1.081260684852E-14));
#1005=VECTOR('',#1004,4.6E1);
#1006=CARTESIAN_POINT('',(2.3E1,7.9E0,-1.185E1));
#1007=LINE('',#1006,#1005);
#1008=DIRECTION('',(2.368475785871E-14,-8.526512829136E-13,1.E0));
#1009=VECTOR('',#1008,2.999999999995E-1);
#1010=CARTESIAN_POINT('',(-2.3E1,7.9E0,-1.185E1));
#1011=LINE('',#1010,#1009);
#1012=DIRECTION('',(1.E0,0.E0,0.E0));
#1013=VECTOR('',#1012,4.6E1);
#1014=CARTESIAN_POINT('',(-2.3E1,7.9E0,-1.155E1));
#1015=LINE('',#1014,#1013);
#1016=DIRECTION('',(2.368475785875E-14,8.526512829150E-13,-1.E0));
#1017=VECTOR('',#1016,2.999999999990E-1);
#1018=CARTESIAN_POINT('',(2.3E1,7.9E0,-1.155E1));
#1019=LINE('',#1018,#1017);
#1020=DIRECTION('',(0.E0,-8.944271909983E-1,4.472135955031E-1));
#1021=VECTOR('',#1020,4.472135954998E-1);
#1022=CARTESIAN_POINT('',(2.3E1,8.299999999999E0,-1.205E1));
#1023=LINE('',#1022,#1021);
#1024=DIRECTION('',(0.E0,1.E0,0.E0));
#1025=VECTOR('',#1024,1.499999999999E0);
#1026=CARTESIAN_POINT('',(2.3E1,7.9E0,-1.155E1));
#1027=LINE('',#1026,#1025);
#1028=DIRECTION('',(0.E0,-9.237055564885E-14,-1.E0));
#1029=VECTOR('',#1028,4.999999999998E-1);
#1030=CARTESIAN_POINT('',(2.3E1,9.399999999999E0,-1.155E1));
#1031=LINE('',#1030,#1029);
#1032=DIRECTION('',(0.E0,-1.E0,-4.424743399961E-13));
#1033=VECTOR('',#1032,1.1E0);
#1034=CARTESIAN_POINT('',(2.3E1,9.399999999999E0,-1.205E1));
#1035=LINE('',#1034,#1033);
#1036=CARTESIAN_POINT('',(2.425E1,9.4E0,-1.155E1));
#1037=DIRECTION('',(0.E0,1.E0,0.E0));
#1038=DIRECTION('',(1.E0,0.E0,-6.863842827443E-12));
#1039=AXIS2_PLACEMENT_3D('',#1036,#1037,#1038);
#1041=DIRECTION('',(-1.E0,-2.884803507185E-13,9.663381206334E-14));
#1042=VECTOR('',#1041,1.25E0);
#1043=CARTESIAN_POINT('',(2.425E1,9.4E0,-1.205E1));
#1044=LINE('',#1043,#1042);
#1045=DIRECTION('',(1.E0,0.E0,2.984279490193E-14));
#1046=VECTOR('',#1045,1.25E0);
#1047=CARTESIAN_POINT('',(2.3E1,9.399999999999E0,-1.155E1));
#1048=LINE('',#1047,#1046);
#1049=DIRECTION('',(4.813354016439E-14,0.E0,1.E0));
#1050=VECTOR('',#1049,1.55E0);
#1051=CARTESIAN_POINT('',(2.425E1,9.399999999999E0,-1.155E1));
#1052=LINE('',#1051,#1050);
#1053=DIRECTION('',(-1.207922650792E-14,2.158273559871E-14,1.E0));
#1054=VECTOR('',#1053,2.E1);
#1055=CARTESIAN_POINT('',(2.475E1,8.299999999999E0,-1.E1));
#1056=LINE('',#1055,#1054);
#1057=DIRECTION('',(7.334634691713E-14,-1.913881239869E-13,1.E0));
#1058=VECTOR('',#1057,1.550000000001E0);
#1059=CARTESIAN_POINT('',(2.475E1,9.4E0,-1.155E1));
#1060=LINE('',#1059,#1058);
#1061=DIRECTION('',(-4.472135955031E-1,-8.944271909983E-1,0.E0));
#1062=VECTOR('',#1061,4.472135954997E-1);
#1063=CARTESIAN_POINT('',(2.475E1,8.299999999999E0,1.E1));
#1064=LINE('',#1063,#1062);
#1065=DIRECTION('',(0.E0,1.E0,0.E0));
#1066=VECTOR('',#1065,1.499999999999E0);
#1067=CARTESIAN_POINT('',(2.425E1,7.9E0,1.E1));
#1068=LINE('',#1067,#1066);
#1069=DIRECTION('',(1.E0,-9.592326932765E-14,0.E0));
#1070=VECTOR('',#1069,4.999999999998E-1);
#1071=CARTESIAN_POINT('',(2.425E1,9.399999999999E0,1.E1));
#1072=LINE('',#1071,#1070);
#1073=DIRECTION('',(4.392446002881E-13,-1.E0,0.E0));
#1074=VECTOR('',#1073,1.1E0);
#1075=CARTESIAN_POINT('',(2.475E1,9.399999999999E0,1.E1));
#1076=LINE('',#1075,#1074);
#1077=DIRECTION('',(2.273736754432E-14,0.E0,-1.E0));
#1078=VECTOR('',#1077,2.E1);
#1079=CARTESIAN_POINT('',(2.455E1,7.9E0,1.E1));
#1080=LINE('',#1079,#1078);
#1081=DIRECTION('',(0.E0,0.E0,1.E0));
#1082=VECTOR('',#1081,2.E1);
#1083=CARTESIAN_POINT('',(2.425E1,7.9E0,-1.E1));
#1084=LINE('',#1083,#1082);
#1085=DIRECTION('',(1.E0,8.526512829150E-13,0.E0));
#1086=VECTOR('',#1085,2.999999999990E-1);
#1087=CARTESIAN_POINT('',(2.425E1,7.9E0,1.E1));
#1088=LINE('',#1087,#1086);
#1089=DIRECTION('',(4.472135955031E-1,8.944271909983E-1,0.E0));
#1090=VECTOR('',#1089,4.472135954993E-1);
#1091=CARTESIAN_POINT('',(2.455E1,7.9E0,-1.E1));
#1092=LINE('',#1091,#1090);
#1093=DIRECTION('',(-4.069472032079E-13,1.E0,0.E0));
#1094=VECTOR('',#1093,1.1E0);
#1095=CARTESIAN_POINT('',(2.475E1,8.299999999999E0,-1.E1));
#1096=LINE('',#1095,#1094);
#1097=DIRECTION('',(-1.E0,-4.618527782440E-14,0.E0));
#1098=VECTOR('',#1097,5.000000000001E-1);
#1099=CARTESIAN_POINT('',(2.475E1,9.399999999999E0,-1.E1));
#1100=LINE('',#1099,#1098);
#1101=DIRECTION('',(0.E0,-1.E0,0.E0));
#1102=VECTOR('',#1101,1.499999999999E0);
#1103=CARTESIAN_POINT('',(2.425E1,9.399999999999E0,-1.E1));
#1104=LINE('',#1103,#1102);
#1105=DIRECTION('',(1.E0,8.526512829137E-13,0.E0));
#1106=VECTOR('',#1105,2.999999999994E-1);
#1107=CARTESIAN_POINT('',(2.425E1,7.9E0,-1.E1));
#1108=LINE('',#1107,#1106);
#1109=CARTESIAN_POINT('',(2.425E1,9.4E0,1.155E1));
#1110=DIRECTION('',(0.E0,1.E0,0.E0));
#1111=DIRECTION('',(7.609912699991E-12,0.E0,1.E0));
#1112=AXIS2_PLACEMENT_3D('',#1109,#1110,#1111);
#1114=DIRECTION('',(-7.563842025832E-14,-2.326454441279E-13,-1.E0));
#1115=VECTOR('',#1114,1.55E0);
#1116=CARTESIAN_POINT('',(2.475E1,9.4E0,1.155E1));
#1117=LINE('',#1116,#1115);
#1118=DIRECTION('',(-4.813354016439E-14,0.E0,1.E0));
#1119=VECTOR('',#1118,1.55E0);
#1120=CARTESIAN_POINT('',(2.425E1,9.399999999999E0,1.E1));
#1121=LINE('',#1120,#1119);
#1122=DIRECTION('',(-1.E0,0.E0,2.984279490193E-14));
#1123=VECTOR('',#1122,1.25E0);
#1124=CARTESIAN_POINT('',(2.425E1,9.399999999999E0,1.155E1));
#1125=LINE('',#1124,#1123);
#1126=DIRECTION('',(-7.481597041237E-13,1.E0,-1.149407366670E-14));
#1127=VECTOR('',#1126,1.7E0);
#1128=CARTESIAN_POINT('',(2.425E1,9.4E0,1.205E1));
#1129=LINE('',#1128,#1127);
#1130=DIRECTION('',(-1.253898945459E-14,-1.E0,6.165003148506E-14));
#1131=VECTOR('',#1130,1.7E0);
#1132=CARTESIAN_POINT('',(2.475E1,1.11E1,1.155E1));
#1133=LINE('',#1132,#1131);
#1134=CARTESIAN_POINT('',(2.475E1,1.11E1,1.205E1));
#1135=DIRECTION('',(0.E0,1.E0,0.E0));
#1136=DIRECTION('',(2.842170943040E-13,0.E0,1.E0));
#1137=AXIS2_PLACEMENT_3D('',#1134,#1135,#1136);
#1139=CARTESIAN_POINT('',(2.475E1,1.11E1,-1.205E1));
#1140=DIRECTION('',(0.E0,1.E0,0.E0));
#1141=DIRECTION('',(1.E0,0.E0,-1.999822529797E-10));
#1142=AXIS2_PLACEMENT_3D('',#1139,#1140,#1141);
#1144=DIRECTION('',(-1.E0,0.E0,0.E0));
#1145=VECTOR('',#1144,1.575E1);
#1146=CARTESIAN_POINT('',(2.475E1,1.11E1,-1.21E1));
#1147=LINE('',#1146,#1145);
#1148=DIRECTION('',(1.E0,0.E0,0.E0));
#1149=VECTOR('',#1148,1.525E1);
#1150=CARTESIAN_POINT('',(9.E0,1.11E1,-1.205E1));
#1151=LINE('',#1150,#1149);
#1152=CARTESIAN_POINT('',(2.425E1,1.11E1,-1.155E1));
#1153=DIRECTION('',(0.E0,-1.E0,0.E0));
#1154=DIRECTION('',(1.918465386552E-12,0.E0,-1.E0));
#1155=AXIS2_PLACEMENT_3D('',#1152,#1153,#1154);
#1157=DIRECTION('',(0.E0,0.E0,1.E0));
#1158=VECTOR('',#1157,2.31E1);
#1159=CARTESIAN_POINT('',(2.475E1,1.11E1,-1.155E1));
#1160=LINE('',#1159,#1158);
#1161=CARTESIAN_POINT('',(2.425E1,1.11E1,1.155E1));
#1162=DIRECTION('',(0.E0,-1.E0,0.E0));
#1163=DIRECTION('',(1.E0,0.E0,0.E0));
#1164=AXIS2_PLACEMENT_3D('',#1161,#1162,#1163);
#1166=DIRECTION('',(-1.E0,0.E0,0.E0));
#1167=VECTOR('',#1166,1.525E1);
#1168=CARTESIAN_POINT('',(2.425E1,1.11E1,1.205E1));
#1169=LINE('',#1168,#1167);
#1170=DIRECTION('',(0.E0,-1.E0,0.E0));
#1171=VECTOR('',#1170,9.999999999990E-2);
#1172=CARTESIAN_POINT('',(-6.8E0,1.11E1,1.21E1));
#1173=LINE('',#1172,#1171);
#1174=DIRECTION('',(-1.E0,0.E0,0.E0));
#1175=VECTOR('',#1174,1.575E1);
#1176=CARTESIAN_POINT('',(2.475E1,1.11E1,1.21E1));
#1177=LINE('',#1176,#1175);
#1178=DIRECTION('',(-1.E0,0.E0,0.E0));
#1179=VECTOR('',#1178,1.36E1);
#1180=CARTESIAN_POINT('',(6.8E0,1.11E1,1.21E1));
#1181=LINE('',#1180,#1179);
#1182=CARTESIAN_POINT('',(1.8E1,9.5E0,1.21E1));
#1183=DIRECTION('',(0.E0,0.E0,-1.E0));
#1184=DIRECTION('',(1.E0,-1.466836337782E-8,0.E0));
#1185=AXIS2_PLACEMENT_3D('',#1182,#1183,#1184);
#1187=CARTESIAN_POINT('',(1.8E1,9.5E0,1.21E1));
#1188=DIRECTION('',(0.E0,0.E0,-1.E0));
#1189=DIRECTION('',(-1.E0,1.466836337782E-8,0.E0));
#1190=AXIS2_PLACEMENT_3D('',#1187,#1188,#1189);
#1192=CARTESIAN_POINT('',(-1.8E1,9.5E0,1.21E1));
#1193=DIRECTION('',(0.E0,0.E0,-1.E0));
#1194=DIRECTION('',(1.E0,-1.466835975185E-8,0.E0));
#1195=AXIS2_PLACEMENT_3D('',#1192,#1193,#1194);
#1197=CARTESIAN_POINT('',(-1.8E1,9.5E0,1.21E1));
#1198=DIRECTION('',(0.E0,0.E0,-1.E0));
#1199=DIRECTION('',(-1.E0,1.466835975185E-8,0.E0));
#1200=AXIS2_PLACEMENT_3D('',#1197,#1198,#1199);
#1202=DIRECTION('',(0.E0,0.E0,-1.E0));
#1203=VECTOR('',#1202,6.5E-1);
#1204=CARTESIAN_POINT('',(-6.8E0,1.1E1,1.275E1));
#1205=LINE('',#1204,#1203);
#1206=DIRECTION('',(0.E0,-1.E0,0.E0));
#1207=VECTOR('',#1206,9.999999999999E-1);
#1208=CARTESIAN_POINT('',(-6.8E0,1.11E1,1.205E1));
#1209=LINE('',#1208,#1207);
#1210=DIRECTION('',(0.E0,9.473903143481E-14,1.E0));
#1211=VECTOR('',#1210,8.999999999987E-1);
#1212=CARTESIAN_POINT('',(-6.8E0,1.18E1,1.155E1));
#1213=LINE('',#1212,#1211);
#1214=CARTESIAN_POINT('',(-6.8E0,1.15E1,1.245E1));
#1215=DIRECTION('',(1.E0,0.E0,0.E0));
#1216=DIRECTION('',(0.E0,1.E0,-1.968203378055E-11));
#1217=AXIS2_PLACEMENT_3D('',#1214,#1215,#1216);
#1219=DIRECTION('',(1.E0,0.E0,0.E0));
#1220=VECTOR('',#1219,2.2E0);
#1221=CARTESIAN_POINT('',(-9.E0,1.1E1,1.21E1));
#1222=LINE('',#1221,#1220);
#1223=DIRECTION('',(-1.E0,0.E0,0.E0));
#1224=VECTOR('',#1223,2.2E0);
#1225=CARTESIAN_POINT('',(-6.8E0,1.1E1,1.275E1));
#1226=LINE('',#1225,#1224);
#1227=DIRECTION('',(-6.285570354801E-14,0.E0,1.E0));
#1228=VECTOR('',#1227,6.5E-1);
#1229=CARTESIAN_POINT('',(-9.E0,1.1E1,1.21E1));
#1230=LINE('',#1229,#1228);
#1231=CARTESIAN_POINT('',(-9.E0,1.15E1,1.245E1));
#1232=DIRECTION('',(-1.E0,0.E0,0.E0));
#1233=DIRECTION('',(0.E0,-2.325251102775E-11,1.E0));
#1234=AXIS2_PLACEMENT_3D('',#1231,#1232,#1233);
#1236=DIRECTION('',(0.E0,-9.473903143442E-14,-1.E0));
#1237=VECTOR('',#1236,9.000000000025E-1);
#1238=CARTESIAN_POINT('',(-9.E0,1.18E1,1.245E1));
#1239=LINE('',#1238,#1237);
#1240=DIRECTION('',(3.239238942436E-14,-1.E0,0.E0));
#1241=VECTOR('',#1240,1.7E0);
#1242=CARTESIAN_POINT('',(-9.E0,1.18E1,1.155E1));
#1243=LINE('',#1242,#1241);
#1244=DIRECTION('',(1.776356839400E-14,0.E0,1.E0));
#1245=VECTOR('',#1244,5.E-1);
#1246=CARTESIAN_POINT('',(-9.E0,1.01E1,1.155E1));
#1247=LINE('',#1246,#1245);
#1248=DIRECTION('',(0.E0,1.E0,0.E0));
#1249=VECTOR('',#1248,1.E0);
#1250=CARTESIAN_POINT('',(-9.E0,1.01E1,1.205E1));
#1251=LINE('',#1250,#1249);
#1252=DIRECTION('',(-3.552713678801E-14,-1.953992523341E-12,1.E0));
#1253=VECTOR('',#1252,4.999999999999E-2);
#1254=CARTESIAN_POINT('',(-9.E0,1.11E1,1.205E1));
#1255=LINE('',#1254,#1253);
#1256=DIRECTION('',(5.329070518205E-14,-1.E0,0.E0));
#1257=VECTOR('',#1256,9.999999999992E-2);
#1258=CARTESIAN_POINT('',(-9.E0,1.11E1,1.21E1));
#1259=LINE('',#1258,#1257);
#1260=DIRECTION('',(0.E0,-1.E0,0.E0));
#1261=VECTOR('',#1260,4.999999999984E-1);
#1262=CARTESIAN_POINT('',(-9.E0,1.15E1,1.275E1));
#1263=LINE('',#1262,#1261);
#1264=DIRECTION('',(0.E0,1.E0,0.E0));
#1265=VECTOR('',#1264,5.000000000023E-1);
#1266=CARTESIAN_POINT('',(-6.8E0,1.1E1,1.275E1));
#1267=LINE('',#1266,#1265);
#1268=CARTESIAN_POINT('',(1.8E1,9.5E0,1.275E1));
#1269=DIRECTION('',(0.E0,0.E0,1.E0));
#1270=DIRECTION('',(-1.E0,0.E0,0.E0));
#1271=AXIS2_PLACEMENT_3D('',#1268,#1269,#1270);
#1273=CARTESIAN_POINT('',(1.8E1,9.5E0,1.275E1));
#1274=DIRECTION('',(0.E0,0.E0,1.E0));
#1275=DIRECTION('',(1.E0,0.E0,0.E0));
#1276=AXIS2_PLACEMENT_3D('',#1273,#1274,#1275);
#1278=CARTESIAN_POINT('',(-1.8E1,9.5E0,1.275E1));
#1279=DIRECTION('',(0.E0,0.E0,1.E0));
#1280=DIRECTION('',(-1.E0,0.E0,0.E0));
#1281=AXIS2_PLACEMENT_3D('',#1278,#1279,#1280);
#1283=CARTESIAN_POINT('',(-1.8E1,9.5E0,1.275E1));
#1284=DIRECTION('',(0.E0,0.E0,1.E0));
#1285=DIRECTION('',(1.E0,0.E0,0.E0));
#1286=AXIS2_PLACEMENT_3D('',#1283,#1284,#1285);
#1288=DIRECTION('',(1.E0,0.E0,1.287858708565E-13));
#1289=VECTOR('',#1288,1.36E1);
#1290=CARTESIAN_POINT('',(-6.8E0,1.18E1,1.245E1));
#1291=LINE('',#1290,#1289);
#1292=DIRECTION('',(-1.E0,1.298307866444E-13,0.E0));
#1293=VECTOR('',#1292,1.36E1);
#1294=CARTESIAN_POINT('',(6.8E0,1.15E1,1.275E1));
#1295=LINE('',#1294,#1293);
#1296=CARTESIAN_POINT('',(-2.475E1,1.18E1,1.205E1));
#1297=DIRECTION('',(0.E0,-1.E0,0.E0));
#1298=DIRECTION('',(-1.665334536934E-11,0.E0,1.E0));
#1299=AXIS2_PLACEMENT_3D('',#1296,#1297,#1298);
#1301=CARTESIAN_POINT('',(-2.475E1,1.18E1,-1.205E1));
#1302=DIRECTION('',(0.E0,-1.E0,0.E0));
#1303=DIRECTION('',(-1.E0,0.E0,-3.152145211508E-11));
#1304=AXIS2_PLACEMENT_3D('',#1301,#1302,#1303);
#1306=CARTESIAN_POINT('',(2.475E1,1.18E1,-1.205E1));
#1307=DIRECTION('',(0.E0,-1.E0,0.E0));
#1308=DIRECTION('',(1.665334536934E-11,0.E0,-1.E0));
#1309=AXIS2_PLACEMENT_3D('',#1306,#1307,#1308);
#1311=CARTESIAN_POINT('',(2.475E1,1.18E1,1.205E1));
#1312=DIRECTION('',(0.E0,-1.E0,0.E0));
#1313=DIRECTION('',(1.E0,0.E0,3.152145211508E-11));
#1314=AXIS2_PLACEMENT_3D('',#1311,#1312,#1313);
#1316=CARTESIAN_POINT('',(2.286E1,1.18E1,-1.016E1));
#1317=DIRECTION('',(0.E0,1.E0,0.E0));
#1318=DIRECTION('',(1.E0,0.E0,0.E0));
#1319=AXIS2_PLACEMENT_3D('',#1316,#1317,#1318);
#1321=CARTESIAN_POINT('',(2.286E1,1.18E1,-1.016E1));
#1322=DIRECTION('',(0.E0,1.E0,0.E0));
#1323=DIRECTION('',(-1.E0,0.E0,0.E0));
#1324=AXIS2_PLACEMENT_3D('',#1321,#1322,#1323);
#1326=CARTESIAN_POINT('',(2.286E1,1.18E1,0.E0));
#1327=DIRECTION('',(0.E0,1.E0,0.E0));
#1328=DIRECTION('',(1.E0,0.E0,-2.263875513445E-10));
#1329=AXIS2_PLACEMENT_3D('',#1326,#1327,#1328);
#1331=CARTESIAN_POINT('',(2.286E1,1.18E1,0.E0));
#1332=DIRECTION('',(0.E0,1.E0,0.E0));
#1333=DIRECTION('',(-1.E0,0.E0,0.E0));
#1334=AXIS2_PLACEMENT_3D('',#1331,#1332,#1333);
#1336=CARTESIAN_POINT('',(2.286E1,1.18E1,1.016E1));
#1337=DIRECTION('',(0.E0,1.E0,0.E0));
#1338=DIRECTION('',(1.E0,0.E0,0.E0));
#1339=AXIS2_PLACEMENT_3D('',#1336,#1337,#1338);
#1341=CARTESIAN_POINT('',(2.286E1,1.18E1,1.016E1));
#1342=DIRECTION('',(0.E0,1.E0,0.E0));
#1343=DIRECTION('',(-1.E0,0.E0,0.E0));
#1344=AXIS2_PLACEMENT_3D('',#1341,#1342,#1343);
#1346=CARTESIAN_POINT('',(-2.286E1,1.18E1,-2.54E0));
#1347=DIRECTION('',(0.E0,1.E0,0.E0));
#1348=DIRECTION('',(1.E0,0.E0,0.E0));
#1349=AXIS2_PLACEMENT_3D('',#1346,#1347,#1348);
#1351=CARTESIAN_POINT('',(-2.286E1,1.18E1,-2.54E0));
#1352=DIRECTION('',(0.E0,1.E0,0.E0));
#1353=DIRECTION('',(-1.E0,0.E0,0.E0));
#1354=AXIS2_PLACEMENT_3D('',#1351,#1352,#1353);
#1356=CARTESIAN_POINT('',(-2.286E1,1.18E1,-7.62E0));
#1357=DIRECTION('',(0.E0,1.E0,0.E0));
#1358=DIRECTION('',(1.E0,0.E0,0.E0));
#1359=AXIS2_PLACEMENT_3D('',#1356,#1357,#1358);
#1361=CARTESIAN_POINT('',(-2.286E1,1.18E1,-7.62E0));
#1362=DIRECTION('',(0.E0,1.E0,0.E0));
#1363=DIRECTION('',(-1.E0,0.E0,0.E0));
#1364=AXIS2_PLACEMENT_3D('',#1361,#1362,#1363);
#1366=CARTESIAN_POINT('',(-2.286E1,1.18E1,7.62E0));
#1367=DIRECTION('',(0.E0,1.E0,0.E0));
#1368=DIRECTION('',(1.E0,0.E0,0.E0));
#1369=AXIS2_PLACEMENT_3D('',#1366,#1367,#1368);
#1371=CARTESIAN_POINT('',(-2.286E1,1.18E1,7.62E0));
#1372=DIRECTION('',(0.E0,1.E0,0.E0));
#1373=DIRECTION('',(-1.E0,0.E0,0.E0));
#1374=AXIS2_PLACEMENT_3D('',#1371,#1372,#1373);
#1376=DIRECTION('',(1.E0,0.E0,0.E0));
#1377=VECTOR('',#1376,2.2E0);
#1378=CARTESIAN_POINT('',(-9.E0,1.18E1,1.155E1));
#1379=LINE('',#1378,#1377);
#1380=DIRECTION('',(0.E0,-1.E0,0.E0));
#1381=VECTOR('',#1380,1.7E0);
#1382=CARTESIAN_POINT('',(-6.8E0,1.18E1,1.155E1));
#1383=LINE('',#1382,#1381);
#1384=DIRECTION('',(1.E0,0.E0,0.E0));
#1385=VECTOR('',#1384,2.2E0);
#1386=CARTESIAN_POINT('',(-9.E0,1.01E1,1.155E1));
#1387=LINE('',#1386,#1385);
#1388=DIRECTION('',(0.E0,0.E0,1.E0));
#1389=VECTOR('',#1388,5.E-1);
#1390=CARTESIAN_POINT('',(-6.8E0,1.01E1,1.155E1));
#1391=LINE('',#1390,#1389);
#1392=DIRECTION('',(-1.E0,0.E0,0.E0));
#1393=VECTOR('',#1392,2.2E0);
#1394=CARTESIAN_POINT('',(-6.8E0,1.01E1,1.205E1));
#1395=LINE('',#1394,#1393);
#1396=DIRECTION('',(-1.E0,1.365821036517E-13,1.037617963333E-14));
#1397=VECTOR('',#1396,1.574999999999E1);
#1398=CARTESIAN_POINT('',(-9.E0,1.15E1,1.275E1));
#1399=LINE('',#1398,#1397);
#1400=DIRECTION('',(1.E0,0.E0,1.186493584158E-13));
#1401=VECTOR('',#1400,1.575E1);
#1402=CARTESIAN_POINT('',(-2.475E1,1.18E1,1.245E1));
#1403=LINE('',#1402,#1401);
#1404=CARTESIAN_POINT('',(-2.475E1,1.15E1,1.245E1));
#1405=DIRECTION('',(1.E0,0.E0,7.242262345386E-13));
#1406=DIRECTION('',(0.E0,1.E0,-2.670456448565E-12));
#1407=AXIS2_PLACEMENT_3D('',#1404,#1405,#1406);
#1409=CARTESIAN_POINT('',(-2.475E1,1.15E1,1.205E1));
#1410=DIRECTION('',(0.E0,-1.E0,0.E0));
#1411=DIRECTION('',(0.E0,0.E0,1.E0));
#1412=AXIS2_PLACEMENT_3D('',#1409,#1410,#1411);
#1414=CARTESIAN_POINT('',(-2.515E1,1.15E1,1.205E1));
#1415=DIRECTION('',(7.321643291647E-13,0.E0,-1.E0));
#1416=DIRECTION('',(-1.E0,0.E0,-7.342274936188E-13));
#1417=AXIS2_PLACEMENT_3D('',#1414,#1415,#1416);
#1419=DIRECTION('',(-1.842147833452E-14,1.E0,-2.236893797763E-14));
#1420=VECTOR('',#1419,1.08E1);
#1421=CARTESIAN_POINT('',(-2.545E1,7.E-1,1.205000000008E1));
#1422=LINE('',#1421,#1420);
#1423=DIRECTION('',(2.236893797763E-14,-1.E0,-1.842147833452E-14));
#1424=VECTOR('',#1423,1.08E1);
#1425=CARTESIAN_POINT('',(-2.474999999999E1,1.15E1,1.275E1));
#1426=LINE('',#1425,#1424);
#1427=DIRECTION('',(2.203998300737E-14,1.E0,-2.319132540328E-14));
#1428=VECTOR('',#1427,1.08E1);
#1429=CARTESIAN_POINT('',(-2.475000000003E1,7.E-1,-1.275E1));
#1430=LINE('',#1429,#1428);
#1431=DIRECTION('',(2.335580288841E-14,-1.E0,2.220446049250E-14));
#1432=VECTOR('',#1431,1.08E1);
#1433=CARTESIAN_POINT('',(-2.545E1,1.15E1,-1.205000000001E1));
#1434=LINE('',#1433,#1432);
#1435=CARTESIAN_POINT('',(-1.8E1,9.5E0,-1.275E1));
#1436=DIRECTION('',(0.E0,0.E0,-1.E0));
#1437=DIRECTION('',(1.E0,0.E0,0.E0));
#1438=AXIS2_PLACEMENT_3D('',#1435,#1436,#1437);
#1440=CARTESIAN_POINT('',(-1.8E1,9.5E0,-1.275E1));
#1441=DIRECTION('',(0.E0,0.E0,-1.E0));
#1442=DIRECTION('',(9.370805514516E-1,-3.491132195880E-1,0.E0));
#1443=AXIS2_PLACEMENT_3D('',#1440,#1441,#1442);
#1445=CARTESIAN_POINT('',(-1.8E1,9.5E0,-1.275E1));
#1446=DIRECTION('',(0.E0,0.E0,-1.E0));
#1447=DIRECTION('',(-1.E0,0.E0,0.E0));
#1448=AXIS2_PLACEMENT_3D('',#1445,#1446,#1447);
#1450=CARTESIAN_POINT('',(-1.8E1,9.5E0,-1.275E1));
#1451=DIRECTION('',(0.E0,0.E0,-1.E0));
#1452=DIRECTION('',(-9.370805514516E-1,3.491132195880E-1,0.E0));
#1453=AXIS2_PLACEMENT_3D('',#1450,#1451,#1452);
#1455=CARTESIAN_POINT('',(1.8E1,9.5E0,-1.275E1));
#1456=DIRECTION('',(0.E0,0.E0,-1.E0));
#1457=DIRECTION('',(1.E0,-9.355479354252E-13,0.E0));
#1458=AXIS2_PLACEMENT_3D('',#1455,#1456,#1457);
#1460=CARTESIAN_POINT('',(1.8E1,9.5E0,-1.275E1));
#1461=DIRECTION('',(0.E0,0.E0,-1.E0));
#1462=DIRECTION('',(9.370805514516E-1,-3.491132195880E-1,0.E0));
#1463=AXIS2_PLACEMENT_3D('',#1460,#1461,#1462);
#1465=CARTESIAN_POINT('',(1.8E1,9.5E0,-1.275E1));
#1466=DIRECTION('',(0.E0,0.E0,-1.E0));
#1467=DIRECTION('',(-1.E0,-9.394953950685E-13,0.E0));
#1468=AXIS2_PLACEMENT_3D('',#1465,#1466,#1467);
#1470=CARTESIAN_POINT('',(1.8E1,9.5E0,-1.275E1));
#1471=DIRECTION('',(0.E0,0.E0,-1.E0));
#1472=DIRECTION('',(-9.370805514516E-1,3.491132195880E-1,0.E0));
#1473=AXIS2_PLACEMENT_3D('',#1470,#1471,#1472);
#1475=DIRECTION('',(0.E0,0.E0,-1.E0));
#1476=VECTOR('',#1475,6.500000000001E-1);
#1477=CARTESIAN_POINT('',(-6.8E0,1.1E1,-1.21E1));
#1478=LINE('',#1477,#1476);
#1479=DIRECTION('',(0.E0,1.E0,0.E0));
#1480=VECTOR('',#1479,5.E-1);
#1481=CARTESIAN_POINT('',(-6.8E0,1.1E1,-1.275E1));
#1482=LINE('',#1481,#1480);
#1483=CARTESIAN_POINT('',(-6.8E0,1.15E1,-1.245E1));
#1484=DIRECTION('',(1.E0,0.E0,0.E0));
#1485=DIRECTION('',(0.E0,1.158776778235E-11,-1.E0));
#1486=AXIS2_PLACEMENT_3D('',#1483,#1484,#1485);
#1488=DIRECTION('',(0.E0,-9.473903143477E-14,1.E0));
#1489=VECTOR('',#1488,8.999999999991E-1);
#1490=CARTESIAN_POINT('',(-6.8E0,1.18E1,-1.245E1));
#1491=LINE('',#1490,#1489);
#1492=DIRECTION('',(0.E0,-1.E0,0.E0));
#1493=VECTOR('',#1492,1.7E0);
#1494=CARTESIAN_POINT('',(-6.8E0,1.18E1,-1.155E1));
#1495=LINE('',#1494,#1493);
#1496=DIRECTION('',(-1.421085471520E-14,0.E0,-1.E0));
#1497=VECTOR('',#1496,5.E-1);
#1498=CARTESIAN_POINT('',(-6.8E0,1.01E1,-1.155E1));
#1499=LINE('',#1498,#1497);
#1500=DIRECTION('',(0.E0,1.E0,0.E0));
#1501=VECTOR('',#1500,1.E0);
#1502=CARTESIAN_POINT('',(-6.8E0,1.01E1,-1.205E1));
#1503=LINE('',#1502,#1501);
#1504=DIRECTION('',(0.E0,-1.E0,9.059419880941E-13));
#1505=VECTOR('',#1504,1.E-1);
#1506=CARTESIAN_POINT('',(-6.8E0,1.11E1,-1.21E1));
#1507=LINE('',#1506,#1505);
#1508=DIRECTION('',(1.E0,0.E0,0.E0));
#1509=VECTOR('',#1508,2.2E0);
#1510=CARTESIAN_POINT('',(-9.E0,1.1E1,-1.275E1));
#1511=LINE('',#1510,#1509);
#1512=DIRECTION('',(-1.E0,0.E0,0.E0));
#1513=VECTOR('',#1512,2.2E0);
#1514=CARTESIAN_POINT('',(-6.8E0,1.1E1,-1.21E1));
#1515=LINE('',#1514,#1513);
#1516=DIRECTION('',(-9.838284033599E-14,0.E0,1.E0));
#1517=VECTOR('',#1516,6.500000000001E-1);
#1518=CARTESIAN_POINT('',(-9.E0,1.1E1,-1.275E1));
#1519=LINE('',#1518,#1517);
#1520=DIRECTION('',(-3.552713678800E-14,1.E0,4.796163466380E-13));
#1521=VECTOR('',#1520,1.E-1);
#1522=CARTESIAN_POINT('',(-9.E0,1.1E1,-1.21E1));
#1523=LINE('',#1522,#1521);
#1524=DIRECTION('',(-7.105427357615E-14,0.E0,1.E0));
#1525=VECTOR('',#1524,4.999999999990E-2);
#1526=CARTESIAN_POINT('',(-9.E0,1.11E1,-1.21E1));
#1527=LINE('',#1526,#1525);
#1528=DIRECTION('',(0.E0,-1.E0,0.E0));
#1529=VECTOR('',#1528,1.E0);
#1530=CARTESIAN_POINT('',(-9.E0,1.11E1,-1.205E1));
#1531=LINE('',#1530,#1529);
#1532=DIRECTION('',(0.E0,9.473903143486E-14,-1.E0));
#1533=VECTOR('',#1532,8.999999999983E-1);
#1534=CARTESIAN_POINT('',(-9.E0,1.18E1,-1.155E1));
#1535=LINE('',#1534,#1533);
#1536=CARTESIAN_POINT('',(-9.E0,1.15E1,-1.245E1));
#1537=DIRECTION('',(-1.E0,0.E0,0.E0));
#1538=DIRECTION('',(0.E0,1.E0,2.066495123169E-11));
#1539=AXIS2_PLACEMENT_3D('',#1536,#1537,#1538);
#1541=DIRECTION('',(0.E0,-1.E0,0.E0));
#1542=VECTOR('',#1541,5.000000000010E-1);
#1543=CARTESIAN_POINT('',(-9.E0,1.15E1,-1.275E1));
#1544=LINE('',#1543,#1542);
#1545=DIRECTION('',(1.E0,0.E0,0.E0));
#1546=VECTOR('',#1545,1.575E1);
#1547=CARTESIAN_POINT('',(-2.475E1,1.11E1,-1.21E1));
#1548=LINE('',#1547,#1546);
#1549=CARTESIAN_POINT('',(1.8E1,9.5E0,-1.21E1));
#1550=DIRECTION('',(0.E0,0.E0,1.E0));
#1551=DIRECTION('',(-1.E0,1.466836337782E-8,0.E0));
#1552=AXIS2_PLACEMENT_3D('',#1549,#1550,#1551);
#1554=CARTESIAN_POINT('',(1.8E1,9.5E0,-1.21E1));
#1555=DIRECTION('',(0.E0,0.E0,1.E0));
#1556=DIRECTION('',(1.E0,-1.466836337782E-8,0.E0));
#1557=AXIS2_PLACEMENT_3D('',#1554,#1555,#1556);
#1559=CARTESIAN_POINT('',(-1.8E1,9.5E0,-1.21E1));
#1560=DIRECTION('',(0.E0,0.E0,1.E0));
#1561=DIRECTION('',(-1.E0,1.466835975185E-8,0.E0));
#1562=AXIS2_PLACEMENT_3D('',#1559,#1560,#1561);
#1564=CARTESIAN_POINT('',(-1.8E1,9.5E0,-1.21E1));
#1565=DIRECTION('',(0.E0,0.E0,1.E0));
#1566=DIRECTION('',(1.E0,-1.466835975185E-8,0.E0));
#1567=AXIS2_PLACEMENT_3D('',#1564,#1565,#1566);
#1569=DIRECTION('',(-1.E0,0.E0,0.E0));
#1570=VECTOR('',#1569,1.36E1);
#1571=CARTESIAN_POINT('',(6.8E0,1.11E1,-1.21E1));
#1572=LINE('',#1571,#1570);
#1573=DIRECTION('',(-7.105427357595E-14,0.E0,1.E0));
#1574=VECTOR('',#1573,5.000000000005E-2);
#1575=CARTESIAN_POINT('',(-6.8E0,1.11E1,-1.21E1));
#1576=LINE('',#1575,#1574);
#1577=DIRECTION('',(1.E0,0.E0,0.E0));
#1578=VECTOR('',#1577,1.36E1);
#1579=CARTESIAN_POINT('',(-6.8E0,1.11E1,-1.205E1));
#1580=LINE('',#1579,#1578);
#1581=DIRECTION('',(1.E0,0.E0,0.E0));
#1582=VECTOR('',#1581,4.6E1);
#1583=CARTESIAN_POINT('',(-2.3E1,8.299999999999E0,-1.205E1));
#1584=LINE('',#1583,#1582);
#1585=DIRECTION('',(1.E0,-2.373212737437E-13,-9.947598300635E-14));
#1586=VECTOR('',#1585,1.250000000001E0);
#1587=CARTESIAN_POINT('',(-2.425E1,9.4E0,-1.205E1));
#1588=LINE('',#1587,#1586);
#1589=CARTESIAN_POINT('',(-1.8E1,9.6E0,-1.205E1));
#1590=DIRECTION('',(0.E0,0.E0,-1.E0));
#1591=DIRECTION('',(1.E0,-3.389880968522E-12,0.E0));
#1592=AXIS2_PLACEMENT_3D('',#1589,#1590,#1591);
#1594=CARTESIAN_POINT('',(-1.8E1,9.6E0,-1.205E1));
#1595=DIRECTION('',(0.E0,0.E0,-1.E0));
#1596=DIRECTION('',(-1.E0,-3.389880968522E-12,0.E0));
#1597=AXIS2_PLACEMENT_3D('',#1594,#1595,#1596);
#1599=CARTESIAN_POINT('',(0.E0,9.6E0,-1.205E1));
#1600=DIRECTION('',(0.E0,0.E0,-1.E0));
#1601=DIRECTION('',(1.E0,-3.389880968522E-12,0.E0));
#1602=AXIS2_PLACEMENT_3D('',#1599,#1600,#1601);
#1604=CARTESIAN_POINT('',(0.E0,9.6E0,-1.205E1));
#1605=DIRECTION('',(0.E0,0.E0,-1.E0));
#1606=DIRECTION('',(-1.E0,-3.389880968522E-12,0.E0));
#1607=AXIS2_PLACEMENT_3D('',#1604,#1605,#1606);
#1609=CARTESIAN_POINT('',(1.8E1,9.6E0,-1.205E1));
#1610=DIRECTION('',(0.E0,0.E0,-1.E0));
#1611=DIRECTION('',(1.E0,-3.389880968522E-12,0.E0));
#1612=AXIS2_PLACEMENT_3D('',#1609,#1610,#1611);
#1614=CARTESIAN_POINT('',(1.8E1,9.6E0,-1.205E1));
#1615=DIRECTION('',(0.E0,0.E0,-1.E0));
#1616=DIRECTION('',(-1.E0,-3.389880968522E-12,0.E0));
#1617=AXIS2_PLACEMENT_3D('',#1614,#1615,#1616);
#1619=DIRECTION('',(-1.044915787882E-14,1.E0,6.739706831841E-13));
#1620=VECTOR('',#1619,1.7E0);
#1621=CARTESIAN_POINT('',(2.475E1,9.4E0,-1.155E1));
#1622=LINE('',#1621,#1620);
#1623=DIRECTION('',(-1.274797261216E-13,-1.E0,0.E0));
#1624=VECTOR('',#1623,1.7E0);
#1625=CARTESIAN_POINT('',(2.425E1,1.11E1,-1.205E1));
#1626=LINE('',#1625,#1624);
#1627=DIRECTION('',(-2.186285340800E-14,0.E0,-1.E0));
#1628=VECTOR('',#1627,6.500000000001E-1);
#1629=CARTESIAN_POINT('',(9.E0,1.1E1,-1.21E1));
#1630=LINE('',#1629,#1628);
#1631=DIRECTION('',(0.E0,1.E0,0.E0));
#1632=VECTOR('',#1631,5.000000000006E-1);
#1633=CARTESIAN_POINT('',(9.E0,1.1E1,-1.275E1));
#1634=LINE('',#1633,#1632);
#1635=CARTESIAN_POINT('',(9.E0,1.15E1,-1.245E1));
#1636=DIRECTION('',(1.E0,0.E0,0.E0));
#1637=DIRECTION('',(0.E0,1.096604288856E-11,-1.E0));
#1638=AXIS2_PLACEMENT_3D('',#1635,#1636,#1637);
#1640=DIRECTION('',(0.E0,-9.473903143480E-14,1.E0));
#1641=VECTOR('',#1640,8.999999999988E-1);
#1642=CARTESIAN_POINT('',(9.E0,1.18E1,-1.245E1));
#1643=LINE('',#1642,#1641);
#1644=DIRECTION('',(-3.239238942436E-14,-1.E0,0.E0));
#1645=VECTOR('',#1644,1.7E0);
#1646=CARTESIAN_POINT('',(9.E0,1.18E1,-1.155E1));
#1647=LINE('',#1646,#1645);
#1648=DIRECTION('',(-1.776356839400E-14,0.E0,-1.E0));
#1649=VECTOR('',#1648,5.E-1);
#1650=CARTESIAN_POINT('',(9.E0,1.01E1,-1.155E1));
#1651=LINE('',#1650,#1649);
#1652=DIRECTION('',(0.E0,1.E0,0.E0));
#1653=VECTOR('',#1652,1.E0);
#1654=CARTESIAN_POINT('',(9.E0,1.01E1,-1.205E1));
#1655=LINE('',#1654,#1653);
#1656=DIRECTION('',(1.065814103640E-13,-1.953992523341E-12,-1.E0));
#1657=VECTOR('',#1656,4.999999999999E-2);
#1658=CARTESIAN_POINT('',(9.E0,1.11E1,-1.205E1));
#1659=LINE('',#1658,#1657);
#1660=DIRECTION('',(0.E0,-1.E0,4.618527782445E-13));
#1661=VECTOR('',#1660,9.999999999992E-2);
#1662=CARTESIAN_POINT('',(9.E0,1.11E1,-1.21E1));
#1663=LINE('',#1662,#1661);
#1664=DIRECTION('',(1.E0,0.E0,0.E0));
#1665=VECTOR('',#1664,2.2E0);
#1666=CARTESIAN_POINT('',(6.8E0,1.1E1,-1.275E1));
#1667=LINE('',#1666,#1665);
#1668=DIRECTION('',(-1.E0,0.E0,0.E0));
#1669=VECTOR('',#1668,2.2E0);
#1670=CARTESIAN_POINT('',(9.E0,1.1E1,-1.21E1));
#1671=LINE('',#1670,#1669);
#1672=DIRECTION('',(0.E0,0.E0,1.E0));
#1673=VECTOR('',#1672,6.500000000001E-1);
#1674=CARTESIAN_POINT('',(6.8E0,1.1E1,-1.275E1));
#1675=LINE('',#1674,#1673);
#1676=DIRECTION('',(-3.552713678801E-14,1.E0,-9.059419880941E-13));
#1677=VECTOR('',#1676,1.E-1);
#1678=CARTESIAN_POINT('',(6.8E0,1.1E1,-1.21E1));
#1679=LINE('',#1678,#1677);
#1680=DIRECTION('',(-7.105427357594E-14,0.E0,1.E0));
#1681=VECTOR('',#1680,5.000000000005E-2);
#1682=CARTESIAN_POINT('',(6.8E0,1.11E1,-1.21E1));
#1683=LINE('',#1682,#1681);
#1684=DIRECTION('',(0.E0,-1.E0,0.E0));
#1685=VECTOR('',#1684,1.E0);
#1686=CARTESIAN_POINT('',(6.8E0,1.11E1,-1.205E1));
#1687=LINE('',#1686,#1685);
#1688=DIRECTION('',(0.E0,9.473903143481E-14,-1.E0));
#1689=VECTOR('',#1688,8.999999999987E-1);
#1690=CARTESIAN_POINT('',(6.8E0,1.18E1,-1.155E1));
#1691=LINE('',#1690,#1689);
#1692=CARTESIAN_POINT('',(6.8E0,1.15E1,-1.245E1));
#1693=DIRECTION('',(-1.E0,0.E0,0.E0));
#1694=DIRECTION('',(0.E0,1.E0,1.968203378055E-11));
#1695=AXIS2_PLACEMENT_3D('',#1692,#1693,#1694);
#1697=DIRECTION('',(0.E0,-1.E0,0.E0));
#1698=VECTOR('',#1697,5.000000000004E-1);
#1699=CARTESIAN_POINT('',(6.8E0,1.15E1,-1.275E1));
#1700=LINE('',#1699,#1698);
#1701=DIRECTION('',(-1.E0,0.E0,0.E0));
#1702=VECTOR('',#1701,2.2E0);
#1703=CARTESIAN_POINT('',(9.E0,1.01E1,-1.155E1));
#1704=LINE('',#1703,#1702);
#1705=DIRECTION('',(0.E0,0.E0,-1.E0));
#1706=VECTOR('',#1705,5.E-1);
#1707=CARTESIAN_POINT('',(6.8E0,1.01E1,-1.155E1));
#1708=LINE('',#1707,#1706);
#1709=DIRECTION('',(1.E0,0.E0,0.E0));
#1710=VECTOR('',#1709,2.2E0);
#1711=CARTESIAN_POINT('',(6.8E0,1.01E1,-1.205E1));
#1712=LINE('',#1711,#1710);
#1713=DIRECTION('',(-1.E0,0.E0,0.E0));
#1714=VECTOR('',#1713,2.2E0);
#1715=CARTESIAN_POINT('',(9.E0,1.18E1,-1.155E1));
#1716=LINE('',#1715,#1714);
#1717=DIRECTION('',(0.E0,-1.E0,0.E0));
#1718=VECTOR('',#1717,1.7E0);
#1719=CARTESIAN_POINT('',(6.8E0,1.18E1,-1.155E1));
#1720=LINE('',#1719,#1718);
#1721=DIRECTION('',(1.E0,2.834334074631E-14,0.E0));
#1722=VECTOR('',#1721,1.36E1);
#1723=CARTESIAN_POINT('',(-6.8E0,1.15E1,-1.275E1));
#1724=LINE('',#1723,#1722);
#1725=DIRECTION('',(-1.E0,0.E0,-2.821272627283E-14));
#1726=VECTOR('',#1725,1.36E1);
#1727=CARTESIAN_POINT('',(6.8E0,1.18E1,-1.245E1));
#1728=LINE('',#1727,#1726);
#1729=DIRECTION('',(1.E0,-6.146758587133E-14,0.E0));
#1730=VECTOR('',#1729,1.574999999999E1);
#1731=CARTESIAN_POINT('',(9.E0,1.15E1,-1.275E1));
#1732=LINE('',#1731,#1730);
#1733=DIRECTION('',(-1.E0,0.E0,1.126717766705E-13));
#1734=VECTOR('',#1733,1.575E1);
#1735=CARTESIAN_POINT('',(2.475E1,1.18E1,-1.245E1));
#1736=LINE('',#1735,#1734);
#1737=CARTESIAN_POINT('',(2.475E1,1.15E1,-1.245E1));
#1738=DIRECTION('',(-1.E0,0.E0,-7.242262345386E-13));
#1739=DIRECTION('',(0.E0,1.E0,2.670456448565E-12));
#1740=AXIS2_PLACEMENT_3D('',#1737,#1738,#1739);
#1742=CARTESIAN_POINT('',(2.475E1,1.15E1,-1.205E1));
#1743=DIRECTION('',(0.E0,-1.E0,0.E0));
#1744=DIRECTION('',(0.E0,0.E0,-1.E0));
#1745=AXIS2_PLACEMENT_3D('',#1742,#1743,#1744);
#1747=CARTESIAN_POINT('',(2.515E1,1.15E1,-1.205E1));
#1748=DIRECTION('',(-7.321643291647E-13,0.E0,1.E0));
#1749=DIRECTION('',(1.E0,0.E0,7.342274936188E-13));
#1750=AXIS2_PLACEMENT_3D('',#1747,#1748,#1749);
#1752=DIRECTION('',(1.842147833452E-14,1.E0,2.220446049250E-14));
#1753=VECTOR('',#1752,1.08E1);
#1754=CARTESIAN_POINT('',(2.545E1,7.E-1,-1.205000000008E1));
#1755=LINE('',#1754,#1753);
#1756=DIRECTION('',(-2.236893797763E-14,-1.E0,1.842147833452E-14));
#1757=VECTOR('',#1756,1.08E1);
#1758=CARTESIAN_POINT('',(2.474999999999E1,1.15E1,-1.275E1));
#1759=LINE('',#1758,#1757);
#1760=DIRECTION('',(3.595576511425E-11,1.E0,2.319132540328E-14));
#1761=VECTOR('',#1760,1.08E1);
#1762=CARTESIAN_POINT('',(2.474999999953E1,7.E-1,1.275E1));
#1763=LINE('',#1762,#1761);
#1764=DIRECTION('',(-2.335580288841E-14,-1.E0,1.930373556476E-11));
#1765=VECTOR('',#1764,1.08E1);
#1766=CARTESIAN_POINT('',(2.545E1,1.15E1,1.205000000010E1));
#1767=LINE('',#1766,#1765);
#1768=CARTESIAN_POINT('',(2.515E1,1.15E1,1.205E1));
#1769=DIRECTION('',(7.180089856007E-13,0.E0,-1.E0));
#1770=DIRECTION('',(-3.339550858072E-12,1.E0,0.E0));
#1771=AXIS2_PLACEMENT_3D('',#1768,#1769,#1770);
#1773=CARTESIAN_POINT('',(2.475E1,1.15E1,1.205E1));
#1774=DIRECTION('',(0.E0,-1.E0,0.E0));
#1775=DIRECTION('',(1.E0,0.E0,2.826412120218E-10));
#1776=AXIS2_PLACEMENT_3D('',#1773,#1774,#1775);
#1778=CARTESIAN_POINT('',(2.475E1,1.15E1,1.245E1));
#1779=DIRECTION('',(-1.E0,0.E0,-7.232825449677E-13));
#1780=DIRECTION('',(-7.223851146894E-13,-8.348877145181E-13,1.E0));
#1781=AXIS2_PLACEMENT_3D('',#1778,#1779,#1780);
#1783=DIRECTION('',(0.E0,0.E0,-1.E0));
#1784=VECTOR('',#1783,2.410000000001E1);
#1785=CARTESIAN_POINT('',(2.515E1,1.18E1,1.205E1));
#1786=LINE('',#1785,#1784);
#1787=DIRECTION('',(0.E0,0.E0,1.E0));
#1788=VECTOR('',#1787,2.410000000018E1);
#1789=CARTESIAN_POINT('',(2.545E1,1.15E1,-1.205000000008E1));
#1790=LINE('',#1789,#1788);
#1791=DIRECTION('',(1.E0,0.E0,1.522591576629E-13));
#1792=VECTOR('',#1791,1.575E1);
#1793=CARTESIAN_POINT('',(9.E0,1.18E1,1.245E1));
#1794=LINE('',#1793,#1792);
#1795=DIRECTION('',(-1.E0,1.153786061407E-13,-1.308300910295E-14));
#1796=VECTOR('',#1795,1.574999999992E1);
#1797=CARTESIAN_POINT('',(2.474999999992E1,1.15E1,1.275E1));
#1798=LINE('',#1797,#1796);
#1799=DIRECTION('',(1.038485536880E-13,0.E0,-1.E0));
#1800=VECTOR('',#1799,6.5E-1);
#1801=CARTESIAN_POINT('',(9.E0,1.1E1,1.275E1));
#1802=LINE('',#1801,#1800);
#1803=DIRECTION('',(0.E0,1.E0,0.E0));
#1804=VECTOR('',#1803,1.E-1);
#1805=CARTESIAN_POINT('',(9.E0,1.1E1,1.21E1));
#1806=LINE('',#1805,#1804);
#1807=DIRECTION('',(0.E0,0.E0,-1.E0));
#1808=VECTOR('',#1807,5.E-2);
#1809=CARTESIAN_POINT('',(9.E0,1.11E1,1.21E1));
#1810=LINE('',#1809,#1808);
#1811=DIRECTION('',(0.E0,-1.E0,0.E0));
#1812=VECTOR('',#1811,1.E0);
#1813=CARTESIAN_POINT('',(9.E0,1.11E1,1.205E1));
#1814=LINE('',#1813,#1812);
#1815=DIRECTION('',(0.E0,9.473903143486E-14,1.E0));
#1816=VECTOR('',#1815,8.999999999983E-1);
#1817=CARTESIAN_POINT('',(9.E0,1.18E1,1.155E1));
#1818=LINE('',#1817,#1816);
#1819=CARTESIAN_POINT('',(9.E0,1.15E1,1.245E1));
#1820=DIRECTION('',(1.E0,0.E0,0.E0));
#1821=DIRECTION('',(0.E0,1.E0,-2.066495123169E-11));
#1822=AXIS2_PLACEMENT_3D('',#1819,#1820,#1821);
#1824=DIRECTION('',(0.E0,-1.E0,0.E0));
#1825=VECTOR('',#1824,5.000000000017E-1);
#1826=CARTESIAN_POINT('',(9.E0,1.15E1,1.275E1));
#1827=LINE('',#1826,#1825);
#1828=DIRECTION('',(1.E0,0.E0,0.E0));
#1829=VECTOR('',#1828,2.2E0);
#1830=CARTESIAN_POINT('',(6.8E0,1.1E1,1.21E1));
#1831=LINE('',#1830,#1829);
#1832=DIRECTION('',(-1.E0,0.E0,0.E0));
#1833=VECTOR('',#1832,2.2E0);
#1834=CARTESIAN_POINT('',(9.E0,1.1E1,1.275E1));
#1835=LINE('',#1834,#1833);
#1836=DIRECTION('',(0.E0,0.E0,1.E0));
#1837=VECTOR('',#1836,6.5E-1);
#1838=CARTESIAN_POINT('',(6.8E0,1.1E1,1.21E1));
#1839=LINE('',#1838,#1837);
#1840=DIRECTION('',(0.E0,1.E0,0.E0));
#1841=VECTOR('',#1840,5.000000000005E-1);
#1842=CARTESIAN_POINT('',(6.8E0,1.1E1,1.275E1));
#1843=LINE('',#1842,#1841);
#1844=CARTESIAN_POINT('',(6.8E0,1.15E1,1.245E1));
#1845=DIRECTION('',(-1.E0,0.E0,0.E0));
#1846=DIRECTION('',(0.E0,8.881784197001E-14,1.E0));
#1847=AXIS2_PLACEMENT_3D('',#1844,#1845,#1846);
#1849=DIRECTION('',(0.E0,-9.473903143463E-14,-1.E0));
#1850=VECTOR('',#1849,9.000000000005E-1);
#1851=CARTESIAN_POINT('',(6.8E0,1.18E1,1.245E1));
#1852=LINE('',#1851,#1850);
#1853=DIRECTION('',(0.E0,-1.E0,0.E0));
#1854=VECTOR('',#1853,1.7E0);
#1855=CARTESIAN_POINT('',(6.8E0,1.18E1,1.155E1));
#1856=LINE('',#1855,#1854);
#1857=DIRECTION('',(1.421085471520E-14,0.E0,1.E0));
#1858=VECTOR('',#1857,5.E-1);
#1859=CARTESIAN_POINT('',(6.8E0,1.01E1,1.155E1));
#1860=LINE('',#1859,#1858);
#1861=DIRECTION('',(0.E0,1.E0,0.E0));
#1862=VECTOR('',#1861,9.999999999999E-1);
#1863=CARTESIAN_POINT('',(6.8E0,1.01E1,1.205E1));
#1864=LINE('',#1863,#1862);
#1865=DIRECTION('',(-3.552713678804E-14,-1.E0,0.E0));
#1866=VECTOR('',#1865,9.999999999990E-2);
#1867=CARTESIAN_POINT('',(6.8E0,1.11E1,1.21E1));
#1868=LINE('',#1867,#1866);
#1869=DIRECTION('',(1.E0,0.E0,0.E0));
#1870=VECTOR('',#1869,2.2E0);
#1871=CARTESIAN_POINT('',(6.8E0,1.18E1,1.155E1));
#1872=LINE('',#1871,#1870);
#1873=DIRECTION('',(0.E0,-1.E0,0.E0));
#1874=VECTOR('',#1873,1.7E0);
#1875=CARTESIAN_POINT('',(9.E0,1.18E1,1.155E1));
#1876=LINE('',#1875,#1874);
#1877=DIRECTION('',(1.E0,0.E0,0.E0));
#1878=VECTOR('',#1877,2.2E0);
#1879=CARTESIAN_POINT('',(6.8E0,1.01E1,1.155E1));
#1880=LINE('',#1879,#1878);
#1881=DIRECTION('',(0.E0,0.E0,1.E0));
#1882=VECTOR('',#1881,5.E-1);
#1883=CARTESIAN_POINT('',(9.E0,1.01E1,1.155E1));
#1884=LINE('',#1883,#1882);
#1885=DIRECTION('',(-1.E0,0.E0,0.E0));
#1886=VECTOR('',#1885,2.2E0);
#1887=CARTESIAN_POINT('',(9.E0,1.01E1,1.205E1));
#1888=LINE('',#1887,#1886);
#1889=DIRECTION('',(0.E0,3.552713678801E-14,-1.E0));
#1890=VECTOR('',#1889,5.E-2);
#1891=CARTESIAN_POINT('',(6.8E0,1.11E1,1.21E1));
#1892=LINE('',#1891,#1890);
#1893=DIRECTION('',(-1.E0,0.E0,0.E0));
#1894=VECTOR('',#1893,1.36E1);
#1895=CARTESIAN_POINT('',(6.8E0,1.11E1,1.205E1));
#1896=LINE('',#1895,#1894);
#1897=DIRECTION('',(0.E0,0.E0,1.E0));
#1898=VECTOR('',#1897,5.E-2);
#1899=CARTESIAN_POINT('',(-6.8E0,1.11E1,1.205E1));
#1900=LINE('',#1899,#1898);
#1901=CARTESIAN_POINT('',(2.475E1,7.E-1,1.205E1));
#1902=DIRECTION('',(0.E0,1.E0,0.E0));
#1903=DIRECTION('',(0.E0,0.E0,1.E0));
#1904=AXIS2_PLACEMENT_3D('',#1901,#1902,#1903);
#1906=CARTESIAN_POINT('',(2.475E1,7.E-1,1.205E1));
#1907=DIRECTION('',(2.229999296333E-9,3.828111544254E-9,-1.E0));
#1908=DIRECTION('',(1.E0,0.E0,2.230000311394E-9));
#1909=AXIS2_PLACEMENT_3D('',#1906,#1907,#1908);
#1911=CARTESIAN_POINT('',(2.475E1,7.E-1,1.205E1));
#1912=DIRECTION('',(-1.E0,0.E0,-2.229999296333E-9));
#1913=DIRECTION('',(0.E0,-1.E0,0.E0));
#1914=AXIS2_PLACEMENT_3D('',#1911,#1912,#1913);
#1916=DIRECTION('',(7.002236504149E-14,0.E0,1.E0));
#1917=VECTOR('',#1916,2.409999999901E1);
#1918=CARTESIAN_POINT('',(2.474999999996E1,0.E0,-1.205E1));
#1919=LINE('',#1918,#1917);
#1920=DIRECTION('',(0.E0,0.E0,-1.E0));
#1921=VECTOR('',#1920,2.410000000039E1);
#1922=CARTESIAN_POINT('',(2.545E1,7.E-1,1.205000000031E1));
#1923=LINE('',#1922,#1921);
#1924=DIRECTION('',(1.E0,0.E0,0.E0));
#1925=VECTOR('',#1924,4.949999999996E1);
#1926=CARTESIAN_POINT('',(-2.475E1,0.E0,-1.205E1));
#1927=LINE('',#1926,#1925);
#1928=DIRECTION('',(-1.E0,0.E0,0.E0));
#1929=VECTOR('',#1928,4.950000000002E1);
#1930=CARTESIAN_POINT('',(2.474999999999E1,7.E-1,-1.275E1));
#1931=LINE('',#1930,#1929);
#1932=CARTESIAN_POINT('',(2.475E1,7.E-1,-1.205E1));
#1933=DIRECTION('',(0.E0,1.E0,0.E0));
#1934=DIRECTION('',(1.E0,0.E0,-2.423001481994E-10));
#1935=AXIS2_PLACEMENT_3D('',#1932,#1933,#1934);
#1937=CARTESIAN_POINT('',(2.475E1,7.E-1,-1.205E1));
#1938=DIRECTION('',(-1.E0,0.E0,0.E0));
#1939=DIRECTION('',(0.E0,1.429015635982E-13,-1.E0));
#1940=AXIS2_PLACEMENT_3D('',#1937,#1938,#1939);
#1942=CARTESIAN_POINT('',(2.475E1,7.E-1,-1.205E1));
#1943=DIRECTION('',(0.E0,0.E0,1.E0));
#1944=DIRECTION('',(0.E0,-1.E0,0.E0));
#1945=AXIS2_PLACEMENT_3D('',#1942,#1943,#1944);
#1947=CARTESIAN_POINT('',(-2.475E1,7.E-1,-1.205E1));
#1948=DIRECTION('',(0.E0,1.E0,0.E0));
#1949=DIRECTION('',(0.E0,0.E0,-1.E0));
#1950=AXIS2_PLACEMENT_3D('',#1947,#1948,#1949);
#1952=CARTESIAN_POINT('',(-2.475E1,7.E-1,-1.205E1));
#1953=DIRECTION('',(0.E0,0.E0,1.E0));
#1954=DIRECTION('',(-1.E0,0.E0,0.E0));
#1955=AXIS2_PLACEMENT_3D('',#1952,#1953,#1954);
#1957=CARTESIAN_POINT('',(-2.475E1,7.E-1,-1.205E1));
#1958=DIRECTION('',(1.E0,0.E0,0.E0));
#1959=DIRECTION('',(0.E0,-1.E0,0.E0));
#1960=AXIS2_PLACEMENT_3D('',#1957,#1958,#1959);
#1962=DIRECTION('',(0.E0,0.E0,-1.E0));
#1963=VECTOR('',#1962,2.409999999986E1);
#1964=CARTESIAN_POINT('',(-2.475E1,0.E0,1.204999999986E1));
#1965=LINE('',#1964,#1963);
#1966=DIRECTION('',(0.E0,0.E0,1.E0));
#1967=VECTOR('',#1966,2.410000000009E1);
#1968=CARTESIAN_POINT('',(-2.545E1,7.E-1,-1.205E1));
#1969=LINE('',#1968,#1967);
#1970=CARTESIAN_POINT('',(-2.475E1,7.E-1,1.205E1));
#1971=DIRECTION('',(0.E0,1.E0,0.E0));
#1972=DIRECTION('',(-1.E0,0.E0,2.423001481994E-10));
#1973=AXIS2_PLACEMENT_3D('',#1970,#1971,#1972);
#1975=CARTESIAN_POINT('',(-2.475E1,7.E-1,1.205E1));
#1976=DIRECTION('',(1.E0,0.E0,0.E0));
#1977=DIRECTION('',(0.E0,1.429015635982E-13,1.E0));
#1978=AXIS2_PLACEMENT_3D('',#1975,#1976,#1977);
#1980=CARTESIAN_POINT('',(-2.475E1,7.E-1,1.205E1));
#1981=DIRECTION('',(0.E0,0.E0,-1.E0));
#1982=DIRECTION('',(0.E0,-1.E0,0.E0));
#1983=AXIS2_PLACEMENT_3D('',#1980,#1981,#1982);
#1985=DIRECTION('',(-1.E0,0.E0,1.720101950888E-11));
#1986=VECTOR('',#1985,4.949999999996E1);
#1987=CARTESIAN_POINT('',(2.474999999996E1,0.E0,1.204999999901E1));
#1988=LINE('',#1987,#1986);
#1989=DIRECTION('',(1.E0,0.E0,0.E0));
#1990=VECTOR('',#1989,4.949999999952E1);
#1991=CARTESIAN_POINT('',(-2.474999999999E1,7.E-1,1.275E1));
#1992=LINE('',#1991,#1990);
#1993=DIRECTION('',(-1.E0,0.E0,0.E0));
#1994=VECTOR('',#1993,2.2E0);
#1995=CARTESIAN_POINT('',(-6.8E0,1.01E1,-1.155E1));
#1996=LINE('',#1995,#1994);
#1997=DIRECTION('',(0.E0,0.E0,-1.E0));
#1998=VECTOR('',#1997,5.E-1);
#1999=CARTESIAN_POINT('',(-9.E0,1.01E1,-1.155E1));
#2000=LINE('',#1999,#1998);
#2001=DIRECTION('',(1.E0,0.E0,0.E0));
#2002=VECTOR('',#2001,2.2E0);
#2003=CARTESIAN_POINT('',(-9.E0,1.01E1,-1.205E1));
#2004=LINE('',#2003,#2002);
#2005=DIRECTION('',(-1.E0,0.E0,0.E0));
#2006=VECTOR('',#2005,2.2E0);
#2007=CARTESIAN_POINT('',(-6.8E0,1.18E1,-1.155E1));
#2008=LINE('',#2007,#2006);
#2009=DIRECTION('',(0.E0,-1.E0,0.E0));
#2010=VECTOR('',#2009,1.7E0);
#2011=CARTESIAN_POINT('',(-9.E0,1.18E1,-1.155E1));
#2012=LINE('',#2011,#2010);
#2013=DIRECTION('',(1.E0,0.E0,0.E0));
#2014=VECTOR('',#2013,1.574999999998E1);
#2015=CARTESIAN_POINT('',(-2.474999999998E1,1.11E1,1.21E1));
#2016=LINE('',#2015,#2014);
#2017=DIRECTION('',(-1.E0,0.E0,0.E0));
#2018=VECTOR('',#2017,1.525E1);
#2019=CARTESIAN_POINT('',(-9.E0,1.11E1,1.205E1));
#2020=LINE('',#2019,#2018);
#2021=CARTESIAN_POINT('',(-2.425E1,1.11E1,1.155E1));
#2022=DIRECTION('',(0.E0,-1.E0,0.E0));
#2023=DIRECTION('',(-1.918465386552E-12,0.E0,1.E0));
#2024=AXIS2_PLACEMENT_3D('',#2021,#2022,#2023);
#2026=DIRECTION('',(0.E0,0.E0,-1.E0));
#2027=VECTOR('',#2026,2.31E1);
#2028=CARTESIAN_POINT('',(-2.475E1,1.11E1,1.155E1));
#2029=LINE('',#2028,#2027);
#2030=CARTESIAN_POINT('',(-2.425E1,1.11E1,-1.155E1));
#2031=DIRECTION('',(0.E0,-1.E0,0.E0));
#2032=DIRECTION('',(-1.E0,0.E0,0.E0));
#2033=AXIS2_PLACEMENT_3D('',#2030,#2031,#2032);
#2035=DIRECTION('',(1.E0,0.E0,0.E0));
#2036=VECTOR('',#2035,1.525E1);
#2037=CARTESIAN_POINT('',(-2.425E1,1.11E1,-1.205E1));
#2038=LINE('',#2037,#2036);
#2039=CARTESIAN_POINT('',(-2.475E1,1.11E1,-1.205E1));
#2040=DIRECTION('',(0.E0,1.E0,0.E0));
#2041=DIRECTION('',(-1.044497821567E-11,0.E0,-1.E0));
#2042=AXIS2_PLACEMENT_3D('',#2039,#2040,#2041);
#2044=CARTESIAN_POINT('',(-2.475E1,1.11E1,1.205E1));
#2045=DIRECTION('',(0.E0,1.E0,0.E0));
#2046=DIRECTION('',(-1.E0,0.E0,1.999822529797E-10));
#2047=AXIS2_PLACEMENT_3D('',#2044,#2045,#2046);
#2049=DIRECTION('',(1.044915787882E-14,1.E0,-6.750155989720E-13));
#2050=VECTOR('',#2049,1.7E0);
#2051=CARTESIAN_POINT('',(-2.475E1,9.4E0,1.155E1));
#2052=LINE('',#2051,#2050);
#2053=DIRECTION('',(1.274797261216E-13,-1.E0,0.E0));
#2054=VECTOR('',#2053,1.7E0);
#2055=CARTESIAN_POINT('',(-2.425E1,1.11E1,1.205E1));
#2056=LINE('',#2055,#2054);
#2057=DIRECTION('',(7.481597041237E-13,1.E0,1.149407366670E-14));
#2058=VECTOR('',#2057,1.7E0);
#2059=CARTESIAN_POINT('',(-2.425E1,9.4E0,-1.205E1));
#2060=LINE('',#2059,#2058);
#2061=DIRECTION('',(-1.044915787882E-14,-1.E0,5.956019990929E-14));
#2062=VECTOR('',#2061,1.7E0);
#2063=CARTESIAN_POINT('',(-2.475E1,1.11E1,-1.155E1));
#2064=LINE('',#2063,#2062);
#2065=DIRECTION('',(1.673874714050E-14,-1.E0,0.E0));
#2066=VECTOR('',#2065,1.04E1);
#2067=CARTESIAN_POINT('',(-2.475E1,1.11E1,-1.21E1));
#2068=LINE('',#2067,#2066);
#2069=DIRECTION('',(0.E0,1.E0,-7.552932638296E-12));
#2070=VECTOR('',#2069,1.04E1);
#2071=CARTESIAN_POINT('',(-2.48E1,7.E-1,-1.205000000006E1));
#2072=LINE('',#2071,#2070);
#2073=CARTESIAN_POINT('',(-2.475E1,7.E-1,-1.205E1));
#2074=DIRECTION('',(0.E0,-1.E0,0.E0));
#2075=DIRECTION('',(-1.E0,0.E0,-2.226521189641E-9));
#2076=AXIS2_PLACEMENT_3D('',#2073,#2074,#2075);
#2078=CARTESIAN_POINT('',(-2.475E1,7.E-1,-1.205E1));
#2079=DIRECTION('',(-1.E0,0.E0,-7.460698725481E-14));
#2080=DIRECTION('',(7.105427357601E-14,0.E0,-1.E0));
#2081=AXIS2_PLACEMENT_3D('',#2078,#2079,#2080);
#2083=CARTESIAN_POINT('',(-2.475E1,7.E-1,-1.205E1));
#2084=DIRECTION('',(1.634248292248E-13,0.E0,-1.E0));
#2085=DIRECTION('',(0.E0,-1.E0,0.E0));
#2086=AXIS2_PLACEMENT_3D('',#2083,#2084,#2085);
#2088=DIRECTION('',(-1.E0,0.E0,0.E0));
#2089=VECTOR('',#2088,4.95E1);
#2090=CARTESIAN_POINT('',(2.475E1,6.5E-1,-1.205E1));
#2091=LINE('',#2090,#2089);
#2092=DIRECTION('',(1.E0,0.E0,0.E0));
#2093=VECTOR('',#2092,4.95E1);
#2094=CARTESIAN_POINT('',(-2.475E1,7.E-1,-1.21E1));
#2095=LINE('',#2094,#2093);
#2096=DIRECTION('',(0.E0,0.E0,-1.E0));
#2097=VECTOR('',#2096,2.41E1);
#2098=CARTESIAN_POINT('',(2.475E1,6.5E-1,1.205E1));
#2099=LINE('',#2098,#2097);
#2100=DIRECTION('',(0.E0,0.E0,1.E0));
#2101=VECTOR('',#2100,2.410000000005E1);
#2102=CARTESIAN_POINT('',(2.48E1,7.E-1,-1.205E1));
#2103=LINE('',#2102,#2101);
#2104=CARTESIAN_POINT('',(2.475E1,7.E-1,-1.205E1));
#2105=DIRECTION('',(0.E0,-1.E0,0.E0));
#2106=DIRECTION('',(0.E0,0.E0,-1.E0));
#2107=AXIS2_PLACEMENT_3D('',#2104,#2105,#2106);
#2109=CARTESIAN_POINT('',(2.475E1,7.E-1,-1.205E1));
#2110=DIRECTION('',(-1.636468738297E-13,0.E0,-1.E0));
#2111=DIRECTION('',(1.E0,0.E0,-1.776356839400E-13));
#2112=AXIS2_PLACEMENT_3D('',#2109,#2110,#2111);
#2114=CARTESIAN_POINT('',(2.475E1,7.E-1,-1.205E1));
#2115=DIRECTION('',(1.E0,0.E0,-4.818367926873E-14));
#2116=DIRECTION('',(0.E0,-1.E0,0.E0));
#2117=AXIS2_PLACEMENT_3D('',#2114,#2115,#2116);
#2119=DIRECTION('',(0.E0,-1.E0,2.912200395363E-13));
#2120=VECTOR('',#2119,1.04E1);
#2121=CARTESIAN_POINT('',(2.48E1,1.11E1,-1.205E1));
#2122=LINE('',#2121,#2120);
#2123=DIRECTION('',(-1.079478387020E-13,1.E0,0.E0));
#2124=VECTOR('',#2123,1.04E1);
#2125=CARTESIAN_POINT('',(2.475E1,7.E-1,-1.21E1));
#2126=LINE('',#2125,#2124);
#2127=DIRECTION('',(0.E0,0.E0,1.E0));
#2128=VECTOR('',#2127,2.410000000014E1);
#2129=CARTESIAN_POINT('',(2.48E1,1.11E1,-1.205E1));
#2130=LINE('',#2129,#2128);
#2131=DIRECTION('',(0.E0,-1.E0,0.E0));
#2132=VECTOR('',#2131,1.04E1);
#2133=CARTESIAN_POINT('',(2.475E1,1.11E1,1.21E1));
#2134=LINE('',#2133,#2132);
#2135=DIRECTION('',(0.E0,1.E0,7.552761834754E-12));
#2136=VECTOR('',#2135,1.04E1);
#2137=CARTESIAN_POINT('',(2.48E1,7.E-1,1.205000000006E1));
#2138=LINE('',#2137,#2136);
#2139=CARTESIAN_POINT('',(2.475E1,7.E-1,1.205E1));
#2140=DIRECTION('',(0.E0,-1.E0,0.E0));
#2141=DIRECTION('',(1.E0,0.E0,2.226272499684E-9));
#2142=AXIS2_PLACEMENT_3D('',#2139,#2140,#2141);
#2144=CARTESIAN_POINT('',(2.475E1,7.E-1,1.205E1));
#2145=DIRECTION('',(1.E0,0.E0,7.460698725481E-14));
#2146=DIRECTION('',(-7.105427357601E-14,0.E0,1.E0));
#2147=AXIS2_PLACEMENT_3D('',#2144,#2145,#2146);
#2149=CARTESIAN_POINT('',(2.475E1,7.E-1,1.205E1));
#2150=DIRECTION('',(-1.634248292248E-13,0.E0,1.E0));
#2151=DIRECTION('',(0.E0,-1.E0,0.E0));
#2152=AXIS2_PLACEMENT_3D('',#2149,#2150,#2151);
#2154=DIRECTION('',(1.E0,0.E0,0.E0));
#2155=VECTOR('',#2154,4.95E1);
#2156=CARTESIAN_POINT('',(-2.475E1,6.5E-1,1.205E1));
#2157=LINE('',#2156,#2155);
#2158=DIRECTION('',(-1.E0,0.E0,0.E0));
#2159=VECTOR('',#2158,4.949999999999E1);
#2160=CARTESIAN_POINT('',(2.475E1,7.E-1,1.21E1));
#2161=LINE('',#2160,#2159);
#2162=CARTESIAN_POINT('',(-2.475E1,7.E-1,1.205E1));
#2163=DIRECTION('',(0.E0,-1.E0,0.E0));
#2164=DIRECTION('',(0.E0,0.E0,1.E0));
#2165=AXIS2_PLACEMENT_3D('',#2162,#2163,#2164);
#2167=CARTESIAN_POINT('',(-2.475E1,7.E-1,1.205E1));
#2168=DIRECTION('',(1.636468738297E-13,0.E0,1.E0));
#2169=DIRECTION('',(-1.E0,0.E0,1.776356839400E-13));
#2170=AXIS2_PLACEMENT_3D('',#2167,#2168,#2169);
#2172=CARTESIAN_POINT('',(-2.475E1,7.E-1,1.205E1));
#2173=DIRECTION('',(-1.E0,0.E0,4.818367926873E-14));
#2174=DIRECTION('',(0.E0,-1.E0,0.E0));
#2175=AXIS2_PLACEMENT_3D('',#2172,#2173,#2174);
#2177=DIRECTION('',(0.E0,-1.E0,-2.908784324518E-13));
#2178=VECTOR('',#2177,1.04E1);
#2179=CARTESIAN_POINT('',(-2.48E1,1.11E1,1.205E1));
#2180=LINE('',#2179,#2178);
#2181=DIRECTION('',(1.148141411005E-12,1.E0,0.E0));
#2182=VECTOR('',#2181,1.04E1);
#2183=CARTESIAN_POINT('',(-2.474999999999E1,7.E-1,1.21E1));
#2184=LINE('',#2183,#2182);
#2185=DIRECTION('',(0.E0,0.E0,-1.E0));
#2186=VECTOR('',#2185,2.410000000014E1);
#2187=CARTESIAN_POINT('',(-2.48E1,1.11E1,1.205E1));
#2188=LINE('',#2187,#2186);
#2189=DIRECTION('',(0.E0,0.E0,1.E0));
#2190=VECTOR('',#2189,2.41E1);
#2191=CARTESIAN_POINT('',(-2.475E1,6.5E-1,-1.205E1));
#2192=LINE('',#2191,#2190);
#2193=DIRECTION('',(0.E0,0.E0,-1.E0));
#2194=VECTOR('',#2193,2.410000000005E1);
#2195=CARTESIAN_POINT('',(-2.48E1,7.E-1,1.205E1));
#2196=LINE('',#2195,#2194);
#2197=DIRECTION('',(0.E0,-6.217248937901E-13,1.E0));
#2198=VECTOR('',#2197,5.E-1);
#2199=CARTESIAN_POINT('',(-1.74E1,9.599999999998E0,-1.205E1));
#2200=LINE('',#2199,#2198);
#2201=DIRECTION('',(0.E0,6.252776074689E-13,-1.E0));
#2202=VECTOR('',#2201,5.E-1);
#2203=CARTESIAN_POINT('',(-1.86E1,9.599999999999E0,-1.155E1));
#2204=LINE('',#2203,#2202);
#2205=DIRECTION('',(0.E0,-6.217248937901E-13,1.E0));
#2206=VECTOR('',#2205,5.E-1);
#2207=CARTESIAN_POINT('',(6.E-1,9.599999999998E0,-1.205E1));
#2208=LINE('',#2207,#2206);
#2209=DIRECTION('',(0.E0,6.252776074689E-13,-1.E0));
#2210=VECTOR('',#2209,5.E-1);
#2211=CARTESIAN_POINT('',(-6.E-1,9.599999999999E0,-1.155E1));
#2212=LINE('',#2211,#2210);
#2213=DIRECTION('',(0.E0,-6.217248937901E-13,1.E0));
#2214=VECTOR('',#2213,5.E-1);
#2215=CARTESIAN_POINT('',(1.86E1,9.599999999998E0,-1.205E1));
#2216=LINE('',#2215,#2214);
#2217=DIRECTION('',(0.E0,6.252776074689E-13,-1.E0));
#2218=VECTOR('',#2217,5.E-1);
#2219=CARTESIAN_POINT('',(1.74E1,9.599999999999E0,-1.155E1));
#2220=LINE('',#2219,#2218);
#2221=CARTESIAN_POINT('',(1.8E1,9.5E0,-1.22E1));
#2222=DIRECTION('',(-1.477305530454E-8,-1.E0,0.E0));
#2223=DIRECTION('',(0.E0,0.E0,1.E0));
#2224=AXIS2_PLACEMENT_3D('',#2221,#2222,#2223);
#2226=CARTESIAN_POINT('',(1.8E1,9.5E0,-1.22E1));
#2227=DIRECTION('',(-1.477304985300E-8,-1.E0,0.E0));
#2228=DIRECTION('',(9.797958971133E-1,-1.447457265158E-8,2.E-1));
#2229=AXIS2_PLACEMENT_3D('',#2226,#2227,#2228);
#2231=CARTESIAN_POINT('',(-1.8E1,9.5E0,-1.22E1));
#2232=DIRECTION('',(-1.477305530454E-8,-1.E0,0.E0));
#2233=DIRECTION('',(0.E0,0.E0,1.E0));
#2234=AXIS2_PLACEMENT_3D('',#2231,#2232,#2233);
#2236=CARTESIAN_POINT('',(-1.8E1,9.5E0,-1.22E1));
#2237=DIRECTION('',(-1.477305607025E-8,-1.E0,0.E0));
#2238=DIRECTION('',(9.797958971133E-1,-1.447457975701E-8,2.E-1));
#2239=AXIS2_PLACEMENT_3D('',#2236,#2237,#2238);
#2241=DIRECTION('',(-1.E0,0.E0,-1.522591576629E-13));
#2242=VECTOR('',#2241,1.575E1);
#2243=CARTESIAN_POINT('',(-9.E0,1.18E1,-1.245E1));
#2244=LINE('',#2243,#2242);
#2245=DIRECTION('',(1.E0,9.304726301604E-14,1.015061051084E-14));
#2246=VECTOR('',#2245,1.575000000003E1);
#2247=CARTESIAN_POINT('',(-2.475000000003E1,1.15E1,-1.275E1));
#2248=LINE('',#2247,#2246);
#2249=CARTESIAN_POINT('',(-2.515E1,1.15E1,-1.205E1));
#2250=DIRECTION('',(-7.180089856007E-13,0.E0,1.E0));
#2251=DIRECTION('',(3.339550858072E-12,1.E0,0.E0));
#2252=AXIS2_PLACEMENT_3D('',#2249,#2250,#2251);
#2254=CARTESIAN_POINT('',(-2.475E1,1.15E1,-1.205E1));
#2255=DIRECTION('',(0.E0,-1.E0,0.E0));
#2256=DIRECTION('',(-1.E0,0.E0,-1.373631367380E-11));
#2257=AXIS2_PLACEMENT_3D('',#2254,#2255,#2256);
#2259=CARTESIAN_POINT('',(-2.475E1,1.15E1,-1.245E1));
#2260=DIRECTION('',(1.E0,0.E0,7.232825449677E-13));
#2261=DIRECTION('',(7.223851146894E-13,-3.114545658415E-12,-1.E0));
#2262=AXIS2_PLACEMENT_3D('',#2259,#2260,#2261);
#2264=DIRECTION('',(0.E0,0.E0,1.E0));
#2265=VECTOR('',#2264,2.410000000001E1);
#2266=CARTESIAN_POINT('',(-2.515E1,1.18E1,-1.205E1));
#2267=LINE('',#2266,#2265);
#2268=DIRECTION('',(0.E0,0.E0,-1.E0));
#2269=VECTOR('',#2268,2.410000000009E1);
#2270=CARTESIAN_POINT('',(-2.545E1,1.15E1,1.205000000008E1));
#2271=LINE('',#2270,#2269);
#2272=CARTESIAN_POINT('',(-1.8E1,9.5E0,-1.255E1));
#2273=DIRECTION('',(0.E0,0.E0,-1.E0));
#2274=DIRECTION('',(1.E0,0.E0,0.E0));
#2275=AXIS2_PLACEMENT_3D('',#2272,#2273,#2274);
#2277=CARTESIAN_POINT('',(-1.8E1,9.5E0,-1.255E1));
#2278=DIRECTION('',(0.E0,0.E0,-1.E0));
#2279=DIRECTION('',(9.370805514530E-1,-3.491132195844E-1,0.E0));
#2280=AXIS2_PLACEMENT_3D('',#2277,#2278,#2279);
#2282=CARTESIAN_POINT('',(-1.845E1,9.500000000002E0,-1.255E1));
#2283=DIRECTION('',(-4.402811448756E-12,-1.E0,0.E0));
#2284=DIRECTION('',(1.776356839400E-14,0.E0,-1.E0));
#2285=AXIS2_PLACEMENT_3D('',#2282,#2283,#2284);
#2287=CARTESIAN_POINT('',(-1.8E1,9.5E0,-1.255E1));
#2288=DIRECTION('',(0.E0,0.E0,-1.E0));
#2289=DIRECTION('',(-1.E0,-1.272582039766E-11,0.E0));
#2290=AXIS2_PLACEMENT_3D('',#2287,#2288,#2289);
#2292=CARTESIAN_POINT('',(-1.8E1,9.5E0,-1.255E1));
#2293=DIRECTION('',(0.E0,0.E0,-1.E0));
#2294=DIRECTION('',(-9.370805514540E-1,3.491132195816E-1,0.E0));
#2295=AXIS2_PLACEMENT_3D('',#2292,#2293,#2294);
#2297=CARTESIAN_POINT('',(-1.755E1,9.499999999997E0,-1.255E1));
#2298=DIRECTION('',(-6.833922316929E-12,-1.E0,0.E0));
#2299=DIRECTION('',(-1.E0,6.830092047494E-12,0.E0));
#2300=AXIS2_PLACEMENT_3D('',#2297,#2298,#2299);
#2302=DIRECTION('',(-9.521272659185E-12,-5.400124791777E-12,1.E0));
#2303=VECTOR('',#2302,2.E-1);
#2304=CARTESIAN_POINT('',(-1.825E1,9.499999999999E0,-1.255E1));
#2305=LINE('',#2304,#2303);
#2306=DIRECTION('',(-9.521272659185E-12,-4.263256414561E-12,-1.E0));
#2307=VECTOR('',#2306,2.E-1);
#2308=CARTESIAN_POINT('',(-1.775E1,9.5E0,-1.235E1));
#2309=LINE('',#2308,#2307);
#2310=CARTESIAN_POINT('',(-1.8E1,9.5E0,-1.235E1));
#2311=DIRECTION('',(0.E0,0.E0,1.E0));
#2312=DIRECTION('',(1.E0,0.E0,0.E0));
#2313=AXIS2_PLACEMENT_3D('',#2310,#2311,#2312);
#2315=CARTESIAN_POINT('',(-1.8E1,9.5E0,-1.235E1));
#2316=DIRECTION('',(0.E0,0.E0,1.E0));
#2317=DIRECTION('',(-1.E0,0.E0,0.E0));
#2318=AXIS2_PLACEMENT_3D('',#2315,#2316,#2317);
#2320=CARTESIAN_POINT('',(1.8E1,9.5E0,-1.255E1));
#2321=DIRECTION('',(0.E0,0.E0,-1.E0));
#2322=DIRECTION('',(1.E0,0.E0,0.E0));
#2323=AXIS2_PLACEMENT_3D('',#2320,#2321,#2322);
#2325=CARTESIAN_POINT('',(1.8E1,9.5E0,-1.255E1));
#2326=DIRECTION('',(0.E0,0.E0,-1.E0));
#2327=DIRECTION('',(9.370805514530E-1,-3.491132195844E-1,0.E0));
#2328=AXIS2_PLACEMENT_3D('',#2325,#2326,#2327);
#2330=CARTESIAN_POINT('',(1.755E1,9.500000000002E0,-1.255E1));
#2331=DIRECTION('',(-4.407696430064E-12,-1.E0,0.E0));
#2332=DIRECTION('',(0.E0,0.E0,-1.E0));
#2333=AXIS2_PLACEMENT_3D('',#2330,#2331,#2332);
#2335=CARTESIAN_POINT('',(1.8E1,9.5E0,-1.255E1));
#2336=DIRECTION('',(0.E0,0.E0,-1.E0));
#2337=DIRECTION('',(-1.E0,-1.272582039766E-11,0.E0));
#2338=AXIS2_PLACEMENT_3D('',#2335,#2336,#2337);
#2340=CARTESIAN_POINT('',(1.8E1,9.5E0,-1.255E1));
#2341=DIRECTION('',(0.E0,0.E0,-1.E0));
#2342=DIRECTION('',(-9.370805514540E-1,3.491132195816E-1,0.E0));
#2343=AXIS2_PLACEMENT_3D('',#2340,#2341,#2342);
#2345=CARTESIAN_POINT('',(1.845E1,9.499999999997E0,-1.255E1));
#2346=DIRECTION('',(-6.829703469435E-12,-1.E0,0.E0));
#2347=DIRECTION('',(-1.E0,6.830092047494E-12,0.E0));
#2348=AXIS2_PLACEMENT_3D('',#2345,#2346,#2347);
#2350=DIRECTION('',(-9.379164112033E-12,-5.400124791777E-12,1.E0));
#2351=VECTOR('',#2350,2.E-1);
#2352=CARTESIAN_POINT('',(1.775E1,9.499999999999E0,-1.255E1));
#2353=LINE('',#2352,#2351);
#2354=DIRECTION('',(-9.379164112033E-12,-4.263256414561E-12,-1.E0));
#2355=VECTOR('',#2354,2.E-1);
#2356=CARTESIAN_POINT('',(1.825E1,9.5E0,-1.235E1));
#2357=LINE('',#2356,#2355);
#2358=CARTESIAN_POINT('',(1.8E1,9.5E0,-1.235E1));
#2359=DIRECTION('',(0.E0,0.E0,1.E0));
#2360=DIRECTION('',(1.E0,0.E0,0.E0));
#2361=AXIS2_PLACEMENT_3D('',#2358,#2359,#2360);
#2363=CARTESIAN_POINT('',(1.8E1,9.5E0,-1.235E1));
#2364=DIRECTION('',(0.E0,0.E0,1.E0));
#2365=DIRECTION('',(-1.E0,0.E0,0.E0));
#2366=AXIS2_PLACEMENT_3D('',#2363,#2364,#2365);
#2368=DIRECTION('',(1.077656482534E-12,1.E0,-2.540427127837E-10));
#2369=VECTOR('',#2368,3.000000000100E-1);
#2370=CARTESIAN_POINT('',(2.2335E1,1.149999999999E1,-1.015999999992E1));
#2371=LINE('',#2370,#2369);
#2372=DIRECTION('',(1.089498861463E-12,-1.E0,-3.279924480054E-10));
#2373=VECTOR('',#2372,3.000000000100E-1);
#2374=CARTESIAN_POINT('',(2.3385E1,1.18E1,-1.016000000019E1));
#2375=LINE('',#2374,#2373);
#2376=CARTESIAN_POINT('',(2.286E1,1.149999999999E1,-1.016E1));
#2377=DIRECTION('',(0.E0,-1.E0,0.E0));
#2378=DIRECTION('',(1.E0,0.E0,-5.439001630027E-10));
#2379=AXIS2_PLACEMENT_3D('',#2376,#2377,#2378);
#2381=CARTESIAN_POINT('',(2.286E1,1.149999999999E1,-1.016E1));
#2382=DIRECTION('',(0.E0,-1.E0,0.E0));
#2383=DIRECTION('',(0.E0,0.E0,1.E0));
#2384=AXIS2_PLACEMENT_3D('',#2381,#2382,#2383);
#2386=DIRECTION('',(-2.842170943040E-13,1.E0,-2.452828073451E-10));
#2387=VECTOR('',#2386,3.E-1);
#2388=CARTESIAN_POINT('',(2.2335E1,1.15E1,7.358491974986E-11));
#2389=LINE('',#2388,#2387);
#2390=DIRECTION('',(-2.723747153747E-13,-1.E0,-1.920798006212E-10));
#2391=VECTOR('',#2390,3.E-1);
#2392=CARTESIAN_POINT('',(2.3385E1,1.18E1,-2.439831890110E-10));
#2393=LINE('',#2392,#2391);
#2394=CARTESIAN_POINT('',(2.286E1,1.15E1,0.E0));
#2395=DIRECTION('',(0.E0,-1.E0,0.E0));
#2396=DIRECTION('',(-1.E0,0.E0,0.E0));
#2397=AXIS2_PLACEMENT_3D('',#2394,#2395,#2396);
#2399=CARTESIAN_POINT('',(2.286E1,1.15E1,0.E0));
#2400=DIRECTION('',(0.E0,-1.E0,0.E0));
#2401=DIRECTION('',(0.E0,0.E0,-1.E0));
#2402=AXIS2_PLACEMENT_3D('',#2399,#2400,#2401);
#2404=DIRECTION('',(-1.104315260754E-1,9.938837346736E-1,-7.305770757076E-11));
#2405=VECTOR('',#2404,9.055385138138E-1);
#2406=CARTESIAN_POINT('',(2.3485E1,1.06E1,-2.354505612611E-10));
#2407=LINE('',#2406,#2405);
#2408=CARTESIAN_POINT('',(2.286E1,1.15E1,0.E0));
#2409=DIRECTION('',(0.E0,-1.E0,0.E0));
#2410=DIRECTION('',(1.E0,0.E0,-5.839010500734E-10));
#2411=AXIS2_PLACEMENT_3D('',#2408,#2409,#2410);
#2413=CARTESIAN_POINT('',(2.286E1,1.15E1,0.E0));
#2414=DIRECTION('',(0.E0,-1.E0,0.E0));
#2415=DIRECTION('',(0.E0,0.E0,1.E0));
#2416=AXIS2_PLACEMENT_3D('',#2413,#2414,#2415);
#2418=DIRECTION('',(-1.104315260754E-1,-9.938837346736E-1,4.772594321073E-11));
#2419=VECTOR('',#2418,9.055385138138E-1);
#2420=CARTESIAN_POINT('',(2.2335E1,1.15E1,7.358491974986E-11));
#2421=LINE('',#2420,#2419);
#2422=DIRECTION('',(-1.539509260814E-13,1.E0,-2.540486339816E-10));
#2423=VECTOR('',#2422,3.E-1);
#2424=CARTESIAN_POINT('',(2.2335E1,1.15E1,1.016000000008E1));
#2425=LINE('',#2424,#2423);
#2426=DIRECTION('',(-1.421085471520E-13,-1.E0,-3.279924480163E-10));
#2427=VECTOR('',#2426,3.E-1);
#2428=CARTESIAN_POINT('',(2.3385E1,1.18E1,1.015999999981E1));
#2429=LINE('',#2428,#2427);
#2430=DIRECTION('',(1.104315260750E-1,9.938837346736E-1,-4.942985743444E-11));
#2431=VECTOR('',#2430,9.055385138138E-1);
#2432=CARTESIAN_POINT('',(2.2235E1,1.06E1,1.016000000012E1));
#2433=LINE('',#2432,#2431);
#2434=CARTESIAN_POINT('',(2.286E1,1.15E1,1.016E1));
#2435=DIRECTION('',(0.E0,-1.E0,0.E0));
#2436=DIRECTION('',(-1.E0,0.E0,0.E0));
#2437=AXIS2_PLACEMENT_3D('',#2434,#2435,#2436);
#2439=CARTESIAN_POINT('',(2.286E1,1.15E1,1.016E1));
#2440=DIRECTION('',(0.E0,-1.E0,0.E0));
#2441=DIRECTION('',(0.E0,0.E0,-1.E0));
#2442=AXIS2_PLACEMENT_3D('',#2439,#2440,#2441);
#2444=DIRECTION('',(1.104315260750E-1,-9.938837346736E-1,6.298491398147E-11));
#2445=VECTOR('',#2444,9.055385138138E-1);
#2446=CARTESIAN_POINT('',(2.3385E1,1.15E1,1.015999999971E1));
#2447=LINE('',#2446,#2445);
#2448=CARTESIAN_POINT('',(2.286E1,1.15E1,1.016E1));
#2449=DIRECTION('',(0.E0,-1.E0,0.E0));
#2450=DIRECTION('',(1.E0,0.E0,-5.439035465403E-10));
#2451=AXIS2_PLACEMENT_3D('',#2448,#2449,#2450);
#2453=CARTESIAN_POINT('',(2.286E1,1.15E1,1.016E1));
#2454=DIRECTION('',(0.E0,-1.E0,0.E0));
#2455=DIRECTION('',(0.E0,0.E0,1.E0));
#2456=AXIS2_PLACEMENT_3D('',#2453,#2454,#2455);
#2458=DIRECTION('',(-1.421085471520E-13,1.E0,-2.456716311864E-10));
#2459=VECTOR('',#2458,3.E-1);
#2460=CARTESIAN_POINT('',(-2.3385E1,1.15E1,-2.539999999926E0));
#2461=LINE('',#2460,#2459);
#2462=DIRECTION('',(-1.539509260814E-13,-1.E0,-3.348891534453E-10));
#2463=VECTOR('',#2462,3.E-1);
#2464=CARTESIAN_POINT('',(-2.2335E1,1.18E1,-2.540000000191E0));
#2465=LINE('',#2464,#2463);
#2466=DIRECTION('',(1.104315260750E-1,9.938837346736E-1,-4.780070049344E-11));
#2467=VECTOR('',#2466,9.055385138138E-1);
#2468=CARTESIAN_POINT('',(-2.3485E1,1.06E1,-2.539999999883E0));
#2469=LINE('',#2468,#2467);
#2470=CARTESIAN_POINT('',(-2.286E1,1.15E1,-2.54E0));
#2471=DIRECTION('',(0.E0,-1.E0,0.E0));
#2472=DIRECTION('',(-1.E0,0.E0,0.E0));
#2473=AXIS2_PLACEMENT_3D('',#2470,#2471,#2472);
#2475=CARTESIAN_POINT('',(-2.286E1,1.15E1,-2.54E0));
#2476=DIRECTION('',(0.E0,-1.E0,0.E0));
#2477=DIRECTION('',(0.E0,0.E0,-1.E0));
#2478=AXIS2_PLACEMENT_3D('',#2475,#2476,#2477);
#2480=DIRECTION('',(1.104315260750E-1,-9.938837346736E-1,6.199869043892E-11));
#2481=VECTOR('',#2480,9.055385138138E-1);
#2482=CARTESIAN_POINT('',(-2.2335E1,1.15E1,-2.540000000291E0));
#2483=LINE('',#2482,#2481);
#2484=CARTESIAN_POINT('',(-2.286E1,1.15E1,-2.54E0));
#2485=DIRECTION('',(0.E0,-1.E0,0.E0));
#2486=DIRECTION('',(1.E0,0.E0,-5.454286757695E-10));
#2487=AXIS2_PLACEMENT_3D('',#2484,#2485,#2486);
#2489=CARTESIAN_POINT('',(-2.286E1,1.15E1,-2.54E0));
#2490=DIRECTION('',(0.E0,-1.E0,0.E0));
#2491=DIRECTION('',(0.E0,0.E0,1.E0));
#2492=AXIS2_PLACEMENT_3D('',#2489,#2490,#2491);
#2494=DIRECTION('',(-1.421085471520E-13,1.E0,-2.456701508890E-10));
#2495=VECTOR('',#2494,3.E-1);
#2496=CARTESIAN_POINT('',(-2.3385E1,1.15E1,-7.619999999926E0));
#2497=LINE('',#2496,#2495);
#2498=DIRECTION('',(-1.539509260814E-13,-1.E0,-3.348965549321E-10));
#2499=VECTOR('',#2498,3.E-1);
#2500=CARTESIAN_POINT('',(-2.2335E1,1.18E1,-7.620000000191E0));
#2501=LINE('',#2500,#2499);
#2502=DIRECTION('',(1.104315260750E-1,9.938837346736E-1,-4.780070049344E-11));
#2503=VECTOR('',#2502,9.055385138138E-1);
#2504=CARTESIAN_POINT('',(-2.3485E1,1.06E1,-7.619999999883E0));
#2505=LINE('',#2504,#2503);
#2506=CARTESIAN_POINT('',(-2.286E1,1.15E1,-7.62E0));
#2507=DIRECTION('',(0.E0,-1.E0,0.E0));
#2508=DIRECTION('',(-1.E0,0.E0,0.E0));
#2509=AXIS2_PLACEMENT_3D('',#2506,#2507,#2508);
#2511=CARTESIAN_POINT('',(-2.286E1,1.15E1,-7.62E0));
#2512=DIRECTION('',(0.E0,-1.E0,0.E0));
#2513=DIRECTION('',(0.E0,0.E0,-1.E0));
#2514=AXIS2_PLACEMENT_3D('',#2511,#2512,#2513);
#2516=DIRECTION('',(1.104315260750E-1,-9.938837346736E-1,6.200114251137E-11));
#2517=VECTOR('',#2516,9.055385138138E-1);
#2518=CARTESIAN_POINT('',(-2.2335E1,1.15E1,-7.620000000291E0));
#2519=LINE('',#2518,#2517);
#2520=CARTESIAN_POINT('',(-2.286E1,1.15E1,-7.62E0));
#2521=DIRECTION('',(0.E0,-1.E0,0.E0));
#2522=DIRECTION('',(1.E0,0.E0,-5.454278298853E-10));
#2523=AXIS2_PLACEMENT_3D('',#2520,#2521,#2522);
#2525=CARTESIAN_POINT('',(-2.286E1,1.15E1,-7.62E0));
#2526=DIRECTION('',(0.E0,-1.E0,0.E0));
#2527=DIRECTION('',(0.E0,0.E0,1.E0));
#2528=AXIS2_PLACEMENT_3D('',#2525,#2526,#2527);
#2530=DIRECTION('',(-1.421085471520E-13,1.E0,-2.456731114838E-10));
#2531=VECTOR('',#2530,3.E-1);
#2532=CARTESIAN_POINT('',(-2.3385E1,1.15E1,7.620000000074E0));
#2533=LINE('',#2532,#2531);
#2534=DIRECTION('',(-1.539509260814E-13,-1.E0,-3.348906337427E-10));
#2535=VECTOR('',#2534,3.E-1);
#2536=CARTESIAN_POINT('',(-2.2335E1,1.18E1,7.619999999809E0));
#2537=LINE('',#2536,#2535);
#2538=DIRECTION('',(1.104315260750E-1,9.938837346736E-1,-4.780070049344E-11));
#2539=VECTOR('',#2538,9.055385138138E-1);
#2540=CARTESIAN_POINT('',(-2.3485E1,1.06E1,7.620000000117E0));
#2541=LINE('',#2540,#2539);
#2542=CARTESIAN_POINT('',(-2.286E1,1.15E1,7.62E0));
#2543=DIRECTION('',(0.E0,-1.E0,0.E0));
#2544=DIRECTION('',(-1.E0,0.E0,0.E0));
#2545=AXIS2_PLACEMENT_3D('',#2542,#2543,#2544);
#2547=CARTESIAN_POINT('',(-2.286E1,1.15E1,7.62E0));
#2548=DIRECTION('',(0.E0,-1.E0,0.E0));
#2549=DIRECTION('',(0.E0,0.E0,-1.E0));
#2550=AXIS2_PLACEMENT_3D('',#2547,#2548,#2549);
#2552=DIRECTION('',(1.104315260750E-1,-9.938837346736E-1,6.199918085341E-11));
#2553=VECTOR('',#2552,9.055385138138E-1);
#2554=CARTESIAN_POINT('',(-2.2335E1,1.15E1,7.619999999709E0));
#2555=LINE('',#2554,#2553);
#2556=CARTESIAN_POINT('',(-2.286E1,1.15E1,7.62E0));
#2557=DIRECTION('',(0.E0,-1.E0,0.E0));
#2558=DIRECTION('',(1.E0,0.E0,-5.454312134222E-10));
#2559=AXIS2_PLACEMENT_3D('',#2556,#2557,#2558);
#2561=CARTESIAN_POINT('',(-2.286E1,1.15E1,7.62E0));
#2562=DIRECTION('',(0.E0,-1.E0,0.E0));
#2563=DIRECTION('',(0.E0,0.E0,1.E0));
#2564=AXIS2_PLACEMENT_3D('',#2561,#2562,#2563);
#2566=CARTESIAN_POINT('',(1.8E1,9.5E0,1.255E1));
#2567=DIRECTION('',(0.E0,0.E0,1.E0));
#2568=DIRECTION('',(-1.E0,1.946887096007E-11,0.E0));
#2569=AXIS2_PLACEMENT_3D('',#2566,#2567,#2568);
#2571=CARTESIAN_POINT('',(1.8E1,9.5E0,1.255E1));
#2572=DIRECTION('',(0.E0,0.E0,1.E0));
#2573=DIRECTION('',(-8.743967842938E-1,-4.852115658315E-1,0.E0));
#2574=AXIS2_PLACEMENT_3D('',#2571,#2572,#2573);
#2576=CARTESIAN_POINT('',(1.845E1,9.500000000005E0,1.255E1));
#2577=DIRECTION('',(1.129635274211E-11,-1.E0,0.E0));
#2578=DIRECTION('',(0.E0,0.E0,1.E0));
#2579=AXIS2_PLACEMENT_3D('',#2576,#2577,#2578);
#2581=CARTESIAN_POINT('',(1.8E1,9.5E0,1.255E1));
#2582=DIRECTION('',(0.E0,0.E0,1.E0));
#2583=DIRECTION('',(1.E0,0.E0,0.E0));
#2584=AXIS2_PLACEMENT_3D('',#2581,#2582,#2583);
#2586=CARTESIAN_POINT('',(1.8E1,9.5E0,1.255E1));
#2587=DIRECTION('',(0.E0,0.E0,1.E0));
#2588=DIRECTION('',(8.743967842938E-1,4.852115658315E-1,0.E0));
#2589=AXIS2_PLACEMENT_3D('',#2586,#2587,#2588);
#2591=CARTESIAN_POINT('',(1.755E1,9.499999999993E0,1.255E1));
#2592=DIRECTION('',(1.537747706948E-11,-1.E0,0.E0));
#2593=DIRECTION('',(1.E0,1.537436844501E-11,0.E0));
#2594=AXIS2_PLACEMENT_3D('',#2591,#2592,#2593);
#2596=DIRECTION('',(7.744915819785E-12,-7.069900220813E-12,-1.E0));
#2597=VECTOR('',#2596,2.E-1);
#2598=CARTESIAN_POINT('',(1.825E1,9.500000000001E0,1.255E1));
#2599=LINE('',#2598,#2597);
#2600=DIRECTION('',(7.744915819785E-12,-1.366018409499E-11,1.E0));
#2601=VECTOR('',#2600,2.E-1);
#2602=CARTESIAN_POINT('',(1.775E1,9.500000000003E0,1.235E1));
#2603=LINE('',#2602,#2601);
#2604=CARTESIAN_POINT('',(1.8E1,9.5E0,1.235E1));
#2605=DIRECTION('',(0.E0,0.E0,-1.E0));
#2606=DIRECTION('',(-1.E0,0.E0,0.E0));
#2607=AXIS2_PLACEMENT_3D('',#2604,#2605,#2606);
#2609=CARTESIAN_POINT('',(1.8E1,9.5E0,1.235E1));
#2610=DIRECTION('',(0.E0,0.E0,-1.E0));
#2611=DIRECTION('',(1.E0,0.E0,0.E0));
#2612=AXIS2_PLACEMENT_3D('',#2609,#2610,#2611);
#2614=CARTESIAN_POINT('',(-1.8E1,9.5E0,1.255E1));
#2615=DIRECTION('',(0.E0,0.E0,1.E0));
#2616=DIRECTION('',(-1.E0,1.946887096007E-11,0.E0));
#2617=AXIS2_PLACEMENT_3D('',#2614,#2615,#2616);
#2619=CARTESIAN_POINT('',(-1.8E1,9.5E0,1.255E1));
#2620=DIRECTION('',(0.E0,0.E0,1.E0));
#2621=DIRECTION('',(-8.743967842938E-1,-4.852115658315E-1,0.E0));
#2622=AXIS2_PLACEMENT_3D('',#2619,#2620,#2621);
#2624=CARTESIAN_POINT('',(-1.755E1,9.500000000005E0,1.255E1));
#2625=DIRECTION('',(1.129324411764E-11,-1.E0,0.E0));
#2626=DIRECTION('',(0.E0,0.E0,1.E0));
#2627=AXIS2_PLACEMENT_3D('',#2624,#2625,#2626);
#2629=CARTESIAN_POINT('',(-1.8E1,9.5E0,1.255E1));
#2630=DIRECTION('',(0.E0,0.E0,1.E0));
#2631=DIRECTION('',(1.E0,0.E0,0.E0));
#2632=AXIS2_PLACEMENT_3D('',#2629,#2630,#2631);
#2634=CARTESIAN_POINT('',(-1.8E1,9.5E0,1.255E1));
#2635=DIRECTION('',(0.E0,0.E0,1.E0));
#2636=DIRECTION('',(8.743967842938E-1,4.852115658315E-1,0.E0));
#2637=AXIS2_PLACEMENT_3D('',#2634,#2635,#2636);
#2639=CARTESIAN_POINT('',(-1.845E1,9.499999999993E0,1.255E1));
#2640=DIRECTION('',(1.537830973675E-11,-1.E0,0.E0));
#2641=DIRECTION('',(1.E0,1.537436844501E-11,0.E0));
#2642=AXIS2_PLACEMENT_3D('',#2639,#2640,#2641);
#2644=DIRECTION('',(7.744915819785E-12,-7.052136652419E-12,-1.E0));
#2645=VECTOR('',#2644,2.E-1);
#2646=CARTESIAN_POINT('',(-1.775E1,9.500000000001E0,1.255E1));
#2647=LINE('',#2646,#2645);
#2648=DIRECTION('',(7.744915819785E-12,-1.366018409499E-11,1.E0));
#2649=VECTOR('',#2648,2.E-1);
#2650=CARTESIAN_POINT('',(-1.825E1,9.500000000003E0,1.235E1));
#2651=LINE('',#2650,#2649);
#2652=CARTESIAN_POINT('',(-1.8E1,9.5E0,1.235E1));
#2653=DIRECTION('',(0.E0,0.E0,-1.E0));
#2654=DIRECTION('',(-1.E0,0.E0,0.E0));
#2655=AXIS2_PLACEMENT_3D('',#2652,#2653,#2654);
#2657=CARTESIAN_POINT('',(-1.8E1,9.5E0,1.235E1));
#2658=DIRECTION('',(0.E0,0.E0,-1.E0));
#2659=DIRECTION('',(1.E0,0.E0,0.E0));
#2660=AXIS2_PLACEMENT_3D('',#2657,#2658,#2659);
#2662=CARTESIAN_POINT('',(1.8E1,9.5E0,1.22E1));
#2663=DIRECTION('',(-1.477305703675E-8,-1.E0,0.E0));
#2664=DIRECTION('',(-9.797958971133E-1,1.447457975701E-8,-2.E-1));
#2665=AXIS2_PLACEMENT_3D('',#2662,#2663,#2664);
#2667=CARTESIAN_POINT('',(1.8E1,9.5E0,1.22E1));
#2668=DIRECTION('',(-1.477305469384E-8,-1.E0,0.E0));
#2669=DIRECTION('',(0.E0,0.E0,-1.E0));
#2670=AXIS2_PLACEMENT_3D('',#2667,#2668,#2669);
#2672=CARTESIAN_POINT('',(-1.8E1,9.5E0,1.22E1));
#2673=DIRECTION('',(-1.477305703675E-8,-1.E0,0.E0));
#2674=DIRECTION('',(-9.797958971133E-1,1.447457975701E-8,-2.E-1));
#2675=AXIS2_PLACEMENT_3D('',#2672,#2673,#2674);
#2677=CARTESIAN_POINT('',(-1.8E1,9.5E0,1.22E1));
#2678=DIRECTION('',(-1.477305469384E-8,-1.E0,0.E0));
#2679=DIRECTION('',(0.E0,0.E0,-1.E0));
#2680=AXIS2_PLACEMENT_3D('',#2677,#2678,#2679);
#2682=DIRECTION('',(0.E0,-6.252776074689E-13,-1.E0));
#2683=VECTOR('',#2682,5.E-1);
#2684=CARTESIAN_POINT('',(-1.86E1,9.599999999999E0,1.205E1));
#2685=LINE('',#2684,#2683);
#2686=DIRECTION('',(0.E0,6.252776074689E-13,1.E0));
#2687=VECTOR('',#2686,5.E-1);
#2688=CARTESIAN_POINT('',(-1.74E1,9.599999999998E0,1.155E1));
#2689=LINE('',#2688,#2687);
#2690=DIRECTION('',(0.E0,-6.252776074689E-13,-1.E0));
#2691=VECTOR('',#2690,5.E-1);
#2692=CARTESIAN_POINT('',(-6.E-1,9.599999999999E0,1.205E1));
#2693=LINE('',#2692,#2691);
#2694=DIRECTION('',(0.E0,6.252776074689E-13,1.E0));
#2695=VECTOR('',#2694,5.E-1);
#2696=CARTESIAN_POINT('',(6.E-1,9.599999999998E0,1.155E1));
#2697=LINE('',#2696,#2695);
#2698=DIRECTION('',(0.E0,-6.252776074689E-13,-1.E0));
#2699=VECTOR('',#2698,5.E-1);
#2700=CARTESIAN_POINT('',(1.74E1,9.599999999999E0,1.205E1));
#2701=LINE('',#2700,#2699);
#2702=DIRECTION('',(0.E0,6.252776074689E-13,1.E0));
#2703=VECTOR('',#2702,5.E-1);
#2704=CARTESIAN_POINT('',(1.86E1,9.599999999998E0,1.155E1));
#2705=LINE('',#2704,#2703);
#2706=DIRECTION('',(-6.570051018578E-14,-9.544799780355E-1,2.982749931346E-1));
#2707=VECTOR('',#2706,1.676305461425E0);
#2708=CARTESIAN_POINT('',(1.72E1,1.02E1,1.065E1));
#2709=LINE('',#2708,#2707);
#2710=DIRECTION('',(-2.664535259090E-13,2.042810365302E-13,1.E0));
#2711=VECTOR('',#2710,4.000000000016E-1);
#2712=CARTESIAN_POINT('',(1.72E1,8.6E0,1.115E1));
#2713=LINE('',#2712,#2711);
#2714=DIRECTION('',(4.405364961739E-13,-1.E0,2.735589532693E-12));
#2715=VECTOR('',#2714,2.499999999985E-1);
#2716=CARTESIAN_POINT('',(1.72E1,1.045E1,1.065E1));
#2717=LINE('',#2716,#2715);
#2718=DIRECTION('',(-1.E0,2.588405680268E-12,3.578090205076E-13));
#2719=VECTOR('',#2718,7.000000000003E-1);
#2720=CARTESIAN_POINT('',(1.72E1,1.02E1,1.065E1));
#2721=LINE('',#2720,#2719);
#2722=DIRECTION('',(1.E0,-8.628018934229E-14,-1.141943682471E-12));
#2723=VECTOR('',#2722,7.000000000001E-1);
#2724=CARTESIAN_POINT('',(1.65E1,8.6E0,1.115E1));
#2725=LINE('',#2724,#2723);
#2726=DIRECTION('',(-1.015061051086E-13,-6.496390726952E-13,-1.E0));
#2727=VECTOR('',#2726,3.499999999999E-1);
#2728=CARTESIAN_POINT('',(1.65E1,1.045E1,1.1E1));
#2729=LINE('',#2728,#2727);
#2730=DIRECTION('',(1.E0,0.E0,-3.578090205077E-13));
#2731=VECTOR('',#2730,7.000000000001E-1);
#2732=CARTESIAN_POINT('',(1.65E1,1.045E1,1.065E1));
#2733=LINE('',#2732,#2731);
#2734=DIRECTION('',(-1.116567156194E-13,6.496390726946E-13,1.E0));
#2735=VECTOR('',#2734,3.500000000002E-1);
#2736=CARTESIAN_POINT('',(1.72E1,1.045E1,1.065E1));
#2737=LINE('',#2736,#2735);
#2738=DIRECTION('',(-1.E0,0.E0,-1.294202840134E-13));
#2739=VECTOR('',#2738,7.E-1);
#2740=CARTESIAN_POINT('',(1.72E1,1.045E1,1.1E1));
#2741=LINE('',#2740,#2739);
#2742=DIRECTION('',(-6.358113888939E-14,9.544799780355E-1,-2.982749931346E-1));
#2743=VECTOR('',#2742,1.676305461427E0);
#2744=CARTESIAN_POINT('',(1.65E1,8.6E0,1.115E1));
#2745=LINE('',#2744,#2743);
#2746=DIRECTION('',(4.263256414617E-13,1.E0,-2.742694960070E-12));
#2747=VECTOR('',#2746,2.499999999967E-1);
#2748=CARTESIAN_POINT('',(1.65E1,1.02E1,1.065E1));
#2749=LINE('',#2748,#2747);
#2750=DIRECTION('',(-2.753353101065E-13,-1.998401444321E-13,-1.E0));
#2751=VECTOR('',#2750,4.000000000008E-1);
#2752=CARTESIAN_POINT('',(1.65E1,8.6E0,1.155E1));
#2753=LINE('',#2752,#2751);
#2754=DIRECTION('',(1.E0,0.E0,0.E0));
#2755=VECTOR('',#2754,1.44E0);
#2756=CARTESIAN_POINT('',(8.36E0,1.06E1,1.1E1));
#2757=LINE('',#2756,#2755);
#2758=DIRECTION('',(0.E0,-2.034736016040E-13,1.E0));
#2759=VECTOR('',#2758,5.500000000001E-1);
#2760=CARTESIAN_POINT('',(9.8E0,1.06E1,1.1E1));
#2761=LINE('',#2760,#2759);
#2762=DIRECTION('',(1.E0,0.E0,0.E0));
#2763=VECTOR('',#2762,6.7E0);
#2764=CARTESIAN_POINT('',(9.8E0,1.06E1,1.155E1));
#2765=LINE('',#2764,#2763);
#2766=DIRECTION('',(-1.356490677360E-13,2.034736016040E-13,-1.E0));
#2767=VECTOR('',#2766,5.5E-1);
#2768=CARTESIAN_POINT('',(1.65E1,1.06E1,1.155E1));
#2769=LINE('',#2768,#2767);
#2770=DIRECTION('',(-1.E0,0.E0,0.E0));
#2771=VECTOR('',#2770,4.54E0);
#2772=CARTESIAN_POINT('',(1.65E1,1.06E1,1.1E1));
#2773=LINE('',#2772,#2771);
#2774=CARTESIAN_POINT('',(1.016E1,1.06E1,1.016E1));
#2775=DIRECTION('',(0.E0,1.E0,0.E0));
#2776=DIRECTION('',(1.E0,0.E0,0.E0));
#2777=AXIS2_PLACEMENT_3D('',#2774,#2775,#2776);
#2779=CARTESIAN_POINT('',(1.016E1,1.06E1,1.016E1));
#2780=DIRECTION('',(0.E0,-1.E0,0.E0));
#2781=DIRECTION('',(1.E0,0.E0,0.E0));
#2782=AXIS2_PLACEMENT_3D('',#2779,#2780,#2781);
#2784=CARTESIAN_POINT('',(1.016E1,1.06E1,1.016E1));
#2785=DIRECTION('',(0.E0,-1.E0,0.E0));
#2786=DIRECTION('',(0.E0,0.E0,1.E0));
#2787=AXIS2_PLACEMENT_3D('',#2784,#2785,#2786);
#2789=CARTESIAN_POINT('',(1.016E1,1.06E1,1.016E1));
#2790=DIRECTION('',(0.E0,-1.E0,0.E0));
#2791=DIRECTION('',(-1.E0,0.E0,0.E0));
#2792=AXIS2_PLACEMENT_3D('',#2789,#2790,#2791);
#2794=CARTESIAN_POINT('',(1.016E1,1.06E1,1.016E1));
#2795=DIRECTION('',(0.E0,-1.E0,0.E0));
#2796=DIRECTION('',(0.E0,0.E0,-1.E0));
#2797=AXIS2_PLACEMENT_3D('',#2794,#2795,#2796);
#2799=DIRECTION('',(0.E0,-1.E0,0.E0));
#2800=VECTOR('',#2799,1.5E-1);
#2801=CARTESIAN_POINT('',(-8.36E0,1.075E1,1.1E1));
#2802=LINE('',#2801,#2800);
#2803=DIRECTION('',(-1.E0,0.E0,9.868649107779E-14));
#2804=VECTOR('',#2803,1.44E0);
#2805=CARTESIAN_POINT('',(-8.36E0,1.06E1,1.1E1));
#2806=LINE('',#2805,#2804);
#2807=DIRECTION('',(0.E0,-1.E0,0.E0));
#2808=VECTOR('',#2807,1.2E0);
#2809=CARTESIAN_POINT('',(-9.8E0,1.06E1,1.1E1));
#2810=LINE('',#2809,#2808);
#2811=DIRECTION('',(1.E0,0.E0,-1.869849304632E-14));
#2812=VECTOR('',#2811,3.8E0);
#2813=CARTESIAN_POINT('',(-9.8E0,9.4E0,1.1E1));
#2814=LINE('',#2813,#2812);
#2815=DIRECTION('',(0.E0,1.E0,0.E0));
#2816=VECTOR('',#2815,1.2E0);
#2817=CARTESIAN_POINT('',(-6.E0,9.4E0,1.1E1));
#2818=LINE('',#2817,#2816);
#2819=DIRECTION('',(0.E0,-1.E0,0.E0));
#2820=VECTOR('',#2819,1.2E0);
#2821=CARTESIAN_POINT('',(6.E0,1.06E1,1.1E1));
#2822=LINE('',#2821,#2820);
#2823=DIRECTION('',(1.E0,0.E0,-1.869849304632E-14));
#2824=VECTOR('',#2823,3.8E0);
#2825=CARTESIAN_POINT('',(6.E0,9.4E0,1.1E1));
#2826=LINE('',#2825,#2824);
#2827=DIRECTION('',(0.E0,1.E0,0.E0));
#2828=VECTOR('',#2827,1.2E0);
#2829=CARTESIAN_POINT('',(9.8E0,9.4E0,1.1E1));
#2830=LINE('',#2829,#2828);
#2831=DIRECTION('',(-1.E0,0.E0,0.E0));
#2832=VECTOR('',#2831,1.672E1);
#2833=CARTESIAN_POINT('',(8.36E0,1.075E1,1.1E1));
#2834=LINE('',#2833,#2832);
#2835=DIRECTION('',(0.E0,-7.612957883145E-14,1.E0));
#2836=VECTOR('',#2835,8.399999999999E-1);
#2837=CARTESIAN_POINT('',(-8.36E0,1.06E1,1.016E1));
#2838=LINE('',#2837,#2836);
#2839=DIRECTION('',(0.E0,4.652363150811E-14,-1.E0));
#2840=VECTOR('',#2839,8.399999999999E-1);
#2841=CARTESIAN_POINT('',(-8.36E0,1.075E1,1.1E1));
#2842=LINE('',#2841,#2840);
#2843=CARTESIAN_POINT('',(2.286E1,1.075E1,1.016E1));
#2844=DIRECTION('',(0.E0,-1.E0,0.E0));
#2845=DIRECTION('',(-1.E0,0.E0,0.E0));
#2846=AXIS2_PLACEMENT_3D('',#2843,#2844,#2845);
#2848=CARTESIAN_POINT('',(2.286E1,1.075E1,-1.398840616139E-13));
#2849=DIRECTION('',(0.E0,-1.E0,0.E0));
#2850=DIRECTION('',(7.777777777778E-2,0.E0,9.969707203745E-1));
#2851=AXIS2_PLACEMENT_3D('',#2848,#2849,#2850);
#2853=CARTESIAN_POINT('',(2.286E1,1.075E1,-1.398840616139E-13));
#2854=DIRECTION('',(0.E0,-1.E0,0.E0));
#2855=DIRECTION('',(-1.E0,0.E0,0.E0));
#2856=AXIS2_PLACEMENT_3D('',#2853,#2854,#2855);
#2858=CARTESIAN_POINT('',(2.286E1,1.075E1,-1.016E1));
#2859=DIRECTION('',(0.E0,-1.E0,0.E0));
#2860=DIRECTION('',(7.777777777778E-2,0.E0,9.969707203745E-1));
#2861=AXIS2_PLACEMENT_3D('',#2858,#2859,#2860);
#2863=CARTESIAN_POINT('',(1.016E1,1.075E1,-1.016E1));
#2864=DIRECTION('',(0.E0,-1.E0,0.E0));
#2865=DIRECTION('',(1.E0,0.E0,0.E0));
#2866=AXIS2_PLACEMENT_3D('',#2863,#2864,#2865);
#2868=CARTESIAN_POINT('',(-2.286E1,1.075E1,-7.62E0));
#2869=DIRECTION('',(0.E0,-1.E0,0.E0));
#2870=DIRECTION('',(-7.777777777778E-2,0.E0,-9.969707203745E-1));
#2871=AXIS2_PLACEMENT_3D('',#2868,#2869,#2870);
#2873=CARTESIAN_POINT('',(-2.286E1,1.075E1,-7.62E0));
#2874=DIRECTION('',(0.E0,-1.E0,0.E0));
#2875=DIRECTION('',(1.E0,0.E0,0.E0));
#2876=AXIS2_PLACEMENT_3D('',#2873,#2874,#2875);
#2878=CARTESIAN_POINT('',(-2.286E1,1.075E1,-2.54E0));
#2879=DIRECTION('',(0.E0,-1.E0,0.E0));
#2880=DIRECTION('',(-7.777777777778E-2,0.E0,-9.969707203745E-1));
#2881=AXIS2_PLACEMENT_3D('',#2878,#2879,#2880);
#2883=CARTESIAN_POINT('',(-2.286E1,1.075E1,-2.54E0));
#2884=DIRECTION('',(0.E0,-1.E0,0.E0));
#2885=DIRECTION('',(1.E0,0.E0,0.E0));
#2886=AXIS2_PLACEMENT_3D('',#2883,#2884,#2885);
#2888=CARTESIAN_POINT('',(-2.286E1,1.075E1,7.62E0));
#2889=DIRECTION('',(0.E0,-1.E0,0.E0));
#2890=DIRECTION('',(-7.777777777778E-2,0.E0,-9.969707203745E-1));
#2891=AXIS2_PLACEMENT_3D('',#2888,#2889,#2890);
#2893=CARTESIAN_POINT('',(-2.286E1,1.075E1,7.62E0));
#2894=DIRECTION('',(0.E0,-1.E0,0.E0));
#2895=DIRECTION('',(1.E0,0.E0,0.E0));
#2896=AXIS2_PLACEMENT_3D('',#2893,#2894,#2895);
#2898=CARTESIAN_POINT('',(-1.016E1,1.075E1,1.016E1));
#2899=DIRECTION('',(0.E0,-1.E0,0.E0));
#2900=DIRECTION('',(-1.E0,0.E0,0.E0));
#2901=AXIS2_PLACEMENT_3D('',#2898,#2899,#2900);
#2903=CARTESIAN_POINT('',(1.016E1,1.075E1,1.016E1));
#2904=DIRECTION('',(0.E0,-1.E0,0.E0));
#2905=DIRECTION('',(-1.E0,0.E0,0.E0));
#2906=AXIS2_PLACEMENT_3D('',#2903,#2904,#2905);
#2908=CARTESIAN_POINT('',(-1.016E1,1.075E1,2.54E0));
#2909=DIRECTION('',(0.E0,-1.E0,0.E0));
#2910=DIRECTION('',(1.E0,0.E0,0.E0));
#2911=AXIS2_PLACEMENT_3D('',#2908,#2909,#2910);
#2913=CARTESIAN_POINT('',(-1.016E1,1.075E1,2.54E0));
#2914=DIRECTION('',(0.E0,-1.E0,0.E0));
#2915=DIRECTION('',(-1.E0,0.E0,0.E0));
#2916=AXIS2_PLACEMENT_3D('',#2913,#2914,#2915);
#2918=CARTESIAN_POINT('',(1.016E1,1.075E1,0.E0));
#2919=DIRECTION('',(0.E0,-1.E0,0.E0));
#2920=DIRECTION('',(1.E0,0.E0,6.840686398817E-14));
#2921=AXIS2_PLACEMENT_3D('',#2918,#2919,#2920);
#2923=CARTESIAN_POINT('',(1.016E1,1.075E1,0.E0));
#2924=DIRECTION('',(0.E0,-1.E0,0.E0));
#2925=DIRECTION('',(-1.E0,0.E0,0.E0));
#2926=AXIS2_PLACEMENT_3D('',#2923,#2924,#2925);
#2928=CARTESIAN_POINT('',(-1.016E1,1.075E1,-2.54E0));
#2929=DIRECTION('',(0.E0,-1.E0,0.E0));
#2930=DIRECTION('',(1.E0,0.E0,0.E0));
#2931=AXIS2_PLACEMENT_3D('',#2928,#2929,#2930);
#2933=CARTESIAN_POINT('',(-1.016E1,1.075E1,-2.54E0));
#2934=DIRECTION('',(0.E0,-1.E0,0.E0));
#2935=DIRECTION('',(-1.E0,0.E0,0.E0));
#2936=AXIS2_PLACEMENT_3D('',#2933,#2934,#2935);
#2938=DIRECTION('',(0.E0,-7.612957883144E-14,1.E0));
#2939=VECTOR('',#2938,8.4E-1);
#2940=CARTESIAN_POINT('',(1.196E1,1.06E1,-1.1E1));
#2941=LINE('',#2940,#2939);
#2942=DIRECTION('',(0.E0,0.E0,-1.E0));
#2943=VECTOR('',#2942,8.4E-1);
#2944=CARTESIAN_POINT('',(1.196E1,1.075E1,-1.016E1));
#2945=LINE('',#2944,#2943);
#2946=DIRECTION('',(0.E0,-1.E0,0.E0));
#2947=VECTOR('',#2946,1.5E-1);
#2948=CARTESIAN_POINT('',(1.196E1,1.075E1,-1.1E1));
#2949=LINE('',#2948,#2947);
#2950=DIRECTION('',(0.E0,1.E0,0.E0));
#2951=VECTOR('',#2950,1.499999999999E-1);
#2952=CARTESIAN_POINT('',(8.36E0,1.06E1,-1.016E1));
#2953=LINE('',#2952,#2951);
#2954=DIRECTION('',(0.E0,-1.E0,0.E0));
#2955=VECTOR('',#2954,1.500000000001E-1);
#2956=CARTESIAN_POINT('',(1.196E1,1.075E1,-1.016E1));
#2957=LINE('',#2956,#2955);
#2958=DIRECTION('',(0.E0,-7.612957883143E-14,-1.E0));
#2959=VECTOR('',#2958,8.400000000001E-1);
#2960=CARTESIAN_POINT('',(8.36E0,1.06E1,-1.016E1));
#2961=LINE('',#2960,#2959);
#2962=DIRECTION('',(0.E0,1.E0,0.E0));
#2963=VECTOR('',#2962,1.5E-1);
#2964=CARTESIAN_POINT('',(8.36E0,1.06E1,-1.1E1));
#2965=LINE('',#2964,#2963);
#2966=DIRECTION('',(0.E0,0.E0,1.E0));
#2967=VECTOR('',#2966,8.400000000001E-1);
#2968=CARTESIAN_POINT('',(8.36E0,1.075E1,-1.1E1));
#2969=LINE('',#2968,#2967);
#2970=DIRECTION('',(-1.E0,0.E0,0.E0));
#2971=VECTOR('',#2970,1.2E1);
#2972=CARTESIAN_POINT('',(6.E0,1.06E1,-1.1E1));
#2973=LINE('',#2972,#2971);
#2974=DIRECTION('',(0.E0,-1.E0,0.E0));
#2975=VECTOR('',#2974,1.2E0);
#2976=CARTESIAN_POINT('',(-6.E0,1.06E1,-1.1E1));
#2977=LINE('',#2976,#2975);
#2978=DIRECTION('',(-1.E0,0.E0,0.E0));
#2979=VECTOR('',#2978,3.8E0);
#2980=CARTESIAN_POINT('',(-6.E0,9.4E0,-1.1E1));
#2981=LINE('',#2980,#2979);
#2982=DIRECTION('',(0.E0,1.E0,0.E0));
#2983=VECTOR('',#2982,1.2E0);
#2984=CARTESIAN_POINT('',(-9.8E0,9.4E0,-1.1E1));
#2985=LINE('',#2984,#2983);
#2986=DIRECTION('',(-1.E0,0.E0,0.E0));
#2987=VECTOR('',#2986,6.7E0);
#2988=CARTESIAN_POINT('',(-9.8E0,1.06E1,-1.1E1));
#2989=LINE('',#2988,#2987);
#2990=DIRECTION('',(-2.605323364454E-13,-1.E0,0.E0));
#2991=VECTOR('',#2990,1.5E-1);
#2992=CARTESIAN_POINT('',(-1.65E1,1.06E1,-1.1E1));
#2993=LINE('',#2992,#2991);
#2994=DIRECTION('',(-2.605323364454E-13,1.E0,0.E0));
#2995=VECTOR('',#2994,1.5E-1);
#2996=CARTESIAN_POINT('',(-1.72E1,1.045E1,-1.1E1));
#2997=LINE('',#2996,#2995);
#2998=DIRECTION('',(-1.E0,0.E0,0.E0));
#2999=VECTOR('',#2998,5.8E0);
#3000=CARTESIAN_POINT('',(-1.72E1,1.06E1,-1.1E1));
#3001=LINE('',#3000,#2999);
#3002=DIRECTION('',(1.E0,0.E0,0.E0));
#3003=VECTOR('',#3002,3.136E1);
#3004=CARTESIAN_POINT('',(-2.3E1,1.075E1,-1.1E1));
#3005=LINE('',#3004,#3003);
#3006=DIRECTION('',(1.E0,0.E0,0.E0));
#3007=VECTOR('',#3006,1.44E0);
#3008=CARTESIAN_POINT('',(8.36E0,1.06E1,-1.1E1));
#3009=LINE('',#3008,#3007);
#3010=DIRECTION('',(0.E0,-1.E0,0.E0));
#3011=VECTOR('',#3010,1.2E0);
#3012=CARTESIAN_POINT('',(9.8E0,1.06E1,-1.1E1));
#3013=LINE('',#3012,#3011);
#3014=DIRECTION('',(-1.E0,-2.898266422179E-14,1.869849304632E-14));
#3015=VECTOR('',#3014,3.8E0);
#3016=CARTESIAN_POINT('',(9.8E0,9.4E0,-1.1E1));
#3017=LINE('',#3016,#3015);
#3018=DIRECTION('',(0.E0,1.E0,0.E0));
#3019=VECTOR('',#3018,1.2E0);
#3020=CARTESIAN_POINT('',(6.E0,9.4E0,-1.1E1));
#3021=LINE('',#3020,#3019);
#3022=DIRECTION('',(1.015061051086E-13,5.582835780974E-14,1.E0));
#3023=VECTOR('',#3022,3.499999999999E-1);
#3024=CARTESIAN_POINT('',(-1.65E1,1.045E1,-1.1E1));
#3025=LINE('',#3024,#3023);
#3026=DIRECTION('',(-1.E0,0.E0,3.578090205077E-13));
#3027=VECTOR('',#3026,7.000000000001E-1);
#3028=CARTESIAN_POINT('',(-1.65E1,1.045E1,-1.065E1));
#3029=LINE('',#3028,#3027);
#3030=DIRECTION('',(1.116567156194E-13,-5.582835780969E-14,-1.E0));
#3031=VECTOR('',#3030,3.500000000002E-1);
#3032=CARTESIAN_POINT('',(-1.72E1,1.045E1,-1.065E1));
#3033=LINE('',#3032,#3031);
#3034=DIRECTION('',(1.E0,0.E0,1.116567156194E-13));
#3035=VECTOR('',#3034,7.E-1);
#3036=CARTESIAN_POINT('',(-1.72E1,1.045E1,-1.1E1));
#3037=LINE('',#3036,#3035);
#3038=DIRECTION('',(0.E0,4.033475491527E-14,1.E0));
#3039=VECTOR('',#3038,1.585452703326E0);
#3040=CARTESIAN_POINT('',(-2.3E1,1.06E1,-1.1E1));
#3041=LINE('',#3040,#3039);
#3042=DIRECTION('',(0.E0,0.E0,-1.E0));
#3043=VECTOR('',#3042,1.585452703326E0);
#3044=CARTESIAN_POINT('',(-2.3E1,1.075E1,-9.414547296674E0));
#3045=LINE('',#3044,#3043);
#3046=DIRECTION('',(0.E0,-1.E0,0.E0));
#3047=VECTOR('',#3046,1.5E-1);
#3048=CARTESIAN_POINT('',(-2.3E1,1.075E1,-1.1E1));
#3049=LINE('',#3048,#3047);
#3050=DIRECTION('',(0.E0,1.E0,2.960594732334E-14));
#3051=VECTOR('',#3050,1.5E-1);
#3052=CARTESIAN_POINT('',(-2.3E1,1.06E1,-5.825452703326E0));
#3053=LINE('',#3052,#3051);
#3054=DIRECTION('',(0.E0,-1.E0,0.E0));
#3055=VECTOR('',#3054,1.499999999999E-1);
#3056=CARTESIAN_POINT('',(-2.3E1,1.075E1,-9.414547296674E0));
#3057=LINE('',#3056,#3055);
#3058=DIRECTION('',(-2.621215959942E-14,0.E0,1.E0));
#3059=VECTOR('',#3058,1.490905406652E0);
#3060=CARTESIAN_POINT('',(-2.3E1,1.06E1,-5.825452703326E0));
#3061=LINE('',#3060,#3059);
#3062=DIRECTION('',(2.621215959942E-14,0.E0,-1.E0));
#3063=VECTOR('',#3062,1.490905406652E0);
#3064=CARTESIAN_POINT('',(-2.3E1,1.075E1,-4.334547296674E0));
#3065=LINE('',#3064,#3063);
#3066=DIRECTION('',(0.E0,1.E0,4.440892098501E-14));
#3067=VECTOR('',#3066,1.5E-1);
#3068=CARTESIAN_POINT('',(-2.3E1,1.06E1,-7.454527033260E-1));
#3069=LINE('',#3068,#3067);
#3070=DIRECTION('',(0.E0,-1.E0,5.329070518201E-14));
#3071=VECTOR('',#3070,1.5E-1);
#3072=CARTESIAN_POINT('',(-2.3E1,1.075E1,-4.334547296674E0));
#3073=LINE('',#3072,#3071);
#3074=DIRECTION('',(0.E0,0.E0,1.E0));
#3075=VECTOR('',#3074,6.570905406652E0);
#3076=CARTESIAN_POINT('',(-2.3E1,1.06E1,-7.454527033260E-1));
#3077=LINE('',#3076,#3075);
#3078=DIRECTION('',(0.E0,0.E0,-1.E0));
#3079=VECTOR('',#3078,6.570905406652E0);
#3080=CARTESIAN_POINT('',(-2.3E1,1.075E1,5.825452703326E0));
#3081=LINE('',#3080,#3079);
#3082=DIRECTION('',(0.E0,1.E0,3.552713678802E-14));
#3083=VECTOR('',#3082,1.499999999999E-1);
#3084=CARTESIAN_POINT('',(-2.3E1,1.06E1,9.414547296674E0));
#3085=LINE('',#3084,#3083);
#3086=DIRECTION('',(0.E0,-1.E0,4.144832625267E-14));
#3087=VECTOR('',#3086,1.5E-1);
#3088=CARTESIAN_POINT('',(-2.3E1,1.075E1,5.825452703326E0));
#3089=LINE('',#3088,#3087);
#3090=DIRECTION('',(-1.792655774012E-14,-3.921434505651E-14,1.E0));
#3091=VECTOR('',#3090,1.585452703326E0);
#3092=CARTESIAN_POINT('',(-2.3E1,1.06E1,9.414547296674E0));
#3093=LINE('',#3092,#3091);
#3094=DIRECTION('',(0.E0,1.E0,0.E0));
#3095=VECTOR('',#3094,1.5E-1);
#3096=CARTESIAN_POINT('',(-2.3E1,1.06E1,1.1E1));
#3097=LINE('',#3096,#3095);
#3098=DIRECTION('',(1.792655774012E-14,0.E0,-1.E0));
#3099=VECTOR('',#3098,1.585452703326E0);
#3100=CARTESIAN_POINT('',(-2.3E1,1.075E1,1.1E1));
#3101=LINE('',#3100,#3099);
#3102=DIRECTION('',(0.E0,-7.612957883144E-14,-1.E0));
#3103=VECTOR('',#3102,8.4E-1);
#3104=CARTESIAN_POINT('',(-1.196E1,1.06E1,1.1E1));
#3105=LINE('',#3104,#3103);
#3106=DIRECTION('',(0.E0,0.E0,1.E0));
#3107=VECTOR('',#3106,8.4E-1);
#3108=CARTESIAN_POINT('',(-1.196E1,1.075E1,1.016E1));
#3109=LINE('',#3108,#3107);
#3110=DIRECTION('',(0.E0,-1.E0,0.E0));
#3111=VECTOR('',#3110,1.5E-1);
#3112=CARTESIAN_POINT('',(-1.196E1,1.075E1,1.1E1));
#3113=LINE('',#3112,#3111);
#3114=DIRECTION('',(0.E0,1.E0,0.E0));
#3115=VECTOR('',#3114,1.499999999999E-1);
#3116=CARTESIAN_POINT('',(-8.36E0,1.06E1,1.016E1));
#3117=LINE('',#3116,#3115);
#3118=DIRECTION('',(0.E0,-1.E0,0.E0));
#3119=VECTOR('',#3118,1.500000000001E-1);
#3120=CARTESIAN_POINT('',(-1.196E1,1.075E1,1.016E1));
#3121=LINE('',#3120,#3119);
#3122=DIRECTION('',(0.E0,-7.612957883145E-14,-1.E0));
#3123=VECTOR('',#3122,8.399999999999E-1);
#3124=CARTESIAN_POINT('',(8.36E0,1.06E1,1.1E1));
#3125=LINE('',#3124,#3123);
#3126=DIRECTION('',(0.E0,-4.652363150811E-14,1.E0));
#3127=VECTOR('',#3126,8.399999999999E-1);
#3128=CARTESIAN_POINT('',(8.36E0,1.075E1,1.016E1));
#3129=LINE('',#3128,#3127);
#3130=DIRECTION('',(0.E0,-1.E0,0.E0));
#3131=VECTOR('',#3130,1.5E-1);
#3132=CARTESIAN_POINT('',(8.36E0,1.075E1,1.1E1));
#3133=LINE('',#3132,#3131);
#3134=DIRECTION('',(0.E0,1.E0,0.E0));
#3135=VECTOR('',#3134,1.500000000001E-1);
#3136=CARTESIAN_POINT('',(1.196E1,1.06E1,1.016E1));
#3137=LINE('',#3136,#3135);
#3138=DIRECTION('',(0.E0,-1.E0,0.E0));
#3139=VECTOR('',#3138,1.500000000001E-1);
#3140=CARTESIAN_POINT('',(8.36E0,1.075E1,1.016E1));
#3141=LINE('',#3140,#3139);
#3142=DIRECTION('',(0.E0,7.190015778525E-14,1.E0));
#3143=VECTOR('',#3142,8.4E-1);
#3144=CARTESIAN_POINT('',(1.196E1,1.06E1,1.016E1));
#3145=LINE('',#3144,#3143);
#3146=DIRECTION('',(0.E0,1.E0,0.E0));
#3147=VECTOR('',#3146,1.5E-1);
#3148=CARTESIAN_POINT('',(1.196E1,1.06E1,1.1E1));
#3149=LINE('',#3148,#3147);
#3150=DIRECTION('',(0.E0,0.E0,-1.E0));
#3151=VECTOR('',#3150,8.4E-1);
#3152=CARTESIAN_POINT('',(1.196E1,1.075E1,1.1E1));
#3153=LINE('',#3152,#3151);
#3154=CARTESIAN_POINT('',(-1.016E1,1.06E1,2.54E0));
#3155=DIRECTION('',(0.E0,1.E0,0.E0));
#3156=DIRECTION('',(-1.E0,0.E0,0.E0));
#3157=AXIS2_PLACEMENT_3D('',#3154,#3155,#3156);
#3159=CARTESIAN_POINT('',(-1.016E1,1.06E1,2.54E0));
#3160=DIRECTION('',(0.E0,1.E0,0.E0));
#3161=DIRECTION('',(1.E0,0.E0,0.E0));
#3162=AXIS2_PLACEMENT_3D('',#3159,#3160,#3161);
#3164=CARTESIAN_POINT('',(-1.016E1,1.06E1,2.54E0));
#3165=DIRECTION('',(0.E0,-1.E0,0.E0));
#3166=DIRECTION('',(1.E0,0.E0,0.E0));
#3167=AXIS2_PLACEMENT_3D('',#3164,#3165,#3166);
#3169=CARTESIAN_POINT('',(-1.016E1,1.06E1,2.54E0));
#3170=DIRECTION('',(0.E0,-1.E0,0.E0));
#3171=DIRECTION('',(0.E0,0.E0,1.E0));
#3172=AXIS2_PLACEMENT_3D('',#3169,#3170,#3171);
#3174=CARTESIAN_POINT('',(-1.016E1,1.06E1,2.54E0));
#3175=DIRECTION('',(0.E0,-1.E0,0.E0));
#3176=DIRECTION('',(-1.E0,0.E0,0.E0));
#3177=AXIS2_PLACEMENT_3D('',#3174,#3175,#3176);
#3179=CARTESIAN_POINT('',(-1.016E1,1.06E1,2.54E0));
#3180=DIRECTION('',(0.E0,-1.E0,0.E0));
#3181=DIRECTION('',(0.E0,0.E0,-1.E0));
#3182=AXIS2_PLACEMENT_3D('',#3179,#3180,#3181);
#3184=DIRECTION('',(0.E0,1.E0,0.E0));
#3185=VECTOR('',#3184,1.5E-1);
#3186=CARTESIAN_POINT('',(-8.36E0,1.06E1,2.54E0));
#3187=LINE('',#3186,#3185);
#3188=DIRECTION('',(0.E0,-1.E0,0.E0));
#3189=VECTOR('',#3188,1.5E-1);
#3190=CARTESIAN_POINT('',(-1.196E1,1.075E1,2.54E0));
#3191=LINE('',#3190,#3189);
#3192=DIRECTION('',(-1.104315260750E-1,9.938837346736E-1,-6.206195390833E-11));
#3193=VECTOR('',#3192,9.055385138138E-1);
#3194=CARTESIAN_POINT('',(-9.535E0,1.06E1,2.539999999765E0));
#3195=LINE('',#3194,#3193);
#3196=CARTESIAN_POINT('',(-1.016E1,1.15E1,2.54E0));
#3197=DIRECTION('',(0.E0,-1.E0,0.E0));
#3198=DIRECTION('',(1.E0,0.E0,-5.454938088536E-10));
#3199=AXIS2_PLACEMENT_3D('',#3196,#3197,#3198);
#3201=CARTESIAN_POINT('',(-1.016E1,1.15E1,2.54E0));
#3202=DIRECTION('',(0.E0,-1.E0,0.E0));
#3203=DIRECTION('',(0.E0,0.E0,1.E0));
#3204=AXIS2_PLACEMENT_3D('',#3201,#3202,#3203);
#3206=DIRECTION('',(-1.104315260750E-1,-9.938837346736E-1,4.769231889080E-11));
#3207=VECTOR('',#3206,9.055385138138E-1);
#3208=CARTESIAN_POINT('',(-1.0685E1,1.15E1,2.540000000074E0));
#3209=LINE('',#3208,#3207);
#3210=CARTESIAN_POINT('',(-1.016E1,1.15E1,2.54E0));
#3211=DIRECTION('',(0.E0,-1.E0,0.E0));
#3212=DIRECTION('',(-1.E0,0.E0,0.E0));
#3213=AXIS2_PLACEMENT_3D('',#3210,#3211,#3212);
#3215=CARTESIAN_POINT('',(-1.016E1,1.15E1,2.54E0));
#3216=DIRECTION('',(0.E0,-1.E0,0.E0));
#3217=DIRECTION('',(0.E0,0.E0,-1.E0));
#3218=AXIS2_PLACEMENT_3D('',#3215,#3216,#3217);
#3220=DIRECTION('',(-4.973799150320E-13,-1.E0,-1.003912508679E-9));
#3221=VECTOR('',#3220,1.E-1);
#3222=CARTESIAN_POINT('',(-9.635E0,1.16E1,2.539999999809E0));
#3223=LINE('',#3222,#3221);
#3224=DIRECTION('',(-4.618527782440E-13,1.E0,-7.353495590223E-10));
#3225=VECTOR('',#3224,1.E-1);
#3226=CARTESIAN_POINT('',(-1.0685E1,1.15E1,2.540000000074E0));
#3227=LINE('',#3226,#3225);
#3228=CARTESIAN_POINT('',(-1.016E1,1.16E1,2.54E0));
#3229=DIRECTION('',(0.E0,1.E0,0.E0));
#3230=DIRECTION('',(1.E0,0.E0,0.E0));
#3231=AXIS2_PLACEMENT_3D('',#3228,#3229,#3230);
#3233=CARTESIAN_POINT('',(-1.016E1,1.16E1,2.54E0));
#3234=DIRECTION('',(0.E0,1.E0,0.E0));
#3235=DIRECTION('',(-1.E0,0.E0,0.E0));
#3236=AXIS2_PLACEMENT_3D('',#3233,#3234,#3235);
#3238=CARTESIAN_POINT('',(1.016E1,1.06E1,0.E0));
#3239=DIRECTION('',(0.E0,1.E0,0.E0));
#3240=DIRECTION('',(-1.E0,0.E0,0.E0));
#3241=AXIS2_PLACEMENT_3D('',#3238,#3239,#3240);
#3243=CARTESIAN_POINT('',(1.016E1,1.06E1,0.E0));
#3244=DIRECTION('',(0.E0,1.E0,0.E0));
#3245=DIRECTION('',(1.E0,0.E0,0.E0));
#3246=AXIS2_PLACEMENT_3D('',#3243,#3244,#3245);
#3248=CARTESIAN_POINT('',(1.016E1,1.06E1,0.E0));
#3249=DIRECTION('',(0.E0,-1.E0,0.E0));
#3250=DIRECTION('',(1.E0,0.E0,0.E0));
#3251=AXIS2_PLACEMENT_3D('',#3248,#3249,#3250);
#3253=CARTESIAN_POINT('',(1.016E1,1.06E1,0.E0));
#3254=DIRECTION('',(0.E0,-1.E0,0.E0));
#3255=DIRECTION('',(0.E0,0.E0,1.E0));
#3256=AXIS2_PLACEMENT_3D('',#3253,#3254,#3255);
#3258=CARTESIAN_POINT('',(1.016E1,1.06E1,0.E0));
#3259=DIRECTION('',(0.E0,-1.E0,0.E0));
#3260=DIRECTION('',(-1.E0,0.E0,0.E0));
#3261=AXIS2_PLACEMENT_3D('',#3258,#3259,#3260);
#3263=CARTESIAN_POINT('',(1.016E1,1.06E1,0.E0));
#3264=DIRECTION('',(0.E0,-1.E0,0.E0));
#3265=DIRECTION('',(0.E0,0.E0,-1.E0));
#3266=AXIS2_PLACEMENT_3D('',#3263,#3264,#3265);
#3268=DIRECTION('',(0.E0,1.E0,2.751616943279E-13));
#3269=VECTOR('',#3268,1.5E-1);
#3270=CARTESIAN_POINT('',(1.196E1,1.06E1,1.232573426501E-13));
#3271=LINE('',#3270,#3269);
#3272=DIRECTION('',(0.E0,-1.E0,0.E0));
#3273=VECTOR('',#3272,1.5E-1);
#3274=CARTESIAN_POINT('',(8.36E0,1.075E1,0.E0));
#3275=LINE('',#3274,#3273);
#3276=DIRECTION('',(-1.104315260754E-1,9.938837346736E-1,-6.212009737833E-11));
#3277=VECTOR('',#3276,9.055385138138E-1);
#3278=CARTESIAN_POINT('',(1.0785E1,1.06E1,-2.354505612611E-10));
#3279=LINE('',#3278,#3277);
#3280=CARTESIAN_POINT('',(1.016E1,1.15E1,0.E0));
#3281=DIRECTION('',(0.E0,-1.E0,0.E0));
#3282=DIRECTION('',(1.E0,0.E0,-5.461698985369E-10));
#3283=AXIS2_PLACEMENT_3D('',#3280,#3281,#3282);
#3285=CARTESIAN_POINT('',(1.016E1,1.15E1,0.E0));
#3286=DIRECTION('',(0.E0,-1.E0,0.E0));
#3287=DIRECTION('',(0.E0,0.E0,1.E0));
#3288=AXIS2_PLACEMENT_3D('',#3285,#3286,#3287);
#3290=DIRECTION('',(-1.104315260754E-1,-9.938837346736E-1,4.772594321073E-11));
#3291=VECTOR('',#3290,9.055385138138E-1);
#3292=CARTESIAN_POINT('',(9.635E0,1.15E1,7.358491974986E-11));
#3293=LINE('',#3292,#3291);
#3294=CARTESIAN_POINT('',(1.016E1,1.15E1,0.E0));
#3295=DIRECTION('',(0.E0,-1.E0,0.E0));
#3296=DIRECTION('',(-1.E0,0.E0,0.E0));
#3297=AXIS2_PLACEMENT_3D('',#3294,#3295,#3296);
#3299=CARTESIAN_POINT('',(1.016E1,1.15E1,0.E0));
#3300=DIRECTION('',(0.E0,-1.E0,0.E0));
#3301=DIRECTION('',(0.E0,0.E0,-1.E0));
#3302=AXIS2_PLACEMENT_3D('',#3299,#3300,#3301);
#3304=DIRECTION('',(-8.171241461241E-13,-1.E0,-1.005432481714E-9));
#3305=VECTOR('',#3304,1.E-1);
#3306=CARTESIAN_POINT('',(1.0685E1,1.16E1,-1.911594537476E-10));
#3307=LINE('',#3306,#3305);
#3308=DIRECTION('',(-8.704148513061E-13,1.E0,-7.358488762752E-10));
#3309=VECTOR('',#3308,1.E-1);
#3310=CARTESIAN_POINT('',(9.635E0,1.15E1,7.358491974986E-11));
#3311=LINE('',#3310,#3309);
#3312=CARTESIAN_POINT('',(1.016E1,1.16E1,0.E0));
#3313=DIRECTION('',(0.E0,1.E0,0.E0));
#3314=DIRECTION('',(1.E0,0.E0,0.E0));
#3315=AXIS2_PLACEMENT_3D('',#3312,#3313,#3314);
#3317=CARTESIAN_POINT('',(1.016E1,1.16E1,0.E0));
#3318=DIRECTION('',(0.E0,1.E0,0.E0));
#3319=DIRECTION('',(-1.E0,0.E0,0.E0));
#3320=AXIS2_PLACEMENT_3D('',#3317,#3318,#3319);
#3322=CARTESIAN_POINT('',(-1.016E1,1.06E1,-2.54E0));
#3323=DIRECTION('',(0.E0,1.E0,0.E0));
#3324=DIRECTION('',(-1.E0,0.E0,0.E0));
#3325=AXIS2_PLACEMENT_3D('',#3322,#3323,#3324);
#3327=CARTESIAN_POINT('',(-1.016E1,1.06E1,-2.54E0));
#3328=DIRECTION('',(0.E0,1.E0,0.E0));
#3329=DIRECTION('',(1.E0,0.E0,0.E0));
#3330=AXIS2_PLACEMENT_3D('',#3327,#3328,#3329);
#3332=CARTESIAN_POINT('',(-1.016E1,1.06E1,-2.54E0));
#3333=DIRECTION('',(0.E0,-1.E0,0.E0));
#3334=DIRECTION('',(1.E0,0.E0,0.E0));
#3335=AXIS2_PLACEMENT_3D('',#3332,#3333,#3334);
#3337=CARTESIAN_POINT('',(-1.016E1,1.06E1,-2.54E0));
#3338=DIRECTION('',(0.E0,-1.E0,0.E0));
#3339=DIRECTION('',(0.E0,0.E0,1.E0));
#3340=AXIS2_PLACEMENT_3D('',#3337,#3338,#3339);
#3342=CARTESIAN_POINT('',(-1.016E1,1.06E1,-2.54E0));
#3343=DIRECTION('',(0.E0,-1.E0,0.E0));
#3344=DIRECTION('',(-1.E0,0.E0,0.E0));
#3345=AXIS2_PLACEMENT_3D('',#3342,#3343,#3344);
#3347=CARTESIAN_POINT('',(-1.016E1,1.06E1,-2.54E0));
#3348=DIRECTION('',(0.E0,-1.E0,0.E0));
#3349=DIRECTION('',(0.E0,0.E0,-1.E0));
#3350=AXIS2_PLACEMENT_3D('',#3347,#3348,#3349);
#3352=DIRECTION('',(0.E0,1.E0,0.E0));
#3353=VECTOR('',#3352,1.5E-1);
#3354=CARTESIAN_POINT('',(-8.36E0,1.06E1,-2.54E0));
#3355=LINE('',#3354,#3353);
#3356=DIRECTION('',(0.E0,-1.E0,0.E0));
#3357=VECTOR('',#3356,1.5E-1);
#3358=CARTESIAN_POINT('',(-1.196E1,1.075E1,-2.54E0));
#3359=LINE('',#3358,#3357);
#3360=DIRECTION('',(-1.104315260750E-1,9.938837346736E-1,-6.206244432282E-11));
#3361=VECTOR('',#3360,9.055385138138E-1);
#3362=CARTESIAN_POINT('',(-9.535E0,1.06E1,-2.540000000235E0));
#3363=LINE('',#3362,#3361);
#3364=CARTESIAN_POINT('',(-1.016E1,1.15E1,-2.54E0));
#3365=DIRECTION('',(0.E0,-1.E0,0.E0));
#3366=DIRECTION('',(1.E0,0.E0,-5.454929629694E-10));
#3367=AXIS2_PLACEMENT_3D('',#3364,#3365,#3366);
#3369=CARTESIAN_POINT('',(-1.016E1,1.15E1,-2.54E0));
#3370=DIRECTION('',(0.E0,-1.E0,0.E0));
#3371=DIRECTION('',(0.E0,0.E0,1.E0));
#3372=AXIS2_PLACEMENT_3D('',#3369,#3370,#3371);
#3374=DIRECTION('',(-1.104315260750E-1,-9.938837346736E-1,4.769182847631E-11));
#3375=VECTOR('',#3374,9.055385138138E-1);
#3376=CARTESIAN_POINT('',(-1.0685E1,1.15E1,-2.539999999926E0));
#3377=LINE('',#3376,#3375);
#3378=CARTESIAN_POINT('',(-1.016E1,1.15E1,-2.54E0));
#3379=DIRECTION('',(0.E0,-1.E0,0.E0));
#3380=DIRECTION('',(-1.E0,0.E0,0.E0));
#3381=AXIS2_PLACEMENT_3D('',#3378,#3379,#3380);
#3383=CARTESIAN_POINT('',(-1.016E1,1.15E1,-2.54E0));
#3384=DIRECTION('',(0.E0,-1.E0,0.E0));
#3385=DIRECTION('',(0.E0,0.E0,-1.E0));
#3386=AXIS2_PLACEMENT_3D('',#3383,#3384,#3385);
#3388=DIRECTION('',(-4.973799150320E-13,-1.E0,-1.003916949571E-9));
#3389=VECTOR('',#3388,1.E-1);
#3390=CARTESIAN_POINT('',(-9.635E0,1.16E1,-2.540000000191E0));
#3391=LINE('',#3390,#3389);
#3392=DIRECTION('',(-4.618527782440E-13,1.E0,-7.353451181302E-10));
#3393=VECTOR('',#3392,1.E-1);
#3394=CARTESIAN_POINT('',(-1.0685E1,1.15E1,-2.539999999926E0));
#3395=LINE('',#3394,#3393);
#3396=CARTESIAN_POINT('',(-1.016E1,1.16E1,-2.54E0));
#3397=DIRECTION('',(0.E0,1.E0,0.E0));
#3398=DIRECTION('',(1.E0,0.E0,0.E0));
#3399=AXIS2_PLACEMENT_3D('',#3396,#3397,#3398);
#3401=CARTESIAN_POINT('',(-1.016E1,1.16E1,-2.54E0));
#3402=DIRECTION('',(0.E0,1.E0,0.E0));
#3403=DIRECTION('',(-1.E0,0.E0,0.E0));
#3404=AXIS2_PLACEMENT_3D('',#3401,#3402,#3403);
#3406=DIRECTION('',(0.E0,6.039613253961E-13,-1.E0));
#3407=VECTOR('',#3406,5.5E-1);
#3408=CARTESIAN_POINT('',(-6.E0,9.4E0,1.155E1));
#3409=LINE('',#3408,#3407);
#3410=DIRECTION('',(0.E0,0.E0,-1.E0));
#3411=VECTOR('',#3410,5.5E-1);
#3412=CARTESIAN_POINT('',(6.E0,1.06E1,1.155E1));
#3413=LINE('',#3412,#3411);
#3414=DIRECTION('',(-1.E0,0.E0,0.E0));
#3415=VECTOR('',#3414,1.2E1);
#3416=CARTESIAN_POINT('',(6.E0,1.06E1,1.1E1));
#3417=LINE('',#3416,#3415);
#3418=DIRECTION('',(0.E0,0.E0,1.E0));
#3419=VECTOR('',#3418,5.5E-1);
#3420=CARTESIAN_POINT('',(-6.E0,1.06E1,1.1E1));
#3421=LINE('',#3420,#3419);
#3422=DIRECTION('',(1.E0,0.E0,0.E0));
#3423=VECTOR('',#3422,1.2E1);
#3424=CARTESIAN_POINT('',(-6.E0,1.06E1,1.155E1));
#3425=LINE('',#3424,#3423);
#3426=DIRECTION('',(0.E0,6.039613253961E-13,-1.E0));
#3427=VECTOR('',#3426,5.5E-1);
#3428=CARTESIAN_POINT('',(6.E0,9.4E0,1.155E1));
#3429=LINE('',#3428,#3427);
#3430=DIRECTION('',(0.E0,6.039613253960E-13,-1.E0));
#3431=VECTOR('',#3430,5.500000000001E-1);
#3432=CARTESIAN_POINT('',(9.8E0,9.4E0,1.155E1));
#3433=LINE('',#3432,#3431);
#3434=DIRECTION('',(-1.104315260750E-1,9.938837346736E-1,-6.209235960681E-11));
#3435=VECTOR('',#3434,9.055385138138E-1);
#3436=CARTESIAN_POINT('',(1.0785E1,1.06E1,1.015999999977E1));
#3437=LINE('',#3436,#3435);
#3438=CARTESIAN_POINT('',(1.016E1,1.15E1,1.016E1));
#3439=DIRECTION('',(0.E0,-1.E0,0.E0));
#3440=DIRECTION('',(1.E0,0.E0,-5.427531440157E-10));
#3441=AXIS2_PLACEMENT_3D('',#3438,#3439,#3440);
#3443=CARTESIAN_POINT('',(1.016E1,1.15E1,1.016E1));
#3444=DIRECTION('',(0.E0,-1.E0,0.E0));
#3445=DIRECTION('',(0.E0,0.E0,1.E0));
#3446=AXIS2_PLACEMENT_3D('',#3443,#3444,#3445);
#3448=DIRECTION('',(-1.104315260750E-1,-9.938837346736E-1,4.835683052688E-11));
#3449=VECTOR('',#3448,9.055385138138E-1);
#3450=CARTESIAN_POINT('',(9.635E0,1.15E1,1.016000000007E1));
#3451=LINE('',#3450,#3449);
#3452=CARTESIAN_POINT('',(1.016E1,1.15E1,1.016E1));
#3453=DIRECTION('',(0.E0,-1.E0,0.E0));
#3454=DIRECTION('',(-1.E0,0.E0,0.E0));
#3455=AXIS2_PLACEMENT_3D('',#3452,#3453,#3454);
#3457=CARTESIAN_POINT('',(1.016E1,1.15E1,1.016E1));
#3458=DIRECTION('',(0.E0,-1.E0,0.E0));
#3459=DIRECTION('',(0.E0,0.E0,-1.E0));
#3460=AXIS2_PLACEMENT_3D('',#3457,#3458,#3459);
#3462=DIRECTION('',(-4.618527782440E-13,-1.E0,-9.935696709817E-10));
#3463=VECTOR('',#3462,1.E-1);
#3464=CARTESIAN_POINT('',(1.0685E1,1.16E1,1.015999999981E1));
#3465=LINE('',#3464,#3463);
#3466=DIRECTION('',(-4.973799150320E-13,1.E0,-7.455902562014E-10));
#3467=VECTOR('',#3466,1.E-1);
#3468=CARTESIAN_POINT('',(9.635E0,1.15E1,1.016000000007E1));
#3469=LINE('',#3468,#3467);
#3470=CARTESIAN_POINT('',(1.016E1,1.16E1,1.016E1));
#3471=DIRECTION('',(0.E0,1.E0,0.E0));
#3472=DIRECTION('',(1.E0,0.E0,0.E0));
#3473=AXIS2_PLACEMENT_3D('',#3470,#3471,#3472);
#3475=CARTESIAN_POINT('',(1.016E1,1.16E1,1.016E1));
#3476=DIRECTION('',(0.E0,1.E0,0.E0));
#3477=DIRECTION('',(-1.E0,0.E0,0.E0));
#3478=AXIS2_PLACEMENT_3D('',#3475,#3476,#3477);
#3480=DIRECTION('',(-6.146176759314E-14,-9.544799780355E-1,2.982749931345E-1));
#3481=VECTOR('',#3480,1.676305461425E0);
#3482=CARTESIAN_POINT('',(-1.65E1,1.02E1,1.065E1));
#3483=LINE('',#3482,#3481);
#3484=DIRECTION('',(-2.664535259090E-13,2.042810365302E-13,1.E0));
#3485=VECTOR('',#3484,4.000000000016E-1);
#3486=CARTESIAN_POINT('',(-1.65E1,8.6E0,1.115E1));
#3487=LINE('',#3486,#3485);
#3488=DIRECTION('',(4.263256414590E-13,-1.E0,2.444267011032E-12));
#3489=VECTOR('',#3488,2.499999999983E-1);
#3490=CARTESIAN_POINT('',(-1.65E1,1.045E1,1.065E1));
#3491=LINE('',#3490,#3489);
#3492=DIRECTION('',(-1.E0,3.735424667996E-12,0.E0));
#3493=VECTOR('',#3492,7.000000000001E-1);
#3494=CARTESIAN_POINT('',(-1.65E1,1.02E1,1.065E1));
#3495=LINE('',#3494,#3493);
#3496=DIRECTION('',(1.E0,-8.628018934230E-14,-1.141943682472E-12));
#3497=VECTOR('',#3496,7.E-1);
#3498=CARTESIAN_POINT('',(-1.72E1,8.6E0,1.115E1));
#3499=LINE('',#3498,#3497);
#3500=DIRECTION('',(1.421085471545E-13,-1.E0,2.437161583699E-12));
#3501=VECTOR('',#3500,2.499999999957E-1);
#3502=CARTESIAN_POINT('',(-1.72E1,1.045E1,1.065E1));
#3503=LINE('',#3502,#3501);
#3504=DIRECTION('',(2.943677048148E-13,-6.496390726946E-13,-1.E0));
#3505=VECTOR('',#3504,3.500000000002E-1);
#3506=CARTESIAN_POINT('',(-1.72E1,1.045E1,1.1E1));
#3507=LINE('',#3506,#3505);
#3508=DIRECTION('',(1.E0,0.E0,0.E0));
#3509=VECTOR('',#3508,7.E-1);
#3510=CARTESIAN_POINT('',(-1.72E1,1.045E1,1.065E1));
#3511=LINE('',#3510,#3509);
#3512=DIRECTION('',(-1.015061051086E-13,6.496390726948E-13,1.E0));
#3513=VECTOR('',#3512,3.500000000001E-1);
#3514=CARTESIAN_POINT('',(-1.65E1,1.045E1,1.065E1));
#3515=LINE('',#3514,#3513);
#3516=DIRECTION('',(-1.E0,0.E0,1.319579366411E-13));
#3517=VECTOR('',#3516,7.000000000001E-1);
#3518=CARTESIAN_POINT('',(-1.65E1,1.045E1,1.1E1));
#3519=LINE('',#3518,#3517);
#3520=DIRECTION('',(1.907434166681E-14,9.544799780355E-1,-2.982749931345E-1));
#3521=VECTOR('',#3520,1.676305461428E0);
#3522=CARTESIAN_POINT('',(-1.72E1,8.6E0,1.115E1));
#3523=LINE('',#3522,#3521);
#3524=DIRECTION('',(-9.769962616682E-14,-1.998401444321E-13,-1.E0));
#3525=VECTOR('',#3524,4.000000000008E-1);
#3526=CARTESIAN_POINT('',(-1.72E1,8.6E0,1.155E1));
#3527=LINE('',#3526,#3525);
#3528=DIRECTION('',(-1.104315260750E-1,9.938837346736E-1,-6.209235960681E-11));
#3529=VECTOR('',#3528,9.055385138138E-1);
#3530=CARTESIAN_POINT('',(-9.535E0,1.06E1,1.015999999977E1));
#3531=LINE('',#3530,#3529);
#3532=CARTESIAN_POINT('',(-1.016E1,1.15E1,1.016E1));
#3533=DIRECTION('',(0.E0,-1.E0,0.E0));
#3534=DIRECTION('',(1.E0,0.E0,-5.427531440157E-10));
#3535=AXIS2_PLACEMENT_3D('',#3532,#3533,#3534);
#3537=CARTESIAN_POINT('',(-1.016E1,1.15E1,1.016E1));
#3538=DIRECTION('',(0.E0,-1.E0,0.E0));
#3539=DIRECTION('',(0.E0,0.E0,1.E0));
#3540=AXIS2_PLACEMENT_3D('',#3537,#3538,#3539);
#3542=DIRECTION('',(-1.104315260750E-1,-9.938837346736E-1,4.835683052688E-11));
#3543=VECTOR('',#3542,9.055385138138E-1);
#3544=CARTESIAN_POINT('',(-1.0685E1,1.15E1,1.016000000007E1));
#3545=LINE('',#3544,#3543);
#3546=CARTESIAN_POINT('',(-1.016E1,1.15E1,1.016E1));
#3547=DIRECTION('',(0.E0,-1.E0,0.E0));
#3548=DIRECTION('',(-1.E0,0.E0,0.E0));
#3549=AXIS2_PLACEMENT_3D('',#3546,#3547,#3548);
#3551=CARTESIAN_POINT('',(-1.016E1,1.15E1,1.016E1));
#3552=DIRECTION('',(0.E0,-1.E0,0.E0));
#3553=DIRECTION('',(0.E0,0.E0,-1.E0));
#3554=AXIS2_PLACEMENT_3D('',#3551,#3552,#3553);
#3556=DIRECTION('',(-4.973799150320E-13,-1.E0,-9.935696709817E-10));
#3557=VECTOR('',#3556,1.E-1);
#3558=CARTESIAN_POINT('',(-9.635E0,1.16E1,1.015999999981E1));
#3559=LINE('',#3558,#3557);
#3560=DIRECTION('',(-4.618527782440E-13,1.E0,-7.455902562014E-10));
#3561=VECTOR('',#3560,1.E-1);
#3562=CARTESIAN_POINT('',(-1.0685E1,1.15E1,1.016000000007E1));
#3563=LINE('',#3562,#3561);
#3564=CARTESIAN_POINT('',(-1.016E1,1.16E1,1.016E1));
#3565=DIRECTION('',(0.E0,1.E0,0.E0));
#3566=DIRECTION('',(1.E0,0.E0,0.E0));
#3567=AXIS2_PLACEMENT_3D('',#3564,#3565,#3566);
#3569=CARTESIAN_POINT('',(-1.016E1,1.16E1,1.016E1));
#3570=DIRECTION('',(0.E0,1.E0,0.E0));
#3571=DIRECTION('',(-1.E0,0.E0,0.E0));
#3572=AXIS2_PLACEMENT_3D('',#3569,#3570,#3571);
#3574=DIRECTION('',(6.146176759314E-14,-9.544799780355E-1,-2.982749931345E-1));
#3575=VECTOR('',#3574,1.676305461425E0);
#3576=CARTESIAN_POINT('',(1.65E1,1.02E1,-1.065E1));
#3577=LINE('',#3576,#3575);
#3578=DIRECTION('',(2.664535259090E-13,2.042810365302E-13,-1.E0));
#3579=VECTOR('',#3578,4.000000000016E-1);
#3580=CARTESIAN_POINT('',(1.65E1,8.6E0,-1.115E1));
#3581=LINE('',#3580,#3579);
#3582=DIRECTION('',(-4.263256414590E-13,-1.E0,-2.444267011032E-12));
#3583=VECTOR('',#3582,2.499999999983E-1);
#3584=CARTESIAN_POINT('',(1.65E1,1.045E1,-1.065E1));
#3585=LINE('',#3584,#3583);
#3586=DIRECTION('',(1.E0,3.735424667996E-12,0.E0));
#3587=VECTOR('',#3586,7.000000000001E-1);
#3588=CARTESIAN_POINT('',(1.65E1,1.02E1,-1.065E1));
#3589=LINE('',#3588,#3587);
#3590=DIRECTION('',(-1.E0,-8.628018934230E-14,1.141943682472E-12));
#3591=VECTOR('',#3590,7.E-1);
#3592=CARTESIAN_POINT('',(1.72E1,8.6E0,-1.115E1));
#3593=LINE('',#3592,#3591);
#3594=DIRECTION('',(-1.421085471545E-13,-1.E0,-2.437161583699E-12));
#3595=VECTOR('',#3594,2.499999999957E-1);
#3596=CARTESIAN_POINT('',(1.72E1,1.045E1,-1.065E1));
#3597=LINE('',#3596,#3595);
#3598=DIRECTION('',(-2.943677048148E-13,-6.496390726946E-13,1.E0));
#3599=VECTOR('',#3598,3.500000000002E-1);
#3600=CARTESIAN_POINT('',(1.72E1,1.045E1,-1.1E1));
#3601=LINE('',#3600,#3599);
#3602=DIRECTION('',(-1.E0,0.E0,0.E0));
#3603=VECTOR('',#3602,7.E-1);
#3604=CARTESIAN_POINT('',(1.72E1,1.045E1,-1.065E1));
#3605=LINE('',#3604,#3603);
#3606=DIRECTION('',(1.015061051086E-13,6.496390726948E-13,-1.E0));
#3607=VECTOR('',#3606,3.500000000001E-1);
#3608=CARTESIAN_POINT('',(1.65E1,1.045E1,-1.065E1));
#3609=LINE('',#3608,#3607);
#3610=DIRECTION('',(1.E0,0.E0,-1.294202840134E-13));
#3611=VECTOR('',#3610,7.000000000001E-1);
#3612=CARTESIAN_POINT('',(1.65E1,1.045E1,-1.1E1));
#3613=LINE('',#3612,#3611);
#3614=DIRECTION('',(-1.907434166681E-14,9.544799780355E-1,2.982749931345E-1));
#3615=VECTOR('',#3614,1.676305461428E0);
#3616=CARTESIAN_POINT('',(1.72E1,8.6E0,-1.115E1));
#3617=LINE('',#3616,#3615);
#3618=DIRECTION('',(9.769962616682E-14,-1.998401444321E-13,1.E0));
#3619=VECTOR('',#3618,4.000000000008E-1);
#3620=CARTESIAN_POINT('',(1.72E1,8.6E0,-1.155E1));
#3621=LINE('',#3620,#3619);
#3622=DIRECTION('',(-1.104315260772E-1,9.938837346734E-1,-6.208843629155E-11));
#3623=VECTOR('',#3622,9.055385138039E-1);
#3624=CARTESIAN_POINT('',(1.0785E1,1.06E1,-1.016000000023E1));
#3625=LINE('',#3624,#3623);
#3626=CARTESIAN_POINT('',(1.016E1,1.149999999999E1,-1.016E1));
#3627=DIRECTION('',(0.E0,-1.E0,0.E0));
#3628=DIRECTION('',(1.E0,0.E0,-5.427463769413E-10));
#3629=AXIS2_PLACEMENT_3D('',#3626,#3627,#3628);
#3631=CARTESIAN_POINT('',(1.016E1,1.149999999999E1,-1.016E1));
#3632=DIRECTION('',(0.E0,-1.E0,0.E0));
#3633=DIRECTION('',(0.E0,0.E0,1.E0));
#3634=AXIS2_PLACEMENT_3D('',#3631,#3632,#3633);
#3636=DIRECTION('',(-1.104315260772E-1,-9.938837346734E-1,4.835486886944E-11));
#3637=VECTOR('',#3636,9.055385138039E-1);
#3638=CARTESIAN_POINT('',(9.635E0,1.149999999999E1,-1.015999999993E1));
#3639=LINE('',#3638,#3637);
#3640=CARTESIAN_POINT('',(1.016E1,1.149999999999E1,-1.016E1));
#3641=DIRECTION('',(0.E0,-1.E0,0.E0));
#3642=DIRECTION('',(-1.E0,0.E0,0.E0));
#3643=AXIS2_PLACEMENT_3D('',#3640,#3641,#3642);
#3645=CARTESIAN_POINT('',(1.016E1,1.149999999999E1,-1.016E1));
#3646=DIRECTION('',(0.E0,-1.E0,0.E0));
#3647=DIRECTION('',(0.E0,0.E0,-1.E0));
#3648=AXIS2_PLACEMENT_3D('',#3645,#3646,#3647);
#3650=DIRECTION('',(3.215205878994E-12,-1.E0,-9.935874344511E-10));
#3651=VECTOR('',#3650,1.000000000100E-1);
#3652=CARTESIAN_POINT('',(1.0685E1,1.16E1,-1.016000000019E1));
#3653=LINE('',#3652,#3651);
#3654=DIRECTION('',(3.179678742210E-12,1.E0,-7.455724925588E-10));
#3655=VECTOR('',#3654,1.000000000100E-1);
#3656=CARTESIAN_POINT('',(9.635E0,1.149999999999E1,-1.015999999993E1));
#3657=LINE('',#3656,#3655);
#3658=CARTESIAN_POINT('',(1.016E1,1.16E1,-1.016E1));
#3659=DIRECTION('',(0.E0,1.E0,0.E0));
#3660=DIRECTION('',(1.E0,0.E0,0.E0));
#3661=AXIS2_PLACEMENT_3D('',#3658,#3659,#3660);
#3663=CARTESIAN_POINT('',(1.016E1,1.16E1,-1.016E1));
#3664=DIRECTION('',(0.E0,1.E0,0.E0));
#3665=DIRECTION('',(-1.E0,0.E0,0.E0));
#3666=AXIS2_PLACEMENT_3D('',#3663,#3664,#3665);
#3668=CARTESIAN_POINT('',(2.286E1,1.06E1,-1.0785E1));
#3669=CARTESIAN_POINT('',(2.3485E1,1.06E1,-1.016E1));
#3670=VERTEX_POINT('',#3668);
#3671=VERTEX_POINT('',#3669);
#3672=CARTESIAN_POINT('',(2.2235E1,1.06E1,-1.016E1));
#3673=VERTEX_POINT('',#3672);
#3674=CARTESIAN_POINT('',(2.2335E1,1.149999999999E1,-1.015999999992E1));
#3675=VERTEX_POINT('',#3674);
#3676=CARTESIAN_POINT('',(2.286E1,1.149999999999E1,-1.0685E1));
#3677=VERTEX_POINT('',#3676);
#3678=CARTESIAN_POINT('',(2.3385E1,1.149999999999E1,-1.016000000029E1));
#3679=VERTEX_POINT('',#3678);
#3680=CARTESIAN_POINT('',(1.72E1,1.06E1,1.1E1));
#3681=CARTESIAN_POINT('',(2.106E1,1.06E1,1.1E1));
#3682=VERTEX_POINT('',#3680);
#3683=VERTEX_POINT('',#3681);
#3684=CARTESIAN_POINT('',(1.72E1,1.06E1,1.155E1));
#3685=VERTEX_POINT('',#3684);
#3686=CARTESIAN_POINT('',(2.425E1,1.06E1,1.155E1));
#3687=VERTEX_POINT('',#3686);
#3688=CARTESIAN_POINT('',(2.425E1,1.06E1,-1.155E1));
#3689=VERTEX_POINT('',#3688);
#3690=CARTESIAN_POINT('',(1.72E1,1.06E1,-1.155E1));
#3691=VERTEX_POINT('',#3690);
#3692=CARTESIAN_POINT('',(1.72E1,1.06E1,-1.1E1));
#3693=VERTEX_POINT('',#3692);
#3694=CARTESIAN_POINT('',(2.106E1,1.06E1,-1.1E1));
#3695=VERTEX_POINT('',#3694);
#3696=CARTESIAN_POINT('',(2.106E1,1.06E1,-1.016E1));
#3697=VERTEX_POINT('',#3696);
#3698=CARTESIAN_POINT('',(2.3E1,1.06E1,-8.365452703326E0));
#3699=VERTEX_POINT('',#3698);
#3700=CARTESIAN_POINT('',(2.3E1,1.06E1,-1.794547296674E0));
#3701=VERTEX_POINT('',#3700);
#3702=CARTESIAN_POINT('',(2.106E1,1.06E1,-1.411608180922E-13));
#3703=VERTEX_POINT('',#3702);
#3704=CARTESIAN_POINT('',(2.3E1,1.06E1,1.794547296674E0));
#3705=VERTEX_POINT('',#3704);
#3706=CARTESIAN_POINT('',(2.3E1,1.06E1,8.365452703326E0));
#3707=VERTEX_POINT('',#3706);
#3708=CARTESIAN_POINT('',(2.106E1,1.06E1,1.016E1));
#3709=VERTEX_POINT('',#3708);
#3710=CARTESIAN_POINT('',(2.3485E1,1.06E1,0.E0));
#3711=CARTESIAN_POINT('',(2.286E1,1.06E1,6.250000000004E-1));
#3712=VERTEX_POINT('',#3710);
#3713=VERTEX_POINT('',#3711);
#3714=CARTESIAN_POINT('',(2.2235E1,1.06E1,0.E0));
#3715=VERTEX_POINT('',#3714);
#3716=CARTESIAN_POINT('',(2.286E1,1.06E1,-6.250000000004E-1));
#3717=VERTEX_POINT('',#3716);
#3718=CARTESIAN_POINT('',(2.286E1,1.06E1,-9.534999999999E0));
#3719=VERTEX_POINT('',#3718);
#3720=CARTESIAN_POINT('',(2.3485E1,1.06E1,1.016E1));
#3721=CARTESIAN_POINT('',(2.286E1,1.06E1,1.0785E1));
#3722=VERTEX_POINT('',#3720);
#3723=VERTEX_POINT('',#3721);
#3724=CARTESIAN_POINT('',(2.2235E1,1.06E1,1.016E1));
#3725=VERTEX_POINT('',#3724);
#3726=CARTESIAN_POINT('',(2.286E1,1.06E1,9.535E0));
#3727=VERTEX_POINT('',#3726);
#3728=CARTESIAN_POINT('',(2.106E1,1.075E1,1.1E1));
#3729=VERTEX_POINT('',#3728);
#3730=CARTESIAN_POINT('',(1.196E1,1.075E1,1.1E1));
#3731=VERTEX_POINT('',#3730);
#3732=CARTESIAN_POINT('',(1.196E1,1.06E1,1.1E1));
#3733=VERTEX_POINT('',#3732);
#3734=CARTESIAN_POINT('',(1.65E1,1.06E1,1.1E1));
#3735=VERTEX_POINT('',#3734);
#3736=CARTESIAN_POINT('',(1.65E1,1.045E1,1.1E1));
#3737=VERTEX_POINT('',#3736);
#3738=CARTESIAN_POINT('',(1.72E1,1.045E1,1.1E1));
#3739=VERTEX_POINT('',#3738);
#3740=CARTESIAN_POINT('',(2.106E1,1.075E1,1.016E1));
#3741=VERTEX_POINT('',#3740);
#3742=CARTESIAN_POINT('',(2.3E1,1.075E1,8.365452703326E0));
#3743=VERTEX_POINT('',#3742);
#3744=CARTESIAN_POINT('',(2.3E1,1.075E1,1.794547296674E0));
#3745=VERTEX_POINT('',#3744);
#3746=CARTESIAN_POINT('',(2.3E1,1.075E1,-1.794547296674E0));
#3747=VERTEX_POINT('',#3746);
#3748=CARTESIAN_POINT('',(2.106E1,1.075E1,-1.390375165576E-13));
#3749=VERTEX_POINT('',#3748);
#3750=CARTESIAN_POINT('',(2.3E1,1.075E1,-8.365452703326E0));
#3751=VERTEX_POINT('',#3750);
#3752=CARTESIAN_POINT('',(2.106E1,1.075E1,-1.016E1));
#3753=VERTEX_POINT('',#3752);
#3754=CARTESIAN_POINT('',(2.106E1,1.075E1,-1.1E1));
#3755=VERTEX_POINT('',#3754);
#3756=CARTESIAN_POINT('',(1.196E1,1.06E1,-1.1E1));
#3757=CARTESIAN_POINT('',(1.65E1,1.06E1,-1.1E1));
#3758=VERTEX_POINT('',#3756);
#3759=VERTEX_POINT('',#3757);
#3760=CARTESIAN_POINT('',(1.196E1,1.075E1,-1.1E1));
#3761=VERTEX_POINT('',#3760);
#3762=CARTESIAN_POINT('',(1.72E1,1.045E1,-1.1E1));
#3763=VERTEX_POINT('',#3762);
#3764=CARTESIAN_POINT('',(1.65E1,1.045E1,-1.1E1));
#3765=VERTEX_POINT('',#3764);
#3766=CARTESIAN_POINT('',(9.8E0,1.06E1,-1.155E1));
#3767=CARTESIAN_POINT('',(9.8E0,1.06E1,-1.1E1));
#3768=VERTEX_POINT('',#3766);
#3769=VERTEX_POINT('',#3767);
#3770=CARTESIAN_POINT('',(8.36E0,1.06E1,-1.1E1));
#3771=VERTEX_POINT('',#3770);
#3772=CARTESIAN_POINT('',(8.36E0,1.06E1,-1.016E1));
#3773=VERTEX_POINT('',#3772);
#3774=CARTESIAN_POINT('',(1.196E1,1.06E1,-1.016E1));
#3775=VERTEX_POINT('',#3774);
#3776=CARTESIAN_POINT('',(1.65E1,1.06E1,-1.155E1));
#3777=VERTEX_POINT('',#3776);
#3778=CARTESIAN_POINT('',(1.0785E1,1.06E1,-1.016E1));
#3779=CARTESIAN_POINT('',(1.016E1,1.06E1,-9.534999999999E0));
#3780=VERTEX_POINT('',#3778);
#3781=VERTEX_POINT('',#3779);
#3782=CARTESIAN_POINT('',(9.534999999999E0,1.06E1,-1.016E1));
#3783=VERTEX_POINT('',#3782);
#3784=CARTESIAN_POINT('',(1.016E1,1.06E1,-1.0785E1));
#3785=VERTEX_POINT('',#3784);
#3786=CARTESIAN_POINT('',(9.8E0,9.4E0,-1.155E1));
#3787=VERTEX_POINT('',#3786);
#3788=CARTESIAN_POINT('',(9.8E0,9.4E0,-1.1E1));
#3789=VERTEX_POINT('',#3788);
#3790=CARTESIAN_POINT('',(6.E0,9.4E0,-1.155E1));
#3791=VERTEX_POINT('',#3790);
#3792=CARTESIAN_POINT('',(1.65E1,8.6E0,-1.155E1));
#3793=VERTEX_POINT('',#3792);
#3794=CARTESIAN_POINT('',(1.72E1,8.6E0,-1.155E1));
#3795=VERTEX_POINT('',#3794);
#3796=CARTESIAN_POINT('',(2.425E1,9.399999999999E0,-1.155E1));
#3797=VERTEX_POINT('',#3796);
#3798=CARTESIAN_POINT('',(2.3E1,9.399999999999E0,-1.155E1));
#3799=VERTEX_POINT('',#3798);
#3800=CARTESIAN_POINT('',(2.3E1,7.9E0,-1.155E1));
#3801=VERTEX_POINT('',#3800);
#3802=CARTESIAN_POINT('',(-2.3E1,7.9E0,-1.155E1));
#3803=VERTEX_POINT('',#3802);
#3804=CARTESIAN_POINT('',(-2.3E1,9.399999999999E0,-1.155E1));
#3805=VERTEX_POINT('',#3804);
#3806=CARTESIAN_POINT('',(-2.425E1,9.399999999999E0,-1.155E1));
#3807=VERTEX_POINT('',#3806);
#3808=CARTESIAN_POINT('',(-2.425E1,1.06E1,-1.155E1));
#3809=VERTEX_POINT('',#3808);
#3810=CARTESIAN_POINT('',(-1.72E1,1.06E1,-1.155E1));
#3811=VERTEX_POINT('',#3810);
#3812=CARTESIAN_POINT('',(-1.72E1,8.6E0,-1.155E1));
#3813=VERTEX_POINT('',#3812);
#3814=CARTESIAN_POINT('',(-1.65E1,8.6E0,-1.155E1));
#3815=VERTEX_POINT('',#3814);
#3816=CARTESIAN_POINT('',(-1.65E1,1.06E1,-1.155E1));
#3817=VERTEX_POINT('',#3816);
#3818=CARTESIAN_POINT('',(-9.8E0,1.06E1,-1.155E1));
#3819=VERTEX_POINT('',#3818);
#3820=CARTESIAN_POINT('',(-9.8E0,9.4E0,-1.155E1));
#3821=VERTEX_POINT('',#3820);
#3822=CARTESIAN_POINT('',(-6.E0,9.4E0,-1.155E1));
#3823=VERTEX_POINT('',#3822);
#3824=CARTESIAN_POINT('',(-6.E0,1.06E1,-1.155E1));
#3825=VERTEX_POINT('',#3824);
#3826=CARTESIAN_POINT('',(6.E0,1.06E1,-1.155E1));
#3827=VERTEX_POINT('',#3826);
#3828=CARTESIAN_POINT('',(-1.86E1,9.599999999997E0,-1.155E1));
#3829=CARTESIAN_POINT('',(-1.74E1,9.599999999997E0,-1.155E1));
#3830=VERTEX_POINT('',#3828);
#3831=VERTEX_POINT('',#3829);
#3832=CARTESIAN_POINT('',(-6.E-1,9.599999999997E0,-1.155E1));
#3833=CARTESIAN_POINT('',(6.E-1,9.599999999997E0,-1.155E1));
#3834=VERTEX_POINT('',#3832);
#3835=VERTEX_POINT('',#3833);
#3836=CARTESIAN_POINT('',(1.74E1,9.599999999997E0,-1.155E1));
#3837=CARTESIAN_POINT('',(1.86E1,9.599999999997E0,-1.155E1));
#3838=VERTEX_POINT('',#3836);
#3839=VERTEX_POINT('',#3837);
#3840=CARTESIAN_POINT('',(6.E0,9.4E0,-1.1E1));
#3841=VERTEX_POINT('',#3840);
#3842=CARTESIAN_POINT('',(6.E0,1.06E1,-1.1E1));
#3843=VERTEX_POINT('',#3842);
#3844=CARTESIAN_POINT('',(-6.E0,1.06E1,-1.1E1));
#3845=VERTEX_POINT('',#3844);
#3846=CARTESIAN_POINT('',(-6.E0,9.4E0,-1.1E1));
#3847=VERTEX_POINT('',#3846);
#3848=CARTESIAN_POINT('',(-9.8E0,9.4E0,-1.1E1));
#3849=VERTEX_POINT('',#3848);
#3850=CARTESIAN_POINT('',(-9.8E0,1.06E1,-1.1E1));
#3851=VERTEX_POINT('',#3850);
#3852=CARTESIAN_POINT('',(-1.65E1,1.06E1,-1.1E1));
#3853=VERTEX_POINT('',#3852);
#3854=CARTESIAN_POINT('',(-1.65E1,8.6E0,-1.115E1));
#3855=CARTESIAN_POINT('',(-1.65E1,1.02E1,-1.065E1));
#3856=VERTEX_POINT('',#3854);
#3857=VERTEX_POINT('',#3855);
#3858=CARTESIAN_POINT('',(-1.65E1,1.045E1,-1.065E1));
#3859=VERTEX_POINT('',#3858);
#3860=CARTESIAN_POINT('',(-1.65E1,1.045E1,-1.1E1));
#3861=VERTEX_POINT('',#3860);
#3862=CARTESIAN_POINT('',(-1.72E1,1.02E1,-1.065E1));
#3863=CARTESIAN_POINT('',(-1.72E1,8.6E0,-1.115E1));
#3864=VERTEX_POINT('',#3862);
#3865=VERTEX_POINT('',#3863);
#3866=CARTESIAN_POINT('',(-1.72E1,1.06E1,-1.1E1));
#3867=VERTEX_POINT('',#3866);
#3868=CARTESIAN_POINT('',(-1.72E1,1.045E1,-1.1E1));
#3869=VERTEX_POINT('',#3868);
#3870=CARTESIAN_POINT('',(-1.72E1,1.045E1,-1.065E1));
#3871=VERTEX_POINT('',#3870);
#3872=CARTESIAN_POINT('',(-2.3E1,1.06E1,1.1E1));
#3873=CARTESIAN_POINT('',(-1.72E1,1.06E1,1.1E1));
#3874=VERTEX_POINT('',#3872);
#3875=VERTEX_POINT('',#3873);
#3876=CARTESIAN_POINT('',(-2.3E1,1.06E1,9.414547296674E0));
#3877=VERTEX_POINT('',#3876);
#3878=CARTESIAN_POINT('',(-2.106E1,1.06E1,7.62E0));
#3879=VERTEX_POINT('',#3878);
#3880=CARTESIAN_POINT('',(-2.3E1,1.06E1,5.825452703326E0));
#3881=VERTEX_POINT('',#3880);
#3882=CARTESIAN_POINT('',(-2.3E1,1.06E1,-7.454527033260E-1));
#3883=VERTEX_POINT('',#3882);
#3884=CARTESIAN_POINT('',(-2.106E1,1.06E1,-2.54E0));
#3885=VERTEX_POINT('',#3884);
#3886=CARTESIAN_POINT('',(-2.3E1,1.06E1,-4.334547296674E0));
#3887=VERTEX_POINT('',#3886);
#3888=CARTESIAN_POINT('',(-2.3E1,1.06E1,-5.825452703326E0));
#3889=VERTEX_POINT('',#3888);
#3890=CARTESIAN_POINT('',(-2.106E1,1.06E1,-7.62E0));
#3891=VERTEX_POINT('',#3890);
#3892=CARTESIAN_POINT('',(-2.3E1,1.06E1,-9.414547296674E0));
#3893=VERTEX_POINT('',#3892);
#3894=CARTESIAN_POINT('',(-2.3E1,1.06E1,-1.1E1));
#3895=VERTEX_POINT('',#3894);
#3896=CARTESIAN_POINT('',(-2.425E1,1.06E1,1.155E1));
#3897=VERTEX_POINT('',#3896);
#3898=CARTESIAN_POINT('',(-1.72E1,1.06E1,1.155E1));
#3899=VERTEX_POINT('',#3898);
#3900=CARTESIAN_POINT('',(-2.2235E1,1.06E1,-2.54E0));
#3901=CARTESIAN_POINT('',(-2.286E1,1.06E1,-1.915E0));
#3902=VERTEX_POINT('',#3900);
#3903=VERTEX_POINT('',#3901);
#3904=CARTESIAN_POINT('',(-2.3485E1,1.06E1,-2.54E0));
#3905=VERTEX_POINT('',#3904);
#3906=CARTESIAN_POINT('',(-2.286E1,1.06E1,-3.165E0));
#3907=VERTEX_POINT('',#3906);
#3908=CARTESIAN_POINT('',(-2.2235E1,1.06E1,-7.62E0));
#3909=CARTESIAN_POINT('',(-2.286E1,1.06E1,-6.995E0));
#3910=VERTEX_POINT('',#3908);
#3911=VERTEX_POINT('',#3909);
#3912=CARTESIAN_POINT('',(-2.3485E1,1.06E1,-7.62E0));
#3913=VERTEX_POINT('',#3912);
#3914=CARTESIAN_POINT('',(-2.286E1,1.06E1,-8.245E0));
#3915=VERTEX_POINT('',#3914);
#3916=CARTESIAN_POINT('',(-2.2235E1,1.06E1,7.62E0));
#3917=CARTESIAN_POINT('',(-2.286E1,1.06E1,8.245E0));
#3918=VERTEX_POINT('',#3916);
#3919=VERTEX_POINT('',#3917);
#3920=CARTESIAN_POINT('',(-2.3485E1,1.06E1,7.62E0));
#3921=VERTEX_POINT('',#3920);
#3922=CARTESIAN_POINT('',(-2.286E1,1.06E1,6.995E0));
#3923=VERTEX_POINT('',#3922);
#3924=CARTESIAN_POINT('',(-1.196E1,1.06E1,1.1E1));
#3925=CARTESIAN_POINT('',(-1.65E1,1.06E1,1.1E1));
#3926=VERTEX_POINT('',#3924);
#3927=VERTEX_POINT('',#3925);
#3928=CARTESIAN_POINT('',(-1.196E1,1.075E1,1.1E1));
#3929=VERTEX_POINT('',#3928);
#3930=CARTESIAN_POINT('',(-2.3E1,1.075E1,1.1E1));
#3931=VERTEX_POINT('',#3930);
#3932=CARTESIAN_POINT('',(-1.72E1,1.045E1,1.1E1));
#3933=VERTEX_POINT('',#3932);
#3934=CARTESIAN_POINT('',(-1.65E1,1.045E1,1.1E1));
#3935=VERTEX_POINT('',#3934);
#3936=CARTESIAN_POINT('',(-9.8E0,1.06E1,1.155E1));
#3937=CARTESIAN_POINT('',(-9.8E0,1.06E1,1.1E1));
#3938=VERTEX_POINT('',#3936);
#3939=VERTEX_POINT('',#3937);
#3940=CARTESIAN_POINT('',(-8.36E0,1.06E1,1.1E1));
#3941=VERTEX_POINT('',#3940);
#3942=CARTESIAN_POINT('',(-8.36E0,1.06E1,1.016E1));
#3943=VERTEX_POINT('',#3942);
#3944=CARTESIAN_POINT('',(-1.196E1,1.06E1,1.016E1));
#3945=VERTEX_POINT('',#3944);
#3946=CARTESIAN_POINT('',(-1.65E1,1.06E1,1.155E1));
#3947=VERTEX_POINT('',#3946);
#3948=CARTESIAN_POINT('',(-9.535E0,1.06E1,1.016E1));
#3949=CARTESIAN_POINT('',(-1.016E1,1.06E1,1.0785E1));
#3950=VERTEX_POINT('',#3948);
#3951=VERTEX_POINT('',#3949);
#3952=CARTESIAN_POINT('',(-1.0785E1,1.06E1,1.016E1));
#3953=VERTEX_POINT('',#3952);
#3954=CARTESIAN_POINT('',(-1.016E1,1.06E1,9.535E0));
#3955=VERTEX_POINT('',#3954);
#3956=CARTESIAN_POINT('',(-9.8E0,9.4E0,1.155E1));
#3957=VERTEX_POINT('',#3956);
#3958=CARTESIAN_POINT('',(-9.8E0,9.4E0,1.1E1));
#3959=VERTEX_POINT('',#3958);
#3960=CARTESIAN_POINT('',(2.3E1,7.9E0,1.155E1));
#3961=CARTESIAN_POINT('',(-2.3E1,7.9E0,1.155E1));
#3962=VERTEX_POINT('',#3960);
#3963=VERTEX_POINT('',#3961);
#3964=CARTESIAN_POINT('',(2.3E1,9.399999999999E0,1.155E1));
#3965=VERTEX_POINT('',#3964);
#3966=CARTESIAN_POINT('',(2.425E1,9.399999999999E0,1.155E1));
#3967=VERTEX_POINT('',#3966);
#3968=CARTESIAN_POINT('',(1.72E1,8.6E0,1.155E1));
#3969=VERTEX_POINT('',#3968);
#3970=CARTESIAN_POINT('',(1.65E1,8.6E0,1.155E1));
#3971=VERTEX_POINT('',#3970);
#3972=CARTESIAN_POINT('',(1.65E1,1.06E1,1.155E1));
#3973=VERTEX_POINT('',#3972);
#3974=CARTESIAN_POINT('',(9.8E0,1.06E1,1.155E1));
#3975=VERTEX_POINT('',#3974);
#3976=CARTESIAN_POINT('',(9.8E0,9.4E0,1.155E1));
#3977=VERTEX_POINT('',#3976);
#3978=CARTESIAN_POINT('',(6.E0,9.4E0,1.155E1));
#3979=VERTEX_POINT('',#3978);
#3980=CARTESIAN_POINT('',(6.E0,1.06E1,1.155E1));
#3981=VERTEX_POINT('',#3980);
#3982=CARTESIAN_POINT('',(-6.E0,1.06E1,1.155E1));
#3983=VERTEX_POINT('',#3982);
#3984=CARTESIAN_POINT('',(-6.E0,9.4E0,1.155E1));
#3985=VERTEX_POINT('',#3984);
#3986=CARTESIAN_POINT('',(-1.65E1,8.6E0,1.155E1));
#3987=VERTEX_POINT('',#3986);
#3988=CARTESIAN_POINT('',(-1.72E1,8.6E0,1.155E1));
#3989=VERTEX_POINT('',#3988);
#3990=CARTESIAN_POINT('',(-2.425E1,9.399999999999E0,1.155E1));
#3991=VERTEX_POINT('',#3990);
#3992=CARTESIAN_POINT('',(-2.3E1,9.399999999999E0,1.155E1));
#3993=VERTEX_POINT('',#3992);
#3994=CARTESIAN_POINT('',(-1.74E1,9.599999999997E0,1.155E1));
#3995=CARTESIAN_POINT('',(-1.86E1,9.599999999997E0,1.155E1));
#3996=VERTEX_POINT('',#3994);
#3997=VERTEX_POINT('',#3995);
#3998=CARTESIAN_POINT('',(6.E-1,9.599999999997E0,1.155E1));
#3999=CARTESIAN_POINT('',(-6.E-1,9.599999999997E0,1.155E1));
#4000=VERTEX_POINT('',#3998);
#4001=VERTEX_POINT('',#3999);
#4002=CARTESIAN_POINT('',(1.86E1,9.599999999997E0,1.155E1));
#4003=CARTESIAN_POINT('',(1.74E1,9.599999999997E0,1.155E1));
#4004=VERTEX_POINT('',#4002);
#4005=VERTEX_POINT('',#4003);
#4006=CARTESIAN_POINT('',(-2.3E1,7.9E0,1.185E1));
#4007=CARTESIAN_POINT('',(2.3E1,7.9E0,1.185E1));
#4008=VERTEX_POINT('',#4006);
#4009=VERTEX_POINT('',#4007);
#4010=CARTESIAN_POINT('',(2.3E1,8.299999999999E0,1.205E1));
#4011=VERTEX_POINT('',#4010);
#4012=CARTESIAN_POINT('',(-2.3E1,8.299999999999E0,1.205E1));
#4013=VERTEX_POINT('',#4012);
#4014=CARTESIAN_POINT('',(2.3E1,9.399999999999E0,1.205E1));
#4015=VERTEX_POINT('',#4014);
#4016=CARTESIAN_POINT('',(-2.3E1,9.399999999999E0,1.205E1));
#4017=VERTEX_POINT('',#4016);
#4018=CARTESIAN_POINT('',(-2.425E1,9.4E0,1.205E1));
#4019=VERTEX_POINT('',#4018);
#4020=CARTESIAN_POINT('',(-2.425E1,1.11E1,1.205E1));
#4021=VERTEX_POINT('',#4020);
#4022=CARTESIAN_POINT('',(-9.E0,1.11E1,1.205E1));
#4023=VERTEX_POINT('',#4022);
#4024=CARTESIAN_POINT('',(-9.E0,1.01E1,1.205E1));
#4025=VERTEX_POINT('',#4024);
#4026=CARTESIAN_POINT('',(-6.8E0,1.01E1,1.205E1));
#4027=VERTEX_POINT('',#4026);
#4028=CARTESIAN_POINT('',(-6.8E0,1.11E1,1.205E1));
#4029=VERTEX_POINT('',#4028);
#4030=CARTESIAN_POINT('',(6.8E0,1.11E1,1.205E1));
#4031=VERTEX_POINT('',#4030);
#4032=CARTESIAN_POINT('',(6.8E0,1.01E1,1.205E1));
#4033=VERTEX_POINT('',#4032);
#4034=CARTESIAN_POINT('',(9.E0,1.01E1,1.205E1));
#4035=VERTEX_POINT('',#4034);
#4036=CARTESIAN_POINT('',(9.E0,1.11E1,1.205E1));
#4037=VERTEX_POINT('',#4036);
#4038=CARTESIAN_POINT('',(2.425E1,1.11E1,1.205E1));
#4039=VERTEX_POINT('',#4038);
#4040=CARTESIAN_POINT('',(2.425E1,9.4E0,1.205E1));
#4041=VERTEX_POINT('',#4040);
#4042=CARTESIAN_POINT('',(-1.86E1,9.599999999998E0,1.205E1));
#4043=CARTESIAN_POINT('',(-1.74E1,9.599999999998E0,1.205E1));
#4044=VERTEX_POINT('',#4042);
#4045=VERTEX_POINT('',#4043);
#4046=CARTESIAN_POINT('',(-6.E-1,9.599999999998E0,1.205E1));
#4047=CARTESIAN_POINT('',(6.E-1,9.599999999998E0,1.205E1));
#4048=VERTEX_POINT('',#4046);
#4049=VERTEX_POINT('',#4047);
#4050=CARTESIAN_POINT('',(1.74E1,9.599999999998E0,1.205E1));
#4051=CARTESIAN_POINT('',(1.86E1,9.599999999998E0,1.205E1));
#4052=VERTEX_POINT('',#4050);
#4053=VERTEX_POINT('',#4051);
#4054=CARTESIAN_POINT('',(-2.475E1,9.4E0,1.155E1));
#4055=CARTESIAN_POINT('',(-2.475E1,9.399999999999E0,1.E1));
#4056=VERTEX_POINT('',#4054);
#4057=VERTEX_POINT('',#4055);
#4058=CARTESIAN_POINT('',(-2.425E1,9.399999999999E0,1.E1));
#4059=VERTEX_POINT('',#4058);
#4060=CARTESIAN_POINT('',(-2.475E1,8.565429081050E0,3.998572332373E0));
#4061=CARTESIAN_POINT('',(-2.475E1,8.299999999998E0,4.010161216328E0));
#4062=VERTEX_POINT('',#4060);
#4063=VERTEX_POINT('',#4061);
#4064=CARTESIAN_POINT('',(-2.475E1,8.565429081060E0,1.001427667628E0));
#4065=VERTEX_POINT('',#4064);
#4066=CARTESIAN_POINT('',(-2.475E1,8.299999999995E0,9.898387836728E-1));
#4067=VERTEX_POINT('',#4066);
#4068=CARTESIAN_POINT('',(-2.475E1,8.299999999997E0,-1.E1));
#4069=VERTEX_POINT('',#4068);
#4070=CARTESIAN_POINT('',(-2.475E1,9.399999999999E0,-1.E1));
#4071=VERTEX_POINT('',#4070);
#4072=CARTESIAN_POINT('',(-2.475E1,9.4E0,-1.155E1));
#4073=VERTEX_POINT('',#4072);
#4074=CARTESIAN_POINT('',(-2.475E1,1.11E1,-1.155E1));
#4075=VERTEX_POINT('',#4074);
#4076=CARTESIAN_POINT('',(-2.475E1,1.11E1,1.155E1));
#4077=VERTEX_POINT('',#4076);
#4078=CARTESIAN_POINT('',(-2.475E1,8.299999999998E0,1.E1));
#4079=VERTEX_POINT('',#4078);
#4080=CARTESIAN_POINT('',(-2.425E1,8.186914183793E0,4.015098649693E0));
#4081=CARTESIAN_POINT('',(-2.469345709190E1,8.186914183791E0,4.015098649693E0));
#4082=VERTEX_POINT('',#4080);
#4083=VERTEX_POINT('',#4081);
#4084=CARTESIAN_POINT('',(-2.425E1,8.565429081047E0,3.998572332373E0));
#4085=VERTEX_POINT('',#4084);
#4086=CARTESIAN_POINT('',(-2.425E1,7.9E0,4.314813116167E0));
#4087=VERTEX_POINT('',#4086);
#4088=VERTEX_POINT('',#848);
#4089=CARTESIAN_POINT('',(-2.425E1,7.9E0,1.E1));
#4090=VERTEX_POINT('',#4089);
#4091=CARTESIAN_POINT('',(-2.425E1,9.399999999999E0,-1.E1));
#4092=VERTEX_POINT('',#4091);
#4093=CARTESIAN_POINT('',(-2.425E1,7.9E0,-1.E1));
#4094=VERTEX_POINT('',#4093);
#4095=CARTESIAN_POINT('',(-2.425E1,7.9E0,6.851868838329E-1));
#4096=VERTEX_POINT('',#4095);
#4097=CARTESIAN_POINT('',(-2.425E1,8.186914183793E0,9.849013503082E-1));
#4098=VERTEX_POINT('',#4097);
#4099=CARTESIAN_POINT('',(-2.425E1,8.565429081052E0,1.001427667628E0));
#4100=VERTEX_POINT('',#4099);
#4101=CARTESIAN_POINT('',(-2.455E1,7.9E0,1.E1));
#4102=VERTEX_POINT('',#4101);
#4103=CARTESIAN_POINT('',(-2.3E1,9.399999999999E0,-1.205E1));
#4104=VERTEX_POINT('',#4103);
#4105=CARTESIAN_POINT('',(-2.425E1,9.4E0,-1.205E1));
#4106=VERTEX_POINT('',#4105);
#4107=CARTESIAN_POINT('',(-2.455E1,7.9E0,-1.E1));
#4108=VERTEX_POINT('',#4107);
#4109=VERTEX_POINT('',#946);
#4110=VERTEX_POINT('',#950);
#4111=CARTESIAN_POINT('',(-2.3E1,7.9E0,-1.185E1));
#4112=CARTESIAN_POINT('',(-2.3E1,8.299999999999E0,-1.205E1));
#4113=VERTEX_POINT('',#4111);
#4114=VERTEX_POINT('',#4112);
#4115=CARTESIAN_POINT('',(2.3E1,7.9E0,-1.185E1));
#4116=VERTEX_POINT('',#4115);
#4117=CARTESIAN_POINT('',(2.3E1,8.299999999999E0,-1.205E1));
#4118=VERTEX_POINT('',#4117);
#4119=CARTESIAN_POINT('',(2.3E1,9.399999999999E0,-1.205E1));
#4120=VERTEX_POINT('',#4119);
#4121=CARTESIAN_POINT('',(2.475E1,9.4E0,-1.155E1));
#4122=CARTESIAN_POINT('',(2.475E1,9.399999999999E0,-1.E1));
#4123=VERTEX_POINT('',#4121);
#4124=VERTEX_POINT('',#4122);
#4125=CARTESIAN_POINT('',(2.425E1,9.4E0,-1.205E1));
#4126=VERTEX_POINT('',#4125);
#4127=CARTESIAN_POINT('',(2.425E1,9.399999999999E0,-1.E1));
#4128=VERTEX_POINT('',#4127);
#4129=CARTESIAN_POINT('',(2.475E1,8.299999999999E0,-1.E1));
#4130=CARTESIAN_POINT('',(2.475E1,8.299999999999E0,1.E1));
#4131=VERTEX_POINT('',#4129);
#4132=VERTEX_POINT('',#4130);
#4133=CARTESIAN_POINT('',(2.475E1,9.399999999999E0,1.E1));
#4134=VERTEX_POINT('',#4133);
#4135=CARTESIAN_POINT('',(2.475E1,9.4E0,1.155E1));
#4136=VERTEX_POINT('',#4135);
#4137=CARTESIAN_POINT('',(2.475E1,1.11E1,1.155E1));
#4138=VERTEX_POINT('',#4137);
#4139=CARTESIAN_POINT('',(2.475E1,1.11E1,-1.155E1));
#4140=VERTEX_POINT('',#4139);
#4141=CARTESIAN_POINT('',(2.455E1,7.9E0,1.E1));
#4142=VERTEX_POINT('',#4141);
#4143=CARTESIAN_POINT('',(2.455E1,7.9E0,-1.E1));
#4144=VERTEX_POINT('',#4143);
#4145=CARTESIAN_POINT('',(2.425E1,7.9E0,1.E1));
#4146=VERTEX_POINT('',#4145);
#4147=CARTESIAN_POINT('',(2.425E1,9.399999999999E0,1.E1));
#4148=VERTEX_POINT('',#4147);
#4149=CARTESIAN_POINT('',(2.425E1,7.9E0,-1.E1));
#4150=VERTEX_POINT('',#4149);
#4151=CARTESIAN_POINT('',(2.475E1,1.11E1,1.21E1));
#4152=CARTESIAN_POINT('',(9.E0,1.11E1,1.21E1));
#4153=VERTEX_POINT('',#4151);
#4154=VERTEX_POINT('',#4152);
#4155=CARTESIAN_POINT('',(2.48E1,1.11E1,1.205000000018E1));
#4156=VERTEX_POINT('',#4155);
#4157=CARTESIAN_POINT('',(2.48E1,1.11E1,-1.205E1));
#4158=VERTEX_POINT('',#4157);
#4159=CARTESIAN_POINT('',(2.475E1,1.11E1,-1.21E1));
#4160=VERTEX_POINT('',#4159);
#4161=CARTESIAN_POINT('',(9.E0,1.11E1,-1.21E1));
#4162=VERTEX_POINT('',#4161);
#4163=CARTESIAN_POINT('',(9.E0,1.11E1,-1.205E1));
#4164=VERTEX_POINT('',#4163);
#4165=CARTESIAN_POINT('',(2.425E1,1.11E1,-1.205E1));
#4166=VERTEX_POINT('',#4165);
#4167=CARTESIAN_POINT('',(-6.8E0,1.11E1,1.21E1));
#4168=CARTESIAN_POINT('',(-6.8E0,1.1E1,1.21E1));
#4169=VERTEX_POINT('',#4167);
#4170=VERTEX_POINT('',#4168);
#4171=CARTESIAN_POINT('',(-9.E0,1.1E1,1.21E1));
#4172=VERTEX_POINT('',#4171);
#4173=CARTESIAN_POINT('',(-9.E0,1.11E1,1.21E1));
#4174=VERTEX_POINT('',#4173);
#4175=CARTESIAN_POINT('',(-2.474999999998E1,1.11E1,1.21E1));
#4176=VERTEX_POINT('',#4175);
#4177=CARTESIAN_POINT('',(-2.474999999999E1,7.E-1,1.21E1));
#4178=VERTEX_POINT('',#4177);
#4179=CARTESIAN_POINT('',(2.475E1,7.E-1,1.21E1));
#4180=VERTEX_POINT('',#4179);
#4181=CARTESIAN_POINT('',(9.E0,1.1E1,1.21E1));
#4182=VERTEX_POINT('',#4181);
#4183=CARTESIAN_POINT('',(6.8E0,1.1E1,1.21E1));
#4184=VERTEX_POINT('',#4183);
#4185=CARTESIAN_POINT('',(6.8E0,1.11E1,1.21E1));
#4186=VERTEX_POINT('',#4185);
#4187=CARTESIAN_POINT('',(1.848989794856E1,9.499999992814E0,1.21E1));
#4188=CARTESIAN_POINT('',(1.751010205144E1,9.500000007186E0,1.21E1));
#4189=VERTEX_POINT('',#4187);
#4190=VERTEX_POINT('',#4188);
#4191=CARTESIAN_POINT('',(-1.751010205144E1,9.499999992814E0,1.21E1));
#4192=CARTESIAN_POINT('',(-1.848989794856E1,9.500000007186E0,1.21E1));
#4193=VERTEX_POINT('',#4191);
#4194=VERTEX_POINT('',#4192);
#4195=CARTESIAN_POINT('',(-6.8E0,1.1E1,1.275E1));
#4196=VERTEX_POINT('',#4195);
#4197=CARTESIAN_POINT('',(-6.8E0,1.01E1,1.155E1));
#4198=VERTEX_POINT('',#4197);
#4199=CARTESIAN_POINT('',(-6.8E0,1.18E1,1.155E1));
#4200=VERTEX_POINT('',#4199);
#4201=CARTESIAN_POINT('',(-6.8E0,1.18E1,1.245E1));
#4202=VERTEX_POINT('',#4201);
#4203=CARTESIAN_POINT('',(-6.8E0,1.150000000001E1,1.275E1));
#4204=VERTEX_POINT('',#4203);
#4205=CARTESIAN_POINT('',(-9.E0,1.1E1,1.275E1));
#4206=VERTEX_POINT('',#4205);
#4207=CARTESIAN_POINT('',(-9.E0,1.15E1,1.275E1));
#4208=VERTEX_POINT('',#4207);
#4209=CARTESIAN_POINT('',(-9.E0,1.18E1,1.245000000001E1));
#4210=VERTEX_POINT('',#4209);
#4211=CARTESIAN_POINT('',(-9.E0,1.18E1,1.155E1));
#4212=VERTEX_POINT('',#4211);
#4213=CARTESIAN_POINT('',(-9.E0,1.01E1,1.155E1));
#4214=VERTEX_POINT('',#4213);
#4215=CARTESIAN_POINT('',(6.8E0,1.15E1,1.275E1));
#4216=VERTEX_POINT('',#4215);
#4217=CARTESIAN_POINT('',(6.8E0,1.1E1,1.275E1));
#4218=VERTEX_POINT('',#4217);
#4219=CARTESIAN_POINT('',(9.E0,1.1E1,1.275E1));
#4220=VERTEX_POINT('',#4219);
#4221=CARTESIAN_POINT('',(9.E0,1.15E1,1.275E1));
#4222=VERTEX_POINT('',#4221);
#4223=CARTESIAN_POINT('',(2.474999999992E1,1.15E1,1.275E1));
#4224=VERTEX_POINT('',#4223);
#4225=CARTESIAN_POINT('',(2.474999999953E1,7.E-1,1.275E1));
#4226=VERTEX_POINT('',#4225);
#4227=CARTESIAN_POINT('',(-2.474999999999E1,7.E-1,1.275E1));
#4228=VERTEX_POINT('',#4227);
#4229=CARTESIAN_POINT('',(-2.474999999999E1,1.15E1,1.275E1));
#4230=VERTEX_POINT('',#4229);
#4231=CARTESIAN_POINT('',(1.755E1,9.5E0,1.275E1));
#4232=CARTESIAN_POINT('',(1.845E1,9.5E0,1.275E1));
#4233=VERTEX_POINT('',#4231);
#4234=VERTEX_POINT('',#4232);
#4235=CARTESIAN_POINT('',(-1.845E1,9.5E0,1.275E1));
#4236=CARTESIAN_POINT('',(-1.755E1,9.5E0,1.275E1));
#4237=VERTEX_POINT('',#4235);
#4238=VERTEX_POINT('',#4236);
#4239=CARTESIAN_POINT('',(6.8E0,1.18E1,1.245E1));
#4240=VERTEX_POINT('',#4239);
#4241=CARTESIAN_POINT('',(-2.475E1,1.18E1,1.245E1));
#4242=VERTEX_POINT('',#4241);
#4243=CARTESIAN_POINT('',(-2.515E1,1.18E1,1.205000000002E1));
#4244=VERTEX_POINT('',#4243);
#4245=CARTESIAN_POINT('',(-2.515E1,1.18E1,-1.205E1));
#4246=VERTEX_POINT('',#4245);
#4247=CARTESIAN_POINT('',(-2.475E1,1.18E1,-1.245E1));
#4248=VERTEX_POINT('',#4247);
#4249=CARTESIAN_POINT('',(-9.E0,1.18E1,-1.245E1));
#4250=VERTEX_POINT('',#4249);
#4251=CARTESIAN_POINT('',(-9.E0,1.18E1,-1.155E1));
#4252=VERTEX_POINT('',#4251);
#4253=CARTESIAN_POINT('',(-6.8E0,1.18E1,-1.155E1));
#4254=VERTEX_POINT('',#4253);
#4255=CARTESIAN_POINT('',(-6.8E0,1.18E1,-1.245E1));
#4256=VERTEX_POINT('',#4255);
#4257=CARTESIAN_POINT('',(6.8E0,1.18E1,-1.245E1));
#4258=VERTEX_POINT('',#4257);
#4259=CARTESIAN_POINT('',(6.8E0,1.18E1,-1.155E1));
#4260=VERTEX_POINT('',#4259);
#4261=CARTESIAN_POINT('',(9.E0,1.18E1,-1.155E1));
#4262=VERTEX_POINT('',#4261);
#4263=CARTESIAN_POINT('',(9.E0,1.18E1,-1.245E1));
#4264=VERTEX_POINT('',#4263);
#4265=CARTESIAN_POINT('',(2.475E1,1.18E1,-1.245E1));
#4266=VERTEX_POINT('',#4265);
#4267=CARTESIAN_POINT('',(2.515E1,1.18E1,-1.205000000002E1));
#4268=VERTEX_POINT('',#4267);
#4269=CARTESIAN_POINT('',(2.515E1,1.18E1,1.205E1));
#4270=VERTEX_POINT('',#4269);
#4271=CARTESIAN_POINT('',(2.475E1,1.18E1,1.245E1));
#4272=VERTEX_POINT('',#4271);
#4273=CARTESIAN_POINT('',(9.E0,1.18E1,1.245E1));
#4274=VERTEX_POINT('',#4273);
#4275=CARTESIAN_POINT('',(9.E0,1.18E1,1.155E1));
#4276=VERTEX_POINT('',#4275);
#4277=CARTESIAN_POINT('',(6.8E0,1.18E1,1.155E1));
#4278=VERTEX_POINT('',#4277);
#4279=CARTESIAN_POINT('',(2.3385E1,1.18E1,-1.016E1));
#4280=CARTESIAN_POINT('',(2.2335E1,1.18E1,-1.016E1));
#4281=VERTEX_POINT('',#4279);
#4282=VERTEX_POINT('',#4280);
#4283=CARTESIAN_POINT('',(2.3385E1,1.18E1,-1.188534644559E-10));
#4284=CARTESIAN_POINT('',(2.2335E1,1.18E1,0.E0));
#4285=VERTEX_POINT('',#4283);
#4286=VERTEX_POINT('',#4284);
#4287=CARTESIAN_POINT('',(2.3385E1,1.18E1,1.016E1));
#4288=CARTESIAN_POINT('',(2.2335E1,1.18E1,1.016E1));
#4289=VERTEX_POINT('',#4287);
#4290=VERTEX_POINT('',#4288);
#4291=CARTESIAN_POINT('',(-2.2335E1,1.18E1,-2.54E0));
#4292=CARTESIAN_POINT('',(-2.3385E1,1.18E1,-2.54E0));
#4293=VERTEX_POINT('',#4291);
#4294=VERTEX_POINT('',#4292);
#4295=CARTESIAN_POINT('',(-2.2335E1,1.18E1,-7.62E0));
#4296=CARTESIAN_POINT('',(-2.3385E1,1.18E1,-7.62E0));
#4297=VERTEX_POINT('',#4295);
#4298=VERTEX_POINT('',#4296);
#4299=CARTESIAN_POINT('',(-2.2335E1,1.18E1,7.62E0));
#4300=CARTESIAN_POINT('',(-2.3385E1,1.18E1,7.62E0));
#4301=VERTEX_POINT('',#4299);
#4302=VERTEX_POINT('',#4300);
#4303=CARTESIAN_POINT('',(-2.545E1,1.15E1,1.205000000017E1));
#4304=VERTEX_POINT('',#4303);
#4305=CARTESIAN_POINT('',(-2.545E1,7.E-1,1.205000000008E1));
#4306=VERTEX_POINT('',#4305);
#4307=CARTESIAN_POINT('',(-2.545E1,1.15E1,-1.205000000001E1));
#4308=CARTESIAN_POINT('',(-2.545E1,7.E-1,-1.205E1));
#4309=VERTEX_POINT('',#4307);
#4310=VERTEX_POINT('',#4308);
#4311=CARTESIAN_POINT('',(-2.475000000003E1,7.E-1,-1.275E1));
#4312=CARTESIAN_POINT('',(-2.475000000003E1,1.15E1,-1.275E1));
#4313=VERTEX_POINT('',#4311);
#4314=VERTEX_POINT('',#4312);
#4315=CARTESIAN_POINT('',(-6.8E0,1.1E1,-1.275E1));
#4316=CARTESIAN_POINT('',(-6.8E0,1.15E1,-1.275E1));
#4317=VERTEX_POINT('',#4315);
#4318=VERTEX_POINT('',#4316);
#4319=CARTESIAN_POINT('',(-9.E0,1.1E1,-1.275E1));
#4320=VERTEX_POINT('',#4319);
#4321=CARTESIAN_POINT('',(-9.E0,1.15E1,-1.275E1));
#4322=VERTEX_POINT('',#4321);
#4323=CARTESIAN_POINT('',(2.474999999999E1,7.E-1,-1.275E1));
#4324=VERTEX_POINT('',#4323);
#4325=CARTESIAN_POINT('',(2.474999999999E1,1.15E1,-1.275E1));
#4326=VERTEX_POINT('',#4325);
#4327=CARTESIAN_POINT('',(9.E0,1.15E1,-1.275E1));
#4328=VERTEX_POINT('',#4327);
#4329=CARTESIAN_POINT('',(9.E0,1.1E1,-1.275E1));
#4330=VERTEX_POINT('',#4329);
#4331=CARTESIAN_POINT('',(6.8E0,1.1E1,-1.275E1));
#4332=VERTEX_POINT('',#4331);
#4333=CARTESIAN_POINT('',(6.8E0,1.15E1,-1.275E1));
#4334=VERTEX_POINT('',#4333);
#4335=CARTESIAN_POINT('',(-1.755E1,9.5E0,-1.275E1));
#4336=CARTESIAN_POINT('',(-1.757831375185E1,9.342899051187E0,-1.275E1));
#4337=VERTEX_POINT('',#4335);
#4338=VERTEX_POINT('',#4336);
#4339=CARTESIAN_POINT('',(-1.845E1,9.5E0,-1.275E1));
#4340=VERTEX_POINT('',#4339);
#4341=CARTESIAN_POINT('',(-1.842168624815E1,9.657100948813E0,-1.275E1));
#4342=VERTEX_POINT('',#4341);
#4343=CARTESIAN_POINT('',(1.845E1,9.5E0,-1.275E1));
#4344=CARTESIAN_POINT('',(1.842168624815E1,9.342899051187E0,-1.275E1));
#4345=VERTEX_POINT('',#4343);
#4346=VERTEX_POINT('',#4344);
#4347=CARTESIAN_POINT('',(1.755E1,9.5E0,-1.275E1));
#4348=VERTEX_POINT('',#4347);
#4349=CARTESIAN_POINT('',(1.757831375185E1,9.657100948813E0,-1.275E1));
#4350=VERTEX_POINT('',#4349);
#4351=CARTESIAN_POINT('',(-6.8E0,1.1E1,-1.21E1));
#4352=VERTEX_POINT('',#4351);
#4353=CARTESIAN_POINT('',(-6.8E0,1.01E1,-1.155E1));
#4354=VERTEX_POINT('',#4353);
#4355=CARTESIAN_POINT('',(-6.8E0,1.01E1,-1.205E1));
#4356=VERTEX_POINT('',#4355);
#4357=CARTESIAN_POINT('',(-6.8E0,1.11E1,-1.205E1));
#4358=VERTEX_POINT('',#4357);
#4359=CARTESIAN_POINT('',(-6.8E0,1.11E1,-1.21E1));
#4360=VERTEX_POINT('',#4359);
#4361=CARTESIAN_POINT('',(-9.E0,1.1E1,-1.21E1));
#4362=VERTEX_POINT('',#4361);
#4363=CARTESIAN_POINT('',(-9.E0,1.11E1,-1.21E1));
#4364=VERTEX_POINT('',#4363);
#4365=CARTESIAN_POINT('',(-9.E0,1.11E1,-1.205E1));
#4366=VERTEX_POINT('',#4365);
#4367=CARTESIAN_POINT('',(-9.E0,1.01E1,-1.205E1));
#4368=VERTEX_POINT('',#4367);
#4369=CARTESIAN_POINT('',(-9.E0,1.01E1,-1.155E1));
#4370=VERTEX_POINT('',#4369);
#4371=CARTESIAN_POINT('',(6.8E0,1.11E1,-1.21E1));
#4372=VERTEX_POINT('',#4371);
#4373=CARTESIAN_POINT('',(6.8E0,1.1E1,-1.21E1));
#4374=VERTEX_POINT('',#4373);
#4375=CARTESIAN_POINT('',(9.E0,1.1E1,-1.21E1));
#4376=VERTEX_POINT('',#4375);
#4377=CARTESIAN_POINT('',(2.475E1,7.E-1,-1.21E1));
#4378=VERTEX_POINT('',#4377);
#4379=CARTESIAN_POINT('',(-2.475E1,7.E-1,-1.21E1));
#4380=VERTEX_POINT('',#4379);
#4381=CARTESIAN_POINT('',(-2.475E1,1.11E1,-1.21E1));
#4382=VERTEX_POINT('',#4381);
#4383=CARTESIAN_POINT('',(1.751010205144E1,9.500000007186E0,-1.21E1));
#4384=CARTESIAN_POINT('',(1.848989794856E1,9.499999992814E0,-1.21E1));
#4385=VERTEX_POINT('',#4383);
#4386=VERTEX_POINT('',#4384);
#4387=CARTESIAN_POINT('',(-1.848989794856E1,9.500000007186E0,-1.21E1));
#4388=CARTESIAN_POINT('',(-1.751010205144E1,9.499999992814E0,-1.21E1));
#4389=VERTEX_POINT('',#4387);
#4390=VERTEX_POINT('',#4388);
#4391=CARTESIAN_POINT('',(6.8E0,1.11E1,-1.205E1));
#4392=VERTEX_POINT('',#4391);
#4393=CARTESIAN_POINT('',(9.E0,1.01E1,-1.205E1));
#4394=VERTEX_POINT('',#4393);
#4395=CARTESIAN_POINT('',(6.8E0,1.01E1,-1.205E1));
#4396=VERTEX_POINT('',#4395);
#4397=CARTESIAN_POINT('',(-2.425E1,1.11E1,-1.205E1));
#4398=VERTEX_POINT('',#4397);
#4399=CARTESIAN_POINT('',(-1.74E1,9.599999999998E0,-1.205E1));
#4400=CARTESIAN_POINT('',(-1.86E1,9.599999999998E0,-1.205E1));
#4401=VERTEX_POINT('',#4399);
#4402=VERTEX_POINT('',#4400);
#4403=CARTESIAN_POINT('',(6.E-1,9.599999999998E0,-1.205E1));
#4404=CARTESIAN_POINT('',(-6.E-1,9.599999999998E0,-1.205E1));
#4405=VERTEX_POINT('',#4403);
#4406=VERTEX_POINT('',#4404);
#4407=CARTESIAN_POINT('',(1.86E1,9.599999999998E0,-1.205E1));
#4408=CARTESIAN_POINT('',(1.74E1,9.599999999998E0,-1.205E1));
#4409=VERTEX_POINT('',#4407);
#4410=VERTEX_POINT('',#4408);
#4411=CARTESIAN_POINT('',(9.E0,1.01E1,-1.155E1));
#4412=VERTEX_POINT('',#4411);
#4413=CARTESIAN_POINT('',(6.8E0,1.01E1,-1.155E1));
#4414=VERTEX_POINT('',#4413);
#4415=CARTESIAN_POINT('',(2.545E1,1.15E1,-1.205000000017E1));
#4416=VERTEX_POINT('',#4415);
#4417=CARTESIAN_POINT('',(2.545E1,7.E-1,-1.205000000008E1));
#4418=VERTEX_POINT('',#4417);
#4419=CARTESIAN_POINT('',(2.545E1,1.15E1,1.205000000010E1));
#4420=CARTESIAN_POINT('',(2.545E1,7.E-1,1.205000000031E1));
#4421=VERTEX_POINT('',#4419);
#4422=VERTEX_POINT('',#4420);
#4423=CARTESIAN_POINT('',(9.E0,1.01E1,1.155E1));
#4424=VERTEX_POINT('',#4423);
#4425=CARTESIAN_POINT('',(6.8E0,1.01E1,1.155E1));
#4426=VERTEX_POINT('',#4425);
#4427=CARTESIAN_POINT('',(2.475E1,0.E0,1.204999999732E1));
#4428=VERTEX_POINT('',#4427);
#4429=CARTESIAN_POINT('',(2.474999999996E1,0.E0,-1.205E1));
#4430=VERTEX_POINT('',#4429);
#4431=CARTESIAN_POINT('',(-2.475E1,0.E0,-1.205E1));
#4432=VERTEX_POINT('',#4431);
#4433=CARTESIAN_POINT('',(-2.475E1,0.E0,1.204999999986E1));
#4434=VERTEX_POINT('',#4433);
#4435=CARTESIAN_POINT('',(-2.48E1,1.11E1,-1.205000000018E1));
#4436=VERTEX_POINT('',#4435);
#4437=CARTESIAN_POINT('',(-2.48E1,1.11E1,1.205E1));
#4438=VERTEX_POINT('',#4437);
#4439=CARTESIAN_POINT('',(-2.48E1,7.E-1,-1.205000000011E1));
#4440=VERTEX_POINT('',#4439);
#4441=CARTESIAN_POINT('',(-2.475E1,6.5E-1,-1.205E1));
#4442=VERTEX_POINT('',#4441);
#4443=CARTESIAN_POINT('',(2.475E1,6.5E-1,-1.205E1));
#4444=VERTEX_POINT('',#4443);
#4445=CARTESIAN_POINT('',(2.475E1,6.5E-1,1.205E1));
#4446=VERTEX_POINT('',#4445);
#4447=CARTESIAN_POINT('',(-2.475E1,6.5E-1,1.205E1));
#4448=VERTEX_POINT('',#4447);
#4449=CARTESIAN_POINT('',(2.48E1,7.E-1,-1.205E1));
#4450=VERTEX_POINT('',#4449);
#4451=CARTESIAN_POINT('',(2.48E1,7.E-1,1.205000000006E1));
#4452=VERTEX_POINT('',#4451);
#4453=CARTESIAN_POINT('',(-2.48E1,7.E-1,1.205E1));
#4454=VERTEX_POINT('',#4453);
#4455=CARTESIAN_POINT('',(1.8E1,9.5E0,-1.17E1));
#4456=VERTEX_POINT('',#4455);
#4457=CARTESIAN_POINT('',(-1.8E1,9.5E0,-1.17E1));
#4458=VERTEX_POINT('',#4457);
#4459=CARTESIAN_POINT('',(-1.775E1,9.499999999998E0,-1.255E1));
#4460=VERTEX_POINT('',#4459);
#4461=CARTESIAN_POINT('',(-1.776572986214E1,9.412721695105E0,-1.255E1));
#4462=VERTEX_POINT('',#4461);
#4463=CARTESIAN_POINT('',(-1.825E1,9.499999999997E0,-1.255E1));
#4464=VERTEX_POINT('',#4463);
#4465=CARTESIAN_POINT('',(-1.823427013786E1,9.587278304894E0,-1.255E1));
#4466=VERTEX_POINT('',#4465);
#4467=CARTESIAN_POINT('',(-1.825E1,9.499999999998E0,-1.235E1));
#4468=VERTEX_POINT('',#4467);
#4469=CARTESIAN_POINT('',(-1.775E1,9.5E0,-1.235E1));
#4470=VERTEX_POINT('',#4469);
#4471=CARTESIAN_POINT('',(1.825E1,9.499999999998E0,-1.255E1));
#4472=VERTEX_POINT('',#4471);
#4473=CARTESIAN_POINT('',(1.823427013786E1,9.412721695105E0,-1.255E1));
#4474=VERTEX_POINT('',#4473);
#4475=CARTESIAN_POINT('',(1.775E1,9.499999999997E0,-1.255E1));
#4476=VERTEX_POINT('',#4475);
#4477=CARTESIAN_POINT('',(1.776572986214E1,9.587278304894E0,-1.255E1));
#4478=VERTEX_POINT('',#4477);
#4479=CARTESIAN_POINT('',(1.775E1,9.499999999998E0,-1.235E1));
#4480=VERTEX_POINT('',#4479);
#4481=CARTESIAN_POINT('',(1.825E1,9.5E0,-1.235E1));
#4482=VERTEX_POINT('',#4481);
#4483=CARTESIAN_POINT('',(2.286E1,1.149999999999E1,-9.634999999999E0));
#4484=VERTEX_POINT('',#4483);
#4485=CARTESIAN_POINT('',(2.286E1,1.15E1,-5.249999999998E-1));
#4486=CARTESIAN_POINT('',(2.3385E1,1.15E1,-3.065480191415E-10));
#4487=VERTEX_POINT('',#4485);
#4488=VERTEX_POINT('',#4486);
#4489=CARTESIAN_POINT('',(2.2335E1,1.15E1,0.E0));
#4490=VERTEX_POINT('',#4489);
#4491=CARTESIAN_POINT('',(2.286E1,1.15E1,5.249999999998E-1));
#4492=VERTEX_POINT('',#4491);
#4493=CARTESIAN_POINT('',(2.286E1,1.15E1,9.635E0));
#4494=CARTESIAN_POINT('',(2.3385E1,1.15E1,1.015999999971E1));
#4495=VERTEX_POINT('',#4493);
#4496=VERTEX_POINT('',#4494);
#4497=CARTESIAN_POINT('',(2.2335E1,1.15E1,1.016E1));
#4498=VERTEX_POINT('',#4497);
#4499=CARTESIAN_POINT('',(2.286E1,1.15E1,1.0685E1));
#4500=VERTEX_POINT('',#4499);
#4501=CARTESIAN_POINT('',(-2.286E1,1.15E1,-3.065E0));
#4502=CARTESIAN_POINT('',(-2.2335E1,1.15E1,-2.540000000286E0));
#4503=VERTEX_POINT('',#4501);
#4504=VERTEX_POINT('',#4502);
#4505=CARTESIAN_POINT('',(-2.3385E1,1.15E1,-2.54E0));
#4506=VERTEX_POINT('',#4505);
#4507=CARTESIAN_POINT('',(-2.286E1,1.15E1,-2.015E0));
#4508=VERTEX_POINT('',#4507);
#4509=CARTESIAN_POINT('',(-2.286E1,1.15E1,-8.145E0));
#4510=CARTESIAN_POINT('',(-2.2335E1,1.15E1,-7.620000000286E0));
#4511=VERTEX_POINT('',#4509);
#4512=VERTEX_POINT('',#4510);
#4513=CARTESIAN_POINT('',(-2.3385E1,1.15E1,-7.62E0));
#4514=VERTEX_POINT('',#4513);
#4515=CARTESIAN_POINT('',(-2.286E1,1.15E1,-7.095E0));
#4516=VERTEX_POINT('',#4515);
#4517=CARTESIAN_POINT('',(-2.286E1,1.15E1,7.095E0));
#4518=CARTESIAN_POINT('',(-2.2335E1,1.15E1,7.619999999714E0));
#4519=VERTEX_POINT('',#4517);
#4520=VERTEX_POINT('',#4518);
#4521=CARTESIAN_POINT('',(-2.3385E1,1.15E1,7.62E0));
#4522=VERTEX_POINT('',#4521);
#4523=CARTESIAN_POINT('',(-2.286E1,1.15E1,8.145E0));
#4524=VERTEX_POINT('',#4523);
#4525=CARTESIAN_POINT('',(1.775E1,9.499999999996E0,1.255E1));
#4526=VERTEX_POINT('',#4525);
#4527=CARTESIAN_POINT('',(1.778140080393E1,9.378697108544E0,1.255E1));
#4528=VERTEX_POINT('',#4527);
#4529=CARTESIAN_POINT('',(1.825E1,9.5E0,1.255E1));
#4530=VERTEX_POINT('',#4529);
#4531=CARTESIAN_POINT('',(1.821859919607E1,9.621302891456E0,1.255E1));
#4532=VERTEX_POINT('',#4531);
#4533=CARTESIAN_POINT('',(1.825E1,9.5E0,1.235E1));
#4534=VERTEX_POINT('',#4533);
#4535=CARTESIAN_POINT('',(1.775E1,9.5E0,1.235E1));
#4536=VERTEX_POINT('',#4535);
#4537=CARTESIAN_POINT('',(-1.825E1,9.499999999996E0,1.255E1));
#4538=VERTEX_POINT('',#4537);
#4539=CARTESIAN_POINT('',(-1.821859919607E1,9.378697108544E0,1.255E1));
#4540=VERTEX_POINT('',#4539);
#4541=CARTESIAN_POINT('',(-1.775E1,9.5E0,1.255E1));
#4542=VERTEX_POINT('',#4541);
#4543=CARTESIAN_POINT('',(-1.778140080393E1,9.621302891456E0,1.255E1));
#4544=VERTEX_POINT('',#4543);
#4545=CARTESIAN_POINT('',(-1.775E1,9.5E0,1.235E1));
#4546=VERTEX_POINT('',#4545);
#4547=CARTESIAN_POINT('',(-1.825E1,9.5E0,1.235E1));
#4548=VERTEX_POINT('',#4547);
#4549=CARTESIAN_POINT('',(1.8E1,9.5E0,1.17E1));
#4550=VERTEX_POINT('',#4549);
#4551=CARTESIAN_POINT('',(-1.8E1,9.5E0,1.17E1));
#4552=VERTEX_POINT('',#4551);
#4553=CARTESIAN_POINT('',(1.72E1,1.02E1,1.065E1));
#4554=CARTESIAN_POINT('',(1.72E1,8.6E0,1.115E1));
#4555=VERTEX_POINT('',#4553);
#4556=VERTEX_POINT('',#4554);
#4557=CARTESIAN_POINT('',(1.72E1,1.045E1,1.065E1));
#4558=VERTEX_POINT('',#4557);
#4559=CARTESIAN_POINT('',(1.65E1,1.02E1,1.065E1));
#4560=VERTEX_POINT('',#4559);
#4561=CARTESIAN_POINT('',(1.65E1,8.6E0,1.115E1));
#4562=VERTEX_POINT('',#4561);
#4563=CARTESIAN_POINT('',(1.65E1,1.045E1,1.065E1));
#4564=VERTEX_POINT('',#4563);
#4565=CARTESIAN_POINT('',(8.36E0,1.06E1,1.1E1));
#4566=CARTESIAN_POINT('',(9.8E0,1.06E1,1.1E1));
#4567=VERTEX_POINT('',#4565);
#4568=VERTEX_POINT('',#4566);
#4569=CARTESIAN_POINT('',(1.196E1,1.06E1,1.016E1));
#4570=VERTEX_POINT('',#4569);
#4571=CARTESIAN_POINT('',(8.36E0,1.06E1,1.016E1));
#4572=VERTEX_POINT('',#4571);
#4573=CARTESIAN_POINT('',(1.0785E1,1.06E1,1.016E1));
#4574=CARTESIAN_POINT('',(1.016E1,1.06E1,1.0785E1));
#4575=VERTEX_POINT('',#4573);
#4576=VERTEX_POINT('',#4574);
#4577=CARTESIAN_POINT('',(9.535E0,1.06E1,1.016E1));
#4578=VERTEX_POINT('',#4577);
#4579=CARTESIAN_POINT('',(1.016E1,1.06E1,9.535E0));
#4580=VERTEX_POINT('',#4579);
#4581=CARTESIAN_POINT('',(-8.36E0,1.075E1,1.1E1));
#4582=VERTEX_POINT('',#4581);
#4583=CARTESIAN_POINT('',(-6.E0,9.4E0,1.1E1));
#4584=VERTEX_POINT('',#4583);
#4585=CARTESIAN_POINT('',(-6.E0,1.06E1,1.1E1));
#4586=VERTEX_POINT('',#4585);
#4587=CARTESIAN_POINT('',(6.E0,1.06E1,1.1E1));
#4588=VERTEX_POINT('',#4587);
#4589=CARTESIAN_POINT('',(6.E0,9.4E0,1.1E1));
#4590=VERTEX_POINT('',#4589);
#4591=CARTESIAN_POINT('',(9.8E0,9.4E0,1.1E1));
#4592=VERTEX_POINT('',#4591);
#4593=CARTESIAN_POINT('',(8.36E0,1.075E1,1.1E1));
#4594=VERTEX_POINT('',#4593);
#4595=CARTESIAN_POINT('',(-8.36E0,1.075E1,1.016E1));
#4596=VERTEX_POINT('',#4595);
#4597=CARTESIAN_POINT('',(1.196E1,1.075E1,-1.016E1));
#4598=VERTEX_POINT('',#4597);
#4599=CARTESIAN_POINT('',(8.36E0,1.075E1,-1.016E1));
#4600=VERTEX_POINT('',#4599);
#4601=CARTESIAN_POINT('',(8.36E0,1.075E1,-1.1E1));
#4602=VERTEX_POINT('',#4601);
#4603=CARTESIAN_POINT('',(-2.3E1,1.075E1,-1.1E1));
#4604=VERTEX_POINT('',#4603);
#4605=CARTESIAN_POINT('',(-2.3E1,1.075E1,-9.414547296674E0));
#4606=VERTEX_POINT('',#4605);
#4607=CARTESIAN_POINT('',(-2.106E1,1.075E1,-7.62E0));
#4608=VERTEX_POINT('',#4607);
#4609=CARTESIAN_POINT('',(-2.3E1,1.075E1,-5.825452703326E0));
#4610=VERTEX_POINT('',#4609);
#4611=CARTESIAN_POINT('',(-2.3E1,1.075E1,-4.334547296674E0));
#4612=VERTEX_POINT('',#4611);
#4613=CARTESIAN_POINT('',(-2.106E1,1.075E1,-2.54E0));
#4614=VERTEX_POINT('',#4613);
#4615=CARTESIAN_POINT('',(-2.3E1,1.075E1,-7.454527033260E-1));
#4616=VERTEX_POINT('',#4615);
#4617=CARTESIAN_POINT('',(-2.3E1,1.075E1,5.825452703326E0));
#4618=VERTEX_POINT('',#4617);
#4619=CARTESIAN_POINT('',(-2.106E1,1.075E1,7.62E0));
#4620=VERTEX_POINT('',#4619);
#4621=CARTESIAN_POINT('',(-2.3E1,1.075E1,9.414547296674E0));
#4622=VERTEX_POINT('',#4621);
#4623=CARTESIAN_POINT('',(-1.196E1,1.075E1,1.016E1));
#4624=VERTEX_POINT('',#4623);
#4625=CARTESIAN_POINT('',(8.36E0,1.075E1,1.016E1));
#4626=VERTEX_POINT('',#4625);
#4627=CARTESIAN_POINT('',(1.196E1,1.075E1,1.016E1));
#4628=VERTEX_POINT('',#4627);
#4629=CARTESIAN_POINT('',(-8.36E0,1.075E1,2.54E0));
#4630=CARTESIAN_POINT('',(-1.196E1,1.075E1,2.54E0));
#4631=VERTEX_POINT('',#4629);
#4632=VERTEX_POINT('',#4630);
#4633=CARTESIAN_POINT('',(1.196E1,1.075E1,1.231323551787E-13));
#4634=CARTESIAN_POINT('',(8.36E0,1.075E1,0.E0));
#4635=VERTEX_POINT('',#4633);
#4636=VERTEX_POINT('',#4634);
#4637=CARTESIAN_POINT('',(-8.36E0,1.075E1,-2.54E0));
#4638=CARTESIAN_POINT('',(-1.196E1,1.075E1,-2.54E0));
#4639=VERTEX_POINT('',#4637);
#4640=VERTEX_POINT('',#4638);
#4641=CARTESIAN_POINT('',(-1.196E1,1.06E1,2.54E0));
#4642=CARTESIAN_POINT('',(-8.36E0,1.06E1,2.54E0));
#4643=VERTEX_POINT('',#4641);
#4644=VERTEX_POINT('',#4642);
#4645=CARTESIAN_POINT('',(-9.535E0,1.06E1,2.54E0));
#4646=CARTESIAN_POINT('',(-1.016E1,1.06E1,3.165E0));
#4647=VERTEX_POINT('',#4645);
#4648=VERTEX_POINT('',#4646);
#4649=CARTESIAN_POINT('',(-1.0785E1,1.06E1,2.54E0));
#4650=VERTEX_POINT('',#4649);
#4651=CARTESIAN_POINT('',(-1.016E1,1.06E1,1.915E0));
#4652=VERTEX_POINT('',#4651);
#4653=CARTESIAN_POINT('',(-9.635E0,1.15E1,2.539999999709E0));
#4654=VERTEX_POINT('',#4653);
#4655=CARTESIAN_POINT('',(-1.016E1,1.15E1,3.065E0));
#4656=VERTEX_POINT('',#4655);
#4657=CARTESIAN_POINT('',(-1.0685E1,1.15E1,2.54E0));
#4658=VERTEX_POINT('',#4657);
#4659=CARTESIAN_POINT('',(-1.016E1,1.15E1,2.015E0));
#4660=VERTEX_POINT('',#4659);
#4661=CARTESIAN_POINT('',(-9.635E0,1.16E1,2.54E0));
#4662=CARTESIAN_POINT('',(-1.0685E1,1.16E1,2.54E0));
#4663=VERTEX_POINT('',#4661);
#4664=VERTEX_POINT('',#4662);
#4665=CARTESIAN_POINT('',(8.36E0,1.06E1,0.E0));
#4666=CARTESIAN_POINT('',(1.196E1,1.06E1,0.E0));
#4667=VERTEX_POINT('',#4665);
#4668=VERTEX_POINT('',#4666);
#4669=CARTESIAN_POINT('',(1.0785E1,1.06E1,0.E0));
#4670=CARTESIAN_POINT('',(1.016E1,1.06E1,6.250000000004E-1));
#4671=VERTEX_POINT('',#4669);
#4672=VERTEX_POINT('',#4670);
#4673=CARTESIAN_POINT('',(9.535E0,1.06E1,0.E0));
#4674=VERTEX_POINT('',#4673);
#4675=CARTESIAN_POINT('',(1.016E1,1.06E1,-6.250000000004E-1));
#4676=VERTEX_POINT('',#4675);
#4677=CARTESIAN_POINT('',(1.0685E1,1.15E1,-2.917027019190E-10));
#4678=VERTEX_POINT('',#4677);
#4679=CARTESIAN_POINT('',(1.016E1,1.15E1,5.249999999998E-1));
#4680=VERTEX_POINT('',#4679);
#4681=CARTESIAN_POINT('',(9.635E0,1.15E1,0.E0));
#4682=VERTEX_POINT('',#4681);
#4683=CARTESIAN_POINT('',(1.016E1,1.15E1,-5.249999999998E-1));
#4684=VERTEX_POINT('',#4683);
#4685=CARTESIAN_POINT('',(1.0685E1,1.16E1,0.E0));
#4686=CARTESIAN_POINT('',(9.635E0,1.16E1,0.E0));
#4687=VERTEX_POINT('',#4685);
#4688=VERTEX_POINT('',#4686);
#4689=CARTESIAN_POINT('',(-1.196E1,1.06E1,-2.54E0));
#4690=CARTESIAN_POINT('',(-8.36E0,1.06E1,-2.54E0));
#4691=VERTEX_POINT('',#4689);
#4692=VERTEX_POINT('',#4690);
#4693=CARTESIAN_POINT('',(-9.535E0,1.06E1,-2.54E0));
#4694=CARTESIAN_POINT('',(-1.016E1,1.06E1,-1.915E0));
#4695=VERTEX_POINT('',#4693);
#4696=VERTEX_POINT('',#4694);
#4697=CARTESIAN_POINT('',(-1.0785E1,1.06E1,-2.54E0));
#4698=VERTEX_POINT('',#4697);
#4699=CARTESIAN_POINT('',(-1.016E1,1.06E1,-3.165E0));
#4700=VERTEX_POINT('',#4699);
#4701=CARTESIAN_POINT('',(-9.635E0,1.15E1,-2.540000000291E0));
#4702=VERTEX_POINT('',#4701);
#4703=CARTESIAN_POINT('',(-1.016E1,1.15E1,-2.015E0));
#4704=VERTEX_POINT('',#4703);
#4705=CARTESIAN_POINT('',(-1.0685E1,1.15E1,-2.54E0));
#4706=VERTEX_POINT('',#4705);
#4707=CARTESIAN_POINT('',(-1.016E1,1.15E1,-3.065E0));
#4708=VERTEX_POINT('',#4707);
#4709=CARTESIAN_POINT('',(-9.635E0,1.16E1,-2.54E0));
#4710=CARTESIAN_POINT('',(-1.0685E1,1.16E1,-2.54E0));
#4711=VERTEX_POINT('',#4709);
#4712=VERTEX_POINT('',#4710);
#4713=CARTESIAN_POINT('',(1.0685E1,1.15E1,1.015999999971E1));
#4714=VERTEX_POINT('',#4713);
#4715=CARTESIAN_POINT('',(1.016E1,1.15E1,1.0685E1));
#4716=VERTEX_POINT('',#4715);
#4717=CARTESIAN_POINT('',(9.635E0,1.15E1,1.016E1));
#4718=VERTEX_POINT('',#4717);
#4719=CARTESIAN_POINT('',(1.016E1,1.15E1,9.635E0));
#4720=VERTEX_POINT('',#4719);
#4721=CARTESIAN_POINT('',(1.0685E1,1.16E1,1.016E1));
#4722=CARTESIAN_POINT('',(9.635E0,1.16E1,1.016E1));
#4723=VERTEX_POINT('',#4721);
#4724=VERTEX_POINT('',#4722);
#4725=CARTESIAN_POINT('',(-1.65E1,1.02E1,1.065E1));
#4726=CARTESIAN_POINT('',(-1.65E1,8.6E0,1.115E1));
#4727=VERTEX_POINT('',#4725);
#4728=VERTEX_POINT('',#4726);
#4729=CARTESIAN_POINT('',(-1.65E1,1.045E1,1.065E1));
#4730=VERTEX_POINT('',#4729);
#4731=CARTESIAN_POINT('',(-1.72E1,1.02E1,1.065E1));
#4732=VERTEX_POINT('',#4731);
#4733=CARTESIAN_POINT('',(-1.72E1,8.6E0,1.115E1));
#4734=VERTEX_POINT('',#4733);
#4735=CARTESIAN_POINT('',(-1.72E1,1.045E1,1.065E1));
#4736=VERTEX_POINT('',#4735);
#4737=CARTESIAN_POINT('',(-9.635E0,1.15E1,1.015999999971E1));
#4738=VERTEX_POINT('',#4737);
#4739=CARTESIAN_POINT('',(-1.016E1,1.15E1,1.0685E1));
#4740=VERTEX_POINT('',#4739);
#4741=CARTESIAN_POINT('',(-1.0685E1,1.15E1,1.016E1));
#4742=VERTEX_POINT('',#4741);
#4743=CARTESIAN_POINT('',(-1.016E1,1.15E1,9.635E0));
#4744=VERTEX_POINT('',#4743);
#4745=CARTESIAN_POINT('',(-9.635E0,1.16E1,1.016E1));
#4746=CARTESIAN_POINT('',(-1.0685E1,1.16E1,1.016E1));
#4747=VERTEX_POINT('',#4745);
#4748=VERTEX_POINT('',#4746);
#4749=CARTESIAN_POINT('',(1.65E1,1.02E1,-1.065E1));
#4750=CARTESIAN_POINT('',(1.65E1,8.6E0,-1.115E1));
#4751=VERTEX_POINT('',#4749);
#4752=VERTEX_POINT('',#4750);
#4753=CARTESIAN_POINT('',(1.65E1,1.045E1,-1.065E1));
#4754=VERTEX_POINT('',#4753);
#4755=CARTESIAN_POINT('',(1.72E1,1.02E1,-1.065E1));
#4756=VERTEX_POINT('',#4755);
#4757=CARTESIAN_POINT('',(1.72E1,8.6E0,-1.115E1));
#4758=VERTEX_POINT('',#4757);
#4759=CARTESIAN_POINT('',(1.72E1,1.045E1,-1.065E1));
#4760=VERTEX_POINT('',#4759);
#4761=CARTESIAN_POINT('',(1.0685E1,1.149999999999E1,-1.016000000029E1));
#4762=VERTEX_POINT('',#4761);
#4763=CARTESIAN_POINT('',(1.016E1,1.149999999999E1,-9.634999999999E0));
#4764=VERTEX_POINT('',#4763);
#4765=CARTESIAN_POINT('',(9.634999999999E0,1.149999999999E1,-1.016E1));
#4766=VERTEX_POINT('',#4765);
#4767=CARTESIAN_POINT('',(1.016E1,1.149999999999E1,-1.0685E1));
#4768=VERTEX_POINT('',#4767);
#4769=CARTESIAN_POINT('',(1.0685E1,1.16E1,-1.016E1));
#4770=CARTESIAN_POINT('',(9.635E0,1.16E1,-1.016E1));
#4771=VERTEX_POINT('',#4769);
#4772=VERTEX_POINT('',#4770);
#4773=CARTESIAN_POINT('',(2.286E1,1.105E1,-1.016E1));
#4774=DIRECTION('',(0.E0,-1.E0,0.E0));
#4775=DIRECTION('',(0.E0,0.E0,-1.E0));
#4776=AXIS2_PLACEMENT_3D('',#4773,#4774,#4775);
#4777=CONICAL_SURFACE('',#4776,5.750000000010E-1,6.340191746031E0);
#4779=ORIENTED_EDGE('',*,*,#4778,.F.);
#4781=ORIENTED_EDGE('',*,*,#4780,.F.);
#4783=ORIENTED_EDGE('',*,*,#4782,.T.);
#4785=ORIENTED_EDGE('',*,*,#4784,.T.);
#4787=ORIENTED_EDGE('',*,*,#4786,.T.);
#4789=ORIENTED_EDGE('',*,*,#4788,.T.);
#4790=EDGE_LOOP('',(#4779,#4781,#4783,#4785,#4787,#4789));
#4791=FACE_OUTER_BOUND('',#4790,.F.);
#4793=FILL_AREA_STYLE_COLOUR('',#19);
#4794=FILL_AREA_STYLE('',(#4793));
#4795=SURFACE_STYLE_FILL_AREA(#4794);
#4796=SURFACE_SIDE_STYLE('',(#4795));
#4797=SURFACE_STYLE_USAGE(.BOTH.,#4796);
#4798=PRESENTATION_STYLE_ASSIGNMENT((#4797));
#4799=STYLED_ITEM('',(#4798),#4792);
#4800=CARTESIAN_POINT('',(2.0725E1,1.06E1,0.E0));
#4801=DIRECTION('',(0.E0,1.E0,0.E0));
#4802=DIRECTION('',(1.E0,0.E0,0.E0));
#4803=AXIS2_PLACEMENT_3D('',#4800,#4801,#4802);
#4804=PLANE('',#4803);
#4806=ORIENTED_EDGE('',*,*,#4805,.F.);
#4808=ORIENTED_EDGE('',*,*,#4807,.T.);
#4810=ORIENTED_EDGE('',*,*,#4809,.T.);
#4812=ORIENTED_EDGE('',*,*,#4811,.T.);
#4814=ORIENTED_EDGE('',*,*,#4813,.T.);
#4816=ORIENTED_EDGE('',*,*,#4815,.T.);
#4818=ORIENTED_EDGE('',*,*,#4817,.F.);
#4820=ORIENTED_EDGE('',*,*,#4819,.F.);
#4822=ORIENTED_EDGE('',*,*,#4821,.T.);
#4824=ORIENTED_EDGE('',*,*,#4823,.F.);
#4826=ORIENTED_EDGE('',*,*,#4825,.T.);
#4828=ORIENTED_EDGE('',*,*,#4827,.T.);
#4830=ORIENTED_EDGE('',*,*,#4829,.F.);
#4832=ORIENTED_EDGE('',*,*,#4831,.T.);
#4834=ORIENTED_EDGE('',*,*,#4833,.F.);
#4835=EDGE_LOOP('',(#4806,#4808,#4810,#4812,#4814,#4816,#4818,#4820,#4822,#4824,
#4826,#4828,#4830,#4832,#4834));
#4836=FACE_OUTER_BOUND('',#4835,.F.);
#4838=ORIENTED_EDGE('',*,*,#4837,.T.);
#4840=ORIENTED_EDGE('',*,*,#4839,.T.);
#4842=ORIENTED_EDGE('',*,*,#4841,.T.);
#4844=ORIENTED_EDGE('',*,*,#4843,.T.);
#4845=EDGE_LOOP('',(#4838,#4840,#4842,#4844));
#4846=FACE_BOUND('',#4845,.F.);
#4848=ORIENTED_EDGE('',*,*,#4847,.T.);
#4850=ORIENTED_EDGE('',*,*,#4849,.T.);
#4851=ORIENTED_EDGE('',*,*,#4780,.T.);
#4852=ORIENTED_EDGE('',*,*,#4778,.T.);
#4853=EDGE_LOOP('',(#4848,#4850,#4851,#4852));
#4854=FACE_BOUND('',#4853,.F.);
#4856=ORIENTED_EDGE('',*,*,#4855,.T.);
#4858=ORIENTED_EDGE('',*,*,#4857,.T.);
#4860=ORIENTED_EDGE('',*,*,#4859,.T.);
#4862=ORIENTED_EDGE('',*,*,#4861,.T.);
#4863=EDGE_LOOP('',(#4856,#4858,#4860,#4862));
#4864=FACE_BOUND('',#4863,.F.);
#4866=FILL_AREA_STYLE_COLOUR('',#19);
#4867=FILL_AREA_STYLE('',(#4866));
#4868=SURFACE_STYLE_FILL_AREA(#4867);
#4869=SURFACE_SIDE_STYLE('',(#4868));
#4870=SURFACE_STYLE_USAGE(.BOTH.,#4869);
#4871=PRESENTATION_STYLE_ASSIGNMENT((#4870));
#4872=STYLED_ITEM('',(#4871),#4865);
#4873=CARTESIAN_POINT('',(1.651E1,1.06E1,1.1E1));
#4874=DIRECTION('',(0.E0,0.E0,1.E0));
#4875=DIRECTION('',(-1.E0,0.E0,0.E0));
#4876=AXIS2_PLACEMENT_3D('',#4873,#4874,#4875);
#4877=PLANE('',#4876);
#4878=ORIENTED_EDGE('',*,*,#4805,.T.);
#4880=ORIENTED_EDGE('',*,*,#4879,.F.);
#4882=ORIENTED_EDGE('',*,*,#4881,.T.);
#4884=ORIENTED_EDGE('',*,*,#4883,.F.);
#4886=ORIENTED_EDGE('',*,*,#4885,.F.);
#4888=ORIENTED_EDGE('',*,*,#4887,.T.);
#4890=ORIENTED_EDGE('',*,*,#4889,.F.);
#4892=ORIENTED_EDGE('',*,*,#4891,.T.);
#4893=EDGE_LOOP('',(#4878,#4880,#4882,#4884,#4886,#4888,#4890,#4892));
#4894=FACE_OUTER_BOUND('',#4893,.F.);
#4896=FILL_AREA_STYLE_COLOUR('',#19);
#4897=FILL_AREA_STYLE('',(#4896));
#4898=SURFACE_STYLE_FILL_AREA(#4897);
#4899=SURFACE_SIDE_STYLE('',(#4898));
#4900=SURFACE_STYLE_USAGE(.BOTH.,#4899);
#4901=PRESENTATION_STYLE_ASSIGNMENT((#4900));
#4902=STYLED_ITEM('',(#4901),#4895);
#4903=CARTESIAN_POINT('',(2.106E1,1.0675E1,1.058E1));
#4904=DIRECTION('',(1.E0,0.E0,0.E0));
#4905=DIRECTION('',(0.E0,0.E0,1.E0));
#4906=AXIS2_PLACEMENT_3D('',#4903,#4904,#4905);
#4907=PLANE('',#4906);
#4908=ORIENTED_EDGE('',*,*,#4833,.T.);
#4910=ORIENTED_EDGE('',*,*,#4909,.F.);
#4912=ORIENTED_EDGE('',*,*,#4911,.T.);
#4913=ORIENTED_EDGE('',*,*,#4879,.T.);
#4914=EDGE_LOOP('',(#4908,#4910,#4912,#4913));
#4915=FACE_OUTER_BOUND('',#4914,.F.);
#4917=FILL_AREA_STYLE_COLOUR('',#19);
#4918=FILL_AREA_STYLE('',(#4917));
#4919=SURFACE_STYLE_FILL_AREA(#4918);
#4920=SURFACE_SIDE_STYLE('',(#4919));
#4921=SURFACE_STYLE_USAGE(.BOTH.,#4920);
#4922=PRESENTATION_STYLE_ASSIGNMENT((#4921));
#4923=STYLED_ITEM('',(#4922),#4916);
#4924=CARTESIAN_POINT('',(2.286E1,1.081847648355E1,1.016E1));
#4925=DIRECTION('',(0.E0,-1.E0,0.E0));
#4926=DIRECTION('',(-1.E0,0.E0,0.E0));
#4927=AXIS2_PLACEMENT_3D('',#4924,#4925,#4926);
#4928=CYLINDRICAL_SURFACE('',#4927,1.8E0);
#4929=ORIENTED_EDGE('',*,*,#4831,.F.);
#4931=ORIENTED_EDGE('',*,*,#4930,.T.);
#4933=ORIENTED_EDGE('',*,*,#4932,.F.);
#4934=ORIENTED_EDGE('',*,*,#4909,.T.);
#4935=EDGE_LOOP('',(#4929,#4931,#4933,#4934));
#4936=FACE_OUTER_BOUND('',#4935,.F.);
#4938=FILL_AREA_STYLE_COLOUR('',#19);
#4939=FILL_AREA_STYLE('',(#4938));
#4940=SURFACE_STYLE_FILL_AREA(#4939);
#4941=SURFACE_SIDE_STYLE('',(#4940));
#4942=SURFACE_STYLE_USAGE(.BOTH.,#4941);
#4943=PRESENTATION_STYLE_ASSIGNMENT((#4942));
#4944=STYLED_ITEM('',(#4943),#4937);
#4945=CARTESIAN_POINT('',(2.3E1,1.0675E1,5.08E0));
#4946=DIRECTION('',(1.E0,0.E0,0.E0));
#4947=DIRECTION('',(0.E0,0.E0,1.E0));
#4948=AXIS2_PLACEMENT_3D('',#4945,#4946,#4947);
#4949=PLANE('',#4948);
#4950=ORIENTED_EDGE('',*,*,#4829,.T.);
#4952=ORIENTED_EDGE('',*,*,#4951,.F.);
#4954=ORIENTED_EDGE('',*,*,#4953,.T.);
#4955=ORIENTED_EDGE('',*,*,#4930,.F.);
#4956=EDGE_LOOP('',(#4950,#4952,#4954,#4955));
#4957=FACE_OUTER_BOUND('',#4956,.F.);
#4959=FILL_AREA_STYLE_COLOUR('',#19);
#4960=FILL_AREA_STYLE('',(#4959));
#4961=SURFACE_STYLE_FILL_AREA(#4960);
#4962=SURFACE_SIDE_STYLE('',(#4961));
#4963=SURFACE_STYLE_USAGE(.BOTH.,#4962);
#4964=PRESENTATION_STYLE_ASSIGNMENT((#4963));
#4965=STYLED_ITEM('',(#4964),#4958);
#4966=CARTESIAN_POINT('',(2.286E1,1.081847648355E1,-1.398840616139E-13));
#4967=DIRECTION('',(0.E0,-1.E0,0.E0));
#4968=DIRECTION('',(-1.E0,0.E0,0.E0));
#4969=AXIS2_PLACEMENT_3D('',#4966,#4967,#4968);
#4970=CYLINDRICAL_SURFACE('',#4969,1.8E0);
#4971=ORIENTED_EDGE('',*,*,#4827,.F.);
#4972=ORIENTED_EDGE('',*,*,#4825,.F.);
#4974=ORIENTED_EDGE('',*,*,#4973,.T.);
#4976=ORIENTED_EDGE('',*,*,#4975,.F.);
#4978=ORIENTED_EDGE('',*,*,#4977,.F.);
#4979=ORIENTED_EDGE('',*,*,#4951,.T.);
#4980=EDGE_LOOP('',(#4971,#4972,#4974,#4976,#4978,#4979));
#4981=FACE_OUTER_BOUND('',#4980,.F.);
#4983=FILL_AREA_STYLE_COLOUR('',#19);
#4984=FILL_AREA_STYLE('',(#4983));
#4985=SURFACE_STYLE_FILL_AREA(#4984);
#4986=SURFACE_SIDE_STYLE('',(#4985));
#4987=SURFACE_STYLE_USAGE(.BOTH.,#4986);
#4988=PRESENTATION_STYLE_ASSIGNMENT((#4987));
#4989=STYLED_ITEM('',(#4988),#4982);
#4990=CARTESIAN_POINT('',(2.3E1,1.0675E1,-5.08E0));
#4991=DIRECTION('',(1.E0,0.E0,0.E0));
#4992=DIRECTION('',(0.E0,0.E0,1.E0));
#4993=AXIS2_PLACEMENT_3D('',#4990,#4991,#4992);
#4994=PLANE('',#4993);
#4995=ORIENTED_EDGE('',*,*,#4823,.T.);
#4997=ORIENTED_EDGE('',*,*,#4996,.F.);
#4999=ORIENTED_EDGE('',*,*,#4998,.T.);
#5000=ORIENTED_EDGE('',*,*,#4973,.F.);
#5001=EDGE_LOOP('',(#4995,#4997,#4999,#5000));
#5002=FACE_OUTER_BOUND('',#5001,.F.);
#5004=FILL_AREA_STYLE_COLOUR('',#19);
#5005=FILL_AREA_STYLE('',(#5004));
#5006=SURFACE_STYLE_FILL_AREA(#5005);
#5007=SURFACE_SIDE_STYLE('',(#5006));
#5008=SURFACE_STYLE_USAGE(.BOTH.,#5007);
#5009=PRESENTATION_STYLE_ASSIGNMENT((#5008));
#5010=STYLED_ITEM('',(#5009),#5003);
#5011=CARTESIAN_POINT('',(2.286E1,1.081847648355E1,-1.016E1));
#5012=DIRECTION('',(0.E0,-1.E0,0.E0));
#5013=DIRECTION('',(-1.E0,0.E0,0.E0));
#5014=AXIS2_PLACEMENT_3D('',#5011,#5012,#5013);
#5015=CYLINDRICAL_SURFACE('',#5014,1.8E0);
#5016=ORIENTED_EDGE('',*,*,#4821,.F.);
#5018=ORIENTED_EDGE('',*,*,#5017,.T.);
#5020=ORIENTED_EDGE('',*,*,#5019,.F.);
#5021=ORIENTED_EDGE('',*,*,#4996,.T.);
#5022=EDGE_LOOP('',(#5016,#5018,#5020,#5021));
#5023=FACE_OUTER_BOUND('',#5022,.F.);
#5025=FILL_AREA_STYLE_COLOUR('',#19);
#5026=FILL_AREA_STYLE('',(#5025));
#5027=SURFACE_STYLE_FILL_AREA(#5026);
#5028=SURFACE_SIDE_STYLE('',(#5027));
#5029=SURFACE_STYLE_USAGE(.BOTH.,#5028);
#5030=PRESENTATION_STYLE_ASSIGNMENT((#5029));
#5031=STYLED_ITEM('',(#5030),#5024);
#5032=CARTESIAN_POINT('',(2.106E1,1.0675E1,-1.058E1));
#5033=DIRECTION('',(1.E0,0.E0,0.E0));
#5034=DIRECTION('',(0.E0,0.E0,1.E0));
#5035=AXIS2_PLACEMENT_3D('',#5032,#5033,#5034);
#5036=PLANE('',#5035);
#5037=ORIENTED_EDGE('',*,*,#4819,.T.);
#5039=ORIENTED_EDGE('',*,*,#5038,.F.);
#5041=ORIENTED_EDGE('',*,*,#5040,.T.);
#5042=ORIENTED_EDGE('',*,*,#5017,.F.);
#5043=EDGE_LOOP('',(#5037,#5039,#5041,#5042));
#5044=FACE_OUTER_BOUND('',#5043,.F.);
#5046=FILL_AREA_STYLE_COLOUR('',#19);
#5047=FILL_AREA_STYLE('',(#5046));
#5048=SURFACE_STYLE_FILL_AREA(#5047);
#5049=SURFACE_SIDE_STYLE('',(#5048));
#5050=SURFACE_STYLE_USAGE(.BOTH.,#5049);
#5051=PRESENTATION_STYLE_ASSIGNMENT((#5050));
#5052=STYLED_ITEM('',(#5051),#5045);
#5053=CARTESIAN_POINT('',(1.651E1,1.06E1,-1.1E1));
#5054=DIRECTION('',(0.E0,0.E0,1.E0));
#5055=DIRECTION('',(1.E0,0.E0,0.E0));
#5056=AXIS2_PLACEMENT_3D('',#5053,#5054,#5055);
#5057=PLANE('',#5056);
#5059=ORIENTED_EDGE('',*,*,#5058,.F.);
#5061=ORIENTED_EDGE('',*,*,#5060,.F.);
#5063=ORIENTED_EDGE('',*,*,#5062,.T.);
#5064=ORIENTED_EDGE('',*,*,#5038,.T.);
#5065=ORIENTED_EDGE('',*,*,#4817,.T.);
#5067=ORIENTED_EDGE('',*,*,#5066,.T.);
#5069=ORIENTED_EDGE('',*,*,#5068,.F.);
#5071=ORIENTED_EDGE('',*,*,#5070,.T.);
#5072=EDGE_LOOP('',(#5059,#5061,#5063,#5064,#5065,#5067,#5069,#5071));
#5073=FACE_OUTER_BOUND('',#5072,.F.);
#5075=FILL_AREA_STYLE_COLOUR('',#19);
#5076=FILL_AREA_STYLE('',(#5075));
#5077=SURFACE_STYLE_FILL_AREA(#5076);
#5078=SURFACE_SIDE_STYLE('',(#5077));
#5079=SURFACE_STYLE_USAGE(.BOTH.,#5078);
#5080=PRESENTATION_STYLE_ASSIGNMENT((#5079));
#5081=STYLED_ITEM('',(#5080),#5074);
#5082=CARTESIAN_POINT('',(1.243E1,1.06E1,-9.953128022800E0));
#5083=DIRECTION('',(0.E0,1.E0,0.E0));
#5084=DIRECTION('',(1.E0,0.E0,0.E0));
#5085=AXIS2_PLACEMENT_3D('',#5082,#5083,#5084);
#5086=PLANE('',#5085);
#5088=ORIENTED_EDGE('',*,*,#5087,.T.);
#5090=ORIENTED_EDGE('',*,*,#5089,.F.);
#5092=ORIENTED_EDGE('',*,*,#5091,.F.);
#5094=ORIENTED_EDGE('',*,*,#5093,.T.);
#5096=ORIENTED_EDGE('',*,*,#5095,.F.);
#5097=ORIENTED_EDGE('',*,*,#5058,.T.);
#5099=ORIENTED_EDGE('',*,*,#5098,.T.);
#5101=ORIENTED_EDGE('',*,*,#5100,.T.);
#5102=EDGE_LOOP('',(#5088,#5090,#5092,#5094,#5096,#5097,#5099,#5101));
#5103=FACE_OUTER_BOUND('',#5102,.F.);
#5105=ORIENTED_EDGE('',*,*,#5104,.T.);
#5107=ORIENTED_EDGE('',*,*,#5106,.T.);
#5109=ORIENTED_EDGE('',*,*,#5108,.T.);
#5111=ORIENTED_EDGE('',*,*,#5110,.T.);
#5112=EDGE_LOOP('',(#5105,#5107,#5109,#5111));
#5113=FACE_BOUND('',#5112,.F.);
#5115=FILL_AREA_STYLE_COLOUR('',#19);
#5116=FILL_AREA_STYLE('',(#5115));
#5117=SURFACE_STYLE_FILL_AREA(#5116);
#5118=SURFACE_SIDE_STYLE('',(#5117));
#5119=SURFACE_STYLE_USAGE(.BOTH.,#5118);
#5120=PRESENTATION_STYLE_ASSIGNMENT((#5119));
#5121=STYLED_ITEM('',(#5120),#5114);
#5122=CARTESIAN_POINT('',(9.8E0,9.999999999998E0,-1.1275E1));
#5123=DIRECTION('',(1.E0,0.E0,0.E0));
#5124=DIRECTION('',(0.E0,0.E0,1.E0));
#5125=AXIS2_PLACEMENT_3D('',#5122,#5123,#5124);
#5126=PLANE('',#5125);
#5127=ORIENTED_EDGE('',*,*,#5087,.F.);
#5129=ORIENTED_EDGE('',*,*,#5128,.F.);
#5131=ORIENTED_EDGE('',*,*,#5130,.F.);
#5133=ORIENTED_EDGE('',*,*,#5132,.F.);
#5134=EDGE_LOOP('',(#5127,#5129,#5131,#5133));
#5135=FACE_OUTER_BOUND('',#5134,.F.);
#5137=FILL_AREA_STYLE_COLOUR('',#19);
#5138=FILL_AREA_STYLE('',(#5137));
#5139=SURFACE_STYLE_FILL_AREA(#5138);
#5140=SURFACE_SIDE_STYLE('',(#5139));
#5141=SURFACE_STYLE_USAGE(.BOTH.,#5140);
#5142=PRESENTATION_STYLE_ASSIGNMENT((#5141));
#5143=STYLED_ITEM('',(#5142),#5136);
#5144=CARTESIAN_POINT('',(0.E0,9.249999999998E0,-1.155E1));
#5145=DIRECTION('',(0.E0,0.E0,1.E0));
#5146=DIRECTION('',(1.E0,0.E0,0.E0));
#5147=AXIS2_PLACEMENT_3D('',#5144,#5145,#5146);
#5148=PLANE('',#5147);
#5150=ORIENTED_EDGE('',*,*,#5149,.T.);
#5151=ORIENTED_EDGE('',*,*,#5128,.T.);
#5152=ORIENTED_EDGE('',*,*,#5100,.F.);
#5154=ORIENTED_EDGE('',*,*,#5153,.T.);
#5156=ORIENTED_EDGE('',*,*,#5155,.T.);
#5158=ORIENTED_EDGE('',*,*,#5157,.T.);
#5159=ORIENTED_EDGE('',*,*,#4813,.F.);
#5161=ORIENTED_EDGE('',*,*,#5160,.T.);
#5163=ORIENTED_EDGE('',*,*,#5162,.F.);
#5165=ORIENTED_EDGE('',*,*,#5164,.F.);
#5167=ORIENTED_EDGE('',*,*,#5166,.F.);
#5169=ORIENTED_EDGE('',*,*,#5168,.F.);
#5171=ORIENTED_EDGE('',*,*,#5170,.F.);
#5173=ORIENTED_EDGE('',*,*,#5172,.F.);
#5175=ORIENTED_EDGE('',*,*,#5174,.F.);
#5177=ORIENTED_EDGE('',*,*,#5176,.T.);
#5179=ORIENTED_EDGE('',*,*,#5178,.T.);
#5181=ORIENTED_EDGE('',*,*,#5180,.T.);
#5183=ORIENTED_EDGE('',*,*,#5182,.F.);
#5185=ORIENTED_EDGE('',*,*,#5184,.T.);
#5187=ORIENTED_EDGE('',*,*,#5186,.T.);
#5189=ORIENTED_EDGE('',*,*,#5188,.T.);
#5191=ORIENTED_EDGE('',*,*,#5190,.F.);
#5193=ORIENTED_EDGE('',*,*,#5192,.T.);
#5194=EDGE_LOOP('',(#5150,#5151,#5152,#5154,#5156,#5158,#5159,#5161,#5163,#5165,
#5167,#5169,#5171,#5173,#5175,#5177,#5179,#5181,#5183,#5185,#5187,#5189,#5191,
#5193));
#5195=FACE_OUTER_BOUND('',#5194,.F.);
#5197=ORIENTED_EDGE('',*,*,#5196,.T.);
#5199=ORIENTED_EDGE('',*,*,#5198,.T.);
#5200=EDGE_LOOP('',(#5197,#5199));
#5201=FACE_BOUND('',#5200,.F.);
#5203=ORIENTED_EDGE('',*,*,#5202,.T.);
#5205=ORIENTED_EDGE('',*,*,#5204,.T.);
#5206=EDGE_LOOP('',(#5203,#5205));
#5207=FACE_BOUND('',#5206,.F.);
#5209=ORIENTED_EDGE('',*,*,#5208,.T.);
#5211=ORIENTED_EDGE('',*,*,#5210,.T.);
#5212=EDGE_LOOP('',(#5209,#5211));
#5213=FACE_BOUND('',#5212,.F.);
#5215=FILL_AREA_STYLE_COLOUR('',#19);
#5216=FILL_AREA_STYLE('',(#5215));
#5217=SURFACE_STYLE_FILL_AREA(#5216);
#5218=SURFACE_SIDE_STYLE('',(#5217));
#5219=SURFACE_STYLE_USAGE(.BOTH.,#5218);
#5220=PRESENTATION_STYLE_ASSIGNMENT((#5219));
#5221=STYLED_ITEM('',(#5220),#5214);
#5222=CARTESIAN_POINT('',(7.9E0,9.4E0,-1.1275E1));
#5223=DIRECTION('',(0.E0,1.E0,0.E0));
#5224=DIRECTION('',(0.E0,0.E0,1.E0));
#5225=AXIS2_PLACEMENT_3D('',#5222,#5223,#5224);
#5226=PLANE('',#5225);
#5227=ORIENTED_EDGE('',*,*,#5149,.F.);
#5229=ORIENTED_EDGE('',*,*,#5228,.T.);
#5231=ORIENTED_EDGE('',*,*,#5230,.F.);
#5232=ORIENTED_EDGE('',*,*,#5130,.T.);
#5233=EDGE_LOOP('',(#5227,#5229,#5231,#5232));
#5234=FACE_OUTER_BOUND('',#5233,.F.);
#5236=FILL_AREA_STYLE_COLOUR('',#19);
#5237=FILL_AREA_STYLE('',(#5236));
#5238=SURFACE_STYLE_FILL_AREA(#5237);
#5239=SURFACE_SIDE_STYLE('',(#5238));
#5240=SURFACE_STYLE_USAGE(.BOTH.,#5239);
#5241=PRESENTATION_STYLE_ASSIGNMENT((#5240));
#5242=STYLED_ITEM('',(#5241),#5235);
#5243=CARTESIAN_POINT('',(6.E0,9.999999999998E0,-1.1275E1));
#5244=DIRECTION('',(1.E0,0.E0,0.E0));
#5245=DIRECTION('',(0.E0,0.E0,-1.E0));
#5246=AXIS2_PLACEMENT_3D('',#5243,#5244,#5245);
#5247=PLANE('',#5246);
#5249=ORIENTED_EDGE('',*,*,#5248,.F.);
#5251=ORIENTED_EDGE('',*,*,#5250,.F.);
#5252=ORIENTED_EDGE('',*,*,#5228,.F.);
#5253=ORIENTED_EDGE('',*,*,#5192,.F.);
#5254=EDGE_LOOP('',(#5249,#5251,#5252,#5253));
#5255=FACE_OUTER_BOUND('',#5254,.F.);
#5257=FILL_AREA_STYLE_COLOUR('',#19);
#5258=FILL_AREA_STYLE('',(#5257));
#5259=SURFACE_STYLE_FILL_AREA(#5258);
#5260=SURFACE_SIDE_STYLE('',(#5259));
#5261=SURFACE_STYLE_USAGE(.BOTH.,#5260);
#5262=PRESENTATION_STYLE_ASSIGNMENT((#5261));
#5263=STYLED_ITEM('',(#5262),#5256);
#5264=CARTESIAN_POINT('',(0.E0,1.06E1,-1.1275E1));
#5265=DIRECTION('',(0.E0,1.E0,0.E0));
#5266=DIRECTION('',(1.E0,0.E0,0.E0));
#5267=AXIS2_PLACEMENT_3D('',#5264,#5265,#5266);
#5268=PLANE('',#5267);
#5269=ORIENTED_EDGE('',*,*,#5248,.T.);
#5270=ORIENTED_EDGE('',*,*,#5190,.T.);
#5272=ORIENTED_EDGE('',*,*,#5271,.T.);
#5274=ORIENTED_EDGE('',*,*,#5273,.F.);
#5275=EDGE_LOOP('',(#5269,#5270,#5272,#5274));
#5276=FACE_OUTER_BOUND('',#5275,.F.);
#5278=FILL_AREA_STYLE_COLOUR('',#19);
#5279=FILL_AREA_STYLE('',(#5278));
#5280=SURFACE_STYLE_FILL_AREA(#5279);
#5281=SURFACE_SIDE_STYLE('',(#5280));
#5282=SURFACE_STYLE_USAGE(.BOTH.,#5281);
#5283=PRESENTATION_STYLE_ASSIGNMENT((#5282));
#5284=STYLED_ITEM('',(#5283),#5277);
#5285=CARTESIAN_POINT('',(-6.E0,9.999999999998E0,-1.1275E1));
#5286=DIRECTION('',(1.E0,0.E0,0.E0));
#5287=DIRECTION('',(0.E0,0.E0,1.E0));
#5288=AXIS2_PLACEMENT_3D('',#5285,#5286,#5287);
#5289=PLANE('',#5288);
#5290=ORIENTED_EDGE('',*,*,#5271,.F.);
#5291=ORIENTED_EDGE('',*,*,#5188,.F.);
#5293=ORIENTED_EDGE('',*,*,#5292,.T.);
#5295=ORIENTED_EDGE('',*,*,#5294,.F.);
#5296=EDGE_LOOP('',(#5290,#5291,#5293,#5295));
#5297=FACE_OUTER_BOUND('',#5296,.F.);
#5299=FILL_AREA_STYLE_COLOUR('',#19);
#5300=FILL_AREA_STYLE('',(#5299));
#5301=SURFACE_STYLE_FILL_AREA(#5300);
#5302=SURFACE_SIDE_STYLE('',(#5301));
#5303=SURFACE_STYLE_USAGE(.BOTH.,#5302);
#5304=PRESENTATION_STYLE_ASSIGNMENT((#5303));
#5305=STYLED_ITEM('',(#5304),#5298);
#5306=CARTESIAN_POINT('',(-7.9E0,9.4E0,-1.1275E1));
#5307=DIRECTION('',(0.E0,1.E0,0.E0));
#5308=DIRECTION('',(0.E0,0.E0,1.E0));
#5309=AXIS2_PLACEMENT_3D('',#5306,#5307,#5308);
#5310=PLANE('',#5309);
#5311=ORIENTED_EDGE('',*,*,#5186,.F.);
#5313=ORIENTED_EDGE('',*,*,#5312,.T.);
#5315=ORIENTED_EDGE('',*,*,#5314,.F.);
#5316=ORIENTED_EDGE('',*,*,#5292,.F.);
#5317=EDGE_LOOP('',(#5311,#5313,#5315,#5316));
#5318=FACE_OUTER_BOUND('',#5317,.F.);
#5320=FILL_AREA_STYLE_COLOUR('',#19);
#5321=FILL_AREA_STYLE('',(#5320));
#5322=SURFACE_STYLE_FILL_AREA(#5321);
#5323=SURFACE_SIDE_STYLE('',(#5322));
#5324=SURFACE_STYLE_USAGE(.BOTH.,#5323);
#5325=PRESENTATION_STYLE_ASSIGNMENT((#5324));
#5326=STYLED_ITEM('',(#5325),#5319);
#5327=CARTESIAN_POINT('',(-9.8E0,9.999999999998E0,-1.1275E1));
#5328=DIRECTION('',(1.E0,0.E0,0.E0));
#5329=DIRECTION('',(0.E0,0.E0,-1.E0));
#5330=AXIS2_PLACEMENT_3D('',#5327,#5328,#5329);
#5331=PLANE('',#5330);
#5333=ORIENTED_EDGE('',*,*,#5332,.F.);
#5335=ORIENTED_EDGE('',*,*,#5334,.F.);
#5336=ORIENTED_EDGE('',*,*,#5312,.F.);
#5337=ORIENTED_EDGE('',*,*,#5184,.F.);
#5338=EDGE_LOOP('',(#5333,#5335,#5336,#5337));
#5339=FACE_OUTER_BOUND('',#5338,.F.);
#5341=FILL_AREA_STYLE_COLOUR('',#19);
#5342=FILL_AREA_STYLE('',(#5341));
#5343=SURFACE_STYLE_FILL_AREA(#5342);
#5344=SURFACE_SIDE_STYLE('',(#5343));
#5345=SURFACE_STYLE_USAGE(.BOTH.,#5344);
#5346=PRESENTATION_STYLE_ASSIGNMENT((#5345));
#5347=STYLED_ITEM('',(#5346),#5340);
#5348=CARTESIAN_POINT('',(-1.315E1,1.06E1,-1.1275E1));
#5349=DIRECTION('',(0.E0,1.E0,0.E0));
#5350=DIRECTION('',(1.E0,0.E0,0.E0));
#5351=AXIS2_PLACEMENT_3D('',#5348,#5349,#5350);
#5352=PLANE('',#5351);
#5353=ORIENTED_EDGE('',*,*,#5332,.T.);
#5354=ORIENTED_EDGE('',*,*,#5182,.T.);
#5356=ORIENTED_EDGE('',*,*,#5355,.T.);
#5358=ORIENTED_EDGE('',*,*,#5357,.F.);
#5359=EDGE_LOOP('',(#5353,#5354,#5356,#5358));
#5360=FACE_OUTER_BOUND('',#5359,.F.);
#5362=FILL_AREA_STYLE_COLOUR('',#19);
#5363=FILL_AREA_STYLE('',(#5362));
#5364=SURFACE_STYLE_FILL_AREA(#5363);
#5365=SURFACE_SIDE_STYLE('',(#5364));
#5366=SURFACE_STYLE_USAGE(.BOTH.,#5365);
#5367=PRESENTATION_STYLE_ASSIGNMENT((#5366));
#5368=STYLED_ITEM('',(#5367),#5361);
#5369=CARTESIAN_POINT('',(-1.65E1,9.599999999998E0,-1.11E1));
#5370=DIRECTION('',(1.E0,0.E0,0.E0));
#5371=DIRECTION('',(0.E0,0.E0,1.E0));
#5372=AXIS2_PLACEMENT_3D('',#5369,#5370,#5371);
#5373=PLANE('',#5372);
#5375=ORIENTED_EDGE('',*,*,#5374,.T.);
#5377=ORIENTED_EDGE('',*,*,#5376,.T.);
#5379=ORIENTED_EDGE('',*,*,#5378,.F.);
#5381=ORIENTED_EDGE('',*,*,#5380,.F.);
#5382=ORIENTED_EDGE('',*,*,#5355,.F.);
#5383=ORIENTED_EDGE('',*,*,#5180,.F.);
#5385=ORIENTED_EDGE('',*,*,#5384,.T.);
#5386=EDGE_LOOP('',(#5375,#5377,#5379,#5381,#5382,#5383,#5385));
#5387=FACE_OUTER_BOUND('',#5386,.F.);
#5389=FILL_AREA_STYLE_COLOUR('',#19);
#5390=FILL_AREA_STYLE('',(#5389));
#5391=SURFACE_STYLE_FILL_AREA(#5390);
#5392=SURFACE_SIDE_STYLE('',(#5391));
#5393=SURFACE_STYLE_USAGE(.BOTH.,#5392);
#5394=PRESENTATION_STYLE_ASSIGNMENT((#5393));
#5395=STYLED_ITEM('',(#5394),#5388);
#5396=CARTESIAN_POINT('',(-1.685E1,9.400000000001E0,-1.09E1));
#5397=DIRECTION('',(0.E0,-2.982749931336E-1,9.544799780358E-1));
#5398=DIRECTION('',(0.E0,9.544799780358E-1,2.982749931336E-1));
#5399=AXIS2_PLACEMENT_3D('',#5396,#5397,#5398);
#5400=PLANE('',#5399);
#5402=ORIENTED_EDGE('',*,*,#5401,.F.);
#5404=ORIENTED_EDGE('',*,*,#5403,.T.);
#5405=ORIENTED_EDGE('',*,*,#5374,.F.);
#5407=ORIENTED_EDGE('',*,*,#5406,.T.);
#5408=EDGE_LOOP('',(#5402,#5404,#5405,#5407));
#5409=FACE_OUTER_BOUND('',#5408,.F.);
#5411=FILL_AREA_STYLE_COLOUR('',#19);
#5412=FILL_AREA_STYLE('',(#5411));
#5413=SURFACE_STYLE_FILL_AREA(#5412);
#5414=SURFACE_SIDE_STYLE('',(#5413));
#5415=SURFACE_STYLE_USAGE(.BOTH.,#5414);
#5416=PRESENTATION_STYLE_ASSIGNMENT((#5415));
#5417=STYLED_ITEM('',(#5416),#5410);
#5418=CARTESIAN_POINT('',(-1.72E1,9.599999999998E0,-1.11E1));
#5419=DIRECTION('',(1.E0,0.E0,0.E0));
#5420=DIRECTION('',(0.E0,0.E0,-1.E0));
#5421=AXIS2_PLACEMENT_3D('',#5418,#5419,#5420);
#5422=PLANE('',#5421);
#5423=ORIENTED_EDGE('',*,*,#5401,.T.);
#5425=ORIENTED_EDGE('',*,*,#5424,.T.);
#5426=ORIENTED_EDGE('',*,*,#5176,.F.);
#5428=ORIENTED_EDGE('',*,*,#5427,.F.);
#5430=ORIENTED_EDGE('',*,*,#5429,.F.);
#5432=ORIENTED_EDGE('',*,*,#5431,.F.);
#5434=ORIENTED_EDGE('',*,*,#5433,.T.);
#5435=EDGE_LOOP('',(#5423,#5425,#5426,#5428,#5430,#5432,#5434));
#5436=FACE_OUTER_BOUND('',#5435,.F.);
#5438=FILL_AREA_STYLE_COLOUR('',#19);
#5439=FILL_AREA_STYLE('',(#5438));
#5440=SURFACE_STYLE_FILL_AREA(#5439);
#5441=SURFACE_SIDE_STYLE('',(#5440));
#5442=SURFACE_STYLE_USAGE(.BOTH.,#5441);
#5443=PRESENTATION_STYLE_ASSIGNMENT((#5442));
#5444=STYLED_ITEM('',(#5443),#5437);
#5445=CARTESIAN_POINT('',(-1.685E1,8.6E0,-1.135E1));
#5446=DIRECTION('',(0.E0,1.E0,0.E0));
#5447=DIRECTION('',(-1.E0,0.E0,0.E0));
#5448=AXIS2_PLACEMENT_3D('',#5445,#5446,#5447);
#5449=PLANE('',#5448);
#5450=ORIENTED_EDGE('',*,*,#5406,.F.);
#5451=ORIENTED_EDGE('',*,*,#5384,.F.);
#5452=ORIENTED_EDGE('',*,*,#5178,.F.);
#5453=ORIENTED_EDGE('',*,*,#5424,.F.);
#5454=EDGE_LOOP('',(#5450,#5451,#5452,#5453));
#5455=FACE_OUTER_BOUND('',#5454,.F.);
#5457=FILL_AREA_STYLE_COLOUR('',#19);
#5458=FILL_AREA_STYLE('',(#5457));
#5459=SURFACE_STYLE_FILL_AREA(#5458);
#5460=SURFACE_SIDE_STYLE('',(#5459));
#5461=SURFACE_STYLE_USAGE(.BOTH.,#5460);
#5462=PRESENTATION_STYLE_ASSIGNMENT((#5461));
#5463=STYLED_ITEM('',(#5462),#5456);
#5464=CARTESIAN_POINT('',(-2.0725E1,1.06E1,0.E0));
#5465=DIRECTION('',(0.E0,1.E0,0.E0));
#5466=DIRECTION('',(1.E0,0.E0,0.E0));
#5467=AXIS2_PLACEMENT_3D('',#5464,#5465,#5466);
#5468=PLANE('',#5467);
#5470=ORIENTED_EDGE('',*,*,#5469,.F.);
#5472=ORIENTED_EDGE('',*,*,#5471,.F.);
#5474=ORIENTED_EDGE('',*,*,#5473,.T.);
#5476=ORIENTED_EDGE('',*,*,#5475,.T.);
#5478=ORIENTED_EDGE('',*,*,#5477,.F.);
#5480=ORIENTED_EDGE('',*,*,#5479,.T.);
#5482=ORIENTED_EDGE('',*,*,#5481,.T.);
#5484=ORIENTED_EDGE('',*,*,#5483,.F.);
#5486=ORIENTED_EDGE('',*,*,#5485,.T.);
#5488=ORIENTED_EDGE('',*,*,#5487,.T.);
#5490=ORIENTED_EDGE('',*,*,#5489,.F.);
#5492=ORIENTED_EDGE('',*,*,#5491,.F.);
#5493=ORIENTED_EDGE('',*,*,#5427,.T.);
#5494=ORIENTED_EDGE('',*,*,#5174,.T.);
#5496=ORIENTED_EDGE('',*,*,#5495,.T.);
#5498=ORIENTED_EDGE('',*,*,#5497,.T.);
#5500=ORIENTED_EDGE('',*,*,#5499,.T.);
#5501=EDGE_LOOP('',(#5470,#5472,#5474,#5476,#5478,#5480,#5482,#5484,#5486,#5488,
#5490,#5492,#5493,#5494,#5496,#5498,#5500));
#5502=FACE_OUTER_BOUND('',#5501,.F.);
#5504=ORIENTED_EDGE('',*,*,#5503,.T.);
#5506=ORIENTED_EDGE('',*,*,#5505,.T.);
#5508=ORIENTED_EDGE('',*,*,#5507,.T.);
#5510=ORIENTED_EDGE('',*,*,#5509,.T.);
#5511=EDGE_LOOP('',(#5504,#5506,#5508,#5510));
#5512=FACE_BOUND('',#5511,.F.);
#5514=ORIENTED_EDGE('',*,*,#5513,.T.);
#5516=ORIENTED_EDGE('',*,*,#5515,.T.);
#5518=ORIENTED_EDGE('',*,*,#5517,.T.);
#5520=ORIENTED_EDGE('',*,*,#5519,.T.);
#5521=EDGE_LOOP('',(#5514,#5516,#5518,#5520));
#5522=FACE_BOUND('',#5521,.F.);
#5524=ORIENTED_EDGE('',*,*,#5523,.T.);
#5526=ORIENTED_EDGE('',*,*,#5525,.T.);
#5528=ORIENTED_EDGE('',*,*,#5527,.T.);
#5530=ORIENTED_EDGE('',*,*,#5529,.T.);
#5531=EDGE_LOOP('',(#5524,#5526,#5528,#5530));
#5532=FACE_BOUND('',#5531,.F.);
#5534=FILL_AREA_STYLE_COLOUR('',#19);
#5535=FILL_AREA_STYLE('',(#5534));
#5536=SURFACE_STYLE_FILL_AREA(#5535);
#5537=SURFACE_SIDE_STYLE('',(#5536));
#5538=SURFACE_STYLE_USAGE(.BOTH.,#5537);
#5539=PRESENTATION_STYLE_ASSIGNMENT((#5538));
#5540=STYLED_ITEM('',(#5539),#5533);
#5541=CARTESIAN_POINT('',(-1.748E1,1.06E1,1.1E1));
#5542=DIRECTION('',(0.E0,0.E0,1.E0));
#5543=DIRECTION('',(-1.E0,0.E0,0.E0));
#5544=AXIS2_PLACEMENT_3D('',#5541,#5542,#5543);
#5545=PLANE('',#5544);
#5547=ORIENTED_EDGE('',*,*,#5546,.F.);
#5549=ORIENTED_EDGE('',*,*,#5548,.F.);
#5551=ORIENTED_EDGE('',*,*,#5550,.T.);
#5553=ORIENTED_EDGE('',*,*,#5552,.F.);
#5554=ORIENTED_EDGE('',*,*,#5469,.T.);
#5556=ORIENTED_EDGE('',*,*,#5555,.T.);
#5558=ORIENTED_EDGE('',*,*,#5557,.F.);
#5560=ORIENTED_EDGE('',*,*,#5559,.T.);
#5561=EDGE_LOOP('',(#5547,#5549,#5551,#5553,#5554,#5556,#5558,#5560));
#5562=FACE_OUTER_BOUND('',#5561,.F.);
#5564=FILL_AREA_STYLE_COLOUR('',#19);
#5565=FILL_AREA_STYLE('',(#5564));
#5566=SURFACE_STYLE_FILL_AREA(#5565);
#5567=SURFACE_SIDE_STYLE('',(#5566));
#5568=SURFACE_STYLE_USAGE(.BOTH.,#5567);
#5569=PRESENTATION_STYLE_ASSIGNMENT((#5568));
#5570=STYLED_ITEM('',(#5569),#5563);
#5571=CARTESIAN_POINT('',(-1.243E1,1.06E1,9.953128022800E0));
#5572=DIRECTION('',(0.E0,1.E0,0.E0));
#5573=DIRECTION('',(1.E0,0.E0,0.E0));
#5574=AXIS2_PLACEMENT_3D('',#5571,#5572,#5573);
#5575=PLANE('',#5574);
#5577=ORIENTED_EDGE('',*,*,#5576,.T.);
#5579=ORIENTED_EDGE('',*,*,#5578,.F.);
#5581=ORIENTED_EDGE('',*,*,#5580,.F.);
#5583=ORIENTED_EDGE('',*,*,#5582,.T.);
#5585=ORIENTED_EDGE('',*,*,#5584,.F.);
#5586=ORIENTED_EDGE('',*,*,#5546,.T.);
#5588=ORIENTED_EDGE('',*,*,#5587,.T.);
#5590=ORIENTED_EDGE('',*,*,#5589,.T.);
#5591=EDGE_LOOP('',(#5577,#5579,#5581,#5583,#5585,#5586,#5588,#5590));
#5592=FACE_OUTER_BOUND('',#5591,.F.);
#5594=ORIENTED_EDGE('',*,*,#5593,.T.);
#5596=ORIENTED_EDGE('',*,*,#5595,.T.);
#5598=ORIENTED_EDGE('',*,*,#5597,.T.);
#5600=ORIENTED_EDGE('',*,*,#5599,.T.);
#5601=EDGE_LOOP('',(#5594,#5596,#5598,#5600));
#5602=FACE_BOUND('',#5601,.F.);
#5604=FILL_AREA_STYLE_COLOUR('',#19);
#5605=FILL_AREA_STYLE('',(#5604));
#5606=SURFACE_STYLE_FILL_AREA(#5605);
#5607=SURFACE_SIDE_STYLE('',(#5606));
#5608=SURFACE_STYLE_USAGE(.BOTH.,#5607);
#5609=PRESENTATION_STYLE_ASSIGNMENT((#5608));
#5610=STYLED_ITEM('',(#5609),#5603);
#5611=CARTESIAN_POINT('',(-9.8E0,9.999999999998E0,1.1275E1));
#5612=DIRECTION('',(1.E0,0.E0,0.E0));
#5613=DIRECTION('',(0.E0,0.E0,-1.E0));
#5614=AXIS2_PLACEMENT_3D('',#5611,#5612,#5613);
#5615=PLANE('',#5614);
#5616=ORIENTED_EDGE('',*,*,#5576,.F.);
#5618=ORIENTED_EDGE('',*,*,#5617,.T.);
#5620=ORIENTED_EDGE('',*,*,#5619,.T.);
#5622=ORIENTED_EDGE('',*,*,#5621,.F.);
#5623=EDGE_LOOP('',(#5616,#5618,#5620,#5622));
#5624=FACE_OUTER_BOUND('',#5623,.F.);
#5626=FILL_AREA_STYLE_COLOUR('',#19);
#5627=FILL_AREA_STYLE('',(#5626));
#5628=SURFACE_STYLE_FILL_AREA(#5627);
#5629=SURFACE_SIDE_STYLE('',(#5628));
#5630=SURFACE_STYLE_USAGE(.BOTH.,#5629);
#5631=PRESENTATION_STYLE_ASSIGNMENT((#5630));
#5632=STYLED_ITEM('',(#5631),#5625);
#5633=CARTESIAN_POINT('',(0.E0,9.249999999998E0,1.155E1));
#5634=DIRECTION('',(0.E0,0.E0,1.E0));
#5635=DIRECTION('',(-1.E0,0.E0,0.E0));
#5636=AXIS2_PLACEMENT_3D('',#5633,#5634,#5635);
#5637=PLANE('',#5636);
#5639=ORIENTED_EDGE('',*,*,#5638,.F.);
#5641=ORIENTED_EDGE('',*,*,#5640,.F.);
#5643=ORIENTED_EDGE('',*,*,#5642,.F.);
#5645=ORIENTED_EDGE('',*,*,#5644,.T.);
#5646=ORIENTED_EDGE('',*,*,#4809,.F.);
#5648=ORIENTED_EDGE('',*,*,#5647,.T.);
#5650=ORIENTED_EDGE('',*,*,#5649,.T.);
#5652=ORIENTED_EDGE('',*,*,#5651,.T.);
#5654=ORIENTED_EDGE('',*,*,#5653,.F.);
#5656=ORIENTED_EDGE('',*,*,#5655,.T.);
#5658=ORIENTED_EDGE('',*,*,#5657,.T.);
#5660=ORIENTED_EDGE('',*,*,#5659,.T.);
#5662=ORIENTED_EDGE('',*,*,#5661,.F.);
#5664=ORIENTED_EDGE('',*,*,#5663,.T.);
#5666=ORIENTED_EDGE('',*,*,#5665,.T.);
#5667=ORIENTED_EDGE('',*,*,#5617,.F.);
#5668=ORIENTED_EDGE('',*,*,#5589,.F.);
#5670=ORIENTED_EDGE('',*,*,#5669,.T.);
#5672=ORIENTED_EDGE('',*,*,#5671,.T.);
#5674=ORIENTED_EDGE('',*,*,#5673,.T.);
#5675=ORIENTED_EDGE('',*,*,#5497,.F.);
#5677=ORIENTED_EDGE('',*,*,#5676,.F.);
#5679=ORIENTED_EDGE('',*,*,#5678,.F.);
#5681=ORIENTED_EDGE('',*,*,#5680,.F.);
#5682=EDGE_LOOP('',(#5639,#5641,#5643,#5645,#5646,#5648,#5650,#5652,#5654,#5656,
#5658,#5660,#5662,#5664,#5666,#5667,#5668,#5670,#5672,#5674,#5675,#5677,#5679,
#5681));
#5683=FACE_OUTER_BOUND('',#5682,.F.);
#5685=ORIENTED_EDGE('',*,*,#5684,.T.);
#5687=ORIENTED_EDGE('',*,*,#5686,.T.);
#5688=EDGE_LOOP('',(#5685,#5687));
#5689=FACE_BOUND('',#5688,.F.);
#5691=ORIENTED_EDGE('',*,*,#5690,.T.);
#5693=ORIENTED_EDGE('',*,*,#5692,.T.);
#5694=EDGE_LOOP('',(#5691,#5693));
#5695=FACE_BOUND('',#5694,.F.);
#5697=ORIENTED_EDGE('',*,*,#5696,.T.);
#5699=ORIENTED_EDGE('',*,*,#5698,.T.);
#5700=EDGE_LOOP('',(#5697,#5699));
#5701=FACE_BOUND('',#5700,.F.);
#5703=FILL_AREA_STYLE_COLOUR('',#19);
#5704=FILL_AREA_STYLE('',(#5703));
#5705=SURFACE_STYLE_FILL_AREA(#5704);
#5706=SURFACE_SIDE_STYLE('',(#5705));
#5707=SURFACE_STYLE_USAGE(.BOTH.,#5706);
#5708=PRESENTATION_STYLE_ASSIGNMENT((#5707));
#5709=STYLED_ITEM('',(#5708),#5702);
#5710=CARTESIAN_POINT('',(0.E0,7.9E0,1.17E1));
#5711=DIRECTION('',(0.E0,1.E0,0.E0));
#5712=DIRECTION('',(1.E0,0.E0,0.E0));
#5713=AXIS2_PLACEMENT_3D('',#5710,#5711,#5712);
#5714=PLANE('',#5713);
#5716=ORIENTED_EDGE('',*,*,#5715,.T.);
#5718=ORIENTED_EDGE('',*,*,#5717,.T.);
#5719=ORIENTED_EDGE('',*,*,#5638,.T.);
#5721=ORIENTED_EDGE('',*,*,#5720,.F.);
#5722=EDGE_LOOP('',(#5716,#5718,#5719,#5721));
#5723=FACE_OUTER_BOUND('',#5722,.F.);
#5725=FILL_AREA_STYLE_COLOUR('',#19);
#5726=FILL_AREA_STYLE('',(#5725));
#5727=SURFACE_STYLE_FILL_AREA(#5726);
#5728=SURFACE_SIDE_STYLE('',(#5727));
#5729=SURFACE_STYLE_USAGE(.BOTH.,#5728);
#5730=PRESENTATION_STYLE_ASSIGNMENT((#5729));
#5731=STYLED_ITEM('',(#5730),#5724);
#5732=CARTESIAN_POINT('',(0.E0,8.1E0,1.195E1));
#5733=DIRECTION('',(0.E0,-4.472135955068E-1,8.944271909965E-1));
#5734=DIRECTION('',(0.E0,-8.944271909965E-1,-4.472135955068E-1));
#5735=AXIS2_PLACEMENT_3D('',#5732,#5733,#5734);
#5736=PLANE('',#5735);
#5738=ORIENTED_EDGE('',*,*,#5737,.F.);
#5739=ORIENTED_EDGE('',*,*,#5715,.F.);
#5741=ORIENTED_EDGE('',*,*,#5740,.F.);
#5743=ORIENTED_EDGE('',*,*,#5742,.F.);
#5744=EDGE_LOOP('',(#5738,#5739,#5741,#5743));
#5745=FACE_OUTER_BOUND('',#5744,.F.);
#5747=FILL_AREA_STYLE_COLOUR('',#19);
#5748=FILL_AREA_STYLE('',(#5747));
#5749=SURFACE_STYLE_FILL_AREA(#5748);
#5750=SURFACE_SIDE_STYLE('',(#5749));
#5751=SURFACE_STYLE_USAGE(.BOTH.,#5750);
#5752=PRESENTATION_STYLE_ASSIGNMENT((#5751));
#5753=STYLED_ITEM('',(#5752),#5746);
#5754=CARTESIAN_POINT('',(2.3E1,8.65E0,1.18E1));
#5755=DIRECTION('',(1.E0,0.E0,0.E0));
#5756=DIRECTION('',(0.E0,0.E0,-1.E0));
#5757=AXIS2_PLACEMENT_3D('',#5754,#5755,#5756);
#5758=PLANE('',#5757);
#5759=ORIENTED_EDGE('',*,*,#5737,.T.);
#5761=ORIENTED_EDGE('',*,*,#5760,.T.);
#5763=ORIENTED_EDGE('',*,*,#5762,.T.);
#5764=ORIENTED_EDGE('',*,*,#5640,.T.);
#5765=ORIENTED_EDGE('',*,*,#5717,.F.);
#5766=EDGE_LOOP('',(#5759,#5761,#5763,#5764,#5765));
#5767=FACE_OUTER_BOUND('',#5766,.F.);
#5769=FILL_AREA_STYLE_COLOUR('',#19);
#5770=FILL_AREA_STYLE('',(#5769));
#5771=SURFACE_STYLE_FILL_AREA(#5770);
#5772=SURFACE_SIDE_STYLE('',(#5771));
#5773=SURFACE_STYLE_USAGE(.BOTH.,#5772);
#5774=PRESENTATION_STYLE_ASSIGNMENT((#5773));
#5775=STYLED_ITEM('',(#5774),#5768);
#5776=CARTESIAN_POINT('',(0.E0,9.699999999998E0,1.205E1));
#5777=DIRECTION('',(0.E0,0.E0,1.E0));
#5778=DIRECTION('',(1.E0,0.E0,0.E0));
#5779=AXIS2_PLACEMENT_3D('',#5776,#5777,#5778);
#5780=PLANE('',#5779);
#5781=ORIENTED_EDGE('',*,*,#5742,.T.);
#5783=ORIENTED_EDGE('',*,*,#5782,.F.);
#5785=ORIENTED_EDGE('',*,*,#5784,.F.);
#5787=ORIENTED_EDGE('',*,*,#5786,.F.);
#5789=ORIENTED_EDGE('',*,*,#5788,.F.);
#5791=ORIENTED_EDGE('',*,*,#5790,.F.);
#5793=ORIENTED_EDGE('',*,*,#5792,.F.);
#5795=ORIENTED_EDGE('',*,*,#5794,.F.);
#5797=ORIENTED_EDGE('',*,*,#5796,.F.);
#5799=ORIENTED_EDGE('',*,*,#5798,.F.);
#5801=ORIENTED_EDGE('',*,*,#5800,.F.);
#5803=ORIENTED_EDGE('',*,*,#5802,.F.);
#5805=ORIENTED_EDGE('',*,*,#5804,.F.);
#5807=ORIENTED_EDGE('',*,*,#5806,.F.);
#5809=ORIENTED_EDGE('',*,*,#5808,.T.);
#5810=ORIENTED_EDGE('',*,*,#5760,.F.);
#5811=EDGE_LOOP('',(#5781,#5783,#5785,#5787,#5789,#5791,#5793,#5795,#5797,#5799,
#5801,#5803,#5805,#5807,#5809,#5810));
#5812=FACE_OUTER_BOUND('',#5811,.F.);
#5814=ORIENTED_EDGE('',*,*,#5813,.T.);
#5816=ORIENTED_EDGE('',*,*,#5815,.T.);
#5817=EDGE_LOOP('',(#5814,#5816));
#5818=FACE_BOUND('',#5817,.F.);
#5820=ORIENTED_EDGE('',*,*,#5819,.T.);
#5822=ORIENTED_EDGE('',*,*,#5821,.T.);
#5823=EDGE_LOOP('',(#5820,#5822));
#5824=FACE_BOUND('',#5823,.F.);
#5826=ORIENTED_EDGE('',*,*,#5825,.T.);
#5828=ORIENTED_EDGE('',*,*,#5827,.T.);
#5829=EDGE_LOOP('',(#5826,#5828));
#5830=FACE_BOUND('',#5829,.F.);
#5832=FILL_AREA_STYLE_COLOUR('',#19);
#5833=FILL_AREA_STYLE('',(#5832));
#5834=SURFACE_STYLE_FILL_AREA(#5833);
#5835=SURFACE_SIDE_STYLE('',(#5834));
#5836=SURFACE_STYLE_USAGE(.BOTH.,#5835);
#5837=PRESENTATION_STYLE_ASSIGNMENT((#5836));
#5838=STYLED_ITEM('',(#5837),#5831);
#5839=CARTESIAN_POINT('',(-2.3E1,8.65E0,1.18E1));
#5840=DIRECTION('',(1.E0,0.E0,0.E0));
#5841=DIRECTION('',(0.E0,0.E0,1.E0));
#5842=AXIS2_PLACEMENT_3D('',#5839,#5840,#5841);
#5843=PLANE('',#5842);
#5844=ORIENTED_EDGE('',*,*,#5740,.T.);
#5845=ORIENTED_EDGE('',*,*,#5720,.T.);
#5846=ORIENTED_EDGE('',*,*,#5680,.T.);
#5848=ORIENTED_EDGE('',*,*,#5847,.T.);
#5849=ORIENTED_EDGE('',*,*,#5782,.T.);
#5850=EDGE_LOOP('',(#5844,#5845,#5846,#5848,#5849));
#5851=FACE_OUTER_BOUND('',#5850,.F.);
#5853=FILL_AREA_STYLE_COLOUR('',#19);
#5854=FILL_AREA_STYLE('',(#5853));
#5855=SURFACE_STYLE_FILL_AREA(#5854);
#5856=SURFACE_SIDE_STYLE('',(#5855));
#5857=SURFACE_STYLE_USAGE(.BOTH.,#5856);
#5858=PRESENTATION_STYLE_ASSIGNMENT((#5857));
#5859=STYLED_ITEM('',(#5858),#5852);
#5860=CARTESIAN_POINT('',(-2.3875E1,9.4E0,1.1025E1));
#5861=DIRECTION('',(0.E0,1.E0,0.E0));
#5862=DIRECTION('',(1.E0,0.E0,0.E0));
#5863=AXIS2_PLACEMENT_3D('',#5860,#5861,#5862);
#5864=PLANE('',#5863);
#5866=ORIENTED_EDGE('',*,*,#5865,.F.);
#5868=ORIENTED_EDGE('',*,*,#5867,.T.);
#5869=ORIENTED_EDGE('',*,*,#5784,.T.);
#5870=ORIENTED_EDGE('',*,*,#5847,.F.);
#5871=ORIENTED_EDGE('',*,*,#5678,.T.);
#5873=ORIENTED_EDGE('',*,*,#5872,.F.);
#5875=ORIENTED_EDGE('',*,*,#5874,.F.);
#5876=EDGE_LOOP('',(#5866,#5868,#5869,#5870,#5871,#5873,#5875));
#5877=FACE_OUTER_BOUND('',#5876,.F.);
#5879=FILL_AREA_STYLE_COLOUR('',#19);
#5880=FILL_AREA_STYLE('',(#5879));
#5881=SURFACE_STYLE_FILL_AREA(#5880);
#5882=SURFACE_SIDE_STYLE('',(#5881));
#5883=SURFACE_STYLE_USAGE(.BOTH.,#5882);
#5884=PRESENTATION_STYLE_ASSIGNMENT((#5883));
#5885=STYLED_ITEM('',(#5884),#5878);
#5886=CARTESIAN_POINT('',(-2.475E1,9.699999999997E0,0.E0));
#5887=DIRECTION('',(1.E0,0.E0,0.E0));
#5888=DIRECTION('',(0.E0,0.E0,1.E0));
#5889=AXIS2_PLACEMENT_3D('',#5886,#5887,#5888);
#5890=PLANE('',#5889);
#5892=ORIENTED_EDGE('',*,*,#5891,.F.);
#5894=ORIENTED_EDGE('',*,*,#5893,.T.);
#5896=ORIENTED_EDGE('',*,*,#5895,.F.);
#5898=ORIENTED_EDGE('',*,*,#5897,.T.);
#5900=ORIENTED_EDGE('',*,*,#5899,.F.);
#5902=ORIENTED_EDGE('',*,*,#5901,.T.);
#5904=ORIENTED_EDGE('',*,*,#5903,.F.);
#5906=ORIENTED_EDGE('',*,*,#5905,.F.);
#5908=ORIENTED_EDGE('',*,*,#5907,.F.);
#5909=ORIENTED_EDGE('',*,*,#5865,.T.);
#5911=ORIENTED_EDGE('',*,*,#5910,.F.);
#5913=ORIENTED_EDGE('',*,*,#5912,.T.);
#5914=EDGE_LOOP('',(#5892,#5894,#5896,#5898,#5900,#5902,#5904,#5906,#5908,#5909,
#5911,#5913));
#5915=FACE_OUTER_BOUND('',#5914,.F.);
#5917=FILL_AREA_STYLE_COLOUR('',#19);
#5918=FILL_AREA_STYLE('',(#5917));
#5919=SURFACE_STYLE_FILL_AREA(#5918);
#5920=SURFACE_SIDE_STYLE('',(#5919));
#5921=SURFACE_STYLE_USAGE(.BOTH.,#5920);
#5922=PRESENTATION_STYLE_ASSIGNMENT((#5921));
#5923=STYLED_ITEM('',(#5922),#5916);
#5924=CARTESIAN_POINT('',(-2.45E1,8.376171632419E0,4.006835491033E0));
#5925=DIRECTION('',(0.E0,4.361938736671E-2,9.990482215818E-1));
#5926=DIRECTION('',(0.E0,-9.990482215818E-1,4.361938736671E-2));
#5927=AXIS2_PLACEMENT_3D('',#5924,#5925,#5926);
#5928=PLANE('',#5927);
#5930=ORIENTED_EDGE('',*,*,#5929,.F.);
#5932=ORIENTED_EDGE('',*,*,#5931,.F.);
#5934=ORIENTED_EDGE('',*,*,#5933,.F.);
#5935=ORIENTED_EDGE('',*,*,#5891,.T.);
#5937=ORIENTED_EDGE('',*,*,#5936,.T.);
#5938=EDGE_LOOP('',(#5930,#5932,#5934,#5935,#5937));
#5939=FACE_OUTER_BOUND('',#5938,.F.);
#5941=FILL_AREA_STYLE_COLOUR('',#19);
#5942=FILL_AREA_STYLE('',(#5941));
#5943=SURFACE_STYLE_FILL_AREA(#5942);
#5944=SURFACE_SIDE_STYLE('',(#5943));
#5945=SURFACE_STYLE_USAGE(.BOTH.,#5944);
#5946=PRESENTATION_STYLE_ASSIGNMENT((#5945));
#5947=STYLED_ITEM('',(#5946),#5940);
#5948=CARTESIAN_POINT('',(-2.476193357545E1,8.2E0,4.314813116167E0));
#5949=DIRECTION('',(1.E0,0.E0,0.E0));
#5950=DIRECTION('',(0.E0,-1.E0,0.E0));
#5951=AXIS2_PLACEMENT_3D('',#5948,#5949,#5950);
#5952=CYLINDRICAL_SURFACE('',#5951,3.E-1);
#5954=ORIENTED_EDGE('',*,*,#5953,.F.);
#5955=ORIENTED_EDGE('',*,*,#5929,.T.);
#5957=ORIENTED_EDGE('',*,*,#5956,.T.);
#5959=ORIENTED_EDGE('',*,*,#5958,.T.);
#5960=EDGE_LOOP('',(#5954,#5955,#5957,#5959));
#5961=FACE_OUTER_BOUND('',#5960,.F.);
#5963=FILL_AREA_STYLE_COLOUR('',#49);
#5964=FILL_AREA_STYLE('',(#5963));
#5965=SURFACE_STYLE_FILL_AREA(#5964);
#5966=SURFACE_SIDE_STYLE('',(#5965));
#5967=SURFACE_STYLE_USAGE(.BOTH.,#5966);
#5968=PRESENTATION_STYLE_ASSIGNMENT((#5967));
#5969=STYLED_ITEM('',(#5968),#5962);
#5970=CARTESIAN_POINT('',(-2.425E1,9.249999999998E0,0.E0));
#5971=DIRECTION('',(1.E0,0.E0,0.E0));
#5972=DIRECTION('',(0.E0,0.E0,-1.E0));
#5973=AXIS2_PLACEMENT_3D('',#5970,#5971,#5972);
#5974=PLANE('',#5973);
#5975=ORIENTED_EDGE('',*,*,#5953,.T.);
#5977=ORIENTED_EDGE('',*,*,#5976,.F.);
#5979=ORIENTED_EDGE('',*,*,#5978,.F.);
#5980=ORIENTED_EDGE('',*,*,#5872,.T.);
#5981=ORIENTED_EDGE('',*,*,#5676,.T.);
#5982=ORIENTED_EDGE('',*,*,#5495,.F.);
#5983=ORIENTED_EDGE('',*,*,#5172,.T.);
#5985=ORIENTED_EDGE('',*,*,#5984,.T.);
#5987=ORIENTED_EDGE('',*,*,#5986,.F.);
#5989=ORIENTED_EDGE('',*,*,#5988,.F.);
#5991=ORIENTED_EDGE('',*,*,#5990,.T.);
#5993=ORIENTED_EDGE('',*,*,#5992,.T.);
#5995=ORIENTED_EDGE('',*,*,#5994,.T.);
#5996=ORIENTED_EDGE('',*,*,#5931,.T.);
#5997=EDGE_LOOP('',(#5975,#5977,#5979,#5980,#5981,#5982,#5983,#5985,#5987,#5989,
#5991,#5993,#5995,#5996));
#5998=FACE_OUTER_BOUND('',#5997,.F.);
#6000=FILL_AREA_STYLE_COLOUR('',#19);
#6001=FILL_AREA_STYLE('',(#6000));
#6002=SURFACE_STYLE_FILL_AREA(#6001);
#6003=SURFACE_SIDE_STYLE('',(#6002));
#6004=SURFACE_STYLE_USAGE(.BOTH.,#6003);
#6005=PRESENTATION_STYLE_ASSIGNMENT((#6004));
#6006=STYLED_ITEM('',(#6005),#5999);
#6007=CARTESIAN_POINT('',(-2.44E1,7.9E0,7.157406558083E0));
#6008=DIRECTION('',(0.E0,1.E0,0.E0));
#6009=DIRECTION('',(1.E0,0.E0,0.E0));
#6010=AXIS2_PLACEMENT_3D('',#6007,#6008,#6009);
#6011=PLANE('',#6010);
#6012=ORIENTED_EDGE('',*,*,#5958,.F.);
#6014=ORIENTED_EDGE('',*,*,#6013,.T.);
#6016=ORIENTED_EDGE('',*,*,#6015,.F.);
#6017=ORIENTED_EDGE('',*,*,#5976,.T.);
#6018=EDGE_LOOP('',(#6012,#6014,#6016,#6017));
#6019=FACE_OUTER_BOUND('',#6018,.F.);
#6021=FILL_AREA_STYLE_COLOUR('',#19);
#6022=FILL_AREA_STYLE('',(#6021));
#6023=SURFACE_STYLE_FILL_AREA(#6022);
#6024=SURFACE_SIDE_STYLE('',(#6023));
#6025=SURFACE_STYLE_USAGE(.BOTH.,#6024);
#6026=PRESENTATION_STYLE_ASSIGNMENT((#6025));
#6027=STYLED_ITEM('',(#6026),#6020);
#6028=CARTESIAN_POINT('',(-2.465E1,8.1E0,7.005080608163E0));
#6029=DIRECTION('',(8.944271909961E-1,4.472135955075E-1,0.E0));
#6030=DIRECTION('',(-4.472135955075E-1,8.944271909961E-1,0.E0));
#6031=AXIS2_PLACEMENT_3D('',#6028,#6029,#6030);
#6032=PLANE('',#6031);
#6033=ORIENTED_EDGE('',*,*,#5956,.F.);
#6034=ORIENTED_EDGE('',*,*,#5936,.F.);
#6035=ORIENTED_EDGE('',*,*,#5912,.F.);
#6037=ORIENTED_EDGE('',*,*,#6036,.F.);
#6038=ORIENTED_EDGE('',*,*,#6013,.F.);
#6039=EDGE_LOOP('',(#6033,#6034,#6035,#6037,#6038));
#6040=FACE_OUTER_BOUND('',#6039,.F.);
#6042=FILL_AREA_STYLE_COLOUR('',#19);
#6043=FILL_AREA_STYLE('',(#6042));
#6044=SURFACE_STYLE_FILL_AREA(#6043);
#6045=SURFACE_SIDE_STYLE('',(#6044));
#6046=SURFACE_STYLE_USAGE(.BOTH.,#6045);
#6047=PRESENTATION_STYLE_ASSIGNMENT((#6046));
#6048=STYLED_ITEM('',(#6047),#6041);
#6049=CARTESIAN_POINT('',(-2.45E1,8.65E0,1.E1));
#6050=DIRECTION('',(0.E0,0.E0,1.E0));
#6051=DIRECTION('',(1.E0,0.E0,0.E0));
#6052=AXIS2_PLACEMENT_3D('',#6049,#6050,#6051);
#6053=PLANE('',#6052);
#6054=ORIENTED_EDGE('',*,*,#6036,.T.);
#6055=ORIENTED_EDGE('',*,*,#5910,.T.);
#6056=ORIENTED_EDGE('',*,*,#5874,.T.);
#6057=ORIENTED_EDGE('',*,*,#5978,.T.);
#6058=ORIENTED_EDGE('',*,*,#6015,.T.);
#6059=EDGE_LOOP('',(#6054,#6055,#6056,#6057,#6058));
#6060=FACE_OUTER_BOUND('',#6059,.F.);
#6062=FILL_AREA_STYLE_COLOUR('',#19);
#6063=FILL_AREA_STYLE('',(#6062));
#6064=SURFACE_STYLE_FILL_AREA(#6063);
#6065=SURFACE_SIDE_STYLE('',(#6064));
#6066=SURFACE_STYLE_USAGE(.BOTH.,#6065);
#6067=PRESENTATION_STYLE_ASSIGNMENT((#6066));
#6068=STYLED_ITEM('',(#6067),#6061);
#6069=CARTESIAN_POINT('',(-2.3875E1,9.4E0,-1.1025E1));
#6070=DIRECTION('',(0.E0,1.E0,0.E0));
#6071=DIRECTION('',(1.E0,0.E0,0.E0));
#6072=AXIS2_PLACEMENT_3D('',#6069,#6070,#6071);
#6073=PLANE('',#6072);
#6074=ORIENTED_EDGE('',*,*,#5901,.F.);
#6076=ORIENTED_EDGE('',*,*,#6075,.F.);
#6077=ORIENTED_EDGE('',*,*,#5984,.F.);
#6078=ORIENTED_EDGE('',*,*,#5170,.T.);
#6080=ORIENTED_EDGE('',*,*,#6079,.F.);
#6082=ORIENTED_EDGE('',*,*,#6081,.F.);
#6084=ORIENTED_EDGE('',*,*,#6083,.T.);
#6085=EDGE_LOOP('',(#6074,#6076,#6077,#6078,#6080,#6082,#6084));
#6086=FACE_OUTER_BOUND('',#6085,.F.);
#6088=FILL_AREA_STYLE_COLOUR('',#19);
#6089=FILL_AREA_STYLE('',(#6088));
#6090=SURFACE_STYLE_FILL_AREA(#6089);
#6091=SURFACE_SIDE_STYLE('',(#6090));
#6092=SURFACE_STYLE_USAGE(.BOTH.,#6091);
#6093=PRESENTATION_STYLE_ASSIGNMENT((#6092));
#6094=STYLED_ITEM('',(#6093),#6087);
#6095=CARTESIAN_POINT('',(-2.45E1,8.65E0,-1.E1));
#6096=DIRECTION('',(0.E0,0.E0,1.E0));
#6097=DIRECTION('',(-1.E0,0.E0,0.E0));
#6098=AXIS2_PLACEMENT_3D('',#6095,#6096,#6097);
#6099=PLANE('',#6098);
#6101=ORIENTED_EDGE('',*,*,#6100,.T.);
#6103=ORIENTED_EDGE('',*,*,#6102,.F.);
#6104=ORIENTED_EDGE('',*,*,#5986,.T.);
#6105=ORIENTED_EDGE('',*,*,#6075,.T.);
#6106=ORIENTED_EDGE('',*,*,#5899,.T.);
#6107=EDGE_LOOP('',(#6101,#6103,#6104,#6105,#6106));
#6108=FACE_OUTER_BOUND('',#6107,.F.);
#6110=FILL_AREA_STYLE_COLOUR('',#19);
#6111=FILL_AREA_STYLE('',(#6110));
#6112=SURFACE_STYLE_FILL_AREA(#6111);
#6113=SURFACE_SIDE_STYLE('',(#6112));
#6114=SURFACE_STYLE_USAGE(.BOTH.,#6113);
#6115=PRESENTATION_STYLE_ASSIGNMENT((#6114));
#6116=STYLED_ITEM('',(#6115),#6109);
#6117=CARTESIAN_POINT('',(-2.465E1,8.1E0,-4.505080608163E0));
#6118=DIRECTION('',(8.944271909961E-1,4.472135955075E-1,0.E0));
#6119=DIRECTION('',(-4.472135955075E-1,8.944271909961E-1,0.E0));
#6120=AXIS2_PLACEMENT_3D('',#6117,#6118,#6119);
#6121=PLANE('',#6120);
#6123=ORIENTED_EDGE('',*,*,#6122,.F.);
#6125=ORIENTED_EDGE('',*,*,#6124,.F.);
#6126=ORIENTED_EDGE('',*,*,#6100,.F.);
#6127=ORIENTED_EDGE('',*,*,#5897,.F.);
#6129=ORIENTED_EDGE('',*,*,#6128,.F.);
#6130=EDGE_LOOP('',(#6123,#6125,#6126,#6127,#6129));
#6131=FACE_OUTER_BOUND('',#6130,.F.);
#6133=FILL_AREA_STYLE_COLOUR('',#19);
#6134=FILL_AREA_STYLE('',(#6133));
#6135=SURFACE_STYLE_FILL_AREA(#6134);
#6136=SURFACE_SIDE_STYLE('',(#6135));
#6137=SURFACE_STYLE_USAGE(.BOTH.,#6136);
#6138=PRESENTATION_STYLE_ASSIGNMENT((#6137));
#6139=STYLED_ITEM('',(#6138),#6132);
#6140=CARTESIAN_POINT('',(-2.418152351645E1,8.2E0,6.851868838335E-1));
#6141=DIRECTION('',(-1.E0,0.E0,0.E0));
#6142=DIRECTION('',(0.E0,-1.E0,0.E0));
#6143=AXIS2_PLACEMENT_3D('',#6140,#6141,#6142);
#6144=CYLINDRICAL_SURFACE('',#6143,3.E-1);
#6145=ORIENTED_EDGE('',*,*,#6122,.T.);
#6147=ORIENTED_EDGE('',*,*,#6146,.T.);
#6148=ORIENTED_EDGE('',*,*,#5990,.F.);
#6150=ORIENTED_EDGE('',*,*,#6149,.T.);
#6151=EDGE_LOOP('',(#6145,#6147,#6148,#6150));
#6152=FACE_OUTER_BOUND('',#6151,.F.);
#6154=FILL_AREA_STYLE_COLOUR('',#49);
#6155=FILL_AREA_STYLE('',(#6154));
#6156=SURFACE_STYLE_FILL_AREA(#6155);
#6157=SURFACE_SIDE_STYLE('',(#6156));
#6158=SURFACE_STYLE_USAGE(.BOTH.,#6157);
#6159=PRESENTATION_STYLE_ASSIGNMENT((#6158));
#6160=STYLED_ITEM('',(#6159),#6153);
#6161=CARTESIAN_POINT('',(-2.45E1,8.376171632419E0,9.931645089678E-1));
#6162=DIRECTION('',(0.E0,-4.361938736565E-2,9.990482215818E-1));
#6163=DIRECTION('',(0.E0,9.990482215818E-1,4.361938736565E-2));
#6164=AXIS2_PLACEMENT_3D('',#6161,#6162,#6163);
#6165=PLANE('',#6164);
#6166=ORIENTED_EDGE('',*,*,#6146,.F.);
#6167=ORIENTED_EDGE('',*,*,#6128,.T.);
#6168=ORIENTED_EDGE('',*,*,#5895,.T.);
#6170=ORIENTED_EDGE('',*,*,#6169,.F.);
#6171=ORIENTED_EDGE('',*,*,#5992,.F.);
#6172=EDGE_LOOP('',(#6166,#6167,#6168,#6170,#6171));
#6173=FACE_OUTER_BOUND('',#6172,.F.);
#6175=FILL_AREA_STYLE_COLOUR('',#19);
#6176=FILL_AREA_STYLE('',(#6175));
#6177=SURFACE_STYLE_FILL_AREA(#6176);
#6178=SURFACE_SIDE_STYLE('',(#6177));
#6179=SURFACE_STYLE_USAGE(.BOTH.,#6178);
#6180=PRESENTATION_STYLE_ASSIGNMENT((#6179));
#6181=STYLED_ITEM('',(#6180),#6174);
#6182=CARTESIAN_POINT('',(-2.481847648355E1,8.5E0,2.5E0));
#6183=DIRECTION('',(1.E0,0.E0,0.E0));
#6184=DIRECTION('',(0.E0,0.E0,1.E0));
#6185=AXIS2_PLACEMENT_3D('',#6182,#6183,#6184);
#6186=CYLINDRICAL_SURFACE('',#6185,1.5E0);
#6187=ORIENTED_EDGE('',*,*,#5893,.F.);
#6188=ORIENTED_EDGE('',*,*,#5933,.T.);
#6189=ORIENTED_EDGE('',*,*,#5994,.F.);
#6190=ORIENTED_EDGE('',*,*,#6169,.T.);
#6191=EDGE_LOOP('',(#6187,#6188,#6189,#6190));
#6192=FACE_OUTER_BOUND('',#6191,.F.);
#6194=FILL_AREA_STYLE_COLOUR('',#19);
#6195=FILL_AREA_STYLE('',(#6194));
#6196=SURFACE_STYLE_FILL_AREA(#6195);
#6197=SURFACE_SIDE_STYLE('',(#6196));
#6198=SURFACE_STYLE_USAGE(.BOTH.,#6197);
#6199=PRESENTATION_STYLE_ASSIGNMENT((#6198));
#6200=STYLED_ITEM('',(#6199),#6193);
#6201=CARTESIAN_POINT('',(-2.44E1,7.9E0,-4.657406558083E0));
#6202=DIRECTION('',(0.E0,1.E0,0.E0));
#6203=DIRECTION('',(1.E0,0.E0,0.E0));
#6204=AXIS2_PLACEMENT_3D('',#6201,#6202,#6203);
#6205=PLANE('',#6204);
#6206=ORIENTED_EDGE('',*,*,#6149,.F.);
#6207=ORIENTED_EDGE('',*,*,#5988,.T.);
#6208=ORIENTED_EDGE('',*,*,#6102,.T.);
#6209=ORIENTED_EDGE('',*,*,#6124,.T.);
#6210=EDGE_LOOP('',(#6206,#6207,#6208,#6209));
#6211=FACE_OUTER_BOUND('',#6210,.F.);
#6213=FILL_AREA_STYLE_COLOUR('',#19);
#6214=FILL_AREA_STYLE('',(#6213));
#6215=SURFACE_STYLE_FILL_AREA(#6214);
#6216=SURFACE_SIDE_STYLE('',(#6215));
#6217=SURFACE_STYLE_USAGE(.BOTH.,#6216);
#6218=PRESENTATION_STYLE_ASSIGNMENT((#6217));
#6219=STYLED_ITEM('',(#6218),#6212);
#6220=CARTESIAN_POINT('',(-2.3E1,8.65E0,-1.18E1));
#6221=DIRECTION('',(1.E0,0.E0,0.E0));
#6222=DIRECTION('',(0.E0,0.E0,1.E0));
#6223=AXIS2_PLACEMENT_3D('',#6220,#6221,#6222);
#6224=PLANE('',#6223);
#6226=ORIENTED_EDGE('',*,*,#6225,.T.);
#6228=ORIENTED_EDGE('',*,*,#6227,.T.);
#6229=ORIENTED_EDGE('',*,*,#6079,.T.);
#6230=ORIENTED_EDGE('',*,*,#5168,.T.);
#6232=ORIENTED_EDGE('',*,*,#6231,.F.);
#6233=EDGE_LOOP('',(#6226,#6228,#6229,#6230,#6232));
#6234=FACE_OUTER_BOUND('',#6233,.F.);
#6236=FILL_AREA_STYLE_COLOUR('',#19);
#6237=FILL_AREA_STYLE('',(#6236));
#6238=SURFACE_STYLE_FILL_AREA(#6237);
#6239=SURFACE_SIDE_STYLE('',(#6238));
#6240=SURFACE_STYLE_USAGE(.BOTH.,#6239);
#6241=PRESENTATION_STYLE_ASSIGNMENT((#6240));
#6242=STYLED_ITEM('',(#6241),#6235);
#6243=CARTESIAN_POINT('',(0.E0,8.1E0,-1.195E1));
#6244=DIRECTION('',(0.E0,4.472135955068E-1,8.944271909965E-1));
#6245=DIRECTION('',(0.E0,-8.944271909965E-1,4.472135955068E-1));
#6246=AXIS2_PLACEMENT_3D('',#6243,#6244,#6245);
#6247=PLANE('',#6246);
#6248=ORIENTED_EDGE('',*,*,#6225,.F.);
#6250=ORIENTED_EDGE('',*,*,#6249,.F.);
#6252=ORIENTED_EDGE('',*,*,#6251,.F.);
#6254=ORIENTED_EDGE('',*,*,#6253,.F.);
#6255=EDGE_LOOP('',(#6248,#6250,#6252,#6254));
#6256=FACE_OUTER_BOUND('',#6255,.F.);
#6258=FILL_AREA_STYLE_COLOUR('',#19);
#6259=FILL_AREA_STYLE('',(#6258));
#6260=SURFACE_STYLE_FILL_AREA(#6259);
#6261=SURFACE_SIDE_STYLE('',(#6260));
#6262=SURFACE_STYLE_USAGE(.BOTH.,#6261);
#6263=PRESENTATION_STYLE_ASSIGNMENT((#6262));
#6264=STYLED_ITEM('',(#6263),#6257);
#6265=CARTESIAN_POINT('',(0.E0,7.9E0,-1.17E1));
#6266=DIRECTION('',(0.E0,1.E0,0.E0));
#6267=DIRECTION('',(1.E0,0.E0,0.E0));
#6268=AXIS2_PLACEMENT_3D('',#6265,#6266,#6267);
#6269=PLANE('',#6268);
#6270=ORIENTED_EDGE('',*,*,#6249,.T.);
#6271=ORIENTED_EDGE('',*,*,#6231,.T.);
#6272=ORIENTED_EDGE('',*,*,#5166,.T.);
#6274=ORIENTED_EDGE('',*,*,#6273,.T.);
#6275=EDGE_LOOP('',(#6270,#6271,#6272,#6274));
#6276=FACE_OUTER_BOUND('',#6275,.F.);
#6278=FILL_AREA_STYLE_COLOUR('',#19);
#6279=FILL_AREA_STYLE('',(#6278));
#6280=SURFACE_STYLE_FILL_AREA(#6279);
#6281=SURFACE_SIDE_STYLE('',(#6280));
#6282=SURFACE_STYLE_USAGE(.BOTH.,#6281);
#6283=PRESENTATION_STYLE_ASSIGNMENT((#6282));
#6284=STYLED_ITEM('',(#6283),#6277);
#6285=CARTESIAN_POINT('',(2.3E1,8.65E0,-1.18E1));
#6286=DIRECTION('',(1.E0,0.E0,0.E0));
#6287=DIRECTION('',(0.E0,0.E0,-1.E0));
#6288=AXIS2_PLACEMENT_3D('',#6285,#6286,#6287);
#6289=PLANE('',#6288);
#6290=ORIENTED_EDGE('',*,*,#6251,.T.);
#6291=ORIENTED_EDGE('',*,*,#6273,.F.);
#6292=ORIENTED_EDGE('',*,*,#5164,.T.);
#6294=ORIENTED_EDGE('',*,*,#6293,.T.);
#6296=ORIENTED_EDGE('',*,*,#6295,.T.);
#6297=EDGE_LOOP('',(#6290,#6291,#6292,#6294,#6296));
#6298=FACE_OUTER_BOUND('',#6297,.F.);
#6300=FILL_AREA_STYLE_COLOUR('',#19);
#6301=FILL_AREA_STYLE('',(#6300));
#6302=SURFACE_STYLE_FILL_AREA(#6301);
#6303=SURFACE_SIDE_STYLE('',(#6302));
#6304=SURFACE_STYLE_USAGE(.BOTH.,#6303);
#6305=PRESENTATION_STYLE_ASSIGNMENT((#6304));
#6306=STYLED_ITEM('',(#6305),#6299);
#6307=CARTESIAN_POINT('',(2.3875E1,9.4E0,-1.1025E1));
#6308=DIRECTION('',(0.E0,1.E0,0.E0));
#6309=DIRECTION('',(1.E0,0.E0,0.E0));
#6310=AXIS2_PLACEMENT_3D('',#6307,#6308,#6309);
#6311=PLANE('',#6310);
#6313=ORIENTED_EDGE('',*,*,#6312,.F.);
#6315=ORIENTED_EDGE('',*,*,#6314,.T.);
#6317=ORIENTED_EDGE('',*,*,#6316,.T.);
#6318=ORIENTED_EDGE('',*,*,#6293,.F.);
#6319=ORIENTED_EDGE('',*,*,#5162,.T.);
#6321=ORIENTED_EDGE('',*,*,#6320,.T.);
#6323=ORIENTED_EDGE('',*,*,#6322,.F.);
#6324=EDGE_LOOP('',(#6313,#6315,#6317,#6318,#6319,#6321,#6323));
#6325=FACE_OUTER_BOUND('',#6324,.F.);
#6327=FILL_AREA_STYLE_COLOUR('',#19);
#6328=FILL_AREA_STYLE('',(#6327));
#6329=SURFACE_STYLE_FILL_AREA(#6328);
#6330=SURFACE_SIDE_STYLE('',(#6329));
#6331=SURFACE_STYLE_USAGE(.BOTH.,#6330);
#6332=PRESENTATION_STYLE_ASSIGNMENT((#6331));
#6333=STYLED_ITEM('',(#6332),#6326);
#6334=CARTESIAN_POINT('',(2.475E1,9.699999999998E0,0.E0));
#6335=DIRECTION('',(1.E0,0.E0,0.E0));
#6336=DIRECTION('',(0.E0,0.E0,-1.E0));
#6337=AXIS2_PLACEMENT_3D('',#6334,#6335,#6336);
#6338=PLANE('',#6337);
#6340=ORIENTED_EDGE('',*,*,#6339,.T.);
#6342=ORIENTED_EDGE('',*,*,#6341,.F.);
#6344=ORIENTED_EDGE('',*,*,#6343,.F.);
#6346=ORIENTED_EDGE('',*,*,#6345,.F.);
#6348=ORIENTED_EDGE('',*,*,#6347,.F.);
#6350=ORIENTED_EDGE('',*,*,#6349,.F.);
#6351=ORIENTED_EDGE('',*,*,#6312,.T.);
#6353=ORIENTED_EDGE('',*,*,#6352,.F.);
#6354=EDGE_LOOP('',(#6340,#6342,#6344,#6346,#6348,#6350,#6351,#6353));
#6355=FACE_OUTER_BOUND('',#6354,.F.);
#6357=FILL_AREA_STYLE_COLOUR('',#19);
#6358=FILL_AREA_STYLE('',(#6357));
#6359=SURFACE_STYLE_FILL_AREA(#6358);
#6360=SURFACE_SIDE_STYLE('',(#6359));
#6361=SURFACE_STYLE_USAGE(.BOTH.,#6360);
#6362=PRESENTATION_STYLE_ASSIGNMENT((#6361));
#6363=STYLED_ITEM('',(#6362),#6356);
#6364=CARTESIAN_POINT('',(2.465E1,8.1E0,0.E0));
#6365=DIRECTION('',(8.944271909965E-1,-4.472135955068E-1,0.E0));
#6366=DIRECTION('',(4.472135955068E-1,8.944271909965E-1,0.E0));
#6367=AXIS2_PLACEMENT_3D('',#6364,#6365,#6366);
#6368=PLANE('',#6367);
#6370=ORIENTED_EDGE('',*,*,#6369,.F.);
#6371=ORIENTED_EDGE('',*,*,#6339,.F.);
#6373=ORIENTED_EDGE('',*,*,#6372,.F.);
#6375=ORIENTED_EDGE('',*,*,#6374,.F.);
#6376=EDGE_LOOP('',(#6370,#6371,#6373,#6375));
#6377=FACE_OUTER_BOUND('',#6376,.F.);
#6379=FILL_AREA_STYLE_COLOUR('',#19);
#6380=FILL_AREA_STYLE('',(#6379));
#6381=SURFACE_STYLE_FILL_AREA(#6380);
#6382=SURFACE_SIDE_STYLE('',(#6381));
#6383=SURFACE_STYLE_USAGE(.BOTH.,#6382);
#6384=PRESENTATION_STYLE_ASSIGNMENT((#6383));
#6385=STYLED_ITEM('',(#6384),#6378);
#6386=CARTESIAN_POINT('',(2.45E1,8.65E0,1.E1));
#6387=DIRECTION('',(0.E0,0.E0,1.E0));
#6388=DIRECTION('',(1.E0,0.E0,0.E0));
#6389=AXIS2_PLACEMENT_3D('',#6386,#6387,#6388);
#6390=PLANE('',#6389);
#6391=ORIENTED_EDGE('',*,*,#6369,.T.);
#6393=ORIENTED_EDGE('',*,*,#6392,.F.);
#6395=ORIENTED_EDGE('',*,*,#6394,.T.);
#6397=ORIENTED_EDGE('',*,*,#6396,.T.);
#6398=ORIENTED_EDGE('',*,*,#6341,.T.);
#6399=EDGE_LOOP('',(#6391,#6393,#6395,#6397,#6398));
#6400=FACE_OUTER_BOUND('',#6399,.F.);
#6402=FILL_AREA_STYLE_COLOUR('',#19);
#6403=FILL_AREA_STYLE('',(#6402));
#6404=SURFACE_STYLE_FILL_AREA(#6403);
#6405=SURFACE_SIDE_STYLE('',(#6404));
#6406=SURFACE_STYLE_USAGE(.BOTH.,#6405);
#6407=PRESENTATION_STYLE_ASSIGNMENT((#6406));
#6408=STYLED_ITEM('',(#6407),#6401);
#6409=CARTESIAN_POINT('',(2.44E1,7.9E0,0.E0));
#6410=DIRECTION('',(0.E0,1.E0,0.E0));
#6411=DIRECTION('',(1.E0,0.E0,0.E0));
#6412=AXIS2_PLACEMENT_3D('',#6409,#6410,#6411);
#6413=PLANE('',#6412);
#6414=ORIENTED_EDGE('',*,*,#6374,.T.);
#6416=ORIENTED_EDGE('',*,*,#6415,.F.);
#6418=ORIENTED_EDGE('',*,*,#6417,.T.);
#6419=ORIENTED_EDGE('',*,*,#6392,.T.);
#6420=EDGE_LOOP('',(#6414,#6416,#6418,#6419));
#6421=FACE_OUTER_BOUND('',#6420,.F.);
#6423=FILL_AREA_STYLE_COLOUR('',#19);
#6424=FILL_AREA_STYLE('',(#6423));
#6425=SURFACE_STYLE_FILL_AREA(#6424);
#6426=SURFACE_SIDE_STYLE('',(#6425));
#6427=SURFACE_STYLE_USAGE(.BOTH.,#6426);
#6428=PRESENTATION_STYLE_ASSIGNMENT((#6427));
#6429=STYLED_ITEM('',(#6428),#6422);
#6430=CARTESIAN_POINT('',(2.45E1,8.65E0,-1.E1));
#6431=DIRECTION('',(0.E0,0.E0,1.E0));
#6432=DIRECTION('',(-1.E0,0.E0,0.E0));
#6433=AXIS2_PLACEMENT_3D('',#6430,#6431,#6432);
#6434=PLANE('',#6433);
#6435=ORIENTED_EDGE('',*,*,#6372,.T.);
#6436=ORIENTED_EDGE('',*,*,#6352,.T.);
#6437=ORIENTED_EDGE('',*,*,#6322,.T.);
#6439=ORIENTED_EDGE('',*,*,#6438,.T.);
#6440=ORIENTED_EDGE('',*,*,#6415,.T.);
#6441=EDGE_LOOP('',(#6435,#6436,#6437,#6439,#6440));
#6442=FACE_OUTER_BOUND('',#6441,.F.);
#6444=FILL_AREA_STYLE_COLOUR('',#19);
#6445=FILL_AREA_STYLE('',(#6444));
#6446=SURFACE_STYLE_FILL_AREA(#6445);
#6447=SURFACE_SIDE_STYLE('',(#6446));
#6448=SURFACE_STYLE_USAGE(.BOTH.,#6447);
#6449=PRESENTATION_STYLE_ASSIGNMENT((#6448));
#6450=STYLED_ITEM('',(#6449),#6443);
#6451=CARTESIAN_POINT('',(2.425E1,9.249999999998E0,0.E0));
#6452=DIRECTION('',(1.E0,0.E0,0.E0));
#6453=DIRECTION('',(0.E0,0.E0,1.E0));
#6454=AXIS2_PLACEMENT_3D('',#6451,#6452,#6453);
#6455=PLANE('',#6454);
#6456=ORIENTED_EDGE('',*,*,#6320,.F.);
#6457=ORIENTED_EDGE('',*,*,#5160,.F.);
#6458=ORIENTED_EDGE('',*,*,#4811,.F.);
#6459=ORIENTED_EDGE('',*,*,#5644,.F.);
#6461=ORIENTED_EDGE('',*,*,#6460,.F.);
#6462=ORIENTED_EDGE('',*,*,#6394,.F.);
#6463=ORIENTED_EDGE('',*,*,#6417,.F.);
#6464=ORIENTED_EDGE('',*,*,#6438,.F.);
#6465=EDGE_LOOP('',(#6456,#6457,#6458,#6459,#6461,#6462,#6463,#6464));
#6466=FACE_OUTER_BOUND('',#6465,.F.);
#6468=FILL_AREA_STYLE_COLOUR('',#19);
#6469=FILL_AREA_STYLE('',(#6468));
#6470=SURFACE_STYLE_FILL_AREA(#6469);
#6471=SURFACE_SIDE_STYLE('',(#6470));
#6472=SURFACE_STYLE_USAGE(.BOTH.,#6471);
#6473=PRESENTATION_STYLE_ASSIGNMENT((#6472));
#6474=STYLED_ITEM('',(#6473),#6467);
#6475=CARTESIAN_POINT('',(2.3875E1,9.4E0,1.1025E1));
#6476=DIRECTION('',(0.E0,1.E0,0.E0));
#6477=DIRECTION('',(1.E0,0.E0,0.E0));
#6478=AXIS2_PLACEMENT_3D('',#6475,#6476,#6477);
#6479=PLANE('',#6478);
#6480=ORIENTED_EDGE('',*,*,#5808,.F.);
#6482=ORIENTED_EDGE('',*,*,#6481,.T.);
#6483=ORIENTED_EDGE('',*,*,#6343,.T.);
#6484=ORIENTED_EDGE('',*,*,#6396,.F.);
#6485=ORIENTED_EDGE('',*,*,#6460,.T.);
#6486=ORIENTED_EDGE('',*,*,#5642,.T.);
#6487=ORIENTED_EDGE('',*,*,#5762,.F.);
#6488=EDGE_LOOP('',(#6480,#6482,#6483,#6484,#6485,#6486,#6487));
#6489=FACE_OUTER_BOUND('',#6488,.F.);
#6491=FILL_AREA_STYLE_COLOUR('',#19);
#6492=FILL_AREA_STYLE('',(#6491));
#6493=SURFACE_STYLE_FILL_AREA(#6492);
#6494=SURFACE_SIDE_STYLE('',(#6493));
#6495=SURFACE_STYLE_USAGE(.BOTH.,#6494);
#6496=PRESENTATION_STYLE_ASSIGNMENT((#6495));
#6497=STYLED_ITEM('',(#6496),#6490);
#6498=CARTESIAN_POINT('',(2.425E1,1.116847648355E1,1.155E1));
#6499=DIRECTION('',(0.E0,-1.E0,0.E0));
#6500=DIRECTION('',(1.E0,0.E0,0.E0));
#6501=AXIS2_PLACEMENT_3D('',#6498,#6499,#6500);
#6502=CYLINDRICAL_SURFACE('',#6501,5.E-1);
#6503=ORIENTED_EDGE('',*,*,#6481,.F.);
#6504=ORIENTED_EDGE('',*,*,#5806,.T.);
#6506=ORIENTED_EDGE('',*,*,#6505,.F.);
#6507=ORIENTED_EDGE('',*,*,#6345,.T.);
#6508=EDGE_LOOP('',(#6503,#6504,#6506,#6507));
#6509=FACE_OUTER_BOUND('',#6508,.F.);
#6511=FILL_AREA_STYLE_COLOUR('',#19);
#6512=FILL_AREA_STYLE('',(#6511));
#6513=SURFACE_STYLE_FILL_AREA(#6512);
#6514=SURFACE_SIDE_STYLE('',(#6513));
#6515=SURFACE_STYLE_USAGE(.BOTH.,#6514);
#6516=PRESENTATION_STYLE_ASSIGNMENT((#6515));
#6517=STYLED_ITEM('',(#6516),#6510);
#6518=CARTESIAN_POINT('',(1.7225E1,1.11E1,0.E0));
#6519=DIRECTION('',(0.E0,1.E0,0.E0));
#6520=DIRECTION('',(-1.E0,0.E0,0.E0));
#6521=AXIS2_PLACEMENT_3D('',#6518,#6519,#6520);
#6522=PLANE('',#6521);
#6524=ORIENTED_EDGE('',*,*,#6523,.F.);
#6526=ORIENTED_EDGE('',*,*,#6525,.T.);
#6528=ORIENTED_EDGE('',*,*,#6527,.F.);
#6530=ORIENTED_EDGE('',*,*,#6529,.T.);
#6532=ORIENTED_EDGE('',*,*,#6531,.T.);
#6534=ORIENTED_EDGE('',*,*,#6533,.F.);
#6536=ORIENTED_EDGE('',*,*,#6535,.T.);
#6538=ORIENTED_EDGE('',*,*,#6537,.T.);
#6539=ORIENTED_EDGE('',*,*,#6347,.T.);
#6540=ORIENTED_EDGE('',*,*,#6505,.T.);
#6541=ORIENTED_EDGE('',*,*,#5804,.T.);
#6543=ORIENTED_EDGE('',*,*,#6542,.F.);
#6544=EDGE_LOOP('',(#6524,#6526,#6528,#6530,#6532,#6534,#6536,#6538,#6539,#6540,
#6541,#6543));
#6545=FACE_OUTER_BOUND('',#6544,.F.);
#6547=FILL_AREA_STYLE_COLOUR('',#19);
#6548=FILL_AREA_STYLE('',(#6547));
#6549=SURFACE_STYLE_FILL_AREA(#6548);
#6550=SURFACE_SIDE_STYLE('',(#6549));
#6551=SURFACE_STYLE_USAGE(.BOTH.,#6550);
#6552=PRESENTATION_STYLE_ASSIGNMENT((#6551));
#6553=STYLED_ITEM('',(#6552),#6546);
#6554=CARTESIAN_POINT('',(1.299991225778E-10,5.9E0,1.21E1));
#6555=DIRECTION('',(0.E0,0.E0,1.E0));
#6556=DIRECTION('',(1.E0,0.E0,0.E0));
#6557=AXIS2_PLACEMENT_3D('',#6554,#6555,#6556);
#6558=PLANE('',#6557);
#6560=ORIENTED_EDGE('',*,*,#6559,.T.);
#6562=ORIENTED_EDGE('',*,*,#6561,.F.);
#6564=ORIENTED_EDGE('',*,*,#6563,.F.);
#6566=ORIENTED_EDGE('',*,*,#6565,.F.);
#6568=ORIENTED_EDGE('',*,*,#6567,.F.);
#6570=ORIENTED_EDGE('',*,*,#6569,.F.);
#6572=ORIENTED_EDGE('',*,*,#6571,.F.);
#6573=ORIENTED_EDGE('',*,*,#6523,.T.);
#6575=ORIENTED_EDGE('',*,*,#6574,.F.);
#6577=ORIENTED_EDGE('',*,*,#6576,.F.);
#6579=ORIENTED_EDGE('',*,*,#6578,.F.);
#6581=ORIENTED_EDGE('',*,*,#6580,.T.);
#6582=EDGE_LOOP('',(#6560,#6562,#6564,#6566,#6568,#6570,#6572,#6573,#6575,#6577,
#6579,#6581));
#6583=FACE_OUTER_BOUND('',#6582,.F.);
#6585=ORIENTED_EDGE('',*,*,#6584,.T.);
#6587=ORIENTED_EDGE('',*,*,#6586,.T.);
#6588=EDGE_LOOP('',(#6585,#6587));
#6589=FACE_BOUND('',#6588,.F.);
#6591=ORIENTED_EDGE('',*,*,#6590,.T.);
#6593=ORIENTED_EDGE('',*,*,#6592,.T.);
#6594=EDGE_LOOP('',(#6591,#6593));
#6595=FACE_BOUND('',#6594,.F.);
#6597=FILL_AREA_STYLE_COLOUR('',#19);
#6598=FILL_AREA_STYLE('',(#6597));
#6599=SURFACE_STYLE_FILL_AREA(#6598);
#6600=SURFACE_SIDE_STYLE('',(#6599));
#6601=SURFACE_STYLE_USAGE(.BOTH.,#6600);
#6602=PRESENTATION_STYLE_ASSIGNMENT((#6601));
#6603=STYLED_ITEM('',(#6602),#6596);
#6604=CARTESIAN_POINT('',(-6.8E0,1.08E1,1.2425E1));
#6605=DIRECTION('',(1.E0,0.E0,0.E0));
#6606=DIRECTION('',(0.E0,1.E0,0.E0));
#6607=AXIS2_PLACEMENT_3D('',#6604,#6605,#6606);
#6608=PLANE('',#6607);
#6610=ORIENTED_EDGE('',*,*,#6609,.T.);
#6611=ORIENTED_EDGE('',*,*,#6559,.F.);
#6613=ORIENTED_EDGE('',*,*,#6612,.F.);
#6614=ORIENTED_EDGE('',*,*,#5794,.T.);
#6616=ORIENTED_EDGE('',*,*,#6615,.F.);
#6618=ORIENTED_EDGE('',*,*,#6617,.F.);
#6620=ORIENTED_EDGE('',*,*,#6619,.T.);
#6622=ORIENTED_EDGE('',*,*,#6621,.T.);
#6624=ORIENTED_EDGE('',*,*,#6623,.F.);
#6625=EDGE_LOOP('',(#6610,#6611,#6613,#6614,#6616,#6618,#6620,#6622,#6624));
#6626=FACE_OUTER_BOUND('',#6625,.F.);
#6628=FILL_AREA_STYLE_COLOUR('',#19);
#6629=FILL_AREA_STYLE('',(#6628));
#6630=SURFACE_STYLE_FILL_AREA(#6629);
#6631=SURFACE_SIDE_STYLE('',(#6630));
#6632=SURFACE_STYLE_USAGE(.BOTH.,#6631);
#6633=PRESENTATION_STYLE_ASSIGNMENT((#6632));
#6634=STYLED_ITEM('',(#6633),#6627);
#6635=CARTESIAN_POINT('',(0.E0,1.1E1,0.E0));
#6636=DIRECTION('',(0.E0,1.E0,0.E0));
#6637=DIRECTION('',(-1.E0,0.E0,0.E0));
#6638=AXIS2_PLACEMENT_3D('',#6635,#6636,#6637);
#6639=PLANE('',#6638);
#6641=ORIENTED_EDGE('',*,*,#6640,.F.);
#6642=ORIENTED_EDGE('',*,*,#6561,.T.);
#6643=ORIENTED_EDGE('',*,*,#6609,.F.);
#6645=ORIENTED_EDGE('',*,*,#6644,.T.);
#6646=EDGE_LOOP('',(#6641,#6642,#6643,#6645));
#6647=FACE_OUTER_BOUND('',#6646,.F.);
#6649=CARTESIAN_POINT('',(-9.E0,1.08E1,1.2425E1));
#6650=DIRECTION('',(1.E0,0.E0,0.E0));
#6651=DIRECTION('',(0.E0,-1.E0,0.E0));
#6652=AXIS2_PLACEMENT_3D('',#6649,#6650,#6651);
#6653=PLANE('',#6652);
#6654=ORIENTED_EDGE('',*,*,#6640,.T.);
#6656=ORIENTED_EDGE('',*,*,#6655,.F.);
#6658=ORIENTED_EDGE('',*,*,#6657,.T.);
#6660=ORIENTED_EDGE('',*,*,#6659,.T.);
#6662=ORIENTED_EDGE('',*,*,#6661,.T.);
#6664=ORIENTED_EDGE('',*,*,#6663,.T.);
#6665=ORIENTED_EDGE('',*,*,#5790,.T.);
#6667=ORIENTED_EDGE('',*,*,#6666,.T.);
#6668=ORIENTED_EDGE('',*,*,#6563,.T.);
#6669=EDGE_LOOP('',(#6654,#6656,#6658,#6660,#6662,#6664,#6665,#6667,#6668));
#6670=FACE_OUTER_BOUND('',#6669,.F.);
#6672=FILL_AREA_STYLE_COLOUR('',#19);
#6673=FILL_AREA_STYLE('',(#6672));
#6674=SURFACE_STYLE_FILL_AREA(#6673);
#6675=SURFACE_SIDE_STYLE('',(#6674));
#6676=SURFACE_STYLE_USAGE(.BOTH.,#6675);
#6677=PRESENTATION_STYLE_ASSIGNMENT((#6676));
#6678=STYLED_ITEM('',(#6677),#6671);
#6679=CARTESIAN_POINT('',(3.499955880670E-11,5.9E0,1.275E1));
#6680=DIRECTION('',(0.E0,0.E0,1.E0));
#6681=DIRECTION('',(1.E0,0.E0,0.E0));
#6682=AXIS2_PLACEMENT_3D('',#6679,#6680,#6681);
#6683=PLANE('',#6682);
#6684=ORIENTED_EDGE('',*,*,#6655,.T.);
#6685=ORIENTED_EDGE('',*,*,#6644,.F.);
#6686=ORIENTED_EDGE('',*,*,#6623,.T.);
#6688=ORIENTED_EDGE('',*,*,#6687,.F.);
#6690=ORIENTED_EDGE('',*,*,#6689,.F.);
#6692=ORIENTED_EDGE('',*,*,#6691,.F.);
#6694=ORIENTED_EDGE('',*,*,#6693,.F.);
#6696=ORIENTED_EDGE('',*,*,#6695,.F.);
#6698=ORIENTED_EDGE('',*,*,#6697,.F.);
#6700=ORIENTED_EDGE('',*,*,#6699,.F.);
#6702=ORIENTED_EDGE('',*,*,#6701,.F.);
#6704=ORIENTED_EDGE('',*,*,#6703,.F.);
#6705=EDGE_LOOP('',(#6684,#6685,#6686,#6688,#6690,#6692,#6694,#6696,#6698,#6700,
#6702,#6704));
#6706=FACE_OUTER_BOUND('',#6705,.F.);
#6708=ORIENTED_EDGE('',*,*,#6707,.T.);
#6710=ORIENTED_EDGE('',*,*,#6709,.T.);
#6711=EDGE_LOOP('',(#6708,#6710));
#6712=FACE_BOUND('',#6711,.F.);
#6714=ORIENTED_EDGE('',*,*,#6713,.T.);
#6716=ORIENTED_EDGE('',*,*,#6715,.T.);
#6717=EDGE_LOOP('',(#6714,#6716));
#6718=FACE_BOUND('',#6717,.F.);
#6720=FILL_AREA_STYLE_COLOUR('',#19);
#6721=FILL_AREA_STYLE('',(#6720));
#6722=SURFACE_STYLE_FILL_AREA(#6721);
#6723=SURFACE_SIDE_STYLE('',(#6722));
#6724=SURFACE_STYLE_USAGE(.BOTH.,#6723);
#6725=PRESENTATION_STYLE_ASSIGNMENT((#6724));
#6726=STYLED_ITEM('',(#6725),#6719);
#6727=CARTESIAN_POINT('',(-7.072E0,1.15E1,1.245E1));
#6728=DIRECTION('',(1.E0,0.E0,0.E0));
#6729=DIRECTION('',(0.E0,1.E0,0.E0));
#6730=AXIS2_PLACEMENT_3D('',#6727,#6728,#6729);
#6731=CYLINDRICAL_SURFACE('',#6730,3.E-1);
#6732=ORIENTED_EDGE('',*,*,#6621,.F.);
#6734=ORIENTED_EDGE('',*,*,#6733,.T.);
#6736=ORIENTED_EDGE('',*,*,#6735,.F.);
#6737=ORIENTED_EDGE('',*,*,#6687,.T.);
#6738=EDGE_LOOP('',(#6732,#6734,#6736,#6737));
#6739=FACE_OUTER_BOUND('',#6738,.F.);
#6741=FILL_AREA_STYLE_COLOUR('',#19);
#6742=FILL_AREA_STYLE('',(#6741));
#6743=SURFACE_STYLE_FILL_AREA(#6742);
#6744=SURFACE_SIDE_STYLE('',(#6743));
#6745=SURFACE_STYLE_USAGE(.BOTH.,#6744);
#6746=PRESENTATION_STYLE_ASSIGNMENT((#6745));
#6747=STYLED_ITEM('',(#6746),#6740);
#6748=CARTESIAN_POINT('',(0.E0,1.18E1,0.E0));
#6749=DIRECTION('',(0.E0,1.E0,0.E0));
#6750=DIRECTION('',(-1.E0,0.E0,0.E0));
#6751=AXIS2_PLACEMENT_3D('',#6748,#6749,#6750);
#6752=PLANE('',#6751);
#6753=ORIENTED_EDGE('',*,*,#6619,.F.);
#6755=ORIENTED_EDGE('',*,*,#6754,.F.);
#6756=ORIENTED_EDGE('',*,*,#6659,.F.);
#6758=ORIENTED_EDGE('',*,*,#6757,.F.);
#6760=ORIENTED_EDGE('',*,*,#6759,.T.);
#6762=ORIENTED_EDGE('',*,*,#6761,.F.);
#6764=ORIENTED_EDGE('',*,*,#6763,.T.);
#6766=ORIENTED_EDGE('',*,*,#6765,.F.);
#6768=ORIENTED_EDGE('',*,*,#6767,.F.);
#6770=ORIENTED_EDGE('',*,*,#6769,.F.);
#6772=ORIENTED_EDGE('',*,*,#6771,.F.);
#6774=ORIENTED_EDGE('',*,*,#6773,.F.);
#6776=ORIENTED_EDGE('',*,*,#6775,.F.);
#6778=ORIENTED_EDGE('',*,*,#6777,.F.);
#6780=ORIENTED_EDGE('',*,*,#6779,.F.);
#6782=ORIENTED_EDGE('',*,*,#6781,.F.);
#6784=ORIENTED_EDGE('',*,*,#6783,.T.);
#6786=ORIENTED_EDGE('',*,*,#6785,.F.);
#6788=ORIENTED_EDGE('',*,*,#6787,.T.);
#6790=ORIENTED_EDGE('',*,*,#6789,.F.);
#6792=ORIENTED_EDGE('',*,*,#6791,.F.);
#6794=ORIENTED_EDGE('',*,*,#6793,.F.);
#6796=ORIENTED_EDGE('',*,*,#6795,.F.);
#6797=ORIENTED_EDGE('',*,*,#6733,.F.);
#6798=EDGE_LOOP('',(#6753,#6755,#6756,#6758,#6760,#6762,#6764,#6766,#6768,#6770,
#6772,#6774,#6776,#6778,#6780,#6782,#6784,#6786,#6788,#6790,#6792,#6794,#6796,
#6797));
#6799=FACE_OUTER_BOUND('',#6798,.F.);
#6801=ORIENTED_EDGE('',*,*,#6800,.T.);
#6803=ORIENTED_EDGE('',*,*,#6802,.T.);
#6804=EDGE_LOOP('',(#6801,#6803));
#6805=FACE_BOUND('',#6804,.F.);
#6807=ORIENTED_EDGE('',*,*,#6806,.T.);
#6809=ORIENTED_EDGE('',*,*,#6808,.T.);
#6810=EDGE_LOOP('',(#6807,#6809));
#6811=FACE_BOUND('',#6810,.F.);
#6813=ORIENTED_EDGE('',*,*,#6812,.T.);
#6815=ORIENTED_EDGE('',*,*,#6814,.T.);
#6816=EDGE_LOOP('',(#6813,#6815));
#6817=FACE_BOUND('',#6816,.F.);
#6819=ORIENTED_EDGE('',*,*,#6818,.T.);
#6821=ORIENTED_EDGE('',*,*,#6820,.T.);
#6822=EDGE_LOOP('',(#6819,#6821));
#6823=FACE_BOUND('',#6822,.F.);
#6825=ORIENTED_EDGE('',*,*,#6824,.T.);
#6827=ORIENTED_EDGE('',*,*,#6826,.T.);
#6828=EDGE_LOOP('',(#6825,#6827));
#6829=FACE_BOUND('',#6828,.F.);
#6831=ORIENTED_EDGE('',*,*,#6830,.T.);
#6833=ORIENTED_EDGE('',*,*,#6832,.T.);
#6834=EDGE_LOOP('',(#6831,#6833));
#6835=FACE_BOUND('',#6834,.F.);
#6837=FILL_AREA_STYLE_COLOUR('',#19);
#6838=FILL_AREA_STYLE('',(#6837));
#6839=SURFACE_STYLE_FILL_AREA(#6838);
#6840=SURFACE_SIDE_STYLE('',(#6839));
#6841=SURFACE_STYLE_USAGE(.BOTH.,#6840);
#6842=PRESENTATION_STYLE_ASSIGNMENT((#6841));
#6843=STYLED_ITEM('',(#6842),#6836);
#6844=CARTESIAN_POINT('',(-7.9E0,1.095E1,1.155E1));
#6845=DIRECTION('',(0.E0,0.E0,1.E0));
#6846=DIRECTION('',(1.E0,0.E0,0.E0));
#6847=AXIS2_PLACEMENT_3D('',#6844,#6845,#6846);
#6848=PLANE('',#6847);
#6850=ORIENTED_EDGE('',*,*,#6849,.F.);
#6851=ORIENTED_EDGE('',*,*,#6661,.F.);
#6852=ORIENTED_EDGE('',*,*,#6754,.T.);
#6853=ORIENTED_EDGE('',*,*,#6617,.T.);
#6854=EDGE_LOOP('',(#6850,#6851,#6852,#6853));
#6855=FACE_OUTER_BOUND('',#6854,.F.);
#6857=FILL_AREA_STYLE_COLOUR('',#19);
#6858=FILL_AREA_STYLE('',(#6857));
#6859=SURFACE_STYLE_FILL_AREA(#6858);
#6860=SURFACE_SIDE_STYLE('',(#6859));
#6861=SURFACE_STYLE_USAGE(.BOTH.,#6860);
#6862=PRESENTATION_STYLE_ASSIGNMENT((#6861));
#6863=STYLED_ITEM('',(#6862),#6856);
#6864=CARTESIAN_POINT('',(-7.9E0,1.01E1,1.18E1));
#6865=DIRECTION('',(0.E0,1.E0,0.E0));
#6866=DIRECTION('',(0.E0,0.E0,1.E0));
#6867=AXIS2_PLACEMENT_3D('',#6864,#6865,#6866);
#6868=PLANE('',#6867);
#6869=ORIENTED_EDGE('',*,*,#6849,.T.);
#6870=ORIENTED_EDGE('',*,*,#6615,.T.);
#6871=ORIENTED_EDGE('',*,*,#5792,.T.);
#6872=ORIENTED_EDGE('',*,*,#6663,.F.);
#6873=EDGE_LOOP('',(#6869,#6870,#6871,#6872));
#6874=FACE_OUTER_BOUND('',#6873,.F.);
#6876=FILL_AREA_STYLE_COLOUR('',#19);
#6877=FILL_AREA_STYLE('',(#6876));
#6878=SURFACE_STYLE_FILL_AREA(#6877);
#6879=SURFACE_SIDE_STYLE('',(#6878));
#6880=SURFACE_STYLE_USAGE(.BOTH.,#6879);
#6881=PRESENTATION_STYLE_ASSIGNMENT((#6880));
#6882=STYLED_ITEM('',(#6881),#6875);
#6883=CARTESIAN_POINT('',(-2.5065E1,1.15E1,1.245E1));
#6884=DIRECTION('',(1.E0,0.E0,0.E0));
#6885=DIRECTION('',(0.E0,1.E0,0.E0));
#6886=AXIS2_PLACEMENT_3D('',#6883,#6884,#6885);
#6887=CYLINDRICAL_SURFACE('',#6886,3.E-1);
#6888=ORIENTED_EDGE('',*,*,#6657,.F.);
#6889=ORIENTED_EDGE('',*,*,#6703,.T.);
#6891=ORIENTED_EDGE('',*,*,#6890,.F.);
#6892=ORIENTED_EDGE('',*,*,#6757,.T.);
#6893=EDGE_LOOP('',(#6888,#6889,#6891,#6892));
#6894=FACE_OUTER_BOUND('',#6893,.F.);
#6896=FILL_AREA_STYLE_COLOUR('',#19);
#6897=FILL_AREA_STYLE('',(#6896));
#6898=SURFACE_STYLE_FILL_AREA(#6897);
#6899=SURFACE_SIDE_STYLE('',(#6898));
#6900=SURFACE_STYLE_USAGE(.BOTH.,#6899);
#6901=PRESENTATION_STYLE_ASSIGNMENT((#6900));
#6902=STYLED_ITEM('',(#6901),#6895);
#6903=CARTESIAN_POINT('',(-2.475E1,1.15E1,1.205E1));
#6904=DIRECTION('',(0.E0,-1.E0,0.E0));
#6905=DIRECTION('',(-9.809682966722E-1,0.E0,-1.941679709016E-1));
#6906=AXIS2_PLACEMENT_3D('',#6903,#6904,#6905);
#6907=TOROIDAL_SURFACE('',#6906,4.000000000008E-1,3.E-1);
#6908=ORIENTED_EDGE('',*,*,#6759,.F.);
#6909=ORIENTED_EDGE('',*,*,#6890,.T.);
#6911=ORIENTED_EDGE('',*,*,#6910,.T.);
#6913=ORIENTED_EDGE('',*,*,#6912,.T.);
#6914=EDGE_LOOP('',(#6908,#6909,#6911,#6913));
#6915=FACE_OUTER_BOUND('',#6914,.F.);
#6917=FILL_AREA_STYLE_COLOUR('',#19);
#6918=FILL_AREA_STYLE('',(#6917));
#6919=SURFACE_STYLE_FILL_AREA(#6918);
#6920=SURFACE_SIDE_STYLE('',(#6919));
#6921=SURFACE_STYLE_USAGE(.BOTH.,#6920);
#6922=PRESENTATION_STYLE_ASSIGNMENT((#6921));
#6923=STYLED_ITEM('',(#6922),#6916);
#6924=CARTESIAN_POINT('',(-2.475E1,1.1308E1,1.205E1));
#6925=DIRECTION('',(0.E0,-1.E0,0.E0));
#6926=DIRECTION('',(0.E0,0.E0,1.E0));
#6927=AXIS2_PLACEMENT_3D('',#6924,#6925,#6926);
#6928=CYLINDRICAL_SURFACE('',#6927,7.E-1);
#6930=ORIENTED_EDGE('',*,*,#6929,.T.);
#6931=ORIENTED_EDGE('',*,*,#6910,.F.);
#6932=ORIENTED_EDGE('',*,*,#6701,.T.);
#6934=ORIENTED_EDGE('',*,*,#6933,.F.);
#6935=EDGE_LOOP('',(#6930,#6931,#6932,#6934));
#6936=FACE_OUTER_BOUND('',#6935,.F.);
#6938=FILL_AREA_STYLE_COLOUR('',#19);
#6939=FILL_AREA_STYLE('',(#6938));
#6940=SURFACE_STYLE_FILL_AREA(#6939);
#6941=SURFACE_SIDE_STYLE('',(#6940));
#6942=SURFACE_STYLE_USAGE(.BOTH.,#6941);
#6943=PRESENTATION_STYLE_ASSIGNMENT((#6942));
#6944=STYLED_ITEM('',(#6943),#6937);
#6945=CARTESIAN_POINT('',(-2.545E1,5.9E0,-5.215206044795E-11));
#6946=DIRECTION('',(1.E0,0.E0,0.E0));
#6947=DIRECTION('',(0.E0,-1.E0,0.E0));
#6948=AXIS2_PLACEMENT_3D('',#6945,#6946,#6947);
#6949=PLANE('',#6948);
#6951=ORIENTED_EDGE('',*,*,#6950,.F.);
#6953=ORIENTED_EDGE('',*,*,#6952,.F.);
#6954=ORIENTED_EDGE('',*,*,#6929,.F.);
#6956=ORIENTED_EDGE('',*,*,#6955,.F.);
#6957=EDGE_LOOP('',(#6951,#6953,#6954,#6956));
#6958=FACE_OUTER_BOUND('',#6957,.F.);
#6960=FILL_AREA_STYLE_COLOUR('',#19);
#6961=FILL_AREA_STYLE('',(#6960));
#6962=SURFACE_STYLE_FILL_AREA(#6961);
#6963=SURFACE_SIDE_STYLE('',(#6962));
#6964=SURFACE_STYLE_USAGE(.BOTH.,#6963);
#6965=PRESENTATION_STYLE_ASSIGNMENT((#6964));
#6966=STYLED_ITEM('',(#6965),#6959);
#6967=CARTESIAN_POINT('',(-2.475E1,4.92E-1,-1.205E1));
#6968=DIRECTION('',(0.E0,1.E0,0.E0));
#6969=DIRECTION('',(0.E0,0.E0,-1.E0));
#6970=AXIS2_PLACEMENT_3D('',#6967,#6968,#6969);
#6971=CYLINDRICAL_SURFACE('',#6970,7.E-1);
#6973=ORIENTED_EDGE('',*,*,#6972,.T.);
#6975=ORIENTED_EDGE('',*,*,#6974,.F.);
#6976=ORIENTED_EDGE('',*,*,#6950,.T.);
#6978=ORIENTED_EDGE('',*,*,#6977,.F.);
#6979=EDGE_LOOP('',(#6973,#6975,#6976,#6978));
#6980=FACE_OUTER_BOUND('',#6979,.F.);
#6982=FILL_AREA_STYLE_COLOUR('',#19);
#6983=FILL_AREA_STYLE('',(#6982));
#6984=SURFACE_STYLE_FILL_AREA(#6983);
#6985=SURFACE_SIDE_STYLE('',(#6984));
#6986=SURFACE_STYLE_USAGE(.BOTH.,#6985);
#6987=PRESENTATION_STYLE_ASSIGNMENT((#6986));
#6988=STYLED_ITEM('',(#6987),#6981);
#6989=CARTESIAN_POINT('',(-5.500133681835E-11,5.9E0,-1.275E1));
#6990=DIRECTION('',(0.E0,0.E0,1.E0));
#6991=DIRECTION('',(1.E0,0.E0,0.E0));
#6992=AXIS2_PLACEMENT_3D('',#6989,#6990,#6991);
#6993=PLANE('',#6992);
#6995=ORIENTED_EDGE('',*,*,#6994,.F.);
#6997=ORIENTED_EDGE('',*,*,#6996,.F.);
#6999=ORIENTED_EDGE('',*,*,#6998,.F.);
#7001=ORIENTED_EDGE('',*,*,#7000,.F.);
#7002=ORIENTED_EDGE('',*,*,#6972,.F.);
#7004=ORIENTED_EDGE('',*,*,#7003,.F.);
#7006=ORIENTED_EDGE('',*,*,#7005,.F.);
#7008=ORIENTED_EDGE('',*,*,#7007,.F.);
#7010=ORIENTED_EDGE('',*,*,#7009,.F.);
#7012=ORIENTED_EDGE('',*,*,#7011,.F.);
#7014=ORIENTED_EDGE('',*,*,#7013,.F.);
#7016=ORIENTED_EDGE('',*,*,#7015,.F.);
#7017=EDGE_LOOP('',(#6995,#6997,#6999,#7001,#7002,#7004,#7006,#7008,#7010,#7012,
#7014,#7016));
#7018=FACE_OUTER_BOUND('',#7017,.F.);
#7020=ORIENTED_EDGE('',*,*,#7019,.T.);
#7022=ORIENTED_EDGE('',*,*,#7021,.T.);
#7024=ORIENTED_EDGE('',*,*,#7023,.T.);
#7026=ORIENTED_EDGE('',*,*,#7025,.T.);
#7027=EDGE_LOOP('',(#7020,#7022,#7024,#7026));
#7028=FACE_BOUND('',#7027,.F.);
#7030=ORIENTED_EDGE('',*,*,#7029,.T.);
#7032=ORIENTED_EDGE('',*,*,#7031,.T.);
#7034=ORIENTED_EDGE('',*,*,#7033,.T.);
#7036=ORIENTED_EDGE('',*,*,#7035,.T.);
#7037=EDGE_LOOP('',(#7030,#7032,#7034,#7036));
#7038=FACE_BOUND('',#7037,.F.);
#7040=FILL_AREA_STYLE_COLOUR('',#19);
#7041=FILL_AREA_STYLE('',(#7040));
#7042=SURFACE_STYLE_FILL_AREA(#7041);
#7043=SURFACE_SIDE_STYLE('',(#7042));
#7044=SURFACE_STYLE_USAGE(.BOTH.,#7043);
#7045=PRESENTATION_STYLE_ASSIGNMENT((#7044));
#7046=STYLED_ITEM('',(#7045),#7039);
#7047=CARTESIAN_POINT('',(-6.8E0,1.08E1,-1.2425E1));
#7048=DIRECTION('',(1.E0,0.E0,0.E0));
#7049=DIRECTION('',(0.E0,1.E0,0.E0));
#7050=AXIS2_PLACEMENT_3D('',#7047,#7048,#7049);
#7051=PLANE('',#7050);
#7053=ORIENTED_EDGE('',*,*,#7052,.T.);
#7054=ORIENTED_EDGE('',*,*,#6994,.T.);
#7056=ORIENTED_EDGE('',*,*,#7055,.T.);
#7057=ORIENTED_EDGE('',*,*,#6771,.T.);
#7059=ORIENTED_EDGE('',*,*,#7058,.T.);
#7061=ORIENTED_EDGE('',*,*,#7060,.T.);
#7063=ORIENTED_EDGE('',*,*,#7062,.T.);
#7065=ORIENTED_EDGE('',*,*,#7064,.F.);
#7067=ORIENTED_EDGE('',*,*,#7066,.T.);
#7068=EDGE_LOOP('',(#7053,#7054,#7056,#7057,#7059,#7061,#7063,#7065,#7067));
#7069=FACE_OUTER_BOUND('',#7068,.F.);
#7071=FILL_AREA_STYLE_COLOUR('',#19);
#7072=FILL_AREA_STYLE('',(#7071));
#7073=SURFACE_STYLE_FILL_AREA(#7072);
#7074=SURFACE_SIDE_STYLE('',(#7073));
#7075=SURFACE_STYLE_USAGE(.BOTH.,#7074);
#7076=PRESENTATION_STYLE_ASSIGNMENT((#7075));
#7077=STYLED_ITEM('',(#7076),#7070);
#7078=CARTESIAN_POINT('',(0.E0,1.1E1,0.E0));
#7079=DIRECTION('',(0.E0,1.E0,0.E0));
#7080=DIRECTION('',(-1.E0,0.E0,0.E0));
#7081=AXIS2_PLACEMENT_3D('',#7078,#7079,#7080);
#7082=PLANE('',#7081);
#7084=ORIENTED_EDGE('',*,*,#7083,.F.);
#7085=ORIENTED_EDGE('',*,*,#6996,.T.);
#7086=ORIENTED_EDGE('',*,*,#7052,.F.);
#7088=ORIENTED_EDGE('',*,*,#7087,.T.);
#7089=EDGE_LOOP('',(#7084,#7085,#7086,#7088));
#7090=FACE_OUTER_BOUND('',#7089,.F.);
#7092=CARTESIAN_POINT('',(-9.E0,1.08E1,-1.2425E1));
#7093=DIRECTION('',(1.E0,0.E0,0.E0));
#7094=DIRECTION('',(0.E0,-1.E0,0.E0));
#7095=AXIS2_PLACEMENT_3D('',#7092,#7093,#7094);
#7096=PLANE('',#7095);
#7097=ORIENTED_EDGE('',*,*,#7083,.T.);
#7099=ORIENTED_EDGE('',*,*,#7098,.T.);
#7101=ORIENTED_EDGE('',*,*,#7100,.T.);
#7103=ORIENTED_EDGE('',*,*,#7102,.T.);
#7105=ORIENTED_EDGE('',*,*,#7104,.F.);
#7107=ORIENTED_EDGE('',*,*,#7106,.F.);
#7108=ORIENTED_EDGE('',*,*,#6767,.T.);
#7110=ORIENTED_EDGE('',*,*,#7109,.T.);
#7111=ORIENTED_EDGE('',*,*,#6998,.T.);
#7112=EDGE_LOOP('',(#7097,#7099,#7101,#7103,#7105,#7107,#7108,#7110,#7111));
#7113=FACE_OUTER_BOUND('',#7112,.F.);
#7115=FILL_AREA_STYLE_COLOUR('',#19);
#7116=FILL_AREA_STYLE('',(#7115));
#7117=SURFACE_STYLE_FILL_AREA(#7116);
#7118=SURFACE_SIDE_STYLE('',(#7117));
#7119=SURFACE_STYLE_USAGE(.BOTH.,#7118);
#7120=PRESENTATION_STYLE_ASSIGNMENT((#7119));
#7121=STYLED_ITEM('',(#7120),#7114);
#7122=CARTESIAN_POINT('',(-5.500133681835E-11,5.9E0,-1.21E1));
#7123=DIRECTION('',(0.E0,0.E0,1.E0));
#7124=DIRECTION('',(1.E0,0.E0,0.E0));
#7125=AXIS2_PLACEMENT_3D('',#7122,#7123,#7124);
#7126=PLANE('',#7125);
#7127=ORIENTED_EDGE('',*,*,#7098,.F.);
#7128=ORIENTED_EDGE('',*,*,#7087,.F.);
#7129=ORIENTED_EDGE('',*,*,#7066,.F.);
#7131=ORIENTED_EDGE('',*,*,#7130,.F.);
#7133=ORIENTED_EDGE('',*,*,#7132,.F.);
#7135=ORIENTED_EDGE('',*,*,#7134,.F.);
#7137=ORIENTED_EDGE('',*,*,#7136,.F.);
#7138=ORIENTED_EDGE('',*,*,#6531,.F.);
#7140=ORIENTED_EDGE('',*,*,#7139,.F.);
#7142=ORIENTED_EDGE('',*,*,#7141,.F.);
#7144=ORIENTED_EDGE('',*,*,#7143,.F.);
#7146=ORIENTED_EDGE('',*,*,#7145,.T.);
#7147=EDGE_LOOP('',(#7127,#7128,#7129,#7131,#7133,#7135,#7137,#7138,#7140,#7142,
#7144,#7146));
#7148=FACE_OUTER_BOUND('',#7147,.F.);
#7150=ORIENTED_EDGE('',*,*,#7149,.T.);
#7152=ORIENTED_EDGE('',*,*,#7151,.T.);
#7153=EDGE_LOOP('',(#7150,#7152));
#7154=FACE_BOUND('',#7153,.F.);
#7156=ORIENTED_EDGE('',*,*,#7155,.T.);
#7158=ORIENTED_EDGE('',*,*,#7157,.T.);
#7159=EDGE_LOOP('',(#7156,#7158));
#7160=FACE_BOUND('',#7159,.F.);
#7162=FILL_AREA_STYLE_COLOUR('',#19);
#7163=FILL_AREA_STYLE('',(#7162));
#7164=SURFACE_STYLE_FILL_AREA(#7163);
#7165=SURFACE_SIDE_STYLE('',(#7164));
#7166=SURFACE_STYLE_USAGE(.BOTH.,#7165);
#7167=PRESENTATION_STYLE_ASSIGNMENT((#7166));
#7168=STYLED_ITEM('',(#7167),#7161);
#7169=CARTESIAN_POINT('',(0.E0,1.11E1,-1.24E1));
#7170=DIRECTION('',(0.E0,1.E0,0.E0));
#7171=DIRECTION('',(-1.E0,0.E0,0.E0));
#7172=AXIS2_PLACEMENT_3D('',#7169,#7170,#7171);
#7173=PLANE('',#7172);
#7174=ORIENTED_EDGE('',*,*,#7130,.T.);
#7175=ORIENTED_EDGE('',*,*,#7064,.T.);
#7177=ORIENTED_EDGE('',*,*,#7176,.T.);
#7179=ORIENTED_EDGE('',*,*,#7178,.F.);
#7180=EDGE_LOOP('',(#7174,#7175,#7177,#7179));
#7181=FACE_OUTER_BOUND('',#7180,.F.);
#7183=FILL_AREA_STYLE_COLOUR('',#19);
#7184=FILL_AREA_STYLE('',(#7183));
#7185=SURFACE_STYLE_FILL_AREA(#7184);
#7186=SURFACE_SIDE_STYLE('',(#7185));
#7187=SURFACE_STYLE_USAGE(.BOTH.,#7186);
#7188=PRESENTATION_STYLE_ASSIGNMENT((#7187));
#7189=STYLED_ITEM('',(#7188),#7182);
#7190=CARTESIAN_POINT('',(0.E0,9.699999999998E0,-1.205E1));
#7191=DIRECTION('',(0.E0,0.E0,1.E0));
#7192=DIRECTION('',(-1.E0,0.E0,0.E0));
#7193=AXIS2_PLACEMENT_3D('',#7190,#7191,#7192);
#7194=PLANE('',#7193);
#7195=ORIENTED_EDGE('',*,*,#6253,.T.);
#7196=ORIENTED_EDGE('',*,*,#6295,.F.);
#7197=ORIENTED_EDGE('',*,*,#6316,.F.);
#7199=ORIENTED_EDGE('',*,*,#7198,.F.);
#7200=ORIENTED_EDGE('',*,*,#6535,.F.);
#7202=ORIENTED_EDGE('',*,*,#7201,.F.);
#7204=ORIENTED_EDGE('',*,*,#7203,.F.);
#7206=ORIENTED_EDGE('',*,*,#7205,.F.);
#7207=ORIENTED_EDGE('',*,*,#7176,.F.);
#7208=ORIENTED_EDGE('',*,*,#7062,.F.);
#7210=ORIENTED_EDGE('',*,*,#7209,.F.);
#7211=ORIENTED_EDGE('',*,*,#7102,.F.);
#7213=ORIENTED_EDGE('',*,*,#7212,.F.);
#7215=ORIENTED_EDGE('',*,*,#7214,.F.);
#7216=ORIENTED_EDGE('',*,*,#6081,.T.);
#7217=ORIENTED_EDGE('',*,*,#6227,.F.);
#7218=EDGE_LOOP('',(#7195,#7196,#7197,#7199,#7200,#7202,#7204,#7206,#7207,#7208,
#7210,#7211,#7213,#7215,#7216,#7217));
#7219=FACE_OUTER_BOUND('',#7218,.F.);
#7221=ORIENTED_EDGE('',*,*,#7220,.T.);
#7223=ORIENTED_EDGE('',*,*,#7222,.T.);
#7224=EDGE_LOOP('',(#7221,#7223));
#7225=FACE_BOUND('',#7224,.F.);
#7227=ORIENTED_EDGE('',*,*,#7226,.T.);
#7229=ORIENTED_EDGE('',*,*,#7228,.T.);
#7230=EDGE_LOOP('',(#7227,#7229));
#7231=FACE_BOUND('',#7230,.F.);
#7233=ORIENTED_EDGE('',*,*,#7232,.T.);
#7235=ORIENTED_EDGE('',*,*,#7234,.T.);
#7236=EDGE_LOOP('',(#7233,#7235));
#7237=FACE_BOUND('',#7236,.F.);
#7239=FILL_AREA_STYLE_COLOUR('',#19);
#7240=FILL_AREA_STYLE('',(#7239));
#7241=SURFACE_STYLE_FILL_AREA(#7240);
#7242=SURFACE_SIDE_STYLE('',(#7241));
#7243=SURFACE_STYLE_USAGE(.BOTH.,#7242);
#7244=PRESENTATION_STYLE_ASSIGNMENT((#7243));
#7245=STYLED_ITEM('',(#7244),#7238);
#7246=CARTESIAN_POINT('',(2.425E1,9.331523516445E0,-1.155E1));
#7247=DIRECTION('',(0.E0,1.E0,0.E0));
#7248=DIRECTION('',(1.E0,0.E0,0.E0));
#7249=AXIS2_PLACEMENT_3D('',#7246,#7247,#7248);
#7250=CYLINDRICAL_SURFACE('',#7249,5.E-1);
#7251=ORIENTED_EDGE('',*,*,#6314,.F.);
#7252=ORIENTED_EDGE('',*,*,#6349,.T.);
#7253=ORIENTED_EDGE('',*,*,#6537,.F.);
#7254=ORIENTED_EDGE('',*,*,#7198,.T.);
#7255=EDGE_LOOP('',(#7251,#7252,#7253,#7254));
#7256=FACE_OUTER_BOUND('',#7255,.F.);
#7258=FILL_AREA_STYLE_COLOUR('',#19);
#7259=FILL_AREA_STYLE('',(#7258));
#7260=SURFACE_STYLE_FILL_AREA(#7259);
#7261=SURFACE_SIDE_STYLE('',(#7260));
#7262=SURFACE_STYLE_USAGE(.BOTH.,#7261);
#7263=PRESENTATION_STYLE_ASSIGNMENT((#7262));
#7264=STYLED_ITEM('',(#7263),#7257);
#7265=CARTESIAN_POINT('',(9.E0,1.08E1,-1.2425E1));
#7266=DIRECTION('',(1.E0,0.E0,0.E0));
#7267=DIRECTION('',(0.E0,1.E0,0.E0));
#7268=AXIS2_PLACEMENT_3D('',#7265,#7266,#7267);
#7269=PLANE('',#7268);
#7271=ORIENTED_EDGE('',*,*,#7270,.T.);
#7272=ORIENTED_EDGE('',*,*,#7009,.T.);
#7274=ORIENTED_EDGE('',*,*,#7273,.T.);
#7275=ORIENTED_EDGE('',*,*,#6779,.T.);
#7277=ORIENTED_EDGE('',*,*,#7276,.T.);
#7279=ORIENTED_EDGE('',*,*,#7278,.T.);
#7280=ORIENTED_EDGE('',*,*,#7201,.T.);
#7281=ORIENTED_EDGE('',*,*,#6533,.T.);
#7282=ORIENTED_EDGE('',*,*,#7136,.T.);
#7283=EDGE_LOOP('',(#7271,#7272,#7274,#7275,#7277,#7279,#7280,#7281,#7282));
#7284=FACE_OUTER_BOUND('',#7283,.F.);
#7286=FILL_AREA_STYLE_COLOUR('',#19);
#7287=FILL_AREA_STYLE('',(#7286));
#7288=SURFACE_STYLE_FILL_AREA(#7287);
#7289=SURFACE_SIDE_STYLE('',(#7288));
#7290=SURFACE_STYLE_USAGE(.BOTH.,#7289);
#7291=PRESENTATION_STYLE_ASSIGNMENT((#7290));
#7292=STYLED_ITEM('',(#7291),#7285);
#7293=CARTESIAN_POINT('',(0.E0,1.1E1,0.E0));
#7294=DIRECTION('',(0.E0,1.E0,0.E0));
#7295=DIRECTION('',(-1.E0,0.E0,0.E0));
#7296=AXIS2_PLACEMENT_3D('',#7293,#7294,#7295);
#7297=PLANE('',#7296);
#7299=ORIENTED_EDGE('',*,*,#7298,.F.);
#7300=ORIENTED_EDGE('',*,*,#7011,.T.);
#7301=ORIENTED_EDGE('',*,*,#7270,.F.);
#7302=ORIENTED_EDGE('',*,*,#7134,.T.);
#7303=EDGE_LOOP('',(#7299,#7300,#7301,#7302));
#7304=FACE_OUTER_BOUND('',#7303,.F.);
#7306=CARTESIAN_POINT('',(6.8E0,1.08E1,-1.2425E1));
#7307=DIRECTION('',(1.E0,0.E0,0.E0));
#7308=DIRECTION('',(0.E0,-1.E0,0.E0));
#7309=AXIS2_PLACEMENT_3D('',#7306,#7307,#7308);
#7310=PLANE('',#7309);
#7311=ORIENTED_EDGE('',*,*,#7298,.T.);
#7312=ORIENTED_EDGE('',*,*,#7132,.T.);
#7313=ORIENTED_EDGE('',*,*,#7178,.T.);
#7314=ORIENTED_EDGE('',*,*,#7205,.T.);
#7316=ORIENTED_EDGE('',*,*,#7315,.F.);
#7318=ORIENTED_EDGE('',*,*,#7317,.F.);
#7319=ORIENTED_EDGE('',*,*,#6775,.T.);
#7321=ORIENTED_EDGE('',*,*,#7320,.T.);
#7322=ORIENTED_EDGE('',*,*,#7013,.T.);
#7323=EDGE_LOOP('',(#7311,#7312,#7313,#7314,#7316,#7318,#7319,#7321,#7322));
#7324=FACE_OUTER_BOUND('',#7323,.F.);
#7326=FILL_AREA_STYLE_COLOUR('',#19);
#7327=FILL_AREA_STYLE('',(#7326));
#7328=SURFACE_STYLE_FILL_AREA(#7327);
#7329=SURFACE_SIDE_STYLE('',(#7328));
#7330=SURFACE_STYLE_USAGE(.BOTH.,#7329);
#7331=PRESENTATION_STYLE_ASSIGNMENT((#7330));
#7332=STYLED_ITEM('',(#7331),#7325);
#7333=CARTESIAN_POINT('',(7.9E0,1.01E1,-1.18E1));
#7334=DIRECTION('',(0.E0,1.E0,0.E0));
#7335=DIRECTION('',(0.E0,0.E0,1.E0));
#7336=AXIS2_PLACEMENT_3D('',#7333,#7334,#7335);
#7337=PLANE('',#7336);
#7339=ORIENTED_EDGE('',*,*,#7338,.T.);
#7340=ORIENTED_EDGE('',*,*,#7315,.T.);
#7341=ORIENTED_EDGE('',*,*,#7203,.T.);
#7342=ORIENTED_EDGE('',*,*,#7278,.F.);
#7343=EDGE_LOOP('',(#7339,#7340,#7341,#7342));
#7344=FACE_OUTER_BOUND('',#7343,.F.);
#7346=FILL_AREA_STYLE_COLOUR('',#19);
#7347=FILL_AREA_STYLE('',(#7346));
#7348=SURFACE_STYLE_FILL_AREA(#7347);
#7349=SURFACE_SIDE_STYLE('',(#7348));
#7350=SURFACE_STYLE_USAGE(.BOTH.,#7349);
#7351=PRESENTATION_STYLE_ASSIGNMENT((#7350));
#7352=STYLED_ITEM('',(#7351),#7345);
#7353=CARTESIAN_POINT('',(7.9E0,1.095E1,-1.155E1));
#7354=DIRECTION('',(0.E0,0.E0,1.E0));
#7355=DIRECTION('',(-1.E0,0.E0,0.E0));
#7356=AXIS2_PLACEMENT_3D('',#7353,#7354,#7355);
#7357=PLANE('',#7356);
#7358=ORIENTED_EDGE('',*,*,#7338,.F.);
#7359=ORIENTED_EDGE('',*,*,#7276,.F.);
#7360=ORIENTED_EDGE('',*,*,#6777,.T.);
#7361=ORIENTED_EDGE('',*,*,#7317,.T.);
#7362=EDGE_LOOP('',(#7358,#7359,#7360,#7361));
#7363=FACE_OUTER_BOUND('',#7362,.F.);
#7365=FILL_AREA_STYLE_COLOUR('',#19);
#7366=FILL_AREA_STYLE('',(#7365));
#7367=SURFACE_STYLE_FILL_AREA(#7366);
#7368=SURFACE_SIDE_STYLE('',(#7367));
#7369=SURFACE_STYLE_USAGE(.BOTH.,#7368);
#7370=PRESENTATION_STYLE_ASSIGNMENT((#7369));
#7371=STYLED_ITEM('',(#7370),#7364);
#7372=CARTESIAN_POINT('',(7.072E0,1.15E1,-1.245E1));
#7373=DIRECTION('',(-1.E0,0.E0,0.E0));
#7374=DIRECTION('',(0.E0,1.E0,0.E0));
#7375=AXIS2_PLACEMENT_3D('',#7372,#7373,#7374);
#7376=CYLINDRICAL_SURFACE('',#7375,3.E-1);
#7377=ORIENTED_EDGE('',*,*,#7055,.F.);
#7378=ORIENTED_EDGE('',*,*,#7015,.T.);
#7379=ORIENTED_EDGE('',*,*,#7320,.F.);
#7380=ORIENTED_EDGE('',*,*,#6773,.T.);
#7381=EDGE_LOOP('',(#7377,#7378,#7379,#7380));
#7382=FACE_OUTER_BOUND('',#7381,.F.);
#7384=FILL_AREA_STYLE_COLOUR('',#19);
#7385=FILL_AREA_STYLE('',(#7384));
#7386=SURFACE_STYLE_FILL_AREA(#7385);
#7387=SURFACE_SIDE_STYLE('',(#7386));
#7388=SURFACE_STYLE_USAGE(.BOTH.,#7387);
#7389=PRESENTATION_STYLE_ASSIGNMENT((#7388));
#7390=STYLED_ITEM('',(#7389),#7383);
#7391=CARTESIAN_POINT('',(2.5065E1,1.15E1,-1.245E1));
#7392=DIRECTION('',(-1.E0,0.E0,0.E0));
#7393=DIRECTION('',(0.E0,1.E0,0.E0));
#7394=AXIS2_PLACEMENT_3D('',#7391,#7392,#7393);
#7395=CYLINDRICAL_SURFACE('',#7394,3.E-1);
#7396=ORIENTED_EDGE('',*,*,#7273,.F.);
#7397=ORIENTED_EDGE('',*,*,#7007,.T.);
#7399=ORIENTED_EDGE('',*,*,#7398,.F.);
#7400=ORIENTED_EDGE('',*,*,#6781,.T.);
#7401=EDGE_LOOP('',(#7396,#7397,#7399,#7400));
#7402=FACE_OUTER_BOUND('',#7401,.F.);
#7404=FILL_AREA_STYLE_COLOUR('',#19);
#7405=FILL_AREA_STYLE('',(#7404));
#7406=SURFACE_STYLE_FILL_AREA(#7405);
#7407=SURFACE_SIDE_STYLE('',(#7406));
#7408=SURFACE_STYLE_USAGE(.BOTH.,#7407);
#7409=PRESENTATION_STYLE_ASSIGNMENT((#7408));
#7410=STYLED_ITEM('',(#7409),#7403);
#7411=CARTESIAN_POINT('',(2.475E1,1.15E1,-1.205E1));
#7412=DIRECTION('',(0.E0,-1.E0,0.E0));
#7413=DIRECTION('',(9.809682966722E-1,0.E0,1.941679709016E-1));
#7414=AXIS2_PLACEMENT_3D('',#7411,#7412,#7413);
#7415=TOROIDAL_SURFACE('',#7414,4.000000000008E-1,3.E-1);
#7416=ORIENTED_EDGE('',*,*,#6783,.F.);
#7417=ORIENTED_EDGE('',*,*,#7398,.T.);
#7419=ORIENTED_EDGE('',*,*,#7418,.T.);
#7421=ORIENTED_EDGE('',*,*,#7420,.T.);
#7422=EDGE_LOOP('',(#7416,#7417,#7419,#7421));
#7423=FACE_OUTER_BOUND('',#7422,.F.);
#7425=FILL_AREA_STYLE_COLOUR('',#19);
#7426=FILL_AREA_STYLE('',(#7425));
#7427=SURFACE_STYLE_FILL_AREA(#7426);
#7428=SURFACE_SIDE_STYLE('',(#7427));
#7429=SURFACE_STYLE_USAGE(.BOTH.,#7428);
#7430=PRESENTATION_STYLE_ASSIGNMENT((#7429));
#7431=STYLED_ITEM('',(#7430),#7424);
#7432=CARTESIAN_POINT('',(2.475E1,1.1308E1,-1.205E1));
#7433=DIRECTION('',(0.E0,-1.E0,0.E0));
#7434=DIRECTION('',(0.E0,0.E0,-1.E0));
#7435=AXIS2_PLACEMENT_3D('',#7432,#7433,#7434);
#7436=CYLINDRICAL_SURFACE('',#7435,7.E-1);
#7438=ORIENTED_EDGE('',*,*,#7437,.T.);
#7439=ORIENTED_EDGE('',*,*,#7418,.F.);
#7440=ORIENTED_EDGE('',*,*,#7005,.T.);
#7442=ORIENTED_EDGE('',*,*,#7441,.F.);
#7443=EDGE_LOOP('',(#7438,#7439,#7440,#7442));
#7444=FACE_OUTER_BOUND('',#7443,.F.);
#7446=FILL_AREA_STYLE_COLOUR('',#19);
#7447=FILL_AREA_STYLE('',(#7446));
#7448=SURFACE_STYLE_FILL_AREA(#7447);
#7449=SURFACE_SIDE_STYLE('',(#7448));
#7450=SURFACE_STYLE_USAGE(.BOTH.,#7449);
#7451=PRESENTATION_STYLE_ASSIGNMENT((#7450));
#7452=STYLED_ITEM('',(#7451),#7445);
#7453=CARTESIAN_POINT('',(2.545E1,5.9E0,1.817515027369E-10));
#7454=DIRECTION('',(1.E0,0.E0,0.E0));
#7455=DIRECTION('',(0.E0,1.E0,0.E0));
#7456=AXIS2_PLACEMENT_3D('',#7453,#7454,#7455);
#7457=PLANE('',#7456);
#7459=ORIENTED_EDGE('',*,*,#7458,.F.);
#7461=ORIENTED_EDGE('',*,*,#7460,.F.);
#7462=ORIENTED_EDGE('',*,*,#7437,.F.);
#7464=ORIENTED_EDGE('',*,*,#7463,.F.);
#7465=EDGE_LOOP('',(#7459,#7461,#7462,#7464));
#7466=FACE_OUTER_BOUND('',#7465,.F.);
#7468=FILL_AREA_STYLE_COLOUR('',#19);
#7469=FILL_AREA_STYLE('',(#7468));
#7470=SURFACE_STYLE_FILL_AREA(#7469);
#7471=SURFACE_SIDE_STYLE('',(#7470));
#7472=SURFACE_STYLE_USAGE(.BOTH.,#7471);
#7473=PRESENTATION_STYLE_ASSIGNMENT((#7472));
#7474=STYLED_ITEM('',(#7473),#7467);
#7475=CARTESIAN_POINT('',(2.475E1,4.92E-1,1.205E1));
#7476=DIRECTION('',(0.E0,1.E0,0.E0));
#7477=DIRECTION('',(0.E0,0.E0,1.E0));
#7478=AXIS2_PLACEMENT_3D('',#7475,#7476,#7477);
#7479=CYLINDRICAL_SURFACE('',#7478,7.E-1);
#7480=ORIENTED_EDGE('',*,*,#6697,.T.);
#7482=ORIENTED_EDGE('',*,*,#7481,.F.);
#7483=ORIENTED_EDGE('',*,*,#7458,.T.);
#7485=ORIENTED_EDGE('',*,*,#7484,.F.);
#7486=EDGE_LOOP('',(#7480,#7482,#7483,#7485));
#7487=FACE_OUTER_BOUND('',#7486,.F.);
#7489=FILL_AREA_STYLE_COLOUR('',#19);
#7490=FILL_AREA_STYLE('',(#7489));
#7491=SURFACE_STYLE_FILL_AREA(#7490);
#7492=SURFACE_SIDE_STYLE('',(#7491));
#7493=SURFACE_STYLE_USAGE(.BOTH.,#7492);
#7494=PRESENTATION_STYLE_ASSIGNMENT((#7493));
#7495=STYLED_ITEM('',(#7494),#7488);
#7496=CARTESIAN_POINT('',(2.475E1,1.15E1,1.205E1));
#7497=DIRECTION('',(0.E0,-1.E0,0.E0));
#7498=DIRECTION('',(-1.941679709016E-1,0.E0,9.809682966722E-1));
#7499=AXIS2_PLACEMENT_3D('',#7496,#7497,#7498);
#7500=TOROIDAL_SURFACE('',#7499,4.000000000010E-1,3.E-1);
#7501=ORIENTED_EDGE('',*,*,#6787,.F.);
#7503=ORIENTED_EDGE('',*,*,#7502,.T.);
#7504=ORIENTED_EDGE('',*,*,#7481,.T.);
#7506=ORIENTED_EDGE('',*,*,#7505,.T.);
#7507=EDGE_LOOP('',(#7501,#7503,#7504,#7506));
#7508=FACE_OUTER_BOUND('',#7507,.F.);
#7510=FILL_AREA_STYLE_COLOUR('',#19);
#7511=FILL_AREA_STYLE('',(#7510));
#7512=SURFACE_STYLE_FILL_AREA(#7511);
#7513=SURFACE_SIDE_STYLE('',(#7512));
#7514=SURFACE_STYLE_USAGE(.BOTH.,#7513);
#7515=PRESENTATION_STYLE_ASSIGNMENT((#7514));
#7516=STYLED_ITEM('',(#7515),#7509);
#7517=CARTESIAN_POINT('',(2.515E1,1.15E1,1.2532E1));
#7518=DIRECTION('',(0.E0,0.E0,-1.E0));
#7519=DIRECTION('',(0.E0,1.E0,0.E0));
#7520=AXIS2_PLACEMENT_3D('',#7517,#7518,#7519);
#7521=CYLINDRICAL_SURFACE('',#7520,3.E-1);
#7522=ORIENTED_EDGE('',*,*,#6785,.T.);
#7523=ORIENTED_EDGE('',*,*,#7420,.F.);
#7524=ORIENTED_EDGE('',*,*,#7460,.T.);
#7525=ORIENTED_EDGE('',*,*,#7502,.F.);
#7526=EDGE_LOOP('',(#7522,#7523,#7524,#7525));
#7527=FACE_OUTER_BOUND('',#7526,.F.);
#7529=FILL_AREA_STYLE_COLOUR('',#19);
#7530=FILL_AREA_STYLE('',(#7529));
#7531=SURFACE_STYLE_FILL_AREA(#7530);
#7532=SURFACE_SIDE_STYLE('',(#7531));
#7533=SURFACE_STYLE_USAGE(.BOTH.,#7532);
#7534=PRESENTATION_STYLE_ASSIGNMENT((#7533));
#7535=STYLED_ITEM('',(#7534),#7528);
#7536=CARTESIAN_POINT('',(8.685E0,1.15E1,1.245E1));
#7537=DIRECTION('',(1.E0,0.E0,0.E0));
#7538=DIRECTION('',(0.E0,1.E0,0.E0));
#7539=AXIS2_PLACEMENT_3D('',#7536,#7537,#7538);
#7540=CYLINDRICAL_SURFACE('',#7539,3.E-1);
#7542=ORIENTED_EDGE('',*,*,#7541,.F.);
#7543=ORIENTED_EDGE('',*,*,#6789,.T.);
#7544=ORIENTED_EDGE('',*,*,#7505,.F.);
#7545=ORIENTED_EDGE('',*,*,#6695,.T.);
#7546=EDGE_LOOP('',(#7542,#7543,#7544,#7545));
#7547=FACE_OUTER_BOUND('',#7546,.F.);
#7549=FILL_AREA_STYLE_COLOUR('',#19);
#7550=FILL_AREA_STYLE('',(#7549));
#7551=SURFACE_STYLE_FILL_AREA(#7550);
#7552=SURFACE_SIDE_STYLE('',(#7551));
#7553=SURFACE_STYLE_USAGE(.BOTH.,#7552);
#7554=PRESENTATION_STYLE_ASSIGNMENT((#7553));
#7555=STYLED_ITEM('',(#7554),#7548);
#7556=CARTESIAN_POINT('',(9.E0,1.08E1,1.2425E1));
#7557=DIRECTION('',(1.E0,0.E0,0.E0));
#7558=DIRECTION('',(0.E0,1.E0,0.E0));
#7559=AXIS2_PLACEMENT_3D('',#7556,#7557,#7558);
#7560=PLANE('',#7559);
#7562=ORIENTED_EDGE('',*,*,#7561,.T.);
#7563=ORIENTED_EDGE('',*,*,#6574,.T.);
#7564=ORIENTED_EDGE('',*,*,#6542,.T.);
#7565=ORIENTED_EDGE('',*,*,#5802,.T.);
#7567=ORIENTED_EDGE('',*,*,#7566,.F.);
#7569=ORIENTED_EDGE('',*,*,#7568,.F.);
#7570=ORIENTED_EDGE('',*,*,#6791,.T.);
#7571=ORIENTED_EDGE('',*,*,#7541,.T.);
#7572=ORIENTED_EDGE('',*,*,#6693,.T.);
#7573=EDGE_LOOP('',(#7562,#7563,#7564,#7565,#7567,#7569,#7570,#7571,#7572));
#7574=FACE_OUTER_BOUND('',#7573,.F.);
#7576=FILL_AREA_STYLE_COLOUR('',#19);
#7577=FILL_AREA_STYLE('',(#7576));
#7578=SURFACE_STYLE_FILL_AREA(#7577);
#7579=SURFACE_SIDE_STYLE('',(#7578));
#7580=SURFACE_STYLE_USAGE(.BOTH.,#7579);
#7581=PRESENTATION_STYLE_ASSIGNMENT((#7580));
#7582=STYLED_ITEM('',(#7581),#7575);
#7583=CARTESIAN_POINT('',(0.E0,1.1E1,0.E0));
#7584=DIRECTION('',(0.E0,1.E0,0.E0));
#7585=DIRECTION('',(-1.E0,0.E0,0.E0));
#7586=AXIS2_PLACEMENT_3D('',#7583,#7584,#7585);
#7587=PLANE('',#7586);
#7589=ORIENTED_EDGE('',*,*,#7588,.F.);
#7590=ORIENTED_EDGE('',*,*,#6576,.T.);
#7591=ORIENTED_EDGE('',*,*,#7561,.F.);
#7592=ORIENTED_EDGE('',*,*,#6691,.T.);
#7593=EDGE_LOOP('',(#7589,#7590,#7591,#7592));
#7594=FACE_OUTER_BOUND('',#7593,.F.);
#7596=CARTESIAN_POINT('',(6.8E0,1.08E1,1.2425E1));
#7597=DIRECTION('',(1.E0,0.E0,0.E0));
#7598=DIRECTION('',(0.E0,-1.E0,0.E0));
#7599=AXIS2_PLACEMENT_3D('',#7596,#7597,#7598);
#7600=PLANE('',#7599);
#7601=ORIENTED_EDGE('',*,*,#7588,.T.);
#7602=ORIENTED_EDGE('',*,*,#6689,.T.);
#7603=ORIENTED_EDGE('',*,*,#6735,.T.);
#7604=ORIENTED_EDGE('',*,*,#6795,.T.);
#7606=ORIENTED_EDGE('',*,*,#7605,.T.);
#7608=ORIENTED_EDGE('',*,*,#7607,.T.);
#7609=ORIENTED_EDGE('',*,*,#5798,.T.);
#7611=ORIENTED_EDGE('',*,*,#7610,.F.);
#7612=ORIENTED_EDGE('',*,*,#6578,.T.);
#7613=EDGE_LOOP('',(#7601,#7602,#7603,#7604,#7606,#7608,#7609,#7611,#7612));
#7614=FACE_OUTER_BOUND('',#7613,.F.);
#7616=FILL_AREA_STYLE_COLOUR('',#19);
#7617=FILL_AREA_STYLE('',(#7616));
#7618=SURFACE_STYLE_FILL_AREA(#7617);
#7619=SURFACE_SIDE_STYLE('',(#7618));
#7620=SURFACE_STYLE_USAGE(.BOTH.,#7619);
#7621=PRESENTATION_STYLE_ASSIGNMENT((#7620));
#7622=STYLED_ITEM('',(#7621),#7615);
#7623=CARTESIAN_POINT('',(7.9E0,1.095E1,1.155E1));
#7624=DIRECTION('',(0.E0,0.E0,1.E0));
#7625=DIRECTION('',(1.E0,0.E0,0.E0));
#7626=AXIS2_PLACEMENT_3D('',#7623,#7624,#7625);
#7627=PLANE('',#7626);
#7629=ORIENTED_EDGE('',*,*,#7628,.F.);
#7630=ORIENTED_EDGE('',*,*,#7605,.F.);
#7631=ORIENTED_EDGE('',*,*,#6793,.T.);
#7632=ORIENTED_EDGE('',*,*,#7568,.T.);
#7633=EDGE_LOOP('',(#7629,#7630,#7631,#7632));
#7634=FACE_OUTER_BOUND('',#7633,.F.);
#7636=FILL_AREA_STYLE_COLOUR('',#19);
#7637=FILL_AREA_STYLE('',(#7636));
#7638=SURFACE_STYLE_FILL_AREA(#7637);
#7639=SURFACE_SIDE_STYLE('',(#7638));
#7640=SURFACE_STYLE_USAGE(.BOTH.,#7639);
#7641=PRESENTATION_STYLE_ASSIGNMENT((#7640));
#7642=STYLED_ITEM('',(#7641),#7635);
#7643=CARTESIAN_POINT('',(7.9E0,1.01E1,1.18E1));
#7644=DIRECTION('',(0.E0,1.E0,0.E0));
#7645=DIRECTION('',(0.E0,0.E0,1.E0));
#7646=AXIS2_PLACEMENT_3D('',#7643,#7644,#7645);
#7647=PLANE('',#7646);
#7648=ORIENTED_EDGE('',*,*,#7628,.T.);
#7649=ORIENTED_EDGE('',*,*,#7566,.T.);
#7650=ORIENTED_EDGE('',*,*,#5800,.T.);
#7651=ORIENTED_EDGE('',*,*,#7607,.F.);
#7652=EDGE_LOOP('',(#7648,#7649,#7650,#7651));
#7653=FACE_OUTER_BOUND('',#7652,.F.);
#7655=FILL_AREA_STYLE_COLOUR('',#19);
#7656=FILL_AREA_STYLE('',(#7655));
#7657=SURFACE_STYLE_FILL_AREA(#7656);
#7658=SURFACE_SIDE_STYLE('',(#7657));
#7659=SURFACE_STYLE_USAGE(.BOTH.,#7658);
#7660=PRESENTATION_STYLE_ASSIGNMENT((#7659));
#7661=STYLED_ITEM('',(#7660),#7654);
#7662=CARTESIAN_POINT('',(0.E0,1.11E1,1.24E1));
#7663=DIRECTION('',(0.E0,1.E0,0.E0));
#7664=DIRECTION('',(-1.E0,0.E0,0.E0));
#7665=AXIS2_PLACEMENT_3D('',#7662,#7663,#7664);
#7666=PLANE('',#7665);
#7667=ORIENTED_EDGE('',*,*,#6580,.F.);
#7668=ORIENTED_EDGE('',*,*,#7610,.T.);
#7669=ORIENTED_EDGE('',*,*,#5796,.T.);
#7670=ORIENTED_EDGE('',*,*,#6612,.T.);
#7671=EDGE_LOOP('',(#7667,#7668,#7669,#7670));
#7672=FACE_OUTER_BOUND('',#7671,.F.);
#7674=FILL_AREA_STYLE_COLOUR('',#19);
#7675=FILL_AREA_STYLE('',(#7674));
#7676=SURFACE_STYLE_FILL_AREA(#7675);
#7677=SURFACE_SIDE_STYLE('',(#7676));
#7678=SURFACE_STYLE_USAGE(.BOTH.,#7677);
#7679=PRESENTATION_STYLE_ASSIGNMENT((#7678));
#7680=STYLED_ITEM('',(#7679),#7673);
#7681=CARTESIAN_POINT('',(2.475E1,7.E-1,1.205E1));
#7682=DIRECTION('',(1.E0,0.E0,2.229999296333E-9));
#7683=DIRECTION('',(-2.229999296333E-9,0.E0,1.E0));
#7684=AXIS2_PLACEMENT_3D('',#7681,#7682,#7683);
#7685=SPHERICAL_SURFACE('',#7684,7.E-1);
#7686=ORIENTED_EDGE('',*,*,#7484,.T.);
#7688=ORIENTED_EDGE('',*,*,#7687,.T.);
#7690=ORIENTED_EDGE('',*,*,#7689,.T.);
#7691=EDGE_LOOP('',(#7686,#7688,#7690));
#7692=FACE_OUTER_BOUND('',#7691,.F.);
#7694=FILL_AREA_STYLE_COLOUR('',#19);
#7695=FILL_AREA_STYLE('',(#7694));
#7696=SURFACE_STYLE_FILL_AREA(#7695);
#7697=SURFACE_SIDE_STYLE('',(#7696));
#7698=SURFACE_STYLE_USAGE(.BOTH.,#7697);
#7699=PRESENTATION_STYLE_ASSIGNMENT((#7698));
#7700=STYLED_ITEM('',(#7699),#7693);
#7701=CARTESIAN_POINT('',(2.475E1,7.E-1,-1.253199999998E1));
#7702=DIRECTION('',(0.E0,0.E0,1.E0));
#7703=DIRECTION('',(0.E0,-1.E0,0.E0));
#7704=AXIS2_PLACEMENT_3D('',#7701,#7702,#7703);
#7705=CYLINDRICAL_SURFACE('',#7704,7.E-1);
#7707=ORIENTED_EDGE('',*,*,#7706,.T.);
#7708=ORIENTED_EDGE('',*,*,#7687,.F.);
#7709=ORIENTED_EDGE('',*,*,#7463,.T.);
#7711=ORIENTED_EDGE('',*,*,#7710,.F.);
#7712=EDGE_LOOP('',(#7707,#7708,#7709,#7711));
#7713=FACE_OUTER_BOUND('',#7712,.F.);
#7715=FILL_AREA_STYLE_COLOUR('',#19);
#7716=FILL_AREA_STYLE('',(#7715));
#7717=SURFACE_STYLE_FILL_AREA(#7716);
#7718=SURFACE_SIDE_STYLE('',(#7717));
#7719=SURFACE_STYLE_USAGE(.BOTH.,#7718);
#7720=PRESENTATION_STYLE_ASSIGNMENT((#7719));
#7721=STYLED_ITEM('',(#7720),#7714);
#7722=CARTESIAN_POINT('',(0.E0,0.E0,-1.734501431372E-10));
#7723=DIRECTION('',(0.E0,1.E0,0.E0));
#7724=DIRECTION('',(1.E0,0.E0,0.E0));
#7725=AXIS2_PLACEMENT_3D('',#7722,#7723,#7724);
#7726=PLANE('',#7725);
#7728=ORIENTED_EDGE('',*,*,#7727,.F.);
#7730=ORIENTED_EDGE('',*,*,#7729,.F.);
#7732=ORIENTED_EDGE('',*,*,#7731,.F.);
#7733=ORIENTED_EDGE('',*,*,#7706,.F.);
#7734=EDGE_LOOP('',(#7728,#7730,#7732,#7733));
#7735=FACE_OUTER_BOUND('',#7734,.F.);
#7737=FILL_AREA_STYLE_COLOUR('',#19);
#7738=FILL_AREA_STYLE('',(#7737));
#7739=SURFACE_STYLE_FILL_AREA(#7738);
#7740=SURFACE_SIDE_STYLE('',(#7739));
#7741=SURFACE_STYLE_USAGE(.BOTH.,#7740);
#7742=PRESENTATION_STYLE_ASSIGNMENT((#7741));
#7743=STYLED_ITEM('',(#7742),#7736);
#7744=CARTESIAN_POINT('',(-2.574E1,7.E-1,-1.205E1));
#7745=DIRECTION('',(1.E0,0.E0,0.E0));
#7746=DIRECTION('',(0.E0,-1.E0,0.E0));
#7747=AXIS2_PLACEMENT_3D('',#7744,#7745,#7746);
#7748=CYLINDRICAL_SURFACE('',#7747,7.E-1);
#7749=ORIENTED_EDGE('',*,*,#7727,.T.);
#7751=ORIENTED_EDGE('',*,*,#7750,.F.);
#7752=ORIENTED_EDGE('',*,*,#7003,.T.);
#7754=ORIENTED_EDGE('',*,*,#7753,.F.);
#7755=EDGE_LOOP('',(#7749,#7751,#7752,#7754));
#7756=FACE_OUTER_BOUND('',#7755,.F.);
#7758=FILL_AREA_STYLE_COLOUR('',#19);
#7759=FILL_AREA_STYLE('',(#7758));
#7760=SURFACE_STYLE_FILL_AREA(#7759);
#7761=SURFACE_SIDE_STYLE('',(#7760));
#7762=SURFACE_STYLE_USAGE(.BOTH.,#7761);
#7763=PRESENTATION_STYLE_ASSIGNMENT((#7762));
#7764=STYLED_ITEM('',(#7763),#7757);
#7765=CARTESIAN_POINT('',(2.475E1,7.E-1,-1.205E1));
#7766=DIRECTION('',(1.E0,0.E0,0.E0));
#7767=DIRECTION('',(0.E0,0.E0,1.E0));
#7768=AXIS2_PLACEMENT_3D('',#7765,#7766,#7767);
#7769=SPHERICAL_SURFACE('',#7768,7.E-1);
#7770=ORIENTED_EDGE('',*,*,#7441,.T.);
#7771=ORIENTED_EDGE('',*,*,#7750,.T.);
#7772=ORIENTED_EDGE('',*,*,#7710,.T.);
#7773=EDGE_LOOP('',(#7770,#7771,#7772));
#7774=FACE_OUTER_BOUND('',#7773,.F.);
#7776=FILL_AREA_STYLE_COLOUR('',#19);
#7777=FILL_AREA_STYLE('',(#7776));
#7778=SURFACE_STYLE_FILL_AREA(#7777);
#7779=SURFACE_SIDE_STYLE('',(#7778));
#7780=SURFACE_STYLE_USAGE(.BOTH.,#7779);
#7781=PRESENTATION_STYLE_ASSIGNMENT((#7780));
#7782=STYLED_ITEM('',(#7781),#7775);
#7783=CARTESIAN_POINT('',(-2.475E1,7.E-1,-1.205E1));
#7784=DIRECTION('',(-1.E0,0.E0,0.E0));
#7785=DIRECTION('',(0.E0,0.E0,-1.E0));
#7786=AXIS2_PLACEMENT_3D('',#7783,#7784,#7785);
#7787=SPHERICAL_SURFACE('',#7786,7.E-1);
#7788=ORIENTED_EDGE('',*,*,#6977,.T.);
#7790=ORIENTED_EDGE('',*,*,#7789,.T.);
#7791=ORIENTED_EDGE('',*,*,#7753,.T.);
#7792=EDGE_LOOP('',(#7788,#7790,#7791));
#7793=FACE_OUTER_BOUND('',#7792,.F.);
#7795=FILL_AREA_STYLE_COLOUR('',#19);
#7796=FILL_AREA_STYLE('',(#7795));
#7797=SURFACE_STYLE_FILL_AREA(#7796);
#7798=SURFACE_SIDE_STYLE('',(#7797));
#7799=SURFACE_STYLE_USAGE(.BOTH.,#7798);
#7800=PRESENTATION_STYLE_ASSIGNMENT((#7799));
#7801=STYLED_ITEM('',(#7800),#7794);
#7802=CARTESIAN_POINT('',(-2.475E1,7.E-1,1.2532E1));
#7803=DIRECTION('',(0.E0,0.E0,-1.E0));
#7804=DIRECTION('',(0.E0,-1.E0,0.E0));
#7805=AXIS2_PLACEMENT_3D('',#7802,#7803,#7804);
#7806=CYLINDRICAL_SURFACE('',#7805,7.E-1);
#7807=ORIENTED_EDGE('',*,*,#7729,.T.);
#7808=ORIENTED_EDGE('',*,*,#7789,.F.);
#7809=ORIENTED_EDGE('',*,*,#6955,.T.);
#7811=ORIENTED_EDGE('',*,*,#7810,.F.);
#7812=EDGE_LOOP('',(#7807,#7808,#7809,#7811));
#7813=FACE_OUTER_BOUND('',#7812,.F.);
#7815=FILL_AREA_STYLE_COLOUR('',#19);
#7816=FILL_AREA_STYLE('',(#7815));
#7817=SURFACE_STYLE_FILL_AREA(#7816);
#7818=SURFACE_SIDE_STYLE('',(#7817));
#7819=SURFACE_STYLE_USAGE(.BOTH.,#7818);
#7820=PRESENTATION_STYLE_ASSIGNMENT((#7819));
#7821=STYLED_ITEM('',(#7820),#7814);
#7822=CARTESIAN_POINT('',(-2.475E1,7.E-1,1.205E1));
#7823=DIRECTION('',(-1.E0,0.E0,0.E0));
#7824=DIRECTION('',(0.E0,0.E0,-1.E0));
#7825=AXIS2_PLACEMENT_3D('',#7822,#7823,#7824);
#7826=SPHERICAL_SURFACE('',#7825,7.E-1);
#7827=ORIENTED_EDGE('',*,*,#6933,.T.);
#7829=ORIENTED_EDGE('',*,*,#7828,.T.);
#7830=ORIENTED_EDGE('',*,*,#7810,.T.);
#7831=EDGE_LOOP('',(#7827,#7829,#7830));
#7832=FACE_OUTER_BOUND('',#7831,.F.);
#7834=FILL_AREA_STYLE_COLOUR('',#19);
#7835=FILL_AREA_STYLE('',(#7834));
#7836=SURFACE_STYLE_FILL_AREA(#7835);
#7837=SURFACE_SIDE_STYLE('',(#7836));
#7838=SURFACE_STYLE_USAGE(.BOTH.,#7837);
#7839=PRESENTATION_STYLE_ASSIGNMENT((#7838));
#7840=STYLED_ITEM('',(#7839),#7833);
#7841=CARTESIAN_POINT('',(2.573999999897E1,7.E-1,1.205E1));
#7842=DIRECTION('',(-1.E0,0.E0,0.E0));
#7843=DIRECTION('',(0.E0,-1.E0,0.E0));
#7844=AXIS2_PLACEMENT_3D('',#7841,#7842,#7843);
#7845=CYLINDRICAL_SURFACE('',#7844,7.E-1);
#7846=ORIENTED_EDGE('',*,*,#7731,.T.);
#7847=ORIENTED_EDGE('',*,*,#7828,.F.);
#7848=ORIENTED_EDGE('',*,*,#6699,.T.);
#7849=ORIENTED_EDGE('',*,*,#7689,.F.);
#7850=EDGE_LOOP('',(#7846,#7847,#7848,#7849));
#7851=FACE_OUTER_BOUND('',#7850,.F.);
#7853=FILL_AREA_STYLE_COLOUR('',#19);
#7854=FILL_AREA_STYLE('',(#7853));
#7855=SURFACE_STYLE_FILL_AREA(#7854);
#7856=SURFACE_SIDE_STYLE('',(#7855));
#7857=SURFACE_STYLE_USAGE(.BOTH.,#7856);
#7858=PRESENTATION_STYLE_ASSIGNMENT((#7857));
#7859=STYLED_ITEM('',(#7858),#7852);
#7860=CARTESIAN_POINT('',(-7.9E0,1.01E1,-1.18E1));
#7861=DIRECTION('',(0.E0,1.E0,0.E0));
#7862=DIRECTION('',(0.E0,0.E0,1.E0));
#7863=AXIS2_PLACEMENT_3D('',#7860,#7861,#7862);
#7864=PLANE('',#7863);
#7866=ORIENTED_EDGE('',*,*,#7865,.T.);
#7867=ORIENTED_EDGE('',*,*,#7104,.T.);
#7868=ORIENTED_EDGE('',*,*,#7209,.T.);
#7869=ORIENTED_EDGE('',*,*,#7060,.F.);
#7870=EDGE_LOOP('',(#7866,#7867,#7868,#7869));
#7871=FACE_OUTER_BOUND('',#7870,.F.);
#7873=FILL_AREA_STYLE_COLOUR('',#19);
#7874=FILL_AREA_STYLE('',(#7873));
#7875=SURFACE_STYLE_FILL_AREA(#7874);
#7876=SURFACE_SIDE_STYLE('',(#7875));
#7877=SURFACE_STYLE_USAGE(.BOTH.,#7876);
#7878=PRESENTATION_STYLE_ASSIGNMENT((#7877));
#7879=STYLED_ITEM('',(#7878),#7872);
#7880=CARTESIAN_POINT('',(-7.9E0,1.095E1,-1.155E1));
#7881=DIRECTION('',(0.E0,0.E0,1.E0));
#7882=DIRECTION('',(-1.E0,0.E0,0.E0));
#7883=AXIS2_PLACEMENT_3D('',#7880,#7881,#7882);
#7884=PLANE('',#7883);
#7885=ORIENTED_EDGE('',*,*,#7865,.F.);
#7886=ORIENTED_EDGE('',*,*,#7058,.F.);
#7887=ORIENTED_EDGE('',*,*,#6769,.T.);
#7888=ORIENTED_EDGE('',*,*,#7106,.T.);
#7889=EDGE_LOOP('',(#7885,#7886,#7887,#7888));
#7890=FACE_OUTER_BOUND('',#7889,.F.);
#7892=FILL_AREA_STYLE_COLOUR('',#19);
#7893=FILL_AREA_STYLE('',(#7892));
#7894=SURFACE_STYLE_FILL_AREA(#7893);
#7895=SURFACE_SIDE_STYLE('',(#7894));
#7896=SURFACE_STYLE_USAGE(.BOTH.,#7895);
#7897=PRESENTATION_STYLE_ASSIGNMENT((#7896));
#7898=STYLED_ITEM('',(#7897),#7891);
#7899=CARTESIAN_POINT('',(-1.7225E1,1.11E1,0.E0));
#7900=DIRECTION('',(0.E0,1.E0,0.E0));
#7901=DIRECTION('',(-1.E0,0.E0,0.E0));
#7902=AXIS2_PLACEMENT_3D('',#7899,#7900,#7901);
#7903=PLANE('',#7902);
#7904=ORIENTED_EDGE('',*,*,#6565,.T.);
#7905=ORIENTED_EDGE('',*,*,#6666,.F.);
#7906=ORIENTED_EDGE('',*,*,#5788,.T.);
#7908=ORIENTED_EDGE('',*,*,#7907,.T.);
#7909=ORIENTED_EDGE('',*,*,#5905,.T.);
#7911=ORIENTED_EDGE('',*,*,#7910,.T.);
#7912=ORIENTED_EDGE('',*,*,#7212,.T.);
#7913=ORIENTED_EDGE('',*,*,#7100,.F.);
#7914=ORIENTED_EDGE('',*,*,#7145,.F.);
#7916=ORIENTED_EDGE('',*,*,#7915,.T.);
#7918=ORIENTED_EDGE('',*,*,#7917,.F.);
#7920=ORIENTED_EDGE('',*,*,#7919,.T.);
#7921=EDGE_LOOP('',(#7904,#7905,#7906,#7908,#7909,#7911,#7912,#7913,#7914,#7916,
#7918,#7920));
#7922=FACE_OUTER_BOUND('',#7921,.F.);
#7924=FILL_AREA_STYLE_COLOUR('',#19);
#7925=FILL_AREA_STYLE('',(#7924));
#7926=SURFACE_STYLE_FILL_AREA(#7925);
#7927=SURFACE_SIDE_STYLE('',(#7926));
#7928=SURFACE_STYLE_USAGE(.BOTH.,#7927);
#7929=PRESENTATION_STYLE_ASSIGNMENT((#7928));
#7930=STYLED_ITEM('',(#7929),#7923);
#7931=CARTESIAN_POINT('',(-2.425E1,9.331523516445E0,1.155E1));
#7932=DIRECTION('',(0.E0,1.E0,0.E0));
#7933=DIRECTION('',(-1.E0,0.E0,0.E0));
#7934=AXIS2_PLACEMENT_3D('',#7931,#7932,#7933);
#7935=CYLINDRICAL_SURFACE('',#7934,5.E-1);
#7936=ORIENTED_EDGE('',*,*,#5867,.F.);
#7937=ORIENTED_EDGE('',*,*,#5907,.T.);
#7938=ORIENTED_EDGE('',*,*,#7907,.F.);
#7939=ORIENTED_EDGE('',*,*,#5786,.T.);
#7940=EDGE_LOOP('',(#7936,#7937,#7938,#7939));
#7941=FACE_OUTER_BOUND('',#7940,.F.);
#7943=FILL_AREA_STYLE_COLOUR('',#19);
#7944=FILL_AREA_STYLE('',(#7943));
#7945=SURFACE_STYLE_FILL_AREA(#7944);
#7946=SURFACE_SIDE_STYLE('',(#7945));
#7947=SURFACE_STYLE_USAGE(.BOTH.,#7946);
#7948=PRESENTATION_STYLE_ASSIGNMENT((#7947));
#7949=STYLED_ITEM('',(#7948),#7942);
#7950=CARTESIAN_POINT('',(-2.425E1,1.116847648355E1,-1.155E1));
#7951=DIRECTION('',(0.E0,-1.E0,0.E0));
#7952=DIRECTION('',(-1.E0,0.E0,0.E0));
#7953=AXIS2_PLACEMENT_3D('',#7950,#7951,#7952);
#7954=CYLINDRICAL_SURFACE('',#7953,5.E-1);
#7955=ORIENTED_EDGE('',*,*,#6083,.F.);
#7956=ORIENTED_EDGE('',*,*,#7214,.T.);
#7957=ORIENTED_EDGE('',*,*,#7910,.F.);
#7958=ORIENTED_EDGE('',*,*,#5903,.T.);
#7959=EDGE_LOOP('',(#7955,#7956,#7957,#7958));
#7960=FACE_OUTER_BOUND('',#7959,.F.);
#7962=FILL_AREA_STYLE_COLOUR('',#19);
#7963=FILL_AREA_STYLE('',(#7962));
#7964=SURFACE_STYLE_FILL_AREA(#7963);
#7965=SURFACE_SIDE_STYLE('',(#7964));
#7966=SURFACE_STYLE_USAGE(.BOTH.,#7965);
#7967=PRESENTATION_STYLE_ASSIGNMENT((#7966));
#7968=STYLED_ITEM('',(#7967),#7961);
#7969=CARTESIAN_POINT('',(-2.475E1,4.92E-1,-1.205E1));
#7970=DIRECTION('',(0.E0,1.E0,0.E0));
#7971=DIRECTION('',(0.E0,0.E0,-1.E0));
#7972=AXIS2_PLACEMENT_3D('',#7969,#7970,#7971);
#7973=CYLINDRICAL_SURFACE('',#7972,5.E-2);
#7974=ORIENTED_EDGE('',*,*,#7915,.F.);
#7975=ORIENTED_EDGE('',*,*,#7143,.T.);
#7977=ORIENTED_EDGE('',*,*,#7976,.F.);
#7979=ORIENTED_EDGE('',*,*,#7978,.T.);
#7980=EDGE_LOOP('',(#7974,#7975,#7977,#7979));
#7981=FACE_OUTER_BOUND('',#7980,.F.);
#7983=FILL_AREA_STYLE_COLOUR('',#19);
#7984=FILL_AREA_STYLE('',(#7983));
#7985=SURFACE_STYLE_FILL_AREA(#7984);
#7986=SURFACE_SIDE_STYLE('',(#7985));
#7987=SURFACE_STYLE_USAGE(.BOTH.,#7986);
#7988=PRESENTATION_STYLE_ASSIGNMENT((#7987));
#7989=STYLED_ITEM('',(#7988),#7982);
#7990=CARTESIAN_POINT('',(-2.475E1,7.E-1,-1.205E1));
#7991=DIRECTION('',(0.E0,-1.E0,0.E0));
#7992=DIRECTION('',(-7.071067759337E-1,0.E0,-7.071067864394E-1));
#7993=AXIS2_PLACEMENT_3D('',#7990,#7991,#7992);
#7994=SPHERICAL_SURFACE('',#7993,5.E-2);
#7995=ORIENTED_EDGE('',*,*,#7976,.T.);
#7997=ORIENTED_EDGE('',*,*,#7996,.T.);
#7999=ORIENTED_EDGE('',*,*,#7998,.T.);
#8000=EDGE_LOOP('',(#7995,#7997,#7999));
#8001=FACE_OUTER_BOUND('',#8000,.F.);
#8003=FILL_AREA_STYLE_COLOUR('',#19);
#8004=FILL_AREA_STYLE('',(#8003));
#8005=SURFACE_STYLE_FILL_AREA(#8004);
#8006=SURFACE_SIDE_STYLE('',(#8005));
#8007=SURFACE_STYLE_USAGE(.BOTH.,#8006);
#8008=PRESENTATION_STYLE_ASSIGNMENT((#8007));
#8009=STYLED_ITEM('',(#8008),#8002);
#8010=CARTESIAN_POINT('',(-2.574E1,7.E-1,-1.205E1));
#8011=DIRECTION('',(1.E0,0.E0,0.E0));
#8012=DIRECTION('',(0.E0,-1.E0,0.E0));
#8013=AXIS2_PLACEMENT_3D('',#8010,#8011,#8012);
#8014=CYLINDRICAL_SURFACE('',#8013,5.E-2);
#8016=ORIENTED_EDGE('',*,*,#8015,.T.);
#8017=ORIENTED_EDGE('',*,*,#7996,.F.);
#8018=ORIENTED_EDGE('',*,*,#7141,.T.);
#8020=ORIENTED_EDGE('',*,*,#8019,.F.);
#8021=EDGE_LOOP('',(#8016,#8017,#8018,#8020));
#8022=FACE_OUTER_BOUND('',#8021,.F.);
#8024=FILL_AREA_STYLE_COLOUR('',#19);
#8025=FILL_AREA_STYLE('',(#8024));
#8026=SURFACE_STYLE_FILL_AREA(#8025);
#8027=SURFACE_SIDE_STYLE('',(#8026));
#8028=SURFACE_STYLE_USAGE(.BOTH.,#8027);
#8029=PRESENTATION_STYLE_ASSIGNMENT((#8028));
#8030=STYLED_ITEM('',(#8029),#8023);
#8031=CARTESIAN_POINT('',(0.E0,6.5E-1,0.E0));
#8032=DIRECTION('',(0.E0,1.E0,0.E0));
#8033=DIRECTION('',(1.E0,0.E0,0.E0));
#8034=AXIS2_PLACEMENT_3D('',#8031,#8032,#8033);
#8035=PLANE('',#8034);
#8036=ORIENTED_EDGE('',*,*,#8015,.F.);
#8038=ORIENTED_EDGE('',*,*,#8037,.F.);
#8040=ORIENTED_EDGE('',*,*,#8039,.F.);
#8042=ORIENTED_EDGE('',*,*,#8041,.F.);
#8043=EDGE_LOOP('',(#8036,#8038,#8040,#8042));
#8044=FACE_OUTER_BOUND('',#8043,.F.);
#8046=FILL_AREA_STYLE_COLOUR('',#19);
#8047=FILL_AREA_STYLE('',(#8046));
#8048=SURFACE_STYLE_FILL_AREA(#8047);
#8049=SURFACE_SIDE_STYLE('',(#8048));
#8050=SURFACE_STYLE_USAGE(.BOTH.,#8049);
#8051=PRESENTATION_STYLE_ASSIGNMENT((#8050));
#8052=STYLED_ITEM('',(#8051),#8045);
#8053=CARTESIAN_POINT('',(2.475E1,7.E-1,-1.2532E1));
#8054=DIRECTION('',(0.E0,0.E0,1.E0));
#8055=DIRECTION('',(0.E0,-1.E0,0.E0));
#8056=AXIS2_PLACEMENT_3D('',#8053,#8054,#8055);
#8057=CYLINDRICAL_SURFACE('',#8056,5.E-2);
#8058=ORIENTED_EDGE('',*,*,#8037,.T.);
#8060=ORIENTED_EDGE('',*,*,#8059,.F.);
#8062=ORIENTED_EDGE('',*,*,#8061,.T.);
#8064=ORIENTED_EDGE('',*,*,#8063,.F.);
#8065=EDGE_LOOP('',(#8058,#8060,#8062,#8064));
#8066=FACE_OUTER_BOUND('',#8065,.F.);
#8068=FILL_AREA_STYLE_COLOUR('',#19);
#8069=FILL_AREA_STYLE('',(#8068));
#8070=SURFACE_STYLE_FILL_AREA(#8069);
#8071=SURFACE_SIDE_STYLE('',(#8070));
#8072=SURFACE_STYLE_USAGE(.BOTH.,#8071);
#8073=PRESENTATION_STYLE_ASSIGNMENT((#8072));
#8074=STYLED_ITEM('',(#8073),#8067);
#8075=CARTESIAN_POINT('',(2.475E1,7.E-1,-1.205E1));
#8076=DIRECTION('',(0.E0,-1.E0,0.E0));
#8077=DIRECTION('',(7.071067759337E-1,0.E0,-7.071067864394E-1));
#8078=AXIS2_PLACEMENT_3D('',#8075,#8076,#8077);
#8079=SPHERICAL_SURFACE('',#8078,5.E-2);
#8081=ORIENTED_EDGE('',*,*,#8080,.T.);
#8082=ORIENTED_EDGE('',*,*,#8059,.T.);
#8083=ORIENTED_EDGE('',*,*,#8019,.T.);
#8084=EDGE_LOOP('',(#8081,#8082,#8083));
#8085=FACE_OUTER_BOUND('',#8084,.F.);
#8087=FILL_AREA_STYLE_COLOUR('',#19);
#8088=FILL_AREA_STYLE('',(#8087));
#8089=SURFACE_STYLE_FILL_AREA(#8088);
#8090=SURFACE_SIDE_STYLE('',(#8089));
#8091=SURFACE_STYLE_USAGE(.BOTH.,#8090);
#8092=PRESENTATION_STYLE_ASSIGNMENT((#8091));
#8093=STYLED_ITEM('',(#8092),#8086);
#8094=CARTESIAN_POINT('',(2.475E1,1.1308E1,-1.205E1));
#8095=DIRECTION('',(0.E0,-1.E0,0.E0));
#8096=DIRECTION('',(0.E0,0.E0,-1.E0));
#8097=AXIS2_PLACEMENT_3D('',#8094,#8095,#8096);
#8098=CYLINDRICAL_SURFACE('',#8097,5.E-2);
#8099=ORIENTED_EDGE('',*,*,#6529,.F.);
#8101=ORIENTED_EDGE('',*,*,#8100,.T.);
#8102=ORIENTED_EDGE('',*,*,#8080,.F.);
#8103=ORIENTED_EDGE('',*,*,#7139,.T.);
#8104=EDGE_LOOP('',(#8099,#8101,#8102,#8103));
#8105=FACE_OUTER_BOUND('',#8104,.F.);
#8107=FILL_AREA_STYLE_COLOUR('',#19);
#8108=FILL_AREA_STYLE('',(#8107));
#8109=SURFACE_STYLE_FILL_AREA(#8108);
#8110=SURFACE_SIDE_STYLE('',(#8109));
#8111=SURFACE_STYLE_USAGE(.BOTH.,#8110);
#8112=PRESENTATION_STYLE_ASSIGNMENT((#8111));
#8113=STYLED_ITEM('',(#8112),#8106);
#8114=CARTESIAN_POINT('',(2.48E1,5.9E0,8.679990060045E-11));
#8115=DIRECTION('',(1.E0,0.E0,0.E0));
#8116=DIRECTION('',(0.E0,1.E0,0.E0));
#8117=AXIS2_PLACEMENT_3D('',#8114,#8115,#8116);
#8118=PLANE('',#8117);
#8119=ORIENTED_EDGE('',*,*,#6527,.T.);
#8121=ORIENTED_EDGE('',*,*,#8120,.F.);
#8122=ORIENTED_EDGE('',*,*,#8061,.F.);
#8123=ORIENTED_EDGE('',*,*,#8100,.F.);
#8124=EDGE_LOOP('',(#8119,#8121,#8122,#8123));
#8125=FACE_OUTER_BOUND('',#8124,.F.);
#8127=FILL_AREA_STYLE_COLOUR('',#19);
#8128=FILL_AREA_STYLE('',(#8127));
#8129=SURFACE_STYLE_FILL_AREA(#8128);
#8130=SURFACE_SIDE_STYLE('',(#8129));
#8131=SURFACE_STYLE_USAGE(.BOTH.,#8130);
#8132=PRESENTATION_STYLE_ASSIGNMENT((#8131));
#8133=STYLED_ITEM('',(#8132),#8126);
#8134=CARTESIAN_POINT('',(2.475E1,4.92E-1,1.205E1));
#8135=DIRECTION('',(0.E0,1.E0,0.E0));
#8136=DIRECTION('',(0.E0,0.E0,1.E0));
#8137=AXIS2_PLACEMENT_3D('',#8134,#8135,#8136);
#8138=CYLINDRICAL_SURFACE('',#8137,5.E-2);
#8139=ORIENTED_EDGE('',*,*,#6525,.F.);
#8140=ORIENTED_EDGE('',*,*,#6571,.T.);
#8142=ORIENTED_EDGE('',*,*,#8141,.F.);
#8143=ORIENTED_EDGE('',*,*,#8120,.T.);
#8144=EDGE_LOOP('',(#8139,#8140,#8142,#8143));
#8145=FACE_OUTER_BOUND('',#8144,.F.);
#8147=FILL_AREA_STYLE_COLOUR('',#19);
#8148=FILL_AREA_STYLE('',(#8147));
#8149=SURFACE_STYLE_FILL_AREA(#8148);
#8150=SURFACE_SIDE_STYLE('',(#8149));
#8151=SURFACE_STYLE_USAGE(.BOTH.,#8150);
#8152=PRESENTATION_STYLE_ASSIGNMENT((#8151));
#8153=STYLED_ITEM('',(#8152),#8146);
#8154=CARTESIAN_POINT('',(2.475E1,7.E-1,1.205E1));
#8155=DIRECTION('',(0.E0,-1.E0,0.E0));
#8156=DIRECTION('',(7.071067759337E-1,0.E0,7.071067864394E-1));
#8157=AXIS2_PLACEMENT_3D('',#8154,#8155,#8156);
#8158=SPHERICAL_SURFACE('',#8157,5.E-2);
#8159=ORIENTED_EDGE('',*,*,#8141,.T.);
#8161=ORIENTED_EDGE('',*,*,#8160,.T.);
#8162=ORIENTED_EDGE('',*,*,#8063,.T.);
#8163=EDGE_LOOP('',(#8159,#8161,#8162));
#8164=FACE_OUTER_BOUND('',#8163,.F.);
#8166=FILL_AREA_STYLE_COLOUR('',#19);
#8167=FILL_AREA_STYLE('',(#8166));
#8168=SURFACE_STYLE_FILL_AREA(#8167);
#8169=SURFACE_SIDE_STYLE('',(#8168));
#8170=SURFACE_STYLE_USAGE(.BOTH.,#8169);
#8171=PRESENTATION_STYLE_ASSIGNMENT((#8170));
#8172=STYLED_ITEM('',(#8171),#8165);
#8173=CARTESIAN_POINT('',(2.574E1,7.E-1,1.205E1));
#8174=DIRECTION('',(-1.E0,0.E0,0.E0));
#8175=DIRECTION('',(0.E0,-1.E0,0.E0));
#8176=AXIS2_PLACEMENT_3D('',#8173,#8174,#8175);
#8177=CYLINDRICAL_SURFACE('',#8176,5.E-2);
#8178=ORIENTED_EDGE('',*,*,#8039,.T.);
#8179=ORIENTED_EDGE('',*,*,#8160,.F.);
#8180=ORIENTED_EDGE('',*,*,#6569,.T.);
#8182=ORIENTED_EDGE('',*,*,#8181,.F.);
#8183=EDGE_LOOP('',(#8178,#8179,#8180,#8182));
#8184=FACE_OUTER_BOUND('',#8183,.F.);
#8186=FILL_AREA_STYLE_COLOUR('',#19);
#8187=FILL_AREA_STYLE('',(#8186));
#8188=SURFACE_STYLE_FILL_AREA(#8187);
#8189=SURFACE_SIDE_STYLE('',(#8188));
#8190=SURFACE_STYLE_USAGE(.BOTH.,#8189);
#8191=PRESENTATION_STYLE_ASSIGNMENT((#8190));
#8192=STYLED_ITEM('',(#8191),#8185);
#8193=CARTESIAN_POINT('',(-2.475E1,7.E-1,1.205E1));
#8194=DIRECTION('',(0.E0,-1.E0,0.E0));
#8195=DIRECTION('',(-7.071067759337E-1,0.E0,7.071067864394E-1));
#8196=AXIS2_PLACEMENT_3D('',#8193,#8194,#8195);
#8197=SPHERICAL_SURFACE('',#8196,5.E-2);
#8199=ORIENTED_EDGE('',*,*,#8198,.T.);
#8201=ORIENTED_EDGE('',*,*,#8200,.T.);
#8202=ORIENTED_EDGE('',*,*,#8181,.T.);
#8203=EDGE_LOOP('',(#8199,#8201,#8202));
#8204=FACE_OUTER_BOUND('',#8203,.F.);
#8206=FILL_AREA_STYLE_COLOUR('',#19);
#8207=FILL_AREA_STYLE('',(#8206));
#8208=SURFACE_STYLE_FILL_AREA(#8207);
#8209=SURFACE_SIDE_STYLE('',(#8208));
#8210=SURFACE_STYLE_USAGE(.BOTH.,#8209);
#8211=PRESENTATION_STYLE_ASSIGNMENT((#8210));
#8212=STYLED_ITEM('',(#8211),#8205);
#8213=CARTESIAN_POINT('',(-2.475E1,1.1308E1,1.205E1));
#8214=DIRECTION('',(0.E0,-1.E0,0.E0));
#8215=DIRECTION('',(0.E0,0.E0,1.E0));
#8216=AXIS2_PLACEMENT_3D('',#8213,#8214,#8215);
#8217=CYLINDRICAL_SURFACE('',#8216,5.E-2);
#8218=ORIENTED_EDGE('',*,*,#7919,.F.);
#8220=ORIENTED_EDGE('',*,*,#8219,.T.);
#8221=ORIENTED_EDGE('',*,*,#8198,.F.);
#8222=ORIENTED_EDGE('',*,*,#6567,.T.);
#8223=EDGE_LOOP('',(#8218,#8220,#8221,#8222));
#8224=FACE_OUTER_BOUND('',#8223,.F.);
#8226=FILL_AREA_STYLE_COLOUR('',#19);
#8227=FILL_AREA_STYLE('',(#8226));
#8228=SURFACE_STYLE_FILL_AREA(#8227);
#8229=SURFACE_SIDE_STYLE('',(#8228));
#8230=SURFACE_STYLE_USAGE(.BOTH.,#8229);
#8231=PRESENTATION_STYLE_ASSIGNMENT((#8230));
#8232=STYLED_ITEM('',(#8231),#8225);
#8233=CARTESIAN_POINT('',(-2.48E1,5.9E0,-8.320100164383E-11));
#8234=DIRECTION('',(1.E0,0.E0,0.E0));
#8235=DIRECTION('',(0.E0,-1.E0,0.E0));
#8236=AXIS2_PLACEMENT_3D('',#8233,#8234,#8235);
#8237=PLANE('',#8236);
#8238=ORIENTED_EDGE('',*,*,#7917,.T.);
#8239=ORIENTED_EDGE('',*,*,#7978,.F.);
#8241=ORIENTED_EDGE('',*,*,#8240,.F.);
#8242=ORIENTED_EDGE('',*,*,#8219,.F.);
#8243=EDGE_LOOP('',(#8238,#8239,#8241,#8242));
#8244=FACE_OUTER_BOUND('',#8243,.F.);
#8246=FILL_AREA_STYLE_COLOUR('',#19);
#8247=FILL_AREA_STYLE('',(#8246));
#8248=SURFACE_STYLE_FILL_AREA(#8247);
#8249=SURFACE_SIDE_STYLE('',(#8248));
#8250=SURFACE_STYLE_USAGE(.BOTH.,#8249);
#8251=PRESENTATION_STYLE_ASSIGNMENT((#8250));
#8252=STYLED_ITEM('',(#8251),#8245);
#8253=CARTESIAN_POINT('',(-2.475E1,7.E-1,1.2532E1));
#8254=DIRECTION('',(0.E0,0.E0,-1.E0));
#8255=DIRECTION('',(0.E0,-1.E0,0.E0));
#8256=AXIS2_PLACEMENT_3D('',#8253,#8254,#8255);
#8257=CYLINDRICAL_SURFACE('',#8256,5.E-2);
#8258=ORIENTED_EDGE('',*,*,#8041,.T.);
#8259=ORIENTED_EDGE('',*,*,#8200,.F.);
#8260=ORIENTED_EDGE('',*,*,#8240,.T.);
#8261=ORIENTED_EDGE('',*,*,#7998,.F.);
#8262=EDGE_LOOP('',(#8258,#8259,#8260,#8261));
#8263=FACE_OUTER_BOUND('',#8262,.F.);
#8265=FILL_AREA_STYLE_COLOUR('',#19);
#8266=FILL_AREA_STYLE('',(#8265));
#8267=SURFACE_STYLE_FILL_AREA(#8266);
#8268=SURFACE_SIDE_STYLE('',(#8267));
#8269=SURFACE_STYLE_USAGE(.BOTH.,#8268);
#8270=PRESENTATION_STYLE_ASSIGNMENT((#8269));
#8271=STYLED_ITEM('',(#8270),#8264);
#8272=CARTESIAN_POINT('',(-1.8E1,9.6E0,-1.211847648355E1));
#8273=DIRECTION('',(0.E0,0.E0,1.E0));
#8274=DIRECTION('',(-1.E0,0.E0,0.E0));
#8275=AXIS2_PLACEMENT_3D('',#8272,#8273,#8274);
#8276=CYLINDRICAL_SURFACE('',#8275,6.E-1);
#8277=ORIENTED_EDGE('',*,*,#7220,.F.);
#8279=ORIENTED_EDGE('',*,*,#8278,.T.);
#8280=ORIENTED_EDGE('',*,*,#5196,.F.);
#8282=ORIENTED_EDGE('',*,*,#8281,.T.);
#8283=EDGE_LOOP('',(#8277,#8279,#8280,#8282));
#8284=FACE_OUTER_BOUND('',#8283,.F.);
#8286=FILL_AREA_STYLE_COLOUR('',#19);
#8287=FILL_AREA_STYLE('',(#8286));
#8288=SURFACE_STYLE_FILL_AREA(#8287);
#8289=SURFACE_SIDE_STYLE('',(#8288));
#8290=SURFACE_STYLE_USAGE(.BOTH.,#8289);
#8291=PRESENTATION_STYLE_ASSIGNMENT((#8290));
#8292=STYLED_ITEM('',(#8291),#8285);
#8293=CARTESIAN_POINT('',(-1.8E1,9.6E0,-1.211847648355E1));
#8294=DIRECTION('',(0.E0,0.E0,1.E0));
#8295=DIRECTION('',(-1.E0,0.E0,0.E0));
#8296=AXIS2_PLACEMENT_3D('',#8293,#8294,#8295);
#8297=CYLINDRICAL_SURFACE('',#8296,6.E-1);
#8298=ORIENTED_EDGE('',*,*,#7222,.F.);
#8299=ORIENTED_EDGE('',*,*,#8281,.F.);
#8300=ORIENTED_EDGE('',*,*,#5198,.F.);
#8301=ORIENTED_EDGE('',*,*,#8278,.F.);
#8302=EDGE_LOOP('',(#8298,#8299,#8300,#8301));
#8303=FACE_OUTER_BOUND('',#8302,.F.);
#8305=FILL_AREA_STYLE_COLOUR('',#19);
#8306=FILL_AREA_STYLE('',(#8305));
#8307=SURFACE_STYLE_FILL_AREA(#8306);
#8308=SURFACE_SIDE_STYLE('',(#8307));
#8309=SURFACE_STYLE_USAGE(.BOTH.,#8308);
#8310=PRESENTATION_STYLE_ASSIGNMENT((#8309));
#8311=STYLED_ITEM('',(#8310),#8304);
#8312=CARTESIAN_POINT('',(0.E0,9.6E0,-1.211847648355E1));
#8313=DIRECTION('',(0.E0,0.E0,1.E0));
#8314=DIRECTION('',(-1.E0,0.E0,0.E0));
#8315=AXIS2_PLACEMENT_3D('',#8312,#8313,#8314);
#8316=CYLINDRICAL_SURFACE('',#8315,6.E-1);
#8317=ORIENTED_EDGE('',*,*,#7226,.F.);
#8319=ORIENTED_EDGE('',*,*,#8318,.T.);
#8320=ORIENTED_EDGE('',*,*,#5202,.F.);
#8322=ORIENTED_EDGE('',*,*,#8321,.T.);
#8323=EDGE_LOOP('',(#8317,#8319,#8320,#8322));
#8324=FACE_OUTER_BOUND('',#8323,.F.);
#8326=FILL_AREA_STYLE_COLOUR('',#19);
#8327=FILL_AREA_STYLE('',(#8326));
#8328=SURFACE_STYLE_FILL_AREA(#8327);
#8329=SURFACE_SIDE_STYLE('',(#8328));
#8330=SURFACE_STYLE_USAGE(.BOTH.,#8329);
#8331=PRESENTATION_STYLE_ASSIGNMENT((#8330));
#8332=STYLED_ITEM('',(#8331),#8325);
#8333=CARTESIAN_POINT('',(0.E0,9.6E0,-1.211847648355E1));
#8334=DIRECTION('',(0.E0,0.E0,1.E0));
#8335=DIRECTION('',(-1.E0,0.E0,0.E0));
#8336=AXIS2_PLACEMENT_3D('',#8333,#8334,#8335);
#8337=CYLINDRICAL_SURFACE('',#8336,6.E-1);
#8338=ORIENTED_EDGE('',*,*,#7228,.F.);
#8339=ORIENTED_EDGE('',*,*,#8321,.F.);
#8340=ORIENTED_EDGE('',*,*,#5204,.F.);
#8341=ORIENTED_EDGE('',*,*,#8318,.F.);
#8342=EDGE_LOOP('',(#8338,#8339,#8340,#8341));
#8343=FACE_OUTER_BOUND('',#8342,.F.);
#8345=FILL_AREA_STYLE_COLOUR('',#19);
#8346=FILL_AREA_STYLE('',(#8345));
#8347=SURFACE_STYLE_FILL_AREA(#8346);
#8348=SURFACE_SIDE_STYLE('',(#8347));
#8349=SURFACE_STYLE_USAGE(.BOTH.,#8348);
#8350=PRESENTATION_STYLE_ASSIGNMENT((#8349));
#8351=STYLED_ITEM('',(#8350),#8344);
#8352=CARTESIAN_POINT('',(1.8E1,9.6E0,-1.211847648355E1));
#8353=DIRECTION('',(0.E0,0.E0,1.E0));
#8354=DIRECTION('',(-1.E0,0.E0,0.E0));
#8355=AXIS2_PLACEMENT_3D('',#8352,#8353,#8354);
#8356=CYLINDRICAL_SURFACE('',#8355,6.E-1);
#8357=ORIENTED_EDGE('',*,*,#7232,.F.);
#8359=ORIENTED_EDGE('',*,*,#8358,.T.);
#8360=ORIENTED_EDGE('',*,*,#5208,.F.);
#8362=ORIENTED_EDGE('',*,*,#8361,.T.);
#8363=EDGE_LOOP('',(#8357,#8359,#8360,#8362));
#8364=FACE_OUTER_BOUND('',#8363,.F.);
#8366=FILL_AREA_STYLE_COLOUR('',#19);
#8367=FILL_AREA_STYLE('',(#8366));
#8368=SURFACE_STYLE_FILL_AREA(#8367);
#8369=SURFACE_SIDE_STYLE('',(#8368));
#8370=SURFACE_STYLE_USAGE(.BOTH.,#8369);
#8371=PRESENTATION_STYLE_ASSIGNMENT((#8370));
#8372=STYLED_ITEM('',(#8371),#8365);
#8373=CARTESIAN_POINT('',(1.8E1,9.6E0,-1.211847648355E1));
#8374=DIRECTION('',(0.E0,0.E0,1.E0));
#8375=DIRECTION('',(-1.E0,0.E0,0.E0));
#8376=AXIS2_PLACEMENT_3D('',#8373,#8374,#8375);
#8377=CYLINDRICAL_SURFACE('',#8376,6.E-1);
#8378=ORIENTED_EDGE('',*,*,#7234,.F.);
#8379=ORIENTED_EDGE('',*,*,#8361,.F.);
#8380=ORIENTED_EDGE('',*,*,#5210,.F.);
#8381=ORIENTED_EDGE('',*,*,#8358,.F.);
#8382=EDGE_LOOP('',(#8378,#8379,#8380,#8381));
#8383=FACE_OUTER_BOUND('',#8382,.F.);
#8385=FILL_AREA_STYLE_COLOUR('',#19);
#8386=FILL_AREA_STYLE('',(#8385));
#8387=SURFACE_STYLE_FILL_AREA(#8386);
#8388=SURFACE_SIDE_STYLE('',(#8387));
#8389=SURFACE_STYLE_USAGE(.BOTH.,#8388);
#8390=PRESENTATION_STYLE_ASSIGNMENT((#8389));
#8391=STYLED_ITEM('',(#8390),#8384);
#8392=CARTESIAN_POINT('',(1.8E1,9.5E0,-1.22E1));
#8393=DIRECTION('',(0.E0,0.E0,-1.E0));
#8394=DIRECTION('',(1.E0,-1.477305530454E-8,0.E0));
#8395=AXIS2_PLACEMENT_3D('',#8392,#8393,#8394);
#8396=SPHERICAL_SURFACE('',#8395,5.E-1);
#8398=ORIENTED_EDGE('',*,*,#8397,.F.);
#8400=ORIENTED_EDGE('',*,*,#8399,.F.);
#8401=ORIENTED_EDGE('',*,*,#7149,.F.);
#8402=EDGE_LOOP('',(#8398,#8400,#8401));
#8403=FACE_OUTER_BOUND('',#8402,.F.);
#8405=FILL_AREA_STYLE_COLOUR('',#19);
#8406=FILL_AREA_STYLE('',(#8405));
#8407=SURFACE_STYLE_FILL_AREA(#8406);
#8408=SURFACE_SIDE_STYLE('',(#8407));
#8409=SURFACE_STYLE_USAGE(.BOTH.,#8408);
#8410=PRESENTATION_STYLE_ASSIGNMENT((#8409));
#8411=STYLED_ITEM('',(#8410),#8404);
#8412=CARTESIAN_POINT('',(1.8E1,9.5E0,-1.22E1));
#8413=DIRECTION('',(0.E0,0.E0,-1.E0));
#8414=DIRECTION('',(-1.E0,1.477305530454E-8,0.E0));
#8415=AXIS2_PLACEMENT_3D('',#8412,#8413,#8414);
#8416=SPHERICAL_SURFACE('',#8415,5.E-1);
#8417=ORIENTED_EDGE('',*,*,#8397,.T.);
#8418=ORIENTED_EDGE('',*,*,#7151,.F.);
#8419=ORIENTED_EDGE('',*,*,#8399,.T.);
#8420=EDGE_LOOP('',(#8417,#8418,#8419));
#8421=FACE_OUTER_BOUND('',#8420,.F.);
#8423=FILL_AREA_STYLE_COLOUR('',#19);
#8424=FILL_AREA_STYLE('',(#8423));
#8425=SURFACE_STYLE_FILL_AREA(#8424);
#8426=SURFACE_SIDE_STYLE('',(#8425));
#8427=SURFACE_STYLE_USAGE(.BOTH.,#8426);
#8428=PRESENTATION_STYLE_ASSIGNMENT((#8427));
#8429=STYLED_ITEM('',(#8428),#8422);
#8430=CARTESIAN_POINT('',(-1.8E1,9.5E0,-1.22E1));
#8431=DIRECTION('',(0.E0,0.E0,-1.E0));
#8432=DIRECTION('',(1.E0,-1.477305530454E-8,0.E0));
#8433=AXIS2_PLACEMENT_3D('',#8430,#8431,#8432);
#8434=SPHERICAL_SURFACE('',#8433,5.E-1);
#8436=ORIENTED_EDGE('',*,*,#8435,.F.);
#8438=ORIENTED_EDGE('',*,*,#8437,.F.);
#8439=ORIENTED_EDGE('',*,*,#7155,.F.);
#8440=EDGE_LOOP('',(#8436,#8438,#8439));
#8441=FACE_OUTER_BOUND('',#8440,.F.);
#8443=FILL_AREA_STYLE_COLOUR('',#19);
#8444=FILL_AREA_STYLE('',(#8443));
#8445=SURFACE_STYLE_FILL_AREA(#8444);
#8446=SURFACE_SIDE_STYLE('',(#8445));
#8447=SURFACE_STYLE_USAGE(.BOTH.,#8446);
#8448=PRESENTATION_STYLE_ASSIGNMENT((#8447));
#8449=STYLED_ITEM('',(#8448),#8442);
#8450=CARTESIAN_POINT('',(-1.8E1,9.5E0,-1.22E1));
#8451=DIRECTION('',(0.E0,0.E0,-1.E0));
#8452=DIRECTION('',(-1.E0,1.477305530454E-8,0.E0));
#8453=AXIS2_PLACEMENT_3D('',#8450,#8451,#8452);
#8454=SPHERICAL_SURFACE('',#8453,5.E-1);
#8455=ORIENTED_EDGE('',*,*,#8435,.T.);
#8456=ORIENTED_EDGE('',*,*,#7157,.F.);
#8457=ORIENTED_EDGE('',*,*,#8437,.T.);
#8458=EDGE_LOOP('',(#8455,#8456,#8457));
#8459=FACE_OUTER_BOUND('',#8458,.F.);
#8461=FILL_AREA_STYLE_COLOUR('',#19);
#8462=FILL_AREA_STYLE('',(#8461));
#8463=SURFACE_STYLE_FILL_AREA(#8462);
#8464=SURFACE_SIDE_STYLE('',(#8463));
#8465=SURFACE_STYLE_USAGE(.BOTH.,#8464);
#8466=PRESENTATION_STYLE_ASSIGNMENT((#8465));
#8467=STYLED_ITEM('',(#8466),#8460);
#8468=CARTESIAN_POINT('',(-8.685E0,1.15E1,-1.245E1));
#8469=DIRECTION('',(-1.E0,0.E0,0.E0));
#8470=DIRECTION('',(0.E0,1.E0,0.E0));
#8471=AXIS2_PLACEMENT_3D('',#8468,#8469,#8470);
#8472=CYLINDRICAL_SURFACE('',#8471,3.E-1);
#8473=ORIENTED_EDGE('',*,*,#7109,.F.);
#8474=ORIENTED_EDGE('',*,*,#6765,.T.);
#8476=ORIENTED_EDGE('',*,*,#8475,.F.);
#8477=ORIENTED_EDGE('',*,*,#7000,.T.);
#8478=EDGE_LOOP('',(#8473,#8474,#8476,#8477));
#8479=FACE_OUTER_BOUND('',#8478,.F.);
#8481=FILL_AREA_STYLE_COLOUR('',#19);
#8482=FILL_AREA_STYLE('',(#8481));
#8483=SURFACE_STYLE_FILL_AREA(#8482);
#8484=SURFACE_SIDE_STYLE('',(#8483));
#8485=SURFACE_STYLE_USAGE(.BOTH.,#8484);
#8486=PRESENTATION_STYLE_ASSIGNMENT((#8485));
#8487=STYLED_ITEM('',(#8486),#8480);
#8488=CARTESIAN_POINT('',(-2.475E1,1.15E1,-1.205E1));
#8489=DIRECTION('',(0.E0,-1.E0,0.E0));
#8490=DIRECTION('',(1.941679709016E-1,0.E0,-9.809682966722E-1));
#8491=AXIS2_PLACEMENT_3D('',#8488,#8489,#8490);
#8492=TOROIDAL_SURFACE('',#8491,4.000000000010E-1,3.E-1);
#8493=ORIENTED_EDGE('',*,*,#6763,.F.);
#8495=ORIENTED_EDGE('',*,*,#8494,.T.);
#8496=ORIENTED_EDGE('',*,*,#6974,.T.);
#8497=ORIENTED_EDGE('',*,*,#8475,.T.);
#8498=EDGE_LOOP('',(#8493,#8495,#8496,#8497));
#8499=FACE_OUTER_BOUND('',#8498,.F.);
#8501=FILL_AREA_STYLE_COLOUR('',#19);
#8502=FILL_AREA_STYLE('',(#8501));
#8503=SURFACE_STYLE_FILL_AREA(#8502);
#8504=SURFACE_SIDE_STYLE('',(#8503));
#8505=SURFACE_STYLE_USAGE(.BOTH.,#8504);
#8506=PRESENTATION_STYLE_ASSIGNMENT((#8505));
#8507=STYLED_ITEM('',(#8506),#8500);
#8508=CARTESIAN_POINT('',(-2.515E1,1.15E1,-1.2532E1));
#8509=DIRECTION('',(0.E0,0.E0,1.E0));
#8510=DIRECTION('',(0.E0,1.E0,0.E0));
#8511=AXIS2_PLACEMENT_3D('',#8508,#8509,#8510);
#8512=CYLINDRICAL_SURFACE('',#8511,3.E-1);
#8513=ORIENTED_EDGE('',*,*,#6761,.T.);
#8514=ORIENTED_EDGE('',*,*,#6912,.F.);
#8515=ORIENTED_EDGE('',*,*,#6952,.T.);
#8516=ORIENTED_EDGE('',*,*,#8494,.F.);
#8517=EDGE_LOOP('',(#8513,#8514,#8515,#8516));
#8518=FACE_OUTER_BOUND('',#8517,.F.);
#8520=FILL_AREA_STYLE_COLOUR('',#19);
#8521=FILL_AREA_STYLE('',(#8520));
#8522=SURFACE_STYLE_FILL_AREA(#8521);
#8523=SURFACE_SIDE_STYLE('',(#8522));
#8524=SURFACE_STYLE_USAGE(.BOTH.,#8523);
#8525=PRESENTATION_STYLE_ASSIGNMENT((#8524));
#8526=STYLED_ITEM('',(#8525),#8519);
#8527=CARTESIAN_POINT('',(-1.8E1,9.5E0,-1.255E1));
#8528=DIRECTION('',(0.E0,0.E0,1.E0));
#8529=DIRECTION('',(-9.370805514516E-1,3.491132195880E-1,0.E0));
#8530=AXIS2_PLACEMENT_3D('',#8527,#8528,#8529);
#8531=TOROIDAL_SURFACE('',#8530,4.499999999962E-1,2.E-1);
#8532=ORIENTED_EDGE('',*,*,#7021,.F.);
#8533=ORIENTED_EDGE('',*,*,#7019,.F.);
#8535=ORIENTED_EDGE('',*,*,#8534,.F.);
#8537=ORIENTED_EDGE('',*,*,#8536,.T.);
#8539=ORIENTED_EDGE('',*,*,#8538,.T.);
#8541=ORIENTED_EDGE('',*,*,#8540,.F.);
#8542=EDGE_LOOP('',(#8532,#8533,#8535,#8537,#8539,#8541));
#8543=FACE_OUTER_BOUND('',#8542,.F.);
#8545=FILL_AREA_STYLE_COLOUR('',#19);
#8546=FILL_AREA_STYLE('',(#8545));
#8547=SURFACE_STYLE_FILL_AREA(#8546);
#8548=SURFACE_SIDE_STYLE('',(#8547));
#8549=SURFACE_STYLE_USAGE(.BOTH.,#8548);
#8550=PRESENTATION_STYLE_ASSIGNMENT((#8549));
#8551=STYLED_ITEM('',(#8550),#8544);
#8552=CARTESIAN_POINT('',(-1.8E1,9.5E0,-1.255E1));
#8553=DIRECTION('',(0.E0,0.E0,1.E0));
#8554=DIRECTION('',(9.370805514516E-1,-3.491132195880E-1,0.E0));
#8555=AXIS2_PLACEMENT_3D('',#8552,#8553,#8554);
#8556=TOROIDAL_SURFACE('',#8555,4.499999999962E-1,2.E-1);
#8557=ORIENTED_EDGE('',*,*,#7025,.F.);
#8558=ORIENTED_EDGE('',*,*,#7023,.F.);
#8559=ORIENTED_EDGE('',*,*,#8540,.T.);
#8561=ORIENTED_EDGE('',*,*,#8560,.T.);
#8563=ORIENTED_EDGE('',*,*,#8562,.T.);
#8564=ORIENTED_EDGE('',*,*,#8534,.T.);
#8565=EDGE_LOOP('',(#8557,#8558,#8559,#8561,#8563,#8564));
#8566=FACE_OUTER_BOUND('',#8565,.F.);
#8568=FILL_AREA_STYLE_COLOUR('',#19);
#8569=FILL_AREA_STYLE('',(#8568));
#8570=SURFACE_STYLE_FILL_AREA(#8569);
#8571=SURFACE_SIDE_STYLE('',(#8570));
#8572=SURFACE_STYLE_USAGE(.BOTH.,#8571);
#8573=PRESENTATION_STYLE_ASSIGNMENT((#8572));
#8574=STYLED_ITEM('',(#8573),#8567);
#8575=CARTESIAN_POINT('',(-1.8E1,9.5E0,-1.261960279305E1));
#8576=DIRECTION('',(0.E0,0.E0,1.E0));
#8577=DIRECTION('',(1.E0,0.E0,0.E0));
#8578=AXIS2_PLACEMENT_3D('',#8575,#8576,#8577);
#8579=CYLINDRICAL_SURFACE('',#8578,2.5E-1);
#8580=ORIENTED_EDGE('',*,*,#8562,.F.);
#8581=ORIENTED_EDGE('',*,*,#8560,.F.);
#8583=ORIENTED_EDGE('',*,*,#8582,.T.);
#8585=ORIENTED_EDGE('',*,*,#8584,.F.);
#8587=ORIENTED_EDGE('',*,*,#8586,.T.);
#8588=EDGE_LOOP('',(#8580,#8581,#8583,#8585,#8587));
#8589=FACE_OUTER_BOUND('',#8588,.F.);
#8591=FILL_AREA_STYLE_COLOUR('',#19);
#8592=FILL_AREA_STYLE('',(#8591));
#8593=SURFACE_STYLE_FILL_AREA(#8592);
#8594=SURFACE_SIDE_STYLE('',(#8593));
#8595=SURFACE_STYLE_USAGE(.BOTH.,#8594);
#8596=PRESENTATION_STYLE_ASSIGNMENT((#8595));
#8597=STYLED_ITEM('',(#8596),#8590);
#8598=CARTESIAN_POINT('',(-1.8E1,9.5E0,-1.261960279305E1));
#8599=DIRECTION('',(0.E0,0.E0,1.E0));
#8600=DIRECTION('',(1.E0,0.E0,0.E0));
#8601=AXIS2_PLACEMENT_3D('',#8598,#8599,#8600);
#8602=CYLINDRICAL_SURFACE('',#8601,2.5E-1);
#8603=ORIENTED_EDGE('',*,*,#8538,.F.);
#8604=ORIENTED_EDGE('',*,*,#8536,.F.);
#8605=ORIENTED_EDGE('',*,*,#8586,.F.);
#8607=ORIENTED_EDGE('',*,*,#8606,.F.);
#8608=ORIENTED_EDGE('',*,*,#8582,.F.);
#8609=EDGE_LOOP('',(#8603,#8604,#8605,#8607,#8608));
#8610=FACE_OUTER_BOUND('',#8609,.F.);
#8612=FILL_AREA_STYLE_COLOUR('',#19);
#8613=FILL_AREA_STYLE('',(#8612));
#8614=SURFACE_STYLE_FILL_AREA(#8613);
#8615=SURFACE_SIDE_STYLE('',(#8614));
#8616=SURFACE_STYLE_USAGE(.BOTH.,#8615);
#8617=PRESENTATION_STYLE_ASSIGNMENT((#8616));
#8618=STYLED_ITEM('',(#8617),#8611);
#8619=CARTESIAN_POINT('',(-1.8E1,9.5E0,-1.235E1));
#8620=DIRECTION('',(0.E0,0.E0,1.E0));
#8621=DIRECTION('',(1.E0,0.E0,0.E0));
#8622=AXIS2_PLACEMENT_3D('',#8619,#8620,#8621);
#8623=PLANE('',#8622);
#8624=ORIENTED_EDGE('',*,*,#8584,.T.);
#8625=ORIENTED_EDGE('',*,*,#8606,.T.);
#8626=EDGE_LOOP('',(#8624,#8625));
#8627=FACE_OUTER_BOUND('',#8626,.F.);
#8629=FILL_AREA_STYLE_COLOUR('',#19);
#8630=FILL_AREA_STYLE('',(#8629));
#8631=SURFACE_STYLE_FILL_AREA(#8630);
#8632=SURFACE_SIDE_STYLE('',(#8631));
#8633=SURFACE_STYLE_USAGE(.BOTH.,#8632);
#8634=PRESENTATION_STYLE_ASSIGNMENT((#8633));
#8635=STYLED_ITEM('',(#8634),#8628);
#8636=CARTESIAN_POINT('',(1.8E1,9.5E0,-1.255E1));
#8637=DIRECTION('',(0.E0,0.E0,1.E0));
#8638=DIRECTION('',(-9.370805514516E-1,3.491132195880E-1,0.E0));
#8639=AXIS2_PLACEMENT_3D('',#8636,#8637,#8638);
#8640=TOROIDAL_SURFACE('',#8639,4.499999999963E-1,2.E-1);
#8641=ORIENTED_EDGE('',*,*,#7031,.F.);
#8642=ORIENTED_EDGE('',*,*,#7029,.F.);
#8644=ORIENTED_EDGE('',*,*,#8643,.F.);
#8646=ORIENTED_EDGE('',*,*,#8645,.T.);
#8648=ORIENTED_EDGE('',*,*,#8647,.T.);
#8650=ORIENTED_EDGE('',*,*,#8649,.F.);
#8651=EDGE_LOOP('',(#8641,#8642,#8644,#8646,#8648,#8650));
#8652=FACE_OUTER_BOUND('',#8651,.F.);
#8654=FILL_AREA_STYLE_COLOUR('',#19);
#8655=FILL_AREA_STYLE('',(#8654));
#8656=SURFACE_STYLE_FILL_AREA(#8655);
#8657=SURFACE_SIDE_STYLE('',(#8656));
#8658=SURFACE_STYLE_USAGE(.BOTH.,#8657);
#8659=PRESENTATION_STYLE_ASSIGNMENT((#8658));
#8660=STYLED_ITEM('',(#8659),#8653);
#8661=CARTESIAN_POINT('',(1.8E1,9.5E0,-1.255E1));
#8662=DIRECTION('',(0.E0,0.E0,1.E0));
#8663=DIRECTION('',(9.370805514516E-1,-3.491132195880E-1,0.E0));
#8664=AXIS2_PLACEMENT_3D('',#8661,#8662,#8663);
#8665=TOROIDAL_SURFACE('',#8664,4.499999999962E-1,2.E-1);
#8666=ORIENTED_EDGE('',*,*,#7035,.F.);
#8667=ORIENTED_EDGE('',*,*,#7033,.F.);
#8668=ORIENTED_EDGE('',*,*,#8649,.T.);
#8670=ORIENTED_EDGE('',*,*,#8669,.T.);
#8672=ORIENTED_EDGE('',*,*,#8671,.T.);
#8673=ORIENTED_EDGE('',*,*,#8643,.T.);
#8674=EDGE_LOOP('',(#8666,#8667,#8668,#8670,#8672,#8673));
#8675=FACE_OUTER_BOUND('',#8674,.F.);
#8677=FILL_AREA_STYLE_COLOUR('',#19);
#8678=FILL_AREA_STYLE('',(#8677));
#8679=SURFACE_STYLE_FILL_AREA(#8678);
#8680=SURFACE_SIDE_STYLE('',(#8679));
#8681=SURFACE_STYLE_USAGE(.BOTH.,#8680);
#8682=PRESENTATION_STYLE_ASSIGNMENT((#8681));
#8683=STYLED_ITEM('',(#8682),#8676);
#8684=CARTESIAN_POINT('',(1.8E1,9.5E0,-1.261960279305E1));
#8685=DIRECTION('',(0.E0,0.E0,1.E0));
#8686=DIRECTION('',(1.E0,0.E0,0.E0));
#8687=AXIS2_PLACEMENT_3D('',#8684,#8685,#8686);
#8688=CYLINDRICAL_SURFACE('',#8687,2.5E-1);
#8689=ORIENTED_EDGE('',*,*,#8671,.F.);
#8690=ORIENTED_EDGE('',*,*,#8669,.F.);
#8692=ORIENTED_EDGE('',*,*,#8691,.T.);
#8694=ORIENTED_EDGE('',*,*,#8693,.F.);
#8696=ORIENTED_EDGE('',*,*,#8695,.T.);
#8697=EDGE_LOOP('',(#8689,#8690,#8692,#8694,#8696));
#8698=FACE_OUTER_BOUND('',#8697,.F.);
#8700=FILL_AREA_STYLE_COLOUR('',#19);
#8701=FILL_AREA_STYLE('',(#8700));
#8702=SURFACE_STYLE_FILL_AREA(#8701);
#8703=SURFACE_SIDE_STYLE('',(#8702));
#8704=SURFACE_STYLE_USAGE(.BOTH.,#8703);
#8705=PRESENTATION_STYLE_ASSIGNMENT((#8704));
#8706=STYLED_ITEM('',(#8705),#8699);
#8707=CARTESIAN_POINT('',(1.8E1,9.5E0,-1.261960279305E1));
#8708=DIRECTION('',(0.E0,0.E0,1.E0));
#8709=DIRECTION('',(1.E0,0.E0,0.E0));
#8710=AXIS2_PLACEMENT_3D('',#8707,#8708,#8709);
#8711=CYLINDRICAL_SURFACE('',#8710,2.5E-1);
#8712=ORIENTED_EDGE('',*,*,#8647,.F.);
#8713=ORIENTED_EDGE('',*,*,#8645,.F.);
#8714=ORIENTED_EDGE('',*,*,#8695,.F.);
#8716=ORIENTED_EDGE('',*,*,#8715,.F.);
#8717=ORIENTED_EDGE('',*,*,#8691,.F.);
#8718=EDGE_LOOP('',(#8712,#8713,#8714,#8716,#8717));
#8719=FACE_OUTER_BOUND('',#8718,.F.);
#8721=FILL_AREA_STYLE_COLOUR('',#19);
#8722=FILL_AREA_STYLE('',(#8721));
#8723=SURFACE_STYLE_FILL_AREA(#8722);
#8724=SURFACE_SIDE_STYLE('',(#8723));
#8725=SURFACE_STYLE_USAGE(.BOTH.,#8724);
#8726=PRESENTATION_STYLE_ASSIGNMENT((#8725));
#8727=STYLED_ITEM('',(#8726),#8720);
#8728=CARTESIAN_POINT('',(1.8E1,9.5E0,-1.235E1));
#8729=DIRECTION('',(0.E0,0.E0,1.E0));
#8730=DIRECTION('',(1.E0,0.E0,0.E0));
#8731=AXIS2_PLACEMENT_3D('',#8728,#8729,#8730);
#8732=PLANE('',#8731);
#8733=ORIENTED_EDGE('',*,*,#8693,.T.);
#8734=ORIENTED_EDGE('',*,*,#8715,.T.);
#8735=EDGE_LOOP('',(#8733,#8734));
#8736=FACE_OUTER_BOUND('',#8735,.F.);
#8738=FILL_AREA_STYLE_COLOUR('',#19);
#8739=FILL_AREA_STYLE('',(#8738));
#8740=SURFACE_STYLE_FILL_AREA(#8739);
#8741=SURFACE_SIDE_STYLE('',(#8740));
#8742=SURFACE_STYLE_USAGE(.BOTH.,#8741);
#8743=PRESENTATION_STYLE_ASSIGNMENT((#8742));
#8744=STYLED_ITEM('',(#8743),#8737);
#8745=CARTESIAN_POINT('',(2.286E1,1.186847648355E1,-1.016E1));
#8746=DIRECTION('',(0.E0,-1.E0,0.E0));
#8747=DIRECTION('',(-1.E0,0.E0,0.E0));
#8748=AXIS2_PLACEMENT_3D('',#8745,#8746,#8747);
#8749=CYLINDRICAL_SURFACE('',#8748,5.25E-1);
#8750=ORIENTED_EDGE('',*,*,#4786,.F.);
#8751=ORIENTED_EDGE('',*,*,#4784,.F.);
#8753=ORIENTED_EDGE('',*,*,#8752,.T.);
#8754=ORIENTED_EDGE('',*,*,#6800,.F.);
#8756=ORIENTED_EDGE('',*,*,#8755,.T.);
#8757=EDGE_LOOP('',(#8750,#8751,#8753,#8754,#8756));
#8758=FACE_OUTER_BOUND('',#8757,.F.);
#8760=FILL_AREA_STYLE_COLOUR('',#19);
#8761=FILL_AREA_STYLE('',(#8760));
#8762=SURFACE_STYLE_FILL_AREA(#8761);
#8763=SURFACE_SIDE_STYLE('',(#8762));
#8764=SURFACE_STYLE_USAGE(.BOTH.,#8763);
#8765=PRESENTATION_STYLE_ASSIGNMENT((#8764));
#8766=STYLED_ITEM('',(#8765),#8759);
#8767=CARTESIAN_POINT('',(2.286E1,1.186847648355E1,-1.016E1));
#8768=DIRECTION('',(0.E0,-1.E0,0.E0));
#8769=DIRECTION('',(-1.E0,0.E0,0.E0));
#8770=AXIS2_PLACEMENT_3D('',#8767,#8768,#8769);
#8771=CYLINDRICAL_SURFACE('',#8770,5.25E-1);
#8773=ORIENTED_EDGE('',*,*,#8772,.F.);
#8775=ORIENTED_EDGE('',*,*,#8774,.F.);
#8776=ORIENTED_EDGE('',*,*,#8755,.F.);
#8777=ORIENTED_EDGE('',*,*,#6802,.F.);
#8778=ORIENTED_EDGE('',*,*,#8752,.F.);
#8779=EDGE_LOOP('',(#8773,#8775,#8776,#8777,#8778));
#8780=FACE_OUTER_BOUND('',#8779,.F.);
#8782=FILL_AREA_STYLE_COLOUR('',#19);
#8783=FILL_AREA_STYLE('',(#8782));
#8784=SURFACE_STYLE_FILL_AREA(#8783);
#8785=SURFACE_SIDE_STYLE('',(#8784));
#8786=SURFACE_STYLE_USAGE(.BOTH.,#8785);
#8787=PRESENTATION_STYLE_ASSIGNMENT((#8786));
#8788=STYLED_ITEM('',(#8787),#8781);
#8789=CARTESIAN_POINT('',(2.286E1,1.105E1,-1.016E1));
#8790=DIRECTION('',(0.E0,-1.E0,0.E0));
#8791=DIRECTION('',(0.E0,0.E0,-1.E0));
#8792=AXIS2_PLACEMENT_3D('',#8789,#8790,#8791);
#8793=CONICAL_SURFACE('',#8792,5.750000000010E-1,6.340191746031E0);
#8794=ORIENTED_EDGE('',*,*,#4849,.F.);
#8795=ORIENTED_EDGE('',*,*,#4847,.F.);
#8796=ORIENTED_EDGE('',*,*,#4788,.F.);
#8797=ORIENTED_EDGE('',*,*,#8774,.T.);
#8798=ORIENTED_EDGE('',*,*,#8772,.T.);
#8799=ORIENTED_EDGE('',*,*,#4782,.F.);
#8800=EDGE_LOOP('',(#8794,#8795,#8796,#8797,#8798,#8799));
#8801=FACE_OUTER_BOUND('',#8800,.F.);
#8803=FILL_AREA_STYLE_COLOUR('',#19);
#8804=FILL_AREA_STYLE('',(#8803));
#8805=SURFACE_STYLE_FILL_AREA(#8804);
#8806=SURFACE_SIDE_STYLE('',(#8805));
#8807=SURFACE_STYLE_USAGE(.BOTH.,#8806);
#8808=PRESENTATION_STYLE_ASSIGNMENT((#8807));
#8809=STYLED_ITEM('',(#8808),#8802);
#8810=CARTESIAN_POINT('',(2.286E1,1.186847648355E1,0.E0));
#8811=DIRECTION('',(0.E0,-1.E0,0.E0));
#8812=DIRECTION('',(-1.E0,0.E0,0.E0));
#8813=AXIS2_PLACEMENT_3D('',#8810,#8811,#8812);
#8814=CYLINDRICAL_SURFACE('',#8813,5.25E-1);
#8816=ORIENTED_EDGE('',*,*,#8815,.F.);
#8818=ORIENTED_EDGE('',*,*,#8817,.F.);
#8820=ORIENTED_EDGE('',*,*,#8819,.T.);
#8821=ORIENTED_EDGE('',*,*,#6806,.F.);
#8823=ORIENTED_EDGE('',*,*,#8822,.T.);
#8824=EDGE_LOOP('',(#8816,#8818,#8820,#8821,#8823));
#8825=FACE_OUTER_BOUND('',#8824,.F.);
#8827=FILL_AREA_STYLE_COLOUR('',#19);
#8828=FILL_AREA_STYLE('',(#8827));
#8829=SURFACE_STYLE_FILL_AREA(#8828);
#8830=SURFACE_SIDE_STYLE('',(#8829));
#8831=SURFACE_STYLE_USAGE(.BOTH.,#8830);
#8832=PRESENTATION_STYLE_ASSIGNMENT((#8831));
#8833=STYLED_ITEM('',(#8832),#8826);
#8834=CARTESIAN_POINT('',(2.286E1,1.105E1,0.E0));
#8835=DIRECTION('',(0.E0,-1.E0,0.E0));
#8836=DIRECTION('',(0.E0,0.E0,-1.E0));
#8837=AXIS2_PLACEMENT_3D('',#8834,#8835,#8836);
#8838=CONICAL_SURFACE('',#8837,5.750000000001E-1,6.340191745944E0);
#8839=ORIENTED_EDGE('',*,*,#4843,.F.);
#8840=ORIENTED_EDGE('',*,*,#4841,.F.);
#8842=ORIENTED_EDGE('',*,*,#8841,.F.);
#8843=ORIENTED_EDGE('',*,*,#8817,.T.);
#8844=ORIENTED_EDGE('',*,*,#8815,.T.);
#8846=ORIENTED_EDGE('',*,*,#8845,.F.);
#8847=EDGE_LOOP('',(#8839,#8840,#8842,#8843,#8844,#8846));
#8848=FACE_OUTER_BOUND('',#8847,.F.);
#8850=FILL_AREA_STYLE_COLOUR('',#19);
#8851=FILL_AREA_STYLE('',(#8850));
#8852=SURFACE_STYLE_FILL_AREA(#8851);
#8853=SURFACE_SIDE_STYLE('',(#8852));
#8854=SURFACE_STYLE_USAGE(.BOTH.,#8853);
#8855=PRESENTATION_STYLE_ASSIGNMENT((#8854));
#8856=STYLED_ITEM('',(#8855),#8849);
#8857=CARTESIAN_POINT('',(2.286E1,1.105E1,0.E0));
#8858=DIRECTION('',(0.E0,-1.E0,0.E0));
#8859=DIRECTION('',(0.E0,0.E0,-1.E0));
#8860=AXIS2_PLACEMENT_3D('',#8857,#8858,#8859);
#8861=CONICAL_SURFACE('',#8860,5.750000000001E-1,6.340191745944E0);
#8862=ORIENTED_EDGE('',*,*,#4839,.F.);
#8863=ORIENTED_EDGE('',*,*,#4837,.F.);
#8864=ORIENTED_EDGE('',*,*,#8845,.T.);
#8866=ORIENTED_EDGE('',*,*,#8865,.T.);
#8868=ORIENTED_EDGE('',*,*,#8867,.T.);
#8869=ORIENTED_EDGE('',*,*,#8841,.T.);
#8870=EDGE_LOOP('',(#8862,#8863,#8864,#8866,#8868,#8869));
#8871=FACE_OUTER_BOUND('',#8870,.F.);
#8873=FILL_AREA_STYLE_COLOUR('',#19);
#8874=FILL_AREA_STYLE('',(#8873));
#8875=SURFACE_STYLE_FILL_AREA(#8874);
#8876=SURFACE_SIDE_STYLE('',(#8875));
#8877=SURFACE_STYLE_USAGE(.BOTH.,#8876);
#8878=PRESENTATION_STYLE_ASSIGNMENT((#8877));
#8879=STYLED_ITEM('',(#8878),#8872);
#8880=CARTESIAN_POINT('',(2.286E1,1.186847648355E1,0.E0));
#8881=DIRECTION('',(0.E0,-1.E0,0.E0));
#8882=DIRECTION('',(-1.E0,0.E0,0.E0));
#8883=AXIS2_PLACEMENT_3D('',#8880,#8881,#8882);
#8884=CYLINDRICAL_SURFACE('',#8883,5.25E-1);
#8885=ORIENTED_EDGE('',*,*,#8867,.F.);
#8886=ORIENTED_EDGE('',*,*,#8865,.F.);
#8887=ORIENTED_EDGE('',*,*,#8822,.F.);
#8888=ORIENTED_EDGE('',*,*,#6808,.F.);
#8889=ORIENTED_EDGE('',*,*,#8819,.F.);
#8890=EDGE_LOOP('',(#8885,#8886,#8887,#8888,#8889));
#8891=FACE_OUTER_BOUND('',#8890,.F.);
#8893=FILL_AREA_STYLE_COLOUR('',#19);
#8894=FILL_AREA_STYLE('',(#8893));
#8895=SURFACE_STYLE_FILL_AREA(#8894);
#8896=SURFACE_SIDE_STYLE('',(#8895));
#8897=SURFACE_STYLE_USAGE(.BOTH.,#8896);
#8898=PRESENTATION_STYLE_ASSIGNMENT((#8897));
#8899=STYLED_ITEM('',(#8898),#8892);
#8900=CARTESIAN_POINT('',(2.286E1,1.186847648355E1,1.016E1));
#8901=DIRECTION('',(0.E0,-1.E0,0.E0));
#8902=DIRECTION('',(-1.E0,0.E0,0.E0));
#8903=AXIS2_PLACEMENT_3D('',#8900,#8901,#8902);
#8904=CYLINDRICAL_SURFACE('',#8903,5.25E-1);
#8906=ORIENTED_EDGE('',*,*,#8905,.F.);
#8908=ORIENTED_EDGE('',*,*,#8907,.F.);
#8910=ORIENTED_EDGE('',*,*,#8909,.T.);
#8911=ORIENTED_EDGE('',*,*,#6812,.F.);
#8913=ORIENTED_EDGE('',*,*,#8912,.T.);
#8914=EDGE_LOOP('',(#8906,#8908,#8910,#8911,#8913));
#8915=FACE_OUTER_BOUND('',#8914,.F.);
#8917=FILL_AREA_STYLE_COLOUR('',#19);
#8918=FILL_AREA_STYLE('',(#8917));
#8919=SURFACE_STYLE_FILL_AREA(#8918);
#8920=SURFACE_SIDE_STYLE('',(#8919));
#8921=SURFACE_STYLE_USAGE(.BOTH.,#8920);
#8922=PRESENTATION_STYLE_ASSIGNMENT((#8921));
#8923=STYLED_ITEM('',(#8922),#8916);
#8924=CARTESIAN_POINT('',(2.286E1,1.105E1,1.016E1));
#8925=DIRECTION('',(0.E0,-1.E0,0.E0));
#8926=DIRECTION('',(0.E0,0.E0,-1.E0));
#8927=AXIS2_PLACEMENT_3D('',#8924,#8925,#8926);
#8928=CONICAL_SURFACE('',#8927,5.75E-1,6.340191745922E0);
#8929=ORIENTED_EDGE('',*,*,#4861,.F.);
#8930=ORIENTED_EDGE('',*,*,#4859,.F.);
#8932=ORIENTED_EDGE('',*,*,#8931,.T.);
#8933=ORIENTED_EDGE('',*,*,#8907,.T.);
#8934=ORIENTED_EDGE('',*,*,#8905,.T.);
#8936=ORIENTED_EDGE('',*,*,#8935,.T.);
#8937=EDGE_LOOP('',(#8929,#8930,#8932,#8933,#8934,#8936));
#8938=FACE_OUTER_BOUND('',#8937,.F.);
#8940=FILL_AREA_STYLE_COLOUR('',#19);
#8941=FILL_AREA_STYLE('',(#8940));
#8942=SURFACE_STYLE_FILL_AREA(#8941);
#8943=SURFACE_SIDE_STYLE('',(#8942));
#8944=SURFACE_STYLE_USAGE(.BOTH.,#8943);
#8945=PRESENTATION_STYLE_ASSIGNMENT((#8944));
#8946=STYLED_ITEM('',(#8945),#8939);
#8947=CARTESIAN_POINT('',(2.286E1,1.105E1,1.016E1));
#8948=DIRECTION('',(0.E0,-1.E0,0.E0));
#8949=DIRECTION('',(0.E0,0.E0,-1.E0));
#8950=AXIS2_PLACEMENT_3D('',#8947,#8948,#8949);
#8951=CONICAL_SURFACE('',#8950,5.75E-1,6.340191745922E0);
#8952=ORIENTED_EDGE('',*,*,#4857,.F.);
#8953=ORIENTED_EDGE('',*,*,#4855,.F.);
#8954=ORIENTED_EDGE('',*,*,#8935,.F.);
#8956=ORIENTED_EDGE('',*,*,#8955,.T.);
#8958=ORIENTED_EDGE('',*,*,#8957,.T.);
#8959=ORIENTED_EDGE('',*,*,#8931,.F.);
#8960=EDGE_LOOP('',(#8952,#8953,#8954,#8956,#8958,#8959));
#8961=FACE_OUTER_BOUND('',#8960,.F.);
#8963=FILL_AREA_STYLE_COLOUR('',#19);
#8964=FILL_AREA_STYLE('',(#8963));
#8965=SURFACE_STYLE_FILL_AREA(#8964);
#8966=SURFACE_SIDE_STYLE('',(#8965));
#8967=SURFACE_STYLE_USAGE(.BOTH.,#8966);
#8968=PRESENTATION_STYLE_ASSIGNMENT((#8967));
#8969=STYLED_ITEM('',(#8968),#8962);
#8970=CARTESIAN_POINT('',(2.286E1,1.186847648355E1,1.016E1));
#8971=DIRECTION('',(0.E0,-1.E0,0.E0));
#8972=DIRECTION('',(-1.E0,0.E0,0.E0));
#8973=AXIS2_PLACEMENT_3D('',#8970,#8971,#8972);
#8974=CYLINDRICAL_SURFACE('',#8973,5.25E-1);
#8975=ORIENTED_EDGE('',*,*,#8957,.F.);
#8976=ORIENTED_EDGE('',*,*,#8955,.F.);
#8977=ORIENTED_EDGE('',*,*,#8912,.F.);
#8978=ORIENTED_EDGE('',*,*,#6814,.F.);
#8979=ORIENTED_EDGE('',*,*,#8909,.F.);
#8980=EDGE_LOOP('',(#8975,#8976,#8977,#8978,#8979));
#8981=FACE_OUTER_BOUND('',#8980,.F.);
#8983=FILL_AREA_STYLE_COLOUR('',#19);
#8984=FILL_AREA_STYLE('',(#8983));
#8985=SURFACE_STYLE_FILL_AREA(#8984);
#8986=SURFACE_SIDE_STYLE('',(#8985));
#8987=SURFACE_STYLE_USAGE(.BOTH.,#8986);
#8988=PRESENTATION_STYLE_ASSIGNMENT((#8987));
#8989=STYLED_ITEM('',(#8988),#8982);
#8990=CARTESIAN_POINT('',(-2.286E1,1.186847648355E1,-2.54E0));
#8991=DIRECTION('',(0.E0,-1.E0,0.E0));
#8992=DIRECTION('',(-1.E0,0.E0,0.E0));
#8993=AXIS2_PLACEMENT_3D('',#8990,#8991,#8992);
#8994=CYLINDRICAL_SURFACE('',#8993,5.25E-1);
#8996=ORIENTED_EDGE('',*,*,#8995,.F.);
#8998=ORIENTED_EDGE('',*,*,#8997,.F.);
#9000=ORIENTED_EDGE('',*,*,#8999,.T.);
#9001=ORIENTED_EDGE('',*,*,#6818,.F.);
#9003=ORIENTED_EDGE('',*,*,#9002,.T.);
#9004=EDGE_LOOP('',(#8996,#8998,#9000,#9001,#9003));
#9005=FACE_OUTER_BOUND('',#9004,.F.);
#9007=FILL_AREA_STYLE_COLOUR('',#19);
#9008=FILL_AREA_STYLE('',(#9007));
#9009=SURFACE_STYLE_FILL_AREA(#9008);
#9010=SURFACE_SIDE_STYLE('',(#9009));
#9011=SURFACE_STYLE_USAGE(.BOTH.,#9010);
#9012=PRESENTATION_STYLE_ASSIGNMENT((#9011));
#9013=STYLED_ITEM('',(#9012),#9006);
#9014=CARTESIAN_POINT('',(-2.286E1,1.105E1,-2.54E0));
#9015=DIRECTION('',(0.E0,-1.E0,0.E0));
#9016=DIRECTION('',(0.E0,0.E0,-1.E0));
#9017=AXIS2_PLACEMENT_3D('',#9014,#9015,#9016);
#9018=CONICAL_SURFACE('',#9017,5.75E-1,6.340191745922E0);
#9019=ORIENTED_EDGE('',*,*,#5509,.F.);
#9020=ORIENTED_EDGE('',*,*,#5507,.F.);
#9022=ORIENTED_EDGE('',*,*,#9021,.T.);
#9023=ORIENTED_EDGE('',*,*,#8997,.T.);
#9024=ORIENTED_EDGE('',*,*,#8995,.T.);
#9026=ORIENTED_EDGE('',*,*,#9025,.T.);
#9027=EDGE_LOOP('',(#9019,#9020,#9022,#9023,#9024,#9026));
#9028=FACE_OUTER_BOUND('',#9027,.F.);
#9030=FILL_AREA_STYLE_COLOUR('',#19);
#9031=FILL_AREA_STYLE('',(#9030));
#9032=SURFACE_STYLE_FILL_AREA(#9031);
#9033=SURFACE_SIDE_STYLE('',(#9032));
#9034=SURFACE_STYLE_USAGE(.BOTH.,#9033);
#9035=PRESENTATION_STYLE_ASSIGNMENT((#9034));
#9036=STYLED_ITEM('',(#9035),#9029);
#9037=CARTESIAN_POINT('',(-2.286E1,1.105E1,-2.54E0));
#9038=DIRECTION('',(0.E0,-1.E0,0.E0));
#9039=DIRECTION('',(0.E0,0.E0,-1.E0));
#9040=AXIS2_PLACEMENT_3D('',#9037,#9038,#9039);
#9041=CONICAL_SURFACE('',#9040,5.75E-1,6.340191745922E0);
#9042=ORIENTED_EDGE('',*,*,#5505,.F.);
#9043=ORIENTED_EDGE('',*,*,#5503,.F.);
#9044=ORIENTED_EDGE('',*,*,#9025,.F.);
#9046=ORIENTED_EDGE('',*,*,#9045,.T.);
#9048=ORIENTED_EDGE('',*,*,#9047,.T.);
#9049=ORIENTED_EDGE('',*,*,#9021,.F.);
#9050=EDGE_LOOP('',(#9042,#9043,#9044,#9046,#9048,#9049));
#9051=FACE_OUTER_BOUND('',#9050,.F.);
#9053=FILL_AREA_STYLE_COLOUR('',#19);
#9054=FILL_AREA_STYLE('',(#9053));
#9055=SURFACE_STYLE_FILL_AREA(#9054);
#9056=SURFACE_SIDE_STYLE('',(#9055));
#9057=SURFACE_STYLE_USAGE(.BOTH.,#9056);
#9058=PRESENTATION_STYLE_ASSIGNMENT((#9057));
#9059=STYLED_ITEM('',(#9058),#9052);
#9060=CARTESIAN_POINT('',(-2.286E1,1.186847648355E1,-2.54E0));
#9061=DIRECTION('',(0.E0,-1.E0,0.E0));
#9062=DIRECTION('',(-1.E0,0.E0,0.E0));
#9063=AXIS2_PLACEMENT_3D('',#9060,#9061,#9062);
#9064=CYLINDRICAL_SURFACE('',#9063,5.25E-1);
#9065=ORIENTED_EDGE('',*,*,#9047,.F.);
#9066=ORIENTED_EDGE('',*,*,#9045,.F.);
#9067=ORIENTED_EDGE('',*,*,#9002,.F.);
#9068=ORIENTED_EDGE('',*,*,#6820,.F.);
#9069=ORIENTED_EDGE('',*,*,#8999,.F.);
#9070=EDGE_LOOP('',(#9065,#9066,#9067,#9068,#9069));
#9071=FACE_OUTER_BOUND('',#9070,.F.);
#9073=FILL_AREA_STYLE_COLOUR('',#19);
#9074=FILL_AREA_STYLE('',(#9073));
#9075=SURFACE_STYLE_FILL_AREA(#9074);
#9076=SURFACE_SIDE_STYLE('',(#9075));
#9077=SURFACE_STYLE_USAGE(.BOTH.,#9076);
#9078=PRESENTATION_STYLE_ASSIGNMENT((#9077));
#9079=STYLED_ITEM('',(#9078),#9072);
#9080=CARTESIAN_POINT('',(-2.286E1,1.186847648355E1,-7.62E0));
#9081=DIRECTION('',(0.E0,-1.E0,0.E0));
#9082=DIRECTION('',(-1.E0,0.E0,0.E0));
#9083=AXIS2_PLACEMENT_3D('',#9080,#9081,#9082);
#9084=CYLINDRICAL_SURFACE('',#9083,5.25E-1);
#9086=ORIENTED_EDGE('',*,*,#9085,.F.);
#9088=ORIENTED_EDGE('',*,*,#9087,.F.);
#9090=ORIENTED_EDGE('',*,*,#9089,.T.);
#9091=ORIENTED_EDGE('',*,*,#6824,.F.);
#9093=ORIENTED_EDGE('',*,*,#9092,.T.);
#9094=EDGE_LOOP('',(#9086,#9088,#9090,#9091,#9093));
#9095=FACE_OUTER_BOUND('',#9094,.F.);
#9097=FILL_AREA_STYLE_COLOUR('',#19);
#9098=FILL_AREA_STYLE('',(#9097));
#9099=SURFACE_STYLE_FILL_AREA(#9098);
#9100=SURFACE_SIDE_STYLE('',(#9099));
#9101=SURFACE_STYLE_USAGE(.BOTH.,#9100);
#9102=PRESENTATION_STYLE_ASSIGNMENT((#9101));
#9103=STYLED_ITEM('',(#9102),#9096);
#9104=CARTESIAN_POINT('',(-2.286E1,1.105E1,-7.62E0));
#9105=DIRECTION('',(0.E0,-1.E0,0.E0));
#9106=DIRECTION('',(0.E0,0.E0,-1.E0));
#9107=AXIS2_PLACEMENT_3D('',#9104,#9105,#9106);
#9108=CONICAL_SURFACE('',#9107,5.75E-1,6.340191745922E0);
#9109=ORIENTED_EDGE('',*,*,#5519,.F.);
#9110=ORIENTED_EDGE('',*,*,#5517,.F.);
#9112=ORIENTED_EDGE('',*,*,#9111,.T.);
#9113=ORIENTED_EDGE('',*,*,#9087,.T.);
#9114=ORIENTED_EDGE('',*,*,#9085,.T.);
#9116=ORIENTED_EDGE('',*,*,#9115,.T.);
#9117=EDGE_LOOP('',(#9109,#9110,#9112,#9113,#9114,#9116));
#9118=FACE_OUTER_BOUND('',#9117,.F.);
#9120=FILL_AREA_STYLE_COLOUR('',#19);
#9121=FILL_AREA_STYLE('',(#9120));
#9122=SURFACE_STYLE_FILL_AREA(#9121);
#9123=SURFACE_SIDE_STYLE('',(#9122));
#9124=SURFACE_STYLE_USAGE(.BOTH.,#9123);
#9125=PRESENTATION_STYLE_ASSIGNMENT((#9124));
#9126=STYLED_ITEM('',(#9125),#9119);
#9127=CARTESIAN_POINT('',(-2.286E1,1.105E1,-7.62E0));
#9128=DIRECTION('',(0.E0,-1.E0,0.E0));
#9129=DIRECTION('',(0.E0,0.E0,-1.E0));
#9130=AXIS2_PLACEMENT_3D('',#9127,#9128,#9129);
#9131=CONICAL_SURFACE('',#9130,5.75E-1,6.340191745922E0);
#9132=ORIENTED_EDGE('',*,*,#5515,.F.);
#9133=ORIENTED_EDGE('',*,*,#5513,.F.);
#9134=ORIENTED_EDGE('',*,*,#9115,.F.);
#9136=ORIENTED_EDGE('',*,*,#9135,.T.);
#9138=ORIENTED_EDGE('',*,*,#9137,.T.);
#9139=ORIENTED_EDGE('',*,*,#9111,.F.);
#9140=EDGE_LOOP('',(#9132,#9133,#9134,#9136,#9138,#9139));
#9141=FACE_OUTER_BOUND('',#9140,.F.);
#9143=FILL_AREA_STYLE_COLOUR('',#19);
#9144=FILL_AREA_STYLE('',(#9143));
#9145=SURFACE_STYLE_FILL_AREA(#9144);
#9146=SURFACE_SIDE_STYLE('',(#9145));
#9147=SURFACE_STYLE_USAGE(.BOTH.,#9146);
#9148=PRESENTATION_STYLE_ASSIGNMENT((#9147));
#9149=STYLED_ITEM('',(#9148),#9142);
#9150=CARTESIAN_POINT('',(-2.286E1,1.186847648355E1,-7.62E0));
#9151=DIRECTION('',(0.E0,-1.E0,0.E0));
#9152=DIRECTION('',(-1.E0,0.E0,0.E0));
#9153=AXIS2_PLACEMENT_3D('',#9150,#9151,#9152);
#9154=CYLINDRICAL_SURFACE('',#9153,5.25E-1);
#9155=ORIENTED_EDGE('',*,*,#9137,.F.);
#9156=ORIENTED_EDGE('',*,*,#9135,.F.);
#9157=ORIENTED_EDGE('',*,*,#9092,.F.);
#9158=ORIENTED_EDGE('',*,*,#6826,.F.);
#9159=ORIENTED_EDGE('',*,*,#9089,.F.);
#9160=EDGE_LOOP('',(#9155,#9156,#9157,#9158,#9159));
#9161=FACE_OUTER_BOUND('',#9160,.F.);
#9163=FILL_AREA_STYLE_COLOUR('',#19);
#9164=FILL_AREA_STYLE('',(#9163));
#9165=SURFACE_STYLE_FILL_AREA(#9164);
#9166=SURFACE_SIDE_STYLE('',(#9165));
#9167=SURFACE_STYLE_USAGE(.BOTH.,#9166);
#9168=PRESENTATION_STYLE_ASSIGNMENT((#9167));
#9169=STYLED_ITEM('',(#9168),#9162);
#9170=CARTESIAN_POINT('',(-2.286E1,1.186847648355E1,7.62E0));
#9171=DIRECTION('',(0.E0,-1.E0,0.E0));
#9172=DIRECTION('',(-1.E0,0.E0,0.E0));
#9173=AXIS2_PLACEMENT_3D('',#9170,#9171,#9172);
#9174=CYLINDRICAL_SURFACE('',#9173,5.25E-1);
#9176=ORIENTED_EDGE('',*,*,#9175,.F.);
#9178=ORIENTED_EDGE('',*,*,#9177,.F.);
#9180=ORIENTED_EDGE('',*,*,#9179,.T.);
#9181=ORIENTED_EDGE('',*,*,#6830,.F.);
#9183=ORIENTED_EDGE('',*,*,#9182,.T.);
#9184=EDGE_LOOP('',(#9176,#9178,#9180,#9181,#9183));
#9185=FACE_OUTER_BOUND('',#9184,.F.);
#9187=FILL_AREA_STYLE_COLOUR('',#19);
#9188=FILL_AREA_STYLE('',(#9187));
#9189=SURFACE_STYLE_FILL_AREA(#9188);
#9190=SURFACE_SIDE_STYLE('',(#9189));
#9191=SURFACE_STYLE_USAGE(.BOTH.,#9190);
#9192=PRESENTATION_STYLE_ASSIGNMENT((#9191));
#9193=STYLED_ITEM('',(#9192),#9186);
#9194=CARTESIAN_POINT('',(-2.286E1,1.105E1,7.62E0));
#9195=DIRECTION('',(0.E0,-1.E0,0.E0));
#9196=DIRECTION('',(0.E0,0.E0,-1.E0));
#9197=AXIS2_PLACEMENT_3D('',#9194,#9195,#9196);
#9198=CONICAL_SURFACE('',#9197,5.75E-1,6.340191745922E0);
#9199=ORIENTED_EDGE('',*,*,#5529,.F.);
#9200=ORIENTED_EDGE('',*,*,#5527,.F.);
#9202=ORIENTED_EDGE('',*,*,#9201,.T.);
#9203=ORIENTED_EDGE('',*,*,#9177,.T.);
#9204=ORIENTED_EDGE('',*,*,#9175,.T.);
#9206=ORIENTED_EDGE('',*,*,#9205,.T.);
#9207=EDGE_LOOP('',(#9199,#9200,#9202,#9203,#9204,#9206));
#9208=FACE_OUTER_BOUND('',#9207,.F.);
#9210=FILL_AREA_STYLE_COLOUR('',#19);
#9211=FILL_AREA_STYLE('',(#9210));
#9212=SURFACE_STYLE_FILL_AREA(#9211);
#9213=SURFACE_SIDE_STYLE('',(#9212));
#9214=SURFACE_STYLE_USAGE(.BOTH.,#9213);
#9215=PRESENTATION_STYLE_ASSIGNMENT((#9214));
#9216=STYLED_ITEM('',(#9215),#9209);
#9217=CARTESIAN_POINT('',(-2.286E1,1.105E1,7.62E0));
#9218=DIRECTION('',(0.E0,-1.E0,0.E0));
#9219=DIRECTION('',(0.E0,0.E0,-1.E0));
#9220=AXIS2_PLACEMENT_3D('',#9217,#9218,#9219);
#9221=CONICAL_SURFACE('',#9220,5.75E-1,6.340191745922E0);
#9222=ORIENTED_EDGE('',*,*,#5525,.F.);
#9223=ORIENTED_EDGE('',*,*,#5523,.F.);
#9224=ORIENTED_EDGE('',*,*,#9205,.F.);
#9226=ORIENTED_EDGE('',*,*,#9225,.T.);
#9228=ORIENTED_EDGE('',*,*,#9227,.T.);
#9229=ORIENTED_EDGE('',*,*,#9201,.F.);
#9230=EDGE_LOOP('',(#9222,#9223,#9224,#9226,#9228,#9229));
#9231=FACE_OUTER_BOUND('',#9230,.F.);
#9233=FILL_AREA_STYLE_COLOUR('',#19);
#9234=FILL_AREA_STYLE('',(#9233));
#9235=SURFACE_STYLE_FILL_AREA(#9234);
#9236=SURFACE_SIDE_STYLE('',(#9235));
#9237=SURFACE_STYLE_USAGE(.BOTH.,#9236);
#9238=PRESENTATION_STYLE_ASSIGNMENT((#9237));
#9239=STYLED_ITEM('',(#9238),#9232);
#9240=CARTESIAN_POINT('',(-2.286E1,1.186847648355E1,7.62E0));
#9241=DIRECTION('',(0.E0,-1.E0,0.E0));
#9242=DIRECTION('',(-1.E0,0.E0,0.E0));
#9243=AXIS2_PLACEMENT_3D('',#9240,#9241,#9242);
#9244=CYLINDRICAL_SURFACE('',#9243,5.25E-1);
#9245=ORIENTED_EDGE('',*,*,#9227,.F.);
#9246=ORIENTED_EDGE('',*,*,#9225,.F.);
#9247=ORIENTED_EDGE('',*,*,#9182,.F.);
#9248=ORIENTED_EDGE('',*,*,#6832,.F.);
#9249=ORIENTED_EDGE('',*,*,#9179,.F.);
#9250=EDGE_LOOP('',(#9245,#9246,#9247,#9248,#9249));
#9251=FACE_OUTER_BOUND('',#9250,.F.);
#9253=FILL_AREA_STYLE_COLOUR('',#19);
#9254=FILL_AREA_STYLE('',(#9253));
#9255=SURFACE_STYLE_FILL_AREA(#9254);
#9256=SURFACE_SIDE_STYLE('',(#9255));
#9257=SURFACE_STYLE_USAGE(.BOTH.,#9256);
#9258=PRESENTATION_STYLE_ASSIGNMENT((#9257));
#9259=STYLED_ITEM('',(#9258),#9252);
#9260=CARTESIAN_POINT('',(1.8E1,9.5E0,1.255E1));
#9261=DIRECTION('',(0.E0,0.E0,1.E0));
#9262=DIRECTION('',(8.743967842949E-1,4.852115658295E-1,0.E0));
#9263=AXIS2_PLACEMENT_3D('',#9260,#9261,#9262);
#9264=TOROIDAL_SURFACE('',#9263,4.499999999969E-1,2.E-1);
#9265=ORIENTED_EDGE('',*,*,#6707,.F.);
#9267=ORIENTED_EDGE('',*,*,#9266,.F.);
#9269=ORIENTED_EDGE('',*,*,#9268,.T.);
#9271=ORIENTED_EDGE('',*,*,#9270,.T.);
#9273=ORIENTED_EDGE('',*,*,#9272,.F.);
#9274=EDGE_LOOP('',(#9265,#9267,#9269,#9271,#9273));
#9275=FACE_OUTER_BOUND('',#9274,.F.);
#9277=FILL_AREA_STYLE_COLOUR('',#19);
#9278=FILL_AREA_STYLE('',(#9277));
#9279=SURFACE_STYLE_FILL_AREA(#9278);
#9280=SURFACE_SIDE_STYLE('',(#9279));
#9281=SURFACE_STYLE_USAGE(.BOTH.,#9280);
#9282=PRESENTATION_STYLE_ASSIGNMENT((#9281));
#9283=STYLED_ITEM('',(#9282),#9276);
#9284=CARTESIAN_POINT('',(1.8E1,9.5E0,1.255E1));
#9285=DIRECTION('',(0.E0,0.E0,1.E0));
#9286=DIRECTION('',(-8.743967842949E-1,-4.852115658295E-1,0.E0));
#9287=AXIS2_PLACEMENT_3D('',#9284,#9285,#9286);
#9288=TOROIDAL_SURFACE('',#9287,4.499999999969E-1,2.E-1);
#9289=ORIENTED_EDGE('',*,*,#6709,.F.);
#9290=ORIENTED_EDGE('',*,*,#9272,.T.);
#9292=ORIENTED_EDGE('',*,*,#9291,.T.);
#9294=ORIENTED_EDGE('',*,*,#9293,.T.);
#9295=ORIENTED_EDGE('',*,*,#9266,.T.);
#9296=EDGE_LOOP('',(#9289,#9290,#9292,#9294,#9295));
#9297=FACE_OUTER_BOUND('',#9296,.F.);
#9299=FILL_AREA_STYLE_COLOUR('',#19);
#9300=FILL_AREA_STYLE('',(#9299));
#9301=SURFACE_STYLE_FILL_AREA(#9300);
#9302=SURFACE_SIDE_STYLE('',(#9301));
#9303=SURFACE_STYLE_USAGE(.BOTH.,#9302);
#9304=PRESENTATION_STYLE_ASSIGNMENT((#9303));
#9305=STYLED_ITEM('',(#9304),#9298);
#9306=CARTESIAN_POINT('',(1.8E1,9.5E0,1.228039720695E1));
#9307=DIRECTION('',(0.E0,0.E0,1.E0));
#9308=DIRECTION('',(1.E0,0.E0,0.E0));
#9309=AXIS2_PLACEMENT_3D('',#9306,#9307,#9308);
#9310=CYLINDRICAL_SURFACE('',#9309,2.5E-1);
#9311=ORIENTED_EDGE('',*,*,#9293,.F.);
#9312=ORIENTED_EDGE('',*,*,#9291,.F.);
#9314=ORIENTED_EDGE('',*,*,#9313,.T.);
#9316=ORIENTED_EDGE('',*,*,#9315,.F.);
#9318=ORIENTED_EDGE('',*,*,#9317,.T.);
#9319=EDGE_LOOP('',(#9311,#9312,#9314,#9316,#9318));
#9320=FACE_OUTER_BOUND('',#9319,.F.);
#9322=FILL_AREA_STYLE_COLOUR('',#19);
#9323=FILL_AREA_STYLE('',(#9322));
#9324=SURFACE_STYLE_FILL_AREA(#9323);
#9325=SURFACE_SIDE_STYLE('',(#9324));
#9326=SURFACE_STYLE_USAGE(.BOTH.,#9325);
#9327=PRESENTATION_STYLE_ASSIGNMENT((#9326));
#9328=STYLED_ITEM('',(#9327),#9321);
#9329=CARTESIAN_POINT('',(1.8E1,9.5E0,1.228039720695E1));
#9330=DIRECTION('',(0.E0,0.E0,1.E0));
#9331=DIRECTION('',(1.E0,0.E0,0.E0));
#9332=AXIS2_PLACEMENT_3D('',#9329,#9330,#9331);
#9333=CYLINDRICAL_SURFACE('',#9332,2.5E-1);
#9334=ORIENTED_EDGE('',*,*,#9270,.F.);
#9335=ORIENTED_EDGE('',*,*,#9268,.F.);
#9336=ORIENTED_EDGE('',*,*,#9317,.F.);
#9338=ORIENTED_EDGE('',*,*,#9337,.F.);
#9339=ORIENTED_EDGE('',*,*,#9313,.F.);
#9340=EDGE_LOOP('',(#9334,#9335,#9336,#9338,#9339));
#9341=FACE_OUTER_BOUND('',#9340,.F.);
#9343=FILL_AREA_STYLE_COLOUR('',#19);
#9344=FILL_AREA_STYLE('',(#9343));
#9345=SURFACE_STYLE_FILL_AREA(#9344);
#9346=SURFACE_SIDE_STYLE('',(#9345));
#9347=SURFACE_STYLE_USAGE(.BOTH.,#9346);
#9348=PRESENTATION_STYLE_ASSIGNMENT((#9347));
#9349=STYLED_ITEM('',(#9348),#9342);
#9350=CARTESIAN_POINT('',(1.8E1,9.5E0,1.235E1));
#9351=DIRECTION('',(0.E0,0.E0,1.E0));
#9352=DIRECTION('',(1.E0,0.E0,0.E0));
#9353=AXIS2_PLACEMENT_3D('',#9350,#9351,#9352);
#9354=PLANE('',#9353);
#9355=ORIENTED_EDGE('',*,*,#9315,.T.);
#9356=ORIENTED_EDGE('',*,*,#9337,.T.);
#9357=EDGE_LOOP('',(#9355,#9356));
#9358=FACE_OUTER_BOUND('',#9357,.F.);
#9360=FILL_AREA_STYLE_COLOUR('',#19);
#9361=FILL_AREA_STYLE('',(#9360));
#9362=SURFACE_STYLE_FILL_AREA(#9361);
#9363=SURFACE_SIDE_STYLE('',(#9362));
#9364=SURFACE_STYLE_USAGE(.BOTH.,#9363);
#9365=PRESENTATION_STYLE_ASSIGNMENT((#9364));
#9366=STYLED_ITEM('',(#9365),#9359);
#9367=CARTESIAN_POINT('',(-1.8E1,9.5E0,1.255E1));
#9368=DIRECTION('',(0.E0,0.E0,1.E0));
#9369=DIRECTION('',(8.743967842949E-1,4.852115658295E-1,0.E0));
#9370=AXIS2_PLACEMENT_3D('',#9367,#9368,#9369);
#9371=TOROIDAL_SURFACE('',#9370,4.499999999969E-1,2.E-1);
#9372=ORIENTED_EDGE('',*,*,#6713,.F.);
#9374=ORIENTED_EDGE('',*,*,#9373,.F.);
#9376=ORIENTED_EDGE('',*,*,#9375,.T.);
#9378=ORIENTED_EDGE('',*,*,#9377,.T.);
#9380=ORIENTED_EDGE('',*,*,#9379,.F.);
#9381=EDGE_LOOP('',(#9372,#9374,#9376,#9378,#9380));
#9382=FACE_OUTER_BOUND('',#9381,.F.);
#9384=FILL_AREA_STYLE_COLOUR('',#19);
#9385=FILL_AREA_STYLE('',(#9384));
#9386=SURFACE_STYLE_FILL_AREA(#9385);
#9387=SURFACE_SIDE_STYLE('',(#9386));
#9388=SURFACE_STYLE_USAGE(.BOTH.,#9387);
#9389=PRESENTATION_STYLE_ASSIGNMENT((#9388));
#9390=STYLED_ITEM('',(#9389),#9383);
#9391=CARTESIAN_POINT('',(-1.8E1,9.5E0,1.255E1));
#9392=DIRECTION('',(0.E0,0.E0,1.E0));
#9393=DIRECTION('',(-8.743967842949E-1,-4.852115658295E-1,0.E0));
#9394=AXIS2_PLACEMENT_3D('',#9391,#9392,#9393);
#9395=TOROIDAL_SURFACE('',#9394,4.499999999969E-1,2.E-1);
#9396=ORIENTED_EDGE('',*,*,#6715,.F.);
#9397=ORIENTED_EDGE('',*,*,#9379,.T.);
#9399=ORIENTED_EDGE('',*,*,#9398,.T.);
#9401=ORIENTED_EDGE('',*,*,#9400,.T.);
#9402=ORIENTED_EDGE('',*,*,#9373,.T.);
#9403=EDGE_LOOP('',(#9396,#9397,#9399,#9401,#9402));
#9404=FACE_OUTER_BOUND('',#9403,.F.);
#9406=FILL_AREA_STYLE_COLOUR('',#19);
#9407=FILL_AREA_STYLE('',(#9406));
#9408=SURFACE_STYLE_FILL_AREA(#9407);
#9409=SURFACE_SIDE_STYLE('',(#9408));
#9410=SURFACE_STYLE_USAGE(.BOTH.,#9409);
#9411=PRESENTATION_STYLE_ASSIGNMENT((#9410));
#9412=STYLED_ITEM('',(#9411),#9405);
#9413=CARTESIAN_POINT('',(-1.8E1,9.5E0,1.228039720695E1));
#9414=DIRECTION('',(0.E0,0.E0,1.E0));
#9415=DIRECTION('',(1.E0,0.E0,0.E0));
#9416=AXIS2_PLACEMENT_3D('',#9413,#9414,#9415);
#9417=CYLINDRICAL_SURFACE('',#9416,2.5E-1);
#9418=ORIENTED_EDGE('',*,*,#9400,.F.);
#9419=ORIENTED_EDGE('',*,*,#9398,.F.);
#9421=ORIENTED_EDGE('',*,*,#9420,.T.);
#9423=ORIENTED_EDGE('',*,*,#9422,.F.);
#9425=ORIENTED_EDGE('',*,*,#9424,.T.);
#9426=EDGE_LOOP('',(#9418,#9419,#9421,#9423,#9425));
#9427=FACE_OUTER_BOUND('',#9426,.F.);
#9429=FILL_AREA_STYLE_COLOUR('',#19);
#9430=FILL_AREA_STYLE('',(#9429));
#9431=SURFACE_STYLE_FILL_AREA(#9430);
#9432=SURFACE_SIDE_STYLE('',(#9431));
#9433=SURFACE_STYLE_USAGE(.BOTH.,#9432);
#9434=PRESENTATION_STYLE_ASSIGNMENT((#9433));
#9435=STYLED_ITEM('',(#9434),#9428);
#9436=CARTESIAN_POINT('',(-1.8E1,9.5E0,1.228039720695E1));
#9437=DIRECTION('',(0.E0,0.E0,1.E0));
#9438=DIRECTION('',(1.E0,0.E0,0.E0));
#9439=AXIS2_PLACEMENT_3D('',#9436,#9437,#9438);
#9440=CYLINDRICAL_SURFACE('',#9439,2.5E-1);
#9441=ORIENTED_EDGE('',*,*,#9377,.F.);
#9442=ORIENTED_EDGE('',*,*,#9375,.F.);
#9443=ORIENTED_EDGE('',*,*,#9424,.F.);
#9445=ORIENTED_EDGE('',*,*,#9444,.F.);
#9446=ORIENTED_EDGE('',*,*,#9420,.F.);
#9447=EDGE_LOOP('',(#9441,#9442,#9443,#9445,#9446));
#9448=FACE_OUTER_BOUND('',#9447,.F.);
#9450=FILL_AREA_STYLE_COLOUR('',#19);
#9451=FILL_AREA_STYLE('',(#9450));
#9452=SURFACE_STYLE_FILL_AREA(#9451);
#9453=SURFACE_SIDE_STYLE('',(#9452));
#9454=SURFACE_STYLE_USAGE(.BOTH.,#9453);
#9455=PRESENTATION_STYLE_ASSIGNMENT((#9454));
#9456=STYLED_ITEM('',(#9455),#9449);
#9457=CARTESIAN_POINT('',(-1.8E1,9.5E0,1.235E1));
#9458=DIRECTION('',(0.E0,0.E0,1.E0));
#9459=DIRECTION('',(1.E0,0.E0,0.E0));
#9460=AXIS2_PLACEMENT_3D('',#9457,#9458,#9459);
#9461=PLANE('',#9460);
#9462=ORIENTED_EDGE('',*,*,#9422,.T.);
#9463=ORIENTED_EDGE('',*,*,#9444,.T.);
#9464=EDGE_LOOP('',(#9462,#9463));
#9465=FACE_OUTER_BOUND('',#9464,.F.);
#9467=FILL_AREA_STYLE_COLOUR('',#19);
#9468=FILL_AREA_STYLE('',(#9467));
#9469=SURFACE_STYLE_FILL_AREA(#9468);
#9470=SURFACE_SIDE_STYLE('',(#9469));
#9471=SURFACE_STYLE_USAGE(.BOTH.,#9470);
#9472=PRESENTATION_STYLE_ASSIGNMENT((#9471));
#9473=STYLED_ITEM('',(#9472),#9466);
#9474=CARTESIAN_POINT('',(1.8E1,9.5E0,1.22E1));
#9475=DIRECTION('',(0.E0,0.E0,-1.E0));
#9476=DIRECTION('',(1.E0,-1.477305347716E-8,0.E0));
#9477=AXIS2_PLACEMENT_3D('',#9474,#9475,#9476);
#9478=SPHERICAL_SURFACE('',#9477,5.E-1);
#9480=ORIENTED_EDGE('',*,*,#9479,.F.);
#9481=ORIENTED_EDGE('',*,*,#6584,.F.);
#9483=ORIENTED_EDGE('',*,*,#9482,.F.);
#9484=EDGE_LOOP('',(#9480,#9481,#9483));
#9485=FACE_OUTER_BOUND('',#9484,.F.);
#9487=FILL_AREA_STYLE_COLOUR('',#19);
#9488=FILL_AREA_STYLE('',(#9487));
#9489=SURFACE_STYLE_FILL_AREA(#9488);
#9490=SURFACE_SIDE_STYLE('',(#9489));
#9491=SURFACE_STYLE_USAGE(.BOTH.,#9490);
#9492=PRESENTATION_STYLE_ASSIGNMENT((#9491));
#9493=STYLED_ITEM('',(#9492),#9486);
#9494=CARTESIAN_POINT('',(1.8E1,9.5E0,1.22E1));
#9495=DIRECTION('',(0.E0,0.E0,-1.E0));
#9496=DIRECTION('',(-1.E0,1.477305703675E-8,0.E0));
#9497=AXIS2_PLACEMENT_3D('',#9494,#9495,#9496);
#9498=SPHERICAL_SURFACE('',#9497,5.E-1);
#9499=ORIENTED_EDGE('',*,*,#9479,.T.);
#9500=ORIENTED_EDGE('',*,*,#9482,.T.);
#9501=ORIENTED_EDGE('',*,*,#6586,.F.);
#9502=EDGE_LOOP('',(#9499,#9500,#9501));
#9503=FACE_OUTER_BOUND('',#9502,.F.);
#9505=FILL_AREA_STYLE_COLOUR('',#19);
#9506=FILL_AREA_STYLE('',(#9505));
#9507=SURFACE_STYLE_FILL_AREA(#9506);
#9508=SURFACE_SIDE_STYLE('',(#9507));
#9509=SURFACE_STYLE_USAGE(.BOTH.,#9508);
#9510=PRESENTATION_STYLE_ASSIGNMENT((#9509));
#9511=STYLED_ITEM('',(#9510),#9504);
#9512=CARTESIAN_POINT('',(-1.8E1,9.5E0,1.22E1));
#9513=DIRECTION('',(0.E0,0.E0,-1.E0));
#9514=DIRECTION('',(1.E0,-1.477305703675E-8,0.E0));
#9515=AXIS2_PLACEMENT_3D('',#9512,#9513,#9514);
#9516=SPHERICAL_SURFACE('',#9515,5.E-1);
#9518=ORIENTED_EDGE('',*,*,#9517,.F.);
#9519=ORIENTED_EDGE('',*,*,#6590,.F.);
#9521=ORIENTED_EDGE('',*,*,#9520,.F.);
#9522=EDGE_LOOP('',(#9518,#9519,#9521));
#9523=FACE_OUTER_BOUND('',#9522,.F.);
#9525=FILL_AREA_STYLE_COLOUR('',#19);
#9526=FILL_AREA_STYLE('',(#9525));
#9527=SURFACE_STYLE_FILL_AREA(#9526);
#9528=SURFACE_SIDE_STYLE('',(#9527));
#9529=SURFACE_STYLE_USAGE(.BOTH.,#9528);
#9530=PRESENTATION_STYLE_ASSIGNMENT((#9529));
#9531=STYLED_ITEM('',(#9530),#9524);
#9532=CARTESIAN_POINT('',(-1.8E1,9.5E0,1.22E1));
#9533=DIRECTION('',(0.E0,0.E0,-1.E0));
#9534=DIRECTION('',(-1.E0,1.477305703675E-8,0.E0));
#9535=AXIS2_PLACEMENT_3D('',#9532,#9533,#9534);
#9536=SPHERICAL_SURFACE('',#9535,5.E-1);
#9537=ORIENTED_EDGE('',*,*,#9517,.T.);
#9538=ORIENTED_EDGE('',*,*,#9520,.T.);
#9539=ORIENTED_EDGE('',*,*,#6592,.F.);
#9540=EDGE_LOOP('',(#9537,#9538,#9539));
#9541=FACE_OUTER_BOUND('',#9540,.F.);
#9543=FILL_AREA_STYLE_COLOUR('',#19);
#9544=FILL_AREA_STYLE('',(#9543));
#9545=SURFACE_STYLE_FILL_AREA(#9544);
#9546=SURFACE_SIDE_STYLE('',(#9545));
#9547=SURFACE_STYLE_USAGE(.BOTH.,#9546);
#9548=PRESENTATION_STYLE_ASSIGNMENT((#9547));
#9549=STYLED_ITEM('',(#9548),#9542);
#9550=CARTESIAN_POINT('',(-1.8E1,9.6E0,1.148152351645E1));
#9551=DIRECTION('',(0.E0,0.E0,1.E0));
#9552=DIRECTION('',(-1.E0,0.E0,0.E0));
#9553=AXIS2_PLACEMENT_3D('',#9550,#9551,#9552);
#9554=CYLINDRICAL_SURFACE('',#9553,6.E-1);
#9555=ORIENTED_EDGE('',*,*,#5813,.F.);
#9557=ORIENTED_EDGE('',*,*,#9556,.T.);
#9558=ORIENTED_EDGE('',*,*,#5684,.F.);
#9560=ORIENTED_EDGE('',*,*,#9559,.T.);
#9561=EDGE_LOOP('',(#9555,#9557,#9558,#9560));
#9562=FACE_OUTER_BOUND('',#9561,.F.);
#9564=FILL_AREA_STYLE_COLOUR('',#19);
#9565=FILL_AREA_STYLE('',(#9564));
#9566=SURFACE_STYLE_FILL_AREA(#9565);
#9567=SURFACE_SIDE_STYLE('',(#9566));
#9568=SURFACE_STYLE_USAGE(.BOTH.,#9567);
#9569=PRESENTATION_STYLE_ASSIGNMENT((#9568));
#9570=STYLED_ITEM('',(#9569),#9563);
#9571=CARTESIAN_POINT('',(-1.8E1,9.6E0,1.148152351645E1));
#9572=DIRECTION('',(0.E0,0.E0,1.E0));
#9573=DIRECTION('',(-1.E0,0.E0,0.E0));
#9574=AXIS2_PLACEMENT_3D('',#9571,#9572,#9573);
#9575=CYLINDRICAL_SURFACE('',#9574,6.E-1);
#9576=ORIENTED_EDGE('',*,*,#5815,.F.);
#9577=ORIENTED_EDGE('',*,*,#9559,.F.);
#9578=ORIENTED_EDGE('',*,*,#5686,.F.);
#9579=ORIENTED_EDGE('',*,*,#9556,.F.);
#9580=EDGE_LOOP('',(#9576,#9577,#9578,#9579));
#9581=FACE_OUTER_BOUND('',#9580,.F.);
#9583=FILL_AREA_STYLE_COLOUR('',#19);
#9584=FILL_AREA_STYLE('',(#9583));
#9585=SURFACE_STYLE_FILL_AREA(#9584);
#9586=SURFACE_SIDE_STYLE('',(#9585));
#9587=SURFACE_STYLE_USAGE(.BOTH.,#9586);
#9588=PRESENTATION_STYLE_ASSIGNMENT((#9587));
#9589=STYLED_ITEM('',(#9588),#9582);
#9590=CARTESIAN_POINT('',(0.E0,9.6E0,1.148152351645E1));
#9591=DIRECTION('',(0.E0,0.E0,1.E0));
#9592=DIRECTION('',(-1.E0,0.E0,0.E0));
#9593=AXIS2_PLACEMENT_3D('',#9590,#9591,#9592);
#9594=CYLINDRICAL_SURFACE('',#9593,6.E-1);
#9595=ORIENTED_EDGE('',*,*,#5819,.F.);
#9597=ORIENTED_EDGE('',*,*,#9596,.T.);
#9598=ORIENTED_EDGE('',*,*,#5690,.F.);
#9600=ORIENTED_EDGE('',*,*,#9599,.T.);
#9601=EDGE_LOOP('',(#9595,#9597,#9598,#9600));
#9602=FACE_OUTER_BOUND('',#9601,.F.);
#9604=FILL_AREA_STYLE_COLOUR('',#19);
#9605=FILL_AREA_STYLE('',(#9604));
#9606=SURFACE_STYLE_FILL_AREA(#9605);
#9607=SURFACE_SIDE_STYLE('',(#9606));
#9608=SURFACE_STYLE_USAGE(.BOTH.,#9607);
#9609=PRESENTATION_STYLE_ASSIGNMENT((#9608));
#9610=STYLED_ITEM('',(#9609),#9603);
#9611=CARTESIAN_POINT('',(0.E0,9.6E0,1.148152351645E1));
#9612=DIRECTION('',(0.E0,0.E0,1.E0));
#9613=DIRECTION('',(-1.E0,0.E0,0.E0));
#9614=AXIS2_PLACEMENT_3D('',#9611,#9612,#9613);
#9615=CYLINDRICAL_SURFACE('',#9614,6.E-1);
#9616=ORIENTED_EDGE('',*,*,#5821,.F.);
#9617=ORIENTED_EDGE('',*,*,#9599,.F.);
#9618=ORIENTED_EDGE('',*,*,#5692,.F.);
#9619=ORIENTED_EDGE('',*,*,#9596,.F.);
#9620=EDGE_LOOP('',(#9616,#9617,#9618,#9619));
#9621=FACE_OUTER_BOUND('',#9620,.F.);
#9623=FILL_AREA_STYLE_COLOUR('',#19);
#9624=FILL_AREA_STYLE('',(#9623));
#9625=SURFACE_STYLE_FILL_AREA(#9624);
#9626=SURFACE_SIDE_STYLE('',(#9625));
#9627=SURFACE_STYLE_USAGE(.BOTH.,#9626);
#9628=PRESENTATION_STYLE_ASSIGNMENT((#9627));
#9629=STYLED_ITEM('',(#9628),#9622);
#9630=CARTESIAN_POINT('',(1.8E1,9.6E0,1.148152351645E1));
#9631=DIRECTION('',(0.E0,0.E0,1.E0));
#9632=DIRECTION('',(-1.E0,0.E0,0.E0));
#9633=AXIS2_PLACEMENT_3D('',#9630,#9631,#9632);
#9634=CYLINDRICAL_SURFACE('',#9633,6.E-1);
#9635=ORIENTED_EDGE('',*,*,#5825,.F.);
#9637=ORIENTED_EDGE('',*,*,#9636,.T.);
#9638=ORIENTED_EDGE('',*,*,#5696,.F.);
#9640=ORIENTED_EDGE('',*,*,#9639,.T.);
#9641=EDGE_LOOP('',(#9635,#9637,#9638,#9640));
#9642=FACE_OUTER_BOUND('',#9641,.F.);
#9644=FILL_AREA_STYLE_COLOUR('',#19);
#9645=FILL_AREA_STYLE('',(#9644));
#9646=SURFACE_STYLE_FILL_AREA(#9645);
#9647=SURFACE_SIDE_STYLE('',(#9646));
#9648=SURFACE_STYLE_USAGE(.BOTH.,#9647);
#9649=PRESENTATION_STYLE_ASSIGNMENT((#9648));
#9650=STYLED_ITEM('',(#9649),#9643);
#9651=CARTESIAN_POINT('',(1.8E1,9.6E0,1.148152351645E1));
#9652=DIRECTION('',(0.E0,0.E0,1.E0));
#9653=DIRECTION('',(-1.E0,0.E0,0.E0));
#9654=AXIS2_PLACEMENT_3D('',#9651,#9652,#9653);
#9655=CYLINDRICAL_SURFACE('',#9654,6.E-1);
#9656=ORIENTED_EDGE('',*,*,#5827,.F.);
#9657=ORIENTED_EDGE('',*,*,#9639,.F.);
#9658=ORIENTED_EDGE('',*,*,#5698,.F.);
#9659=ORIENTED_EDGE('',*,*,#9636,.F.);
#9660=EDGE_LOOP('',(#9656,#9657,#9658,#9659));
#9661=FACE_OUTER_BOUND('',#9660,.F.);
#9663=FILL_AREA_STYLE_COLOUR('',#19);
#9664=FILL_AREA_STYLE('',(#9663));
#9665=SURFACE_STYLE_FILL_AREA(#9664);
#9666=SURFACE_SIDE_STYLE('',(#9665));
#9667=SURFACE_STYLE_USAGE(.BOTH.,#9666);
#9668=PRESENTATION_STYLE_ASSIGNMENT((#9667));
#9669=STYLED_ITEM('',(#9668),#9662);
#9670=CARTESIAN_POINT('',(1.72E1,9.599999999998E0,1.11E1));
#9671=DIRECTION('',(1.E0,0.E0,0.E0));
#9672=DIRECTION('',(0.E0,0.E0,1.E0));
#9673=AXIS2_PLACEMENT_3D('',#9670,#9671,#9672);
#9674=PLANE('',#9673);
#9676=ORIENTED_EDGE('',*,*,#9675,.T.);
#9678=ORIENTED_EDGE('',*,*,#9677,.T.);
#9679=ORIENTED_EDGE('',*,*,#5647,.F.);
#9680=ORIENTED_EDGE('',*,*,#4807,.F.);
#9681=ORIENTED_EDGE('',*,*,#4891,.F.);
#9683=ORIENTED_EDGE('',*,*,#9682,.F.);
#9685=ORIENTED_EDGE('',*,*,#9684,.T.);
#9686=EDGE_LOOP('',(#9676,#9678,#9679,#9680,#9681,#9683,#9685));
#9687=FACE_OUTER_BOUND('',#9686,.F.);
#9689=FILL_AREA_STYLE_COLOUR('',#19);
#9690=FILL_AREA_STYLE('',(#9689));
#9691=SURFACE_STYLE_FILL_AREA(#9690);
#9692=SURFACE_SIDE_STYLE('',(#9691));
#9693=SURFACE_STYLE_USAGE(.BOTH.,#9692);
#9694=PRESENTATION_STYLE_ASSIGNMENT((#9693));
#9695=STYLED_ITEM('',(#9694),#9688);
#9696=CARTESIAN_POINT('',(1.685E1,9.400000000001E0,1.09E1));
#9697=DIRECTION('',(0.E0,2.982749931336E-1,9.544799780358E-1));
#9698=DIRECTION('',(0.E0,9.544799780358E-1,-2.982749931336E-1));
#9699=AXIS2_PLACEMENT_3D('',#9696,#9697,#9698);
#9700=PLANE('',#9699);
#9701=ORIENTED_EDGE('',*,*,#9675,.F.);
#9703=ORIENTED_EDGE('',*,*,#9702,.T.);
#9705=ORIENTED_EDGE('',*,*,#9704,.F.);
#9707=ORIENTED_EDGE('',*,*,#9706,.T.);
#9708=EDGE_LOOP('',(#9701,#9703,#9705,#9707));
#9709=FACE_OUTER_BOUND('',#9708,.F.);
#9711=FILL_AREA_STYLE_COLOUR('',#19);
#9712=FILL_AREA_STYLE('',(#9711));
#9713=SURFACE_STYLE_FILL_AREA(#9712);
#9714=SURFACE_SIDE_STYLE('',(#9713));
#9715=SURFACE_STYLE_USAGE(.BOTH.,#9714);
#9716=PRESENTATION_STYLE_ASSIGNMENT((#9715));
#9717=STYLED_ITEM('',(#9716),#9710);
#9718=CARTESIAN_POINT('',(1.685E1,1.0325E1,1.065E1));
#9719=DIRECTION('',(0.E0,0.E0,1.E0));
#9720=DIRECTION('',(1.E0,0.E0,0.E0));
#9721=AXIS2_PLACEMENT_3D('',#9718,#9719,#9720);
#9722=PLANE('',#9721);
#9723=ORIENTED_EDGE('',*,*,#9702,.F.);
#9724=ORIENTED_EDGE('',*,*,#9684,.F.);
#9726=ORIENTED_EDGE('',*,*,#9725,.F.);
#9728=ORIENTED_EDGE('',*,*,#9727,.F.);
#9729=EDGE_LOOP('',(#9723,#9724,#9726,#9728));
#9730=FACE_OUTER_BOUND('',#9729,.F.);
#9732=FILL_AREA_STYLE_COLOUR('',#19);
#9733=FILL_AREA_STYLE('',(#9732));
#9734=SURFACE_STYLE_FILL_AREA(#9733);
#9735=SURFACE_SIDE_STYLE('',(#9734));
#9736=SURFACE_STYLE_USAGE(.BOTH.,#9735);
#9737=PRESENTATION_STYLE_ASSIGNMENT((#9736));
#9738=STYLED_ITEM('',(#9737),#9731);
#9739=CARTESIAN_POINT('',(1.685E1,1.045E1,1.0825E1));
#9740=DIRECTION('',(0.E0,1.E0,0.E0));
#9741=DIRECTION('',(-1.E0,0.E0,0.E0));
#9742=AXIS2_PLACEMENT_3D('',#9739,#9740,#9741);
#9743=PLANE('',#9742);
#9745=ORIENTED_EDGE('',*,*,#9744,.T.);
#9746=ORIENTED_EDGE('',*,*,#9725,.T.);
#9747=ORIENTED_EDGE('',*,*,#9682,.T.);
#9748=ORIENTED_EDGE('',*,*,#4889,.T.);
#9749=EDGE_LOOP('',(#9745,#9746,#9747,#9748));
#9750=FACE_OUTER_BOUND('',#9749,.F.);
#9752=FILL_AREA_STYLE_COLOUR('',#19);
#9753=FILL_AREA_STYLE('',(#9752));
#9754=SURFACE_STYLE_FILL_AREA(#9753);
#9755=SURFACE_SIDE_STYLE('',(#9754));
#9756=SURFACE_STYLE_USAGE(.BOTH.,#9755);
#9757=PRESENTATION_STYLE_ASSIGNMENT((#9756));
#9758=STYLED_ITEM('',(#9757),#9751);
#9759=CARTESIAN_POINT('',(1.65E1,9.599999999998E0,1.11E1));
#9760=DIRECTION('',(1.E0,0.E0,0.E0));
#9761=DIRECTION('',(0.E0,0.E0,-1.E0));
#9762=AXIS2_PLACEMENT_3D('',#9759,#9760,#9761);
#9763=PLANE('',#9762);
#9764=ORIENTED_EDGE('',*,*,#9704,.T.);
#9765=ORIENTED_EDGE('',*,*,#9727,.T.);
#9766=ORIENTED_EDGE('',*,*,#9744,.F.);
#9767=ORIENTED_EDGE('',*,*,#4887,.F.);
#9769=ORIENTED_EDGE('',*,*,#9768,.F.);
#9770=ORIENTED_EDGE('',*,*,#5651,.F.);
#9772=ORIENTED_EDGE('',*,*,#9771,.T.);
#9773=EDGE_LOOP('',(#9764,#9765,#9766,#9767,#9769,#9770,#9772));
#9774=FACE_OUTER_BOUND('',#9773,.F.);
#9776=FILL_AREA_STYLE_COLOUR('',#19);
#9777=FILL_AREA_STYLE('',(#9776));
#9778=SURFACE_STYLE_FILL_AREA(#9777);
#9779=SURFACE_SIDE_STYLE('',(#9778));
#9780=SURFACE_STYLE_USAGE(.BOTH.,#9779);
#9781=PRESENTATION_STYLE_ASSIGNMENT((#9780));
#9782=STYLED_ITEM('',(#9781),#9775);
#9783=CARTESIAN_POINT('',(1.243E1,1.06E1,9.953128022801E0));
#9784=DIRECTION('',(0.E0,1.E0,0.E0));
#9785=DIRECTION('',(1.E0,0.E0,0.E0));
#9786=AXIS2_PLACEMENT_3D('',#9783,#9784,#9785);
#9787=PLANE('',#9786);
#9789=ORIENTED_EDGE('',*,*,#9788,.T.);
#9791=ORIENTED_EDGE('',*,*,#9790,.T.);
#9792=ORIENTED_EDGE('',*,*,#5653,.T.);
#9793=ORIENTED_EDGE('',*,*,#9768,.T.);
#9794=ORIENTED_EDGE('',*,*,#4885,.T.);
#9796=ORIENTED_EDGE('',*,*,#9795,.F.);
#9798=ORIENTED_EDGE('',*,*,#9797,.T.);
#9800=ORIENTED_EDGE('',*,*,#9799,.F.);
#9801=EDGE_LOOP('',(#9789,#9791,#9792,#9793,#9794,#9796,#9798,#9800));
#9802=FACE_OUTER_BOUND('',#9801,.F.);
#9804=ORIENTED_EDGE('',*,*,#9803,.T.);
#9806=ORIENTED_EDGE('',*,*,#9805,.T.);
#9808=ORIENTED_EDGE('',*,*,#9807,.T.);
#9810=ORIENTED_EDGE('',*,*,#9809,.T.);
#9811=EDGE_LOOP('',(#9804,#9806,#9808,#9810));
#9812=FACE_BOUND('',#9811,.F.);
#9814=FILL_AREA_STYLE_COLOUR('',#19);
#9815=FILL_AREA_STYLE('',(#9814));
#9816=SURFACE_STYLE_FILL_AREA(#9815);
#9817=SURFACE_SIDE_STYLE('',(#9816));
#9818=SURFACE_STYLE_USAGE(.BOTH.,#9817);
#9819=PRESENTATION_STYLE_ASSIGNMENT((#9818));
#9820=STYLED_ITEM('',(#9819),#9813);
#9821=CARTESIAN_POINT('',(0.E0,1.0075E1,1.1E1));
#9822=DIRECTION('',(0.E0,0.E0,1.E0));
#9823=DIRECTION('',(-1.E0,0.E0,0.E0));
#9824=AXIS2_PLACEMENT_3D('',#9821,#9822,#9823);
#9825=PLANE('',#9824);
#9827=ORIENTED_EDGE('',*,*,#9826,.T.);
#9828=ORIENTED_EDGE('',*,*,#5578,.T.);
#9829=ORIENTED_EDGE('',*,*,#5621,.T.);
#9831=ORIENTED_EDGE('',*,*,#9830,.T.);
#9833=ORIENTED_EDGE('',*,*,#9832,.T.);
#9835=ORIENTED_EDGE('',*,*,#9834,.F.);
#9837=ORIENTED_EDGE('',*,*,#9836,.T.);
#9839=ORIENTED_EDGE('',*,*,#9838,.T.);
#9841=ORIENTED_EDGE('',*,*,#9840,.T.);
#9842=ORIENTED_EDGE('',*,*,#9788,.F.);
#9844=ORIENTED_EDGE('',*,*,#9843,.F.);
#9846=ORIENTED_EDGE('',*,*,#9845,.T.);
#9847=EDGE_LOOP('',(#9827,#9828,#9829,#9831,#9833,#9835,#9837,#9839,#9841,#9842,
#9844,#9846));
#9848=FACE_OUTER_BOUND('',#9847,.F.);
#9850=FILL_AREA_STYLE_COLOUR('',#19);
#9851=FILL_AREA_STYLE('',(#9850));
#9852=SURFACE_STYLE_FILL_AREA(#9851);
#9853=SURFACE_SIDE_STYLE('',(#9852));
#9854=SURFACE_STYLE_USAGE(.BOTH.,#9853);
#9855=PRESENTATION_STYLE_ASSIGNMENT((#9854));
#9856=STYLED_ITEM('',(#9855),#9849);
#9857=CARTESIAN_POINT('',(-8.36E0,1.0675E1,1.058E1));
#9858=DIRECTION('',(1.E0,0.E0,0.E0));
#9859=DIRECTION('',(0.E0,0.E0,-1.E0));
#9860=AXIS2_PLACEMENT_3D('',#9857,#9858,#9859);
#9861=PLANE('',#9860);
#9862=ORIENTED_EDGE('',*,*,#5580,.T.);
#9863=ORIENTED_EDGE('',*,*,#9826,.F.);
#9865=ORIENTED_EDGE('',*,*,#9864,.T.);
#9867=ORIENTED_EDGE('',*,*,#9866,.F.);
#9868=EDGE_LOOP('',(#9862,#9863,#9865,#9867));
#9869=FACE_OUTER_BOUND('',#9868,.F.);
#9871=FILL_AREA_STYLE_COLOUR('',#19);
#9872=FILL_AREA_STYLE('',(#9871));
#9873=SURFACE_STYLE_FILL_AREA(#9872);
#9874=SURFACE_SIDE_STYLE('',(#9873));
#9875=SURFACE_STYLE_USAGE(.BOTH.,#9874);
#9876=PRESENTATION_STYLE_ASSIGNMENT((#9875));
#9877=STYLED_ITEM('',(#9876),#9870);
#9878=CARTESIAN_POINT('',(0.E0,1.075E1,0.E0));
#9879=DIRECTION('',(0.E0,1.E0,0.E0));
#9880=DIRECTION('',(-1.E0,0.E0,0.E0));
#9881=AXIS2_PLACEMENT_3D('',#9878,#9879,#9880);
#9882=PLANE('',#9881);
#9883=ORIENTED_EDGE('',*,*,#4881,.F.);
#9884=ORIENTED_EDGE('',*,*,#4911,.F.);
#9885=ORIENTED_EDGE('',*,*,#4932,.T.);
#9886=ORIENTED_EDGE('',*,*,#4953,.F.);
#9887=ORIENTED_EDGE('',*,*,#4977,.T.);
#9888=ORIENTED_EDGE('',*,*,#4975,.T.);
#9889=ORIENTED_EDGE('',*,*,#4998,.F.);
#9890=ORIENTED_EDGE('',*,*,#5019,.T.);
#9891=ORIENTED_EDGE('',*,*,#5040,.F.);
#9892=ORIENTED_EDGE('',*,*,#5062,.F.);
#9894=ORIENTED_EDGE('',*,*,#9893,.F.);
#9896=ORIENTED_EDGE('',*,*,#9895,.T.);
#9898=ORIENTED_EDGE('',*,*,#9897,.F.);
#9900=ORIENTED_EDGE('',*,*,#9899,.F.);
#9902=ORIENTED_EDGE('',*,*,#9901,.F.);
#9904=ORIENTED_EDGE('',*,*,#9903,.T.);
#9906=ORIENTED_EDGE('',*,*,#9905,.T.);
#9908=ORIENTED_EDGE('',*,*,#9907,.F.);
#9910=ORIENTED_EDGE('',*,*,#9909,.T.);
#9912=ORIENTED_EDGE('',*,*,#9911,.T.);
#9914=ORIENTED_EDGE('',*,*,#9913,.F.);
#9916=ORIENTED_EDGE('',*,*,#9915,.T.);
#9918=ORIENTED_EDGE('',*,*,#9917,.T.);
#9920=ORIENTED_EDGE('',*,*,#9919,.F.);
#9921=ORIENTED_EDGE('',*,*,#5550,.F.);
#9923=ORIENTED_EDGE('',*,*,#9922,.F.);
#9925=ORIENTED_EDGE('',*,*,#9924,.T.);
#9926=ORIENTED_EDGE('',*,*,#9864,.F.);
#9927=ORIENTED_EDGE('',*,*,#9845,.F.);
#9929=ORIENTED_EDGE('',*,*,#9928,.F.);
#9931=ORIENTED_EDGE('',*,*,#9930,.T.);
#9933=ORIENTED_EDGE('',*,*,#9932,.F.);
#9934=EDGE_LOOP('',(#9883,#9884,#9885,#9886,#9887,#9888,#9889,#9890,#9891,#9892,
#9894,#9896,#9898,#9900,#9902,#9904,#9906,#9908,#9910,#9912,#9914,#9916,#9918,
#9920,#9921,#9923,#9925,#9926,#9927,#9929,#9931,#9933));
#9935=FACE_OUTER_BOUND('',#9934,.F.);
#9937=ORIENTED_EDGE('',*,*,#9936,.T.);
#9939=ORIENTED_EDGE('',*,*,#9938,.T.);
#9940=EDGE_LOOP('',(#9937,#9939));
#9941=FACE_BOUND('',#9940,.F.);
#9943=ORIENTED_EDGE('',*,*,#9942,.T.);
#9945=ORIENTED_EDGE('',*,*,#9944,.T.);
#9946=EDGE_LOOP('',(#9943,#9945));
#9947=FACE_BOUND('',#9946,.F.);
#9949=ORIENTED_EDGE('',*,*,#9948,.T.);
#9951=ORIENTED_EDGE('',*,*,#9950,.T.);
#9952=EDGE_LOOP('',(#9949,#9951));
#9953=FACE_BOUND('',#9952,.F.);
#9955=FILL_AREA_STYLE_COLOUR('',#49);
#9956=FILL_AREA_STYLE('',(#9955));
#9957=SURFACE_STYLE_FILL_AREA(#9956);
#9958=SURFACE_SIDE_STYLE('',(#9957));
#9959=SURFACE_STYLE_USAGE(.BOTH.,#9958);
#9960=PRESENTATION_STYLE_ASSIGNMENT((#9959));
#9961=STYLED_ITEM('',(#9960),#9954);
#9962=CARTESIAN_POINT('',(1.196E1,1.0675E1,-1.058E1));
#9963=DIRECTION('',(1.E0,0.E0,0.E0));
#9964=DIRECTION('',(0.E0,0.E0,-1.E0));
#9965=AXIS2_PLACEMENT_3D('',#9962,#9963,#9964);
#9966=PLANE('',#9965);
#9967=ORIENTED_EDGE('',*,*,#5095,.T.);
#9969=ORIENTED_EDGE('',*,*,#9968,.F.);
#9970=ORIENTED_EDGE('',*,*,#9893,.T.);
#9971=ORIENTED_EDGE('',*,*,#5060,.T.);
#9972=EDGE_LOOP('',(#9967,#9969,#9970,#9971));
#9973=FACE_OUTER_BOUND('',#9972,.F.);
#9975=FILL_AREA_STYLE_COLOUR('',#19);
#9976=FILL_AREA_STYLE('',(#9975));
#9977=SURFACE_STYLE_FILL_AREA(#9976);
#9978=SURFACE_SIDE_STYLE('',(#9977));
#9979=SURFACE_STYLE_USAGE(.BOTH.,#9978);
#9980=PRESENTATION_STYLE_ASSIGNMENT((#9979));
#9981=STYLED_ITEM('',(#9980),#9974);
#9982=CARTESIAN_POINT('',(1.016E1,1.081847648355E1,-1.016E1));
#9983=DIRECTION('',(0.E0,-1.E0,0.E0));
#9984=DIRECTION('',(-1.E0,0.E0,0.E0));
#9985=AXIS2_PLACEMENT_3D('',#9982,#9983,#9984);
#9986=CYLINDRICAL_SURFACE('',#9985,1.8E0);
#9987=ORIENTED_EDGE('',*,*,#5093,.F.);
#9989=ORIENTED_EDGE('',*,*,#9988,.T.);
#9990=ORIENTED_EDGE('',*,*,#9895,.F.);
#9991=ORIENTED_EDGE('',*,*,#9968,.T.);
#9992=EDGE_LOOP('',(#9987,#9989,#9990,#9991));
#9993=FACE_OUTER_BOUND('',#9992,.F.);
#9995=FILL_AREA_STYLE_COLOUR('',#19);
#9996=FILL_AREA_STYLE('',(#9995));
#9997=SURFACE_STYLE_FILL_AREA(#9996);
#9998=SURFACE_SIDE_STYLE('',(#9997));
#9999=SURFACE_STYLE_USAGE(.BOTH.,#9998);
#10000=PRESENTATION_STYLE_ASSIGNMENT((#9999));
#10001=STYLED_ITEM('',(#10000),#9994);
#10002=CARTESIAN_POINT('',(8.36E0,1.0675E1,-1.058E1));
#10003=DIRECTION('',(1.E0,0.E0,0.E0));
#10004=DIRECTION('',(0.E0,0.E0,1.E0));
#10005=AXIS2_PLACEMENT_3D('',#10002,#10003,#10004);
#10006=PLANE('',#10005);
#10007=ORIENTED_EDGE('',*,*,#5091,.T.);
#10009=ORIENTED_EDGE('',*,*,#10008,.T.);
#10010=ORIENTED_EDGE('',*,*,#9897,.T.);
#10011=ORIENTED_EDGE('',*,*,#9988,.F.);
#10012=EDGE_LOOP('',(#10007,#10009,#10010,#10011));
#10013=FACE_OUTER_BOUND('',#10012,.F.);
#10015=FILL_AREA_STYLE_COLOUR('',#19);
#10016=FILL_AREA_STYLE('',(#10015));
#10017=SURFACE_STYLE_FILL_AREA(#10016);
#10018=SURFACE_SIDE_STYLE('',(#10017));
#10019=SURFACE_STYLE_USAGE(.BOTH.,#10018);
#10020=PRESENTATION_STYLE_ASSIGNMENT((#10019));
#10021=STYLED_ITEM('',(#10020),#10014);
#10022=CARTESIAN_POINT('',(-6.6E0,1.0075E1,-1.1E1));
#10023=DIRECTION('',(0.E0,0.E0,1.E0));
#10024=DIRECTION('',(1.E0,0.E0,0.E0));
#10025=AXIS2_PLACEMENT_3D('',#10022,#10023,#10024);
#10026=PLANE('',#10025);
#10027=ORIENTED_EDGE('',*,*,#5273,.T.);
#10028=ORIENTED_EDGE('',*,*,#5294,.T.);
#10029=ORIENTED_EDGE('',*,*,#5314,.T.);
#10030=ORIENTED_EDGE('',*,*,#5334,.T.);
#10031=ORIENTED_EDGE('',*,*,#5357,.T.);
#10032=ORIENTED_EDGE('',*,*,#5380,.T.);
#10034=ORIENTED_EDGE('',*,*,#10033,.F.);
#10035=ORIENTED_EDGE('',*,*,#5429,.T.);
#10036=ORIENTED_EDGE('',*,*,#5491,.T.);
#10038=ORIENTED_EDGE('',*,*,#10037,.F.);
#10039=ORIENTED_EDGE('',*,*,#9899,.T.);
#10040=ORIENTED_EDGE('',*,*,#10008,.F.);
#10041=ORIENTED_EDGE('',*,*,#5089,.T.);
#10042=ORIENTED_EDGE('',*,*,#5132,.T.);
#10043=ORIENTED_EDGE('',*,*,#5230,.T.);
#10044=ORIENTED_EDGE('',*,*,#5250,.T.);
#10045=EDGE_LOOP('',(#10027,#10028,#10029,#10030,#10031,#10032,#10034,#10035,
#10036,#10038,#10039,#10040,#10041,#10042,#10043,#10044));
#10046=FACE_OUTER_BOUND('',#10045,.F.);
#10048=FILL_AREA_STYLE_COLOUR('',#19);
#10049=FILL_AREA_STYLE('',(#10048));
#10050=SURFACE_STYLE_FILL_AREA(#10049);
#10051=SURFACE_SIDE_STYLE('',(#10050));
#10052=SURFACE_STYLE_USAGE(.BOTH.,#10051);
#10053=PRESENTATION_STYLE_ASSIGNMENT((#10052));
#10054=STYLED_ITEM('',(#10053),#10047);
#10055=CARTESIAN_POINT('',(-1.685E1,1.045E1,-1.0825E1));
#10056=DIRECTION('',(0.E0,1.E0,0.E0));
#10057=DIRECTION('',(-1.E0,0.E0,0.E0));
#10058=AXIS2_PLACEMENT_3D('',#10055,#10056,#10057);
#10059=PLANE('',#10058);
#10060=ORIENTED_EDGE('',*,*,#5378,.T.);
#10062=ORIENTED_EDGE('',*,*,#10061,.T.);
#10063=ORIENTED_EDGE('',*,*,#5431,.T.);
#10064=ORIENTED_EDGE('',*,*,#10033,.T.);
#10065=EDGE_LOOP('',(#10060,#10062,#10063,#10064));
#10066=FACE_OUTER_BOUND('',#10065,.F.);
#10068=FILL_AREA_STYLE_COLOUR('',#19);
#10069=FILL_AREA_STYLE('',(#10068));
#10070=SURFACE_STYLE_FILL_AREA(#10069);
#10071=SURFACE_SIDE_STYLE('',(#10070));
#10072=SURFACE_STYLE_USAGE(.BOTH.,#10071);
#10073=PRESENTATION_STYLE_ASSIGNMENT((#10072));
#10074=STYLED_ITEM('',(#10073),#10067);
#10075=CARTESIAN_POINT('',(-1.685E1,1.0325E1,-1.065E1));
#10076=DIRECTION('',(0.E0,0.E0,1.E0));
#10077=DIRECTION('',(-1.E0,0.E0,0.E0));
#10078=AXIS2_PLACEMENT_3D('',#10075,#10076,#10077);
#10079=PLANE('',#10078);
#10080=ORIENTED_EDGE('',*,*,#5403,.F.);
#10081=ORIENTED_EDGE('',*,*,#5433,.F.);
#10082=ORIENTED_EDGE('',*,*,#10061,.F.);
#10083=ORIENTED_EDGE('',*,*,#5376,.F.);
#10084=EDGE_LOOP('',(#10080,#10081,#10082,#10083));
#10085=FACE_OUTER_BOUND('',#10084,.F.);
#10087=FILL_AREA_STYLE_COLOUR('',#19);
#10088=FILL_AREA_STYLE('',(#10087));
#10089=SURFACE_STYLE_FILL_AREA(#10088);
#10090=SURFACE_SIDE_STYLE('',(#10089));
#10091=SURFACE_STYLE_USAGE(.BOTH.,#10090);
#10092=PRESENTATION_STYLE_ASSIGNMENT((#10091));
#10093=STYLED_ITEM('',(#10092),#10086);
#10094=CARTESIAN_POINT('',(-2.3E1,1.0675E1,-1.020727364833E1));
#10095=DIRECTION('',(1.E0,0.E0,0.E0));
#10096=DIRECTION('',(0.E0,0.E0,-1.E0));
#10097=AXIS2_PLACEMENT_3D('',#10094,#10095,#10096);
#10098=PLANE('',#10097);
#10099=ORIENTED_EDGE('',*,*,#5489,.T.);
#10101=ORIENTED_EDGE('',*,*,#10100,.F.);
#10102=ORIENTED_EDGE('',*,*,#9901,.T.);
#10103=ORIENTED_EDGE('',*,*,#10037,.T.);
#10104=EDGE_LOOP('',(#10099,#10101,#10102,#10103));
#10105=FACE_OUTER_BOUND('',#10104,.F.);
#10107=FILL_AREA_STYLE_COLOUR('',#19);
#10108=FILL_AREA_STYLE('',(#10107));
#10109=SURFACE_STYLE_FILL_AREA(#10108);
#10110=SURFACE_SIDE_STYLE('',(#10109));
#10111=SURFACE_STYLE_USAGE(.BOTH.,#10110);
#10112=PRESENTATION_STYLE_ASSIGNMENT((#10111));
#10113=STYLED_ITEM('',(#10112),#10106);
#10114=CARTESIAN_POINT('',(-2.286E1,1.081847648355E1,-7.62E0));
#10115=DIRECTION('',(0.E0,-1.E0,0.E0));
#10116=DIRECTION('',(-1.E0,0.E0,0.E0));
#10117=AXIS2_PLACEMENT_3D('',#10114,#10115,#10116);
#10118=CYLINDRICAL_SURFACE('',#10117,1.8E0);
#10119=ORIENTED_EDGE('',*,*,#5487,.F.);
#10120=ORIENTED_EDGE('',*,*,#5485,.F.);
#10122=ORIENTED_EDGE('',*,*,#10121,.T.);
#10123=ORIENTED_EDGE('',*,*,#9905,.F.);
#10124=ORIENTED_EDGE('',*,*,#9903,.F.);
#10125=ORIENTED_EDGE('',*,*,#10100,.T.);
#10126=EDGE_LOOP('',(#10119,#10120,#10122,#10123,#10124,#10125));
#10127=FACE_OUTER_BOUND('',#10126,.F.);
#10129=FILL_AREA_STYLE_COLOUR('',#19);
#10130=FILL_AREA_STYLE('',(#10129));
#10131=SURFACE_STYLE_FILL_AREA(#10130);
#10132=SURFACE_SIDE_STYLE('',(#10131));
#10133=SURFACE_STYLE_USAGE(.BOTH.,#10132);
#10134=PRESENTATION_STYLE_ASSIGNMENT((#10133));
#10135=STYLED_ITEM('',(#10134),#10128);
#10136=CARTESIAN_POINT('',(-2.3E1,1.0675E1,-5.08E0));
#10137=DIRECTION('',(1.E0,0.E0,0.E0));
#10138=DIRECTION('',(0.E0,0.E0,-1.E0));
#10139=AXIS2_PLACEMENT_3D('',#10136,#10137,#10138);
#10140=PLANE('',#10139);
#10141=ORIENTED_EDGE('',*,*,#5483,.T.);
#10143=ORIENTED_EDGE('',*,*,#10142,.F.);
#10144=ORIENTED_EDGE('',*,*,#9907,.T.);
#10145=ORIENTED_EDGE('',*,*,#10121,.F.);
#10146=EDGE_LOOP('',(#10141,#10143,#10144,#10145));
#10147=FACE_OUTER_BOUND('',#10146,.F.);
#10149=FILL_AREA_STYLE_COLOUR('',#19);
#10150=FILL_AREA_STYLE('',(#10149));
#10151=SURFACE_STYLE_FILL_AREA(#10150);
#10152=SURFACE_SIDE_STYLE('',(#10151));
#10153=SURFACE_STYLE_USAGE(.BOTH.,#10152);
#10154=PRESENTATION_STYLE_ASSIGNMENT((#10153));
#10155=STYLED_ITEM('',(#10154),#10148);
#10156=CARTESIAN_POINT('',(-2.286E1,1.081847648355E1,-2.54E0));
#10157=DIRECTION('',(0.E0,-1.E0,0.E0));
#10158=DIRECTION('',(-1.E0,0.E0,0.E0));
#10159=AXIS2_PLACEMENT_3D('',#10156,#10157,#10158);
#10160=CYLINDRICAL_SURFACE('',#10159,1.8E0);
#10161=ORIENTED_EDGE('',*,*,#5481,.F.);
#10162=ORIENTED_EDGE('',*,*,#5479,.F.);
#10164=ORIENTED_EDGE('',*,*,#10163,.T.);
#10165=ORIENTED_EDGE('',*,*,#9911,.F.);
#10166=ORIENTED_EDGE('',*,*,#9909,.F.);
#10167=ORIENTED_EDGE('',*,*,#10142,.T.);
#10168=EDGE_LOOP('',(#10161,#10162,#10164,#10165,#10166,#10167));
#10169=FACE_OUTER_BOUND('',#10168,.F.);
#10171=FILL_AREA_STYLE_COLOUR('',#19);
#10172=FILL_AREA_STYLE('',(#10171));
#10173=SURFACE_STYLE_FILL_AREA(#10172);
#10174=SURFACE_SIDE_STYLE('',(#10173));
#10175=SURFACE_STYLE_USAGE(.BOTH.,#10174);
#10176=PRESENTATION_STYLE_ASSIGNMENT((#10175));
#10177=STYLED_ITEM('',(#10176),#10170);
#10178=CARTESIAN_POINT('',(-2.3E1,1.0675E1,2.54E0));
#10179=DIRECTION('',(1.E0,0.E0,0.E0));
#10180=DIRECTION('',(0.E0,0.E0,-1.E0));
#10181=AXIS2_PLACEMENT_3D('',#10178,#10179,#10180);
#10182=PLANE('',#10181);
#10183=ORIENTED_EDGE('',*,*,#5477,.T.);
#10185=ORIENTED_EDGE('',*,*,#10184,.F.);
#10186=ORIENTED_EDGE('',*,*,#9913,.T.);
#10187=ORIENTED_EDGE('',*,*,#10163,.F.);
#10188=EDGE_LOOP('',(#10183,#10185,#10186,#10187));
#10189=FACE_OUTER_BOUND('',#10188,.F.);
#10191=FILL_AREA_STYLE_COLOUR('',#19);
#10192=FILL_AREA_STYLE('',(#10191));
#10193=SURFACE_STYLE_FILL_AREA(#10192);
#10194=SURFACE_SIDE_STYLE('',(#10193));
#10195=SURFACE_STYLE_USAGE(.BOTH.,#10194);
#10196=PRESENTATION_STYLE_ASSIGNMENT((#10195));
#10197=STYLED_ITEM('',(#10196),#10190);
#10198=CARTESIAN_POINT('',(-2.286E1,1.081847648355E1,7.62E0));
#10199=DIRECTION('',(0.E0,-1.E0,0.E0));
#10200=DIRECTION('',(-1.E0,0.E0,0.E0));
#10201=AXIS2_PLACEMENT_3D('',#10198,#10199,#10200);
#10202=CYLINDRICAL_SURFACE('',#10201,1.8E0);
#10203=ORIENTED_EDGE('',*,*,#5475,.F.);
#10204=ORIENTED_EDGE('',*,*,#5473,.F.);
#10206=ORIENTED_EDGE('',*,*,#10205,.T.);
#10207=ORIENTED_EDGE('',*,*,#9917,.F.);
#10208=ORIENTED_EDGE('',*,*,#9915,.F.);
#10209=ORIENTED_EDGE('',*,*,#10184,.T.);
#10210=EDGE_LOOP('',(#10203,#10204,#10206,#10207,#10208,#10209));
#10211=FACE_OUTER_BOUND('',#10210,.F.);
#10213=FILL_AREA_STYLE_COLOUR('',#19);
#10214=FILL_AREA_STYLE('',(#10213));
#10215=SURFACE_STYLE_FILL_AREA(#10214);
#10216=SURFACE_SIDE_STYLE('',(#10215));
#10217=SURFACE_STYLE_USAGE(.BOTH.,#10216);
#10218=PRESENTATION_STYLE_ASSIGNMENT((#10217));
#10219=STYLED_ITEM('',(#10218),#10212);
#10220=CARTESIAN_POINT('',(-2.3E1,1.0675E1,1.020727364833E1));
#10221=DIRECTION('',(1.E0,0.E0,0.E0));
#10222=DIRECTION('',(0.E0,0.E0,-1.E0));
#10223=AXIS2_PLACEMENT_3D('',#10220,#10221,#10222);
#10224=PLANE('',#10223);
#10225=ORIENTED_EDGE('',*,*,#5471,.T.);
#10226=ORIENTED_EDGE('',*,*,#5552,.T.);
#10227=ORIENTED_EDGE('',*,*,#9919,.T.);
#10228=ORIENTED_EDGE('',*,*,#10205,.F.);
#10229=EDGE_LOOP('',(#10225,#10226,#10227,#10228));
#10230=FACE_OUTER_BOUND('',#10229,.F.);
#10232=FILL_AREA_STYLE_COLOUR('',#19);
#10233=FILL_AREA_STYLE('',(#10232));
#10234=SURFACE_STYLE_FILL_AREA(#10233);
#10235=SURFACE_SIDE_STYLE('',(#10234));
#10236=SURFACE_STYLE_USAGE(.BOTH.,#10235);
#10237=PRESENTATION_STYLE_ASSIGNMENT((#10236));
#10238=STYLED_ITEM('',(#10237),#10231);
#10239=CARTESIAN_POINT('',(-1.196E1,1.0675E1,1.058E1));
#10240=DIRECTION('',(1.E0,0.E0,0.E0));
#10241=DIRECTION('',(0.E0,0.E0,1.E0));
#10242=AXIS2_PLACEMENT_3D('',#10239,#10240,#10241);
#10243=PLANE('',#10242);
#10244=ORIENTED_EDGE('',*,*,#5584,.T.);
#10246=ORIENTED_EDGE('',*,*,#10245,.F.);
#10247=ORIENTED_EDGE('',*,*,#9922,.T.);
#10248=ORIENTED_EDGE('',*,*,#5548,.T.);
#10249=EDGE_LOOP('',(#10244,#10246,#10247,#10248));
#10250=FACE_OUTER_BOUND('',#10249,.F.);
#10252=FILL_AREA_STYLE_COLOUR('',#19);
#10253=FILL_AREA_STYLE('',(#10252));
#10254=SURFACE_STYLE_FILL_AREA(#10253);
#10255=SURFACE_SIDE_STYLE('',(#10254));
#10256=SURFACE_STYLE_USAGE(.BOTH.,#10255);
#10257=PRESENTATION_STYLE_ASSIGNMENT((#10256));
#10258=STYLED_ITEM('',(#10257),#10251);
#10259=CARTESIAN_POINT('',(-1.016E1,1.081847648355E1,1.016E1));
#10260=DIRECTION('',(0.E0,-1.E0,0.E0));
#10261=DIRECTION('',(-1.E0,0.E0,0.E0));
#10262=AXIS2_PLACEMENT_3D('',#10259,#10260,#10261);
#10263=CYLINDRICAL_SURFACE('',#10262,1.8E0);
#10264=ORIENTED_EDGE('',*,*,#5582,.F.);
#10265=ORIENTED_EDGE('',*,*,#9866,.T.);
#10266=ORIENTED_EDGE('',*,*,#9924,.F.);
#10267=ORIENTED_EDGE('',*,*,#10245,.T.);
#10268=EDGE_LOOP('',(#10264,#10265,#10266,#10267));
#10269=FACE_OUTER_BOUND('',#10268,.F.);
#10271=FILL_AREA_STYLE_COLOUR('',#19);
#10272=FILL_AREA_STYLE('',(#10271));
#10273=SURFACE_STYLE_FILL_AREA(#10272);
#10274=SURFACE_SIDE_STYLE('',(#10273));
#10275=SURFACE_STYLE_USAGE(.BOTH.,#10274);
#10276=PRESENTATION_STYLE_ASSIGNMENT((#10275));
#10277=STYLED_ITEM('',(#10276),#10270);
#10278=CARTESIAN_POINT('',(8.36E0,1.0675E1,1.058E1));
#10279=DIRECTION('',(1.E0,0.E0,0.E0));
#10280=DIRECTION('',(0.E0,0.E0,1.E0));
#10281=AXIS2_PLACEMENT_3D('',#10278,#10279,#10280);
#10282=PLANE('',#10281);
#10283=ORIENTED_EDGE('',*,*,#9799,.T.);
#10285=ORIENTED_EDGE('',*,*,#10284,.F.);
#10286=ORIENTED_EDGE('',*,*,#9928,.T.);
#10287=ORIENTED_EDGE('',*,*,#9843,.T.);
#10288=EDGE_LOOP('',(#10283,#10285,#10286,#10287));
#10289=FACE_OUTER_BOUND('',#10288,.F.);
#10291=FILL_AREA_STYLE_COLOUR('',#19);
#10292=FILL_AREA_STYLE('',(#10291));
#10293=SURFACE_STYLE_FILL_AREA(#10292);
#10294=SURFACE_SIDE_STYLE('',(#10293));
#10295=SURFACE_STYLE_USAGE(.BOTH.,#10294);
#10296=PRESENTATION_STYLE_ASSIGNMENT((#10295));
#10297=STYLED_ITEM('',(#10296),#10290);
#10298=CARTESIAN_POINT('',(1.016E1,1.081847648355E1,1.016E1));
#10299=DIRECTION('',(0.E0,-1.E0,0.E0));
#10300=DIRECTION('',(-1.E0,0.E0,0.E0));
#10301=AXIS2_PLACEMENT_3D('',#10298,#10299,#10300);
#10302=CYLINDRICAL_SURFACE('',#10301,1.8E0);
#10303=ORIENTED_EDGE('',*,*,#9797,.F.);
#10305=ORIENTED_EDGE('',*,*,#10304,.T.);
#10306=ORIENTED_EDGE('',*,*,#9930,.F.);
#10307=ORIENTED_EDGE('',*,*,#10284,.T.);
#10308=EDGE_LOOP('',(#10303,#10305,#10306,#10307));
#10309=FACE_OUTER_BOUND('',#10308,.F.);
#10311=FILL_AREA_STYLE_COLOUR('',#19);
#10312=FILL_AREA_STYLE('',(#10311));
#10313=SURFACE_STYLE_FILL_AREA(#10312);
#10314=SURFACE_SIDE_STYLE('',(#10313));
#10315=SURFACE_STYLE_USAGE(.BOTH.,#10314);
#10316=PRESENTATION_STYLE_ASSIGNMENT((#10315));
#10317=STYLED_ITEM('',(#10316),#10310);
#10318=CARTESIAN_POINT('',(1.196E1,1.0675E1,1.058E1));
#10319=DIRECTION('',(1.E0,0.E0,0.E0));
#10320=DIRECTION('',(0.E0,0.E0,-1.E0));
#10321=AXIS2_PLACEMENT_3D('',#10318,#10319,#10320);
#10322=PLANE('',#10321);
#10323=ORIENTED_EDGE('',*,*,#9795,.T.);
#10324=ORIENTED_EDGE('',*,*,#4883,.T.);
#10325=ORIENTED_EDGE('',*,*,#9932,.T.);
#10326=ORIENTED_EDGE('',*,*,#10304,.F.);
#10327=EDGE_LOOP('',(#10323,#10324,#10325,#10326));
#10328=FACE_OUTER_BOUND('',#10327,.F.);
#10330=FILL_AREA_STYLE_COLOUR('',#19);
#10331=FILL_AREA_STYLE('',(#10330));
#10332=SURFACE_STYLE_FILL_AREA(#10331);
#10333=SURFACE_SIDE_STYLE('',(#10332));
#10334=SURFACE_STYLE_USAGE(.BOTH.,#10333);
#10335=PRESENTATION_STYLE_ASSIGNMENT((#10334));
#10336=STYLED_ITEM('',(#10335),#10329);
#10337=CARTESIAN_POINT('',(-1.016E1,1.081847648355E1,2.54E0));
#10338=DIRECTION('',(0.E0,-1.E0,0.E0));
#10339=DIRECTION('',(-1.E0,0.E0,0.E0));
#10340=AXIS2_PLACEMENT_3D('',#10337,#10338,#10339);
#10341=CYLINDRICAL_SURFACE('',#10340,1.8E0);
#10343=ORIENTED_EDGE('',*,*,#10342,.F.);
#10345=ORIENTED_EDGE('',*,*,#10344,.F.);
#10346=ORIENTED_EDGE('',*,*,#9936,.F.);
#10348=ORIENTED_EDGE('',*,*,#10347,.F.);
#10349=EDGE_LOOP('',(#10343,#10345,#10346,#10348));
#10350=FACE_OUTER_BOUND('',#10349,.F.);
#10352=FILL_AREA_STYLE_COLOUR('',#19);
#10353=FILL_AREA_STYLE('',(#10352));
#10354=SURFACE_STYLE_FILL_AREA(#10353);
#10355=SURFACE_SIDE_STYLE('',(#10354));
#10356=SURFACE_STYLE_USAGE(.BOTH.,#10355);
#10357=PRESENTATION_STYLE_ASSIGNMENT((#10356));
#10358=STYLED_ITEM('',(#10357),#10351);
#10359=CARTESIAN_POINT('',(-1.016E1,1.06E1,2.539999999999E0));
#10360=DIRECTION('',(0.E0,1.E0,0.E0));
#10361=DIRECTION('',(1.E0,0.E0,0.E0));
#10362=AXIS2_PLACEMENT_3D('',#10359,#10360,#10361);
#10363=PLANE('',#10362);
#10364=ORIENTED_EDGE('',*,*,#10342,.T.);
#10366=ORIENTED_EDGE('',*,*,#10365,.T.);
#10367=EDGE_LOOP('',(#10364,#10366));
#10368=FACE_OUTER_BOUND('',#10367,.F.);
#10370=ORIENTED_EDGE('',*,*,#10369,.T.);
#10372=ORIENTED_EDGE('',*,*,#10371,.T.);
#10374=ORIENTED_EDGE('',*,*,#10373,.T.);
#10376=ORIENTED_EDGE('',*,*,#10375,.T.);
#10377=EDGE_LOOP('',(#10370,#10372,#10374,#10376));
#10378=FACE_BOUND('',#10377,.F.);
#10380=FILL_AREA_STYLE_COLOUR('',#19);
#10381=FILL_AREA_STYLE('',(#10380));
#10382=SURFACE_STYLE_FILL_AREA(#10381);
#10383=SURFACE_SIDE_STYLE('',(#10382));
#10384=SURFACE_STYLE_USAGE(.BOTH.,#10383);
#10385=PRESENTATION_STYLE_ASSIGNMENT((#10384));
#10386=STYLED_ITEM('',(#10385),#10379);
#10387=CARTESIAN_POINT('',(-1.016E1,1.081847648355E1,2.54E0));
#10388=DIRECTION('',(0.E0,-1.E0,0.E0));
#10389=DIRECTION('',(-1.E0,0.E0,0.E0));
#10390=AXIS2_PLACEMENT_3D('',#10387,#10388,#10389);
#10391=CYLINDRICAL_SURFACE('',#10390,1.8E0);
#10392=ORIENTED_EDGE('',*,*,#10365,.F.);
#10393=ORIENTED_EDGE('',*,*,#10347,.T.);
#10394=ORIENTED_EDGE('',*,*,#9938,.F.);
#10395=ORIENTED_EDGE('',*,*,#10344,.T.);
#10396=EDGE_LOOP('',(#10392,#10393,#10394,#10395));
#10397=FACE_OUTER_BOUND('',#10396,.F.);
#10399=FILL_AREA_STYLE_COLOUR('',#19);
#10400=FILL_AREA_STYLE('',(#10399));
#10401=SURFACE_STYLE_FILL_AREA(#10400);
#10402=SURFACE_SIDE_STYLE('',(#10401));
#10403=SURFACE_STYLE_USAGE(.BOTH.,#10402);
#10404=PRESENTATION_STYLE_ASSIGNMENT((#10403));
#10405=STYLED_ITEM('',(#10404),#10398);
#10406=CARTESIAN_POINT('',(-1.016E1,1.105E1,2.54E0));
#10407=DIRECTION('',(0.E0,-1.E0,0.E0));
#10408=DIRECTION('',(0.E0,0.E0,-1.E0));
#10409=AXIS2_PLACEMENT_3D('',#10406,#10407,#10408);
#10410=CONICAL_SURFACE('',#10409,5.75E-1,6.340191745922E0);
#10411=ORIENTED_EDGE('',*,*,#10371,.F.);
#10412=ORIENTED_EDGE('',*,*,#10369,.F.);
#10414=ORIENTED_EDGE('',*,*,#10413,.T.);
#10416=ORIENTED_EDGE('',*,*,#10415,.T.);
#10418=ORIENTED_EDGE('',*,*,#10417,.T.);
#10420=ORIENTED_EDGE('',*,*,#10419,.T.);
#10421=EDGE_LOOP('',(#10411,#10412,#10414,#10416,#10418,#10420));
#10422=FACE_OUTER_BOUND('',#10421,.F.);
#10424=FILL_AREA_STYLE_COLOUR('',#19);
#10425=FILL_AREA_STYLE('',(#10424));
#10426=SURFACE_STYLE_FILL_AREA(#10425);
#10427=SURFACE_SIDE_STYLE('',(#10426));
#10428=SURFACE_STYLE_USAGE(.BOTH.,#10427);
#10429=PRESENTATION_STYLE_ASSIGNMENT((#10428));
#10430=STYLED_ITEM('',(#10429),#10423);
#10431=CARTESIAN_POINT('',(-1.016E1,1.105E1,2.54E0));
#10432=DIRECTION('',(0.E0,-1.E0,0.E0));
#10433=DIRECTION('',(0.E0,0.E0,-1.E0));
#10434=AXIS2_PLACEMENT_3D('',#10431,#10432,#10433);
#10435=CONICAL_SURFACE('',#10434,5.75E-1,6.340191745922E0);
#10436=ORIENTED_EDGE('',*,*,#10375,.F.);
#10437=ORIENTED_EDGE('',*,*,#10373,.F.);
#10438=ORIENTED_EDGE('',*,*,#10419,.F.);
#10440=ORIENTED_EDGE('',*,*,#10439,.T.);
#10442=ORIENTED_EDGE('',*,*,#10441,.T.);
#10443=ORIENTED_EDGE('',*,*,#10413,.F.);
#10444=EDGE_LOOP('',(#10436,#10437,#10438,#10440,#10442,#10443));
#10445=FACE_OUTER_BOUND('',#10444,.F.);
#10447=FILL_AREA_STYLE_COLOUR('',#19);
#10448=FILL_AREA_STYLE('',(#10447));
#10449=SURFACE_STYLE_FILL_AREA(#10448);
#10450=SURFACE_SIDE_STYLE('',(#10449));
#10451=SURFACE_STYLE_USAGE(.BOTH.,#10450);
#10452=PRESENTATION_STYLE_ASSIGNMENT((#10451));
#10453=STYLED_ITEM('',(#10452),#10446);
#10454=CARTESIAN_POINT('',(-1.016E1,1.166847648355E1,2.54E0));
#10455=DIRECTION('',(0.E0,-1.E0,0.E0));
#10456=DIRECTION('',(-1.E0,0.E0,0.E0));
#10457=AXIS2_PLACEMENT_3D('',#10454,#10455,#10456);
#10458=CYLINDRICAL_SURFACE('',#10457,5.25E-1);
#10460=ORIENTED_EDGE('',*,*,#10459,.F.);
#10462=ORIENTED_EDGE('',*,*,#10461,.T.);
#10463=ORIENTED_EDGE('',*,*,#10441,.F.);
#10464=ORIENTED_EDGE('',*,*,#10439,.F.);
#10466=ORIENTED_EDGE('',*,*,#10465,.T.);
#10467=EDGE_LOOP('',(#10460,#10462,#10463,#10464,#10466));
#10468=FACE_OUTER_BOUND('',#10467,.F.);
#10470=FILL_AREA_STYLE_COLOUR('',#19);
#10471=FILL_AREA_STYLE('',(#10470));
#10472=SURFACE_STYLE_FILL_AREA(#10471);
#10473=SURFACE_SIDE_STYLE('',(#10472));
#10474=SURFACE_STYLE_USAGE(.BOTH.,#10473);
#10475=PRESENTATION_STYLE_ASSIGNMENT((#10474));
#10476=STYLED_ITEM('',(#10475),#10469);
#10477=CARTESIAN_POINT('',(-1.016E1,1.16E1,2.540000000001E0));
#10478=DIRECTION('',(0.E0,1.E0,0.E0));
#10479=DIRECTION('',(1.E0,0.E0,0.E0));
#10480=AXIS2_PLACEMENT_3D('',#10477,#10478,#10479);
#10481=PLANE('',#10480);
#10482=ORIENTED_EDGE('',*,*,#10459,.T.);
#10484=ORIENTED_EDGE('',*,*,#10483,.T.);
#10485=EDGE_LOOP('',(#10482,#10484));
#10486=FACE_OUTER_BOUND('',#10485,.F.);
#10488=FILL_AREA_STYLE_COLOUR('',#19);
#10489=FILL_AREA_STYLE('',(#10488));
#10490=SURFACE_STYLE_FILL_AREA(#10489);
#10491=SURFACE_SIDE_STYLE('',(#10490));
#10492=SURFACE_STYLE_USAGE(.BOTH.,#10491);
#10493=PRESENTATION_STYLE_ASSIGNMENT((#10492));
#10494=STYLED_ITEM('',(#10493),#10487);
#10495=CARTESIAN_POINT('',(-1.016E1,1.166847648355E1,2.54E0));
#10496=DIRECTION('',(0.E0,-1.E0,0.E0));
#10497=DIRECTION('',(-1.E0,0.E0,0.E0));
#10498=AXIS2_PLACEMENT_3D('',#10495,#10496,#10497);
#10499=CYLINDRICAL_SURFACE('',#10498,5.25E-1);
#10500=ORIENTED_EDGE('',*,*,#10483,.F.);
#10501=ORIENTED_EDGE('',*,*,#10465,.F.);
#10502=ORIENTED_EDGE('',*,*,#10417,.F.);
#10503=ORIENTED_EDGE('',*,*,#10415,.F.);
#10504=ORIENTED_EDGE('',*,*,#10461,.F.);
#10505=EDGE_LOOP('',(#10500,#10501,#10502,#10503,#10504));
#10506=FACE_OUTER_BOUND('',#10505,.F.);
#10508=FILL_AREA_STYLE_COLOUR('',#19);
#10509=FILL_AREA_STYLE('',(#10508));
#10510=SURFACE_STYLE_FILL_AREA(#10509);
#10511=SURFACE_SIDE_STYLE('',(#10510));
#10512=SURFACE_STYLE_USAGE(.BOTH.,#10511);
#10513=PRESENTATION_STYLE_ASSIGNMENT((#10512));
#10514=STYLED_ITEM('',(#10513),#10507);
#10515=CARTESIAN_POINT('',(1.016E1,1.081847648355E1,0.E0));
#10516=DIRECTION('',(0.E0,-1.E0,0.E0));
#10517=DIRECTION('',(-1.E0,0.E0,0.E0));
#10518=AXIS2_PLACEMENT_3D('',#10515,#10516,#10517);
#10519=CYLINDRICAL_SURFACE('',#10518,1.8E0);
#10521=ORIENTED_EDGE('',*,*,#10520,.F.);
#10523=ORIENTED_EDGE('',*,*,#10522,.F.);
#10524=ORIENTED_EDGE('',*,*,#9942,.F.);
#10526=ORIENTED_EDGE('',*,*,#10525,.F.);
#10527=EDGE_LOOP('',(#10521,#10523,#10524,#10526));
#10528=FACE_OUTER_BOUND('',#10527,.F.);
#10530=FILL_AREA_STYLE_COLOUR('',#19);
#10531=FILL_AREA_STYLE('',(#10530));
#10532=SURFACE_STYLE_FILL_AREA(#10531);
#10533=SURFACE_SIDE_STYLE('',(#10532));
#10534=SURFACE_STYLE_USAGE(.BOTH.,#10533);
#10535=PRESENTATION_STYLE_ASSIGNMENT((#10534));
#10536=STYLED_ITEM('',(#10535),#10529);
#10537=CARTESIAN_POINT('',(1.016E1,1.06E1,1.021516204958E-12));
#10538=DIRECTION('',(0.E0,1.E0,0.E0));
#10539=DIRECTION('',(1.E0,0.E0,0.E0));
#10540=AXIS2_PLACEMENT_3D('',#10537,#10538,#10539);
#10541=PLANE('',#10540);
#10542=ORIENTED_EDGE('',*,*,#10520,.T.);
#10544=ORIENTED_EDGE('',*,*,#10543,.T.);
#10545=EDGE_LOOP('',(#10542,#10544));
#10546=FACE_OUTER_BOUND('',#10545,.F.);
#10548=ORIENTED_EDGE('',*,*,#10547,.T.);
#10550=ORIENTED_EDGE('',*,*,#10549,.T.);
#10552=ORIENTED_EDGE('',*,*,#10551,.T.);
#10554=ORIENTED_EDGE('',*,*,#10553,.T.);
#10555=EDGE_LOOP('',(#10548,#10550,#10552,#10554));
#10556=FACE_BOUND('',#10555,.F.);
#10558=FILL_AREA_STYLE_COLOUR('',#19);
#10559=FILL_AREA_STYLE('',(#10558));
#10560=SURFACE_STYLE_FILL_AREA(#10559);
#10561=SURFACE_SIDE_STYLE('',(#10560));
#10562=SURFACE_STYLE_USAGE(.BOTH.,#10561);
#10563=PRESENTATION_STYLE_ASSIGNMENT((#10562));
#10564=STYLED_ITEM('',(#10563),#10557);
#10565=CARTESIAN_POINT('',(1.016E1,1.081847648355E1,0.E0));
#10566=DIRECTION('',(0.E0,-1.E0,0.E0));
#10567=DIRECTION('',(-1.E0,0.E0,0.E0));
#10568=AXIS2_PLACEMENT_3D('',#10565,#10566,#10567);
#10569=CYLINDRICAL_SURFACE('',#10568,1.8E0);
#10570=ORIENTED_EDGE('',*,*,#10543,.F.);
#10571=ORIENTED_EDGE('',*,*,#10525,.T.);
#10572=ORIENTED_EDGE('',*,*,#9944,.F.);
#10573=ORIENTED_EDGE('',*,*,#10522,.T.);
#10574=EDGE_LOOP('',(#10570,#10571,#10572,#10573));
#10575=FACE_OUTER_BOUND('',#10574,.F.);
#10577=FILL_AREA_STYLE_COLOUR('',#19);
#10578=FILL_AREA_STYLE('',(#10577));
#10579=SURFACE_STYLE_FILL_AREA(#10578);
#10580=SURFACE_SIDE_STYLE('',(#10579));
#10581=SURFACE_STYLE_USAGE(.BOTH.,#10580);
#10582=PRESENTATION_STYLE_ASSIGNMENT((#10581));
#10583=STYLED_ITEM('',(#10582),#10576);
#10584=CARTESIAN_POINT('',(1.016E1,1.105E1,0.E0));
#10585=DIRECTION('',(0.E0,-1.E0,0.E0));
#10586=DIRECTION('',(0.E0,0.E0,-1.E0));
#10587=AXIS2_PLACEMENT_3D('',#10584,#10585,#10586);
#10588=CONICAL_SURFACE('',#10587,5.750000000001E-1,6.340191745944E0);
#10589=ORIENTED_EDGE('',*,*,#10549,.F.);
#10590=ORIENTED_EDGE('',*,*,#10547,.F.);
#10592=ORIENTED_EDGE('',*,*,#10591,.T.);
#10594=ORIENTED_EDGE('',*,*,#10593,.T.);
#10596=ORIENTED_EDGE('',*,*,#10595,.T.);
#10598=ORIENTED_EDGE('',*,*,#10597,.T.);
#10599=EDGE_LOOP('',(#10589,#10590,#10592,#10594,#10596,#10598));
#10600=FACE_OUTER_BOUND('',#10599,.F.);
#10602=FILL_AREA_STYLE_COLOUR('',#19);
#10603=FILL_AREA_STYLE('',(#10602));
#10604=SURFACE_STYLE_FILL_AREA(#10603);
#10605=SURFACE_SIDE_STYLE('',(#10604));
#10606=SURFACE_STYLE_USAGE(.BOTH.,#10605);
#10607=PRESENTATION_STYLE_ASSIGNMENT((#10606));
#10608=STYLED_ITEM('',(#10607),#10601);
#10609=CARTESIAN_POINT('',(1.016E1,1.105E1,0.E0));
#10610=DIRECTION('',(0.E0,-1.E0,0.E0));
#10611=DIRECTION('',(0.E0,0.E0,-1.E0));
#10612=AXIS2_PLACEMENT_3D('',#10609,#10610,#10611);
#10613=CONICAL_SURFACE('',#10612,5.750000000001E-1,6.340191745944E0);
#10614=ORIENTED_EDGE('',*,*,#10553,.F.);
#10615=ORIENTED_EDGE('',*,*,#10551,.F.);
#10616=ORIENTED_EDGE('',*,*,#10597,.F.);
#10618=ORIENTED_EDGE('',*,*,#10617,.T.);
#10620=ORIENTED_EDGE('',*,*,#10619,.T.);
#10621=ORIENTED_EDGE('',*,*,#10591,.F.);
#10622=EDGE_LOOP('',(#10614,#10615,#10616,#10618,#10620,#10621));
#10623=FACE_OUTER_BOUND('',#10622,.F.);
#10625=FILL_AREA_STYLE_COLOUR('',#19);
#10626=FILL_AREA_STYLE('',(#10625));
#10627=SURFACE_STYLE_FILL_AREA(#10626);
#10628=SURFACE_SIDE_STYLE('',(#10627));
#10629=SURFACE_STYLE_USAGE(.BOTH.,#10628);
#10630=PRESENTATION_STYLE_ASSIGNMENT((#10629));
#10631=STYLED_ITEM('',(#10630),#10624);
#10632=CARTESIAN_POINT('',(1.016E1,1.166847648355E1,0.E0));
#10633=DIRECTION('',(0.E0,-1.E0,0.E0));
#10634=DIRECTION('',(-1.E0,0.E0,0.E0));
#10635=AXIS2_PLACEMENT_3D('',#10632,#10633,#10634);
#10636=CYLINDRICAL_SURFACE('',#10635,5.25E-1);
#10638=ORIENTED_EDGE('',*,*,#10637,.F.);
#10640=ORIENTED_EDGE('',*,*,#10639,.T.);
#10641=ORIENTED_EDGE('',*,*,#10619,.F.);
#10642=ORIENTED_EDGE('',*,*,#10617,.F.);
#10644=ORIENTED_EDGE('',*,*,#10643,.T.);
#10645=EDGE_LOOP('',(#10638,#10640,#10641,#10642,#10644));
#10646=FACE_OUTER_BOUND('',#10645,.F.);
#10648=FILL_AREA_STYLE_COLOUR('',#19);
#10649=FILL_AREA_STYLE('',(#10648));
#10650=SURFACE_STYLE_FILL_AREA(#10649);
#10651=SURFACE_SIDE_STYLE('',(#10650));
#10652=SURFACE_STYLE_USAGE(.BOTH.,#10651);
#10653=PRESENTATION_STYLE_ASSIGNMENT((#10652));
#10654=STYLED_ITEM('',(#10653),#10647);
#10655=CARTESIAN_POINT('',(1.016E1,1.16E1,-7.010503288996E-13));
#10656=DIRECTION('',(0.E0,1.E0,0.E0));
#10657=DIRECTION('',(1.E0,0.E0,0.E0));
#10658=AXIS2_PLACEMENT_3D('',#10655,#10656,#10657);
#10659=PLANE('',#10658);
#10660=ORIENTED_EDGE('',*,*,#10637,.T.);
#10662=ORIENTED_EDGE('',*,*,#10661,.T.);
#10663=EDGE_LOOP('',(#10660,#10662));
#10664=FACE_OUTER_BOUND('',#10663,.F.);
#10666=FILL_AREA_STYLE_COLOUR('',#19);
#10667=FILL_AREA_STYLE('',(#10666));
#10668=SURFACE_STYLE_FILL_AREA(#10667);
#10669=SURFACE_SIDE_STYLE('',(#10668));
#10670=SURFACE_STYLE_USAGE(.BOTH.,#10669);
#10671=PRESENTATION_STYLE_ASSIGNMENT((#10670));
#10672=STYLED_ITEM('',(#10671),#10665);
#10673=CARTESIAN_POINT('',(1.016E1,1.166847648355E1,0.E0));
#10674=DIRECTION('',(0.E0,-1.E0,0.E0));
#10675=DIRECTION('',(-1.E0,0.E0,0.E0));
#10676=AXIS2_PLACEMENT_3D('',#10673,#10674,#10675);
#10677=CYLINDRICAL_SURFACE('',#10676,5.25E-1);
#10678=ORIENTED_EDGE('',*,*,#10661,.F.);
#10679=ORIENTED_EDGE('',*,*,#10643,.F.);
#10680=ORIENTED_EDGE('',*,*,#10595,.F.);
#10681=ORIENTED_EDGE('',*,*,#10593,.F.);
#10682=ORIENTED_EDGE('',*,*,#10639,.F.);
#10683=EDGE_LOOP('',(#10678,#10679,#10680,#10681,#10682));
#10684=FACE_OUTER_BOUND('',#10683,.F.);
#10686=FILL_AREA_STYLE_COLOUR('',#19);
#10687=FILL_AREA_STYLE('',(#10686));
#10688=SURFACE_STYLE_FILL_AREA(#10687);
#10689=SURFACE_SIDE_STYLE('',(#10688));
#10690=SURFACE_STYLE_USAGE(.BOTH.,#10689);
#10691=PRESENTATION_STYLE_ASSIGNMENT((#10690));
#10692=STYLED_ITEM('',(#10691),#10685);
#10693=CARTESIAN_POINT('',(-1.016E1,1.081847648355E1,-2.54E0));
#10694=DIRECTION('',(0.E0,-1.E0,0.E0));
#10695=DIRECTION('',(-1.E0,0.E0,0.E0));
#10696=AXIS2_PLACEMENT_3D('',#10693,#10694,#10695);
#10697=CYLINDRICAL_SURFACE('',#10696,1.8E0);
#10699=ORIENTED_EDGE('',*,*,#10698,.F.);
#10701=ORIENTED_EDGE('',*,*,#10700,.F.);
#10702=ORIENTED_EDGE('',*,*,#9948,.F.);
#10704=ORIENTED_EDGE('',*,*,#10703,.F.);
#10705=EDGE_LOOP('',(#10699,#10701,#10702,#10704));
#10706=FACE_OUTER_BOUND('',#10705,.F.);
#10708=FILL_AREA_STYLE_COLOUR('',#19);
#10709=FILL_AREA_STYLE('',(#10708));
#10710=SURFACE_STYLE_FILL_AREA(#10709);
#10711=SURFACE_SIDE_STYLE('',(#10710));
#10712=SURFACE_STYLE_USAGE(.BOTH.,#10711);
#10713=PRESENTATION_STYLE_ASSIGNMENT((#10712));
#10714=STYLED_ITEM('',(#10713),#10707);
#10715=CARTESIAN_POINT('',(-1.016E1,1.06E1,-2.540000000001E0));
#10716=DIRECTION('',(0.E0,1.E0,0.E0));
#10717=DIRECTION('',(1.E0,0.E0,0.E0));
#10718=AXIS2_PLACEMENT_3D('',#10715,#10716,#10717);
#10719=PLANE('',#10718);
#10720=ORIENTED_EDGE('',*,*,#10698,.T.);
#10722=ORIENTED_EDGE('',*,*,#10721,.T.);
#10723=EDGE_LOOP('',(#10720,#10722));
#10724=FACE_OUTER_BOUND('',#10723,.F.);
#10726=ORIENTED_EDGE('',*,*,#10725,.T.);
#10728=ORIENTED_EDGE('',*,*,#10727,.T.);
#10730=ORIENTED_EDGE('',*,*,#10729,.T.);
#10732=ORIENTED_EDGE('',*,*,#10731,.T.);
#10733=EDGE_LOOP('',(#10726,#10728,#10730,#10732));
#10734=FACE_BOUND('',#10733,.F.);
#10736=FILL_AREA_STYLE_COLOUR('',#19);
#10737=FILL_AREA_STYLE('',(#10736));
#10738=SURFACE_STYLE_FILL_AREA(#10737);
#10739=SURFACE_SIDE_STYLE('',(#10738));
#10740=SURFACE_STYLE_USAGE(.BOTH.,#10739);
#10741=PRESENTATION_STYLE_ASSIGNMENT((#10740));
#10742=STYLED_ITEM('',(#10741),#10735);
#10743=CARTESIAN_POINT('',(-1.016E1,1.081847648355E1,-2.54E0));
#10744=DIRECTION('',(0.E0,-1.E0,0.E0));
#10745=DIRECTION('',(-1.E0,0.E0,0.E0));
#10746=AXIS2_PLACEMENT_3D('',#10743,#10744,#10745);
#10747=CYLINDRICAL_SURFACE('',#10746,1.8E0);
#10748=ORIENTED_EDGE('',*,*,#10721,.F.);
#10749=ORIENTED_EDGE('',*,*,#10703,.T.);
#10750=ORIENTED_EDGE('',*,*,#9950,.F.);
#10751=ORIENTED_EDGE('',*,*,#10700,.T.);
#10752=EDGE_LOOP('',(#10748,#10749,#10750,#10751));
#10753=FACE_OUTER_BOUND('',#10752,.F.);
#10755=FILL_AREA_STYLE_COLOUR('',#19);
#10756=FILL_AREA_STYLE('',(#10755));
#10757=SURFACE_STYLE_FILL_AREA(#10756);
#10758=SURFACE_SIDE_STYLE('',(#10757));
#10759=SURFACE_STYLE_USAGE(.BOTH.,#10758);
#10760=PRESENTATION_STYLE_ASSIGNMENT((#10759));
#10761=STYLED_ITEM('',(#10760),#10754);
#10762=CARTESIAN_POINT('',(-1.016E1,1.105E1,-2.54E0));
#10763=DIRECTION('',(0.E0,-1.E0,0.E0));
#10764=DIRECTION('',(0.E0,0.E0,-1.E0));
#10765=AXIS2_PLACEMENT_3D('',#10762,#10763,#10764);
#10766=CONICAL_SURFACE('',#10765,5.75E-1,6.340191745922E0);
#10767=ORIENTED_EDGE('',*,*,#10727,.F.);
#10768=ORIENTED_EDGE('',*,*,#10725,.F.);
#10770=ORIENTED_EDGE('',*,*,#10769,.T.);
#10772=ORIENTED_EDGE('',*,*,#10771,.T.);
#10774=ORIENTED_EDGE('',*,*,#10773,.T.);
#10776=ORIENTED_EDGE('',*,*,#10775,.T.);
#10777=EDGE_LOOP('',(#10767,#10768,#10770,#10772,#10774,#10776));
#10778=FACE_OUTER_BOUND('',#10777,.F.);
#10780=FILL_AREA_STYLE_COLOUR('',#19);
#10781=FILL_AREA_STYLE('',(#10780));
#10782=SURFACE_STYLE_FILL_AREA(#10781);
#10783=SURFACE_SIDE_STYLE('',(#10782));
#10784=SURFACE_STYLE_USAGE(.BOTH.,#10783);
#10785=PRESENTATION_STYLE_ASSIGNMENT((#10784));
#10786=STYLED_ITEM('',(#10785),#10779);
#10787=CARTESIAN_POINT('',(-1.016E1,1.105E1,-2.54E0));
#10788=DIRECTION('',(0.E0,-1.E0,0.E0));
#10789=DIRECTION('',(0.E0,0.E0,-1.E0));
#10790=AXIS2_PLACEMENT_3D('',#10787,#10788,#10789);
#10791=CONICAL_SURFACE('',#10790,5.75E-1,6.340191745922E0);
#10792=ORIENTED_EDGE('',*,*,#10731,.F.);
#10793=ORIENTED_EDGE('',*,*,#10729,.F.);
#10794=ORIENTED_EDGE('',*,*,#10775,.F.);
#10796=ORIENTED_EDGE('',*,*,#10795,.T.);
#10798=ORIENTED_EDGE('',*,*,#10797,.T.);
#10799=ORIENTED_EDGE('',*,*,#10769,.F.);
#10800=EDGE_LOOP('',(#10792,#10793,#10794,#10796,#10798,#10799));
#10801=FACE_OUTER_BOUND('',#10800,.F.);
#10803=FILL_AREA_STYLE_COLOUR('',#19);
#10804=FILL_AREA_STYLE('',(#10803));
#10805=SURFACE_STYLE_FILL_AREA(#10804);
#10806=SURFACE_SIDE_STYLE('',(#10805));
#10807=SURFACE_STYLE_USAGE(.BOTH.,#10806);
#10808=PRESENTATION_STYLE_ASSIGNMENT((#10807));
#10809=STYLED_ITEM('',(#10808),#10802);
#10810=CARTESIAN_POINT('',(-1.016E1,1.166847648355E1,-2.54E0));
#10811=DIRECTION('',(0.E0,-1.E0,0.E0));
#10812=DIRECTION('',(-1.E0,0.E0,0.E0));
#10813=AXIS2_PLACEMENT_3D('',#10810,#10811,#10812);
#10814=CYLINDRICAL_SURFACE('',#10813,5.25E-1);
#10816=ORIENTED_EDGE('',*,*,#10815,.F.);
#10818=ORIENTED_EDGE('',*,*,#10817,.T.);
#10819=ORIENTED_EDGE('',*,*,#10797,.F.);
#10820=ORIENTED_EDGE('',*,*,#10795,.F.);
#10822=ORIENTED_EDGE('',*,*,#10821,.T.);
#10823=EDGE_LOOP('',(#10816,#10818,#10819,#10820,#10822));
#10824=FACE_OUTER_BOUND('',#10823,.F.);
#10826=FILL_AREA_STYLE_COLOUR('',#19);
#10827=FILL_AREA_STYLE('',(#10826));
#10828=SURFACE_STYLE_FILL_AREA(#10827);
#10829=SURFACE_SIDE_STYLE('',(#10828));
#10830=SURFACE_STYLE_USAGE(.BOTH.,#10829);
#10831=PRESENTATION_STYLE_ASSIGNMENT((#10830));
#10832=STYLED_ITEM('',(#10831),#10825);
#10833=CARTESIAN_POINT('',(-1.016E1,1.16E1,-2.539999999999E0));
#10834=DIRECTION('',(0.E0,1.E0,0.E0));
#10835=DIRECTION('',(1.E0,0.E0,0.E0));
#10836=AXIS2_PLACEMENT_3D('',#10833,#10834,#10835);
#10837=PLANE('',#10836);
#10838=ORIENTED_EDGE('',*,*,#10815,.T.);
#10840=ORIENTED_EDGE('',*,*,#10839,.T.);
#10841=EDGE_LOOP('',(#10838,#10840));
#10842=FACE_OUTER_BOUND('',#10841,.F.);
#10844=FILL_AREA_STYLE_COLOUR('',#19);
#10845=FILL_AREA_STYLE('',(#10844));
#10846=SURFACE_STYLE_FILL_AREA(#10845);
#10847=SURFACE_SIDE_STYLE('',(#10846));
#10848=SURFACE_STYLE_USAGE(.BOTH.,#10847);
#10849=PRESENTATION_STYLE_ASSIGNMENT((#10848));
#10850=STYLED_ITEM('',(#10849),#10843);
#10851=CARTESIAN_POINT('',(-1.016E1,1.166847648355E1,-2.54E0));
#10852=DIRECTION('',(0.E0,-1.E0,0.E0));
#10853=DIRECTION('',(-1.E0,0.E0,0.E0));
#10854=AXIS2_PLACEMENT_3D('',#10851,#10852,#10853);
#10855=CYLINDRICAL_SURFACE('',#10854,5.25E-1);
#10856=ORIENTED_EDGE('',*,*,#10839,.F.);
#10857=ORIENTED_EDGE('',*,*,#10821,.F.);
#10858=ORIENTED_EDGE('',*,*,#10773,.F.);
#10859=ORIENTED_EDGE('',*,*,#10771,.F.);
#10860=ORIENTED_EDGE('',*,*,#10817,.F.);
#10861=EDGE_LOOP('',(#10856,#10857,#10858,#10859,#10860));
#10862=FACE_OUTER_BOUND('',#10861,.F.);
#10864=FILL_AREA_STYLE_COLOUR('',#19);
#10865=FILL_AREA_STYLE('',(#10864));
#10866=SURFACE_STYLE_FILL_AREA(#10865);
#10867=SURFACE_SIDE_STYLE('',(#10866));
#10868=SURFACE_STYLE_USAGE(.BOTH.,#10867);
#10869=PRESENTATION_STYLE_ASSIGNMENT((#10868));
#10870=STYLED_ITEM('',(#10869),#10863);
#10871=CARTESIAN_POINT('',(-7.9E0,9.4E0,1.1275E1));
#10872=DIRECTION('',(0.E0,1.E0,0.E0));
#10873=DIRECTION('',(0.E0,0.E0,1.E0));
#10874=AXIS2_PLACEMENT_3D('',#10871,#10872,#10873);
#10875=PLANE('',#10874);
#10876=ORIENTED_EDGE('',*,*,#5665,.F.);
#10878=ORIENTED_EDGE('',*,*,#10877,.T.);
#10879=ORIENTED_EDGE('',*,*,#9830,.F.);
#10880=ORIENTED_EDGE('',*,*,#5619,.F.);
#10881=EDGE_LOOP('',(#10876,#10878,#10879,#10880));
#10882=FACE_OUTER_BOUND('',#10881,.F.);
#10884=FILL_AREA_STYLE_COLOUR('',#19);
#10885=FILL_AREA_STYLE('',(#10884));
#10886=SURFACE_STYLE_FILL_AREA(#10885);
#10887=SURFACE_SIDE_STYLE('',(#10886));
#10888=SURFACE_STYLE_USAGE(.BOTH.,#10887);
#10889=PRESENTATION_STYLE_ASSIGNMENT((#10888));
#10890=STYLED_ITEM('',(#10889),#10883);
#10891=CARTESIAN_POINT('',(-6.E0,9.999999999998E0,1.1275E1));
#10892=DIRECTION('',(1.E0,0.E0,0.E0));
#10893=DIRECTION('',(0.E0,0.E0,1.E0));
#10894=AXIS2_PLACEMENT_3D('',#10891,#10892,#10893);
#10895=PLANE('',#10894);
#10897=ORIENTED_EDGE('',*,*,#10896,.F.);
#10898=ORIENTED_EDGE('',*,*,#9832,.F.);
#10899=ORIENTED_EDGE('',*,*,#10877,.F.);
#10900=ORIENTED_EDGE('',*,*,#5663,.F.);
#10901=EDGE_LOOP('',(#10897,#10898,#10899,#10900));
#10902=FACE_OUTER_BOUND('',#10901,.F.);
#10904=FILL_AREA_STYLE_COLOUR('',#19);
#10905=FILL_AREA_STYLE('',(#10904));
#10906=SURFACE_STYLE_FILL_AREA(#10905);
#10907=SURFACE_SIDE_STYLE('',(#10906));
#10908=SURFACE_STYLE_USAGE(.BOTH.,#10907);
#10909=PRESENTATION_STYLE_ASSIGNMENT((#10908));
#10910=STYLED_ITEM('',(#10909),#10903);
#10911=CARTESIAN_POINT('',(0.E0,1.06E1,1.1275E1));
#10912=DIRECTION('',(0.E0,1.E0,0.E0));
#10913=DIRECTION('',(1.E0,0.E0,0.E0));
#10914=AXIS2_PLACEMENT_3D('',#10911,#10912,#10913);
#10915=PLANE('',#10914);
#10917=ORIENTED_EDGE('',*,*,#10916,.T.);
#10918=ORIENTED_EDGE('',*,*,#9834,.T.);
#10919=ORIENTED_EDGE('',*,*,#10896,.T.);
#10920=ORIENTED_EDGE('',*,*,#5661,.T.);
#10921=EDGE_LOOP('',(#10917,#10918,#10919,#10920));
#10922=FACE_OUTER_BOUND('',#10921,.F.);
#10924=FILL_AREA_STYLE_COLOUR('',#19);
#10925=FILL_AREA_STYLE('',(#10924));
#10926=SURFACE_STYLE_FILL_AREA(#10925);
#10927=SURFACE_SIDE_STYLE('',(#10926));
#10928=SURFACE_STYLE_USAGE(.BOTH.,#10927);
#10929=PRESENTATION_STYLE_ASSIGNMENT((#10928));
#10930=STYLED_ITEM('',(#10929),#10923);
#10931=CARTESIAN_POINT('',(6.E0,9.999999999998E0,1.1275E1));
#10932=DIRECTION('',(1.E0,0.E0,0.E0));
#10933=DIRECTION('',(0.E0,0.E0,-1.E0));
#10934=AXIS2_PLACEMENT_3D('',#10931,#10932,#10933);
#10935=PLANE('',#10934);
#10936=ORIENTED_EDGE('',*,*,#10916,.F.);
#10937=ORIENTED_EDGE('',*,*,#5659,.F.);
#10939=ORIENTED_EDGE('',*,*,#10938,.T.);
#10940=ORIENTED_EDGE('',*,*,#9836,.F.);
#10941=EDGE_LOOP('',(#10936,#10937,#10939,#10940));
#10942=FACE_OUTER_BOUND('',#10941,.F.);
#10944=FILL_AREA_STYLE_COLOUR('',#19);
#10945=FILL_AREA_STYLE('',(#10944));
#10946=SURFACE_STYLE_FILL_AREA(#10945);
#10947=SURFACE_SIDE_STYLE('',(#10946));
#10948=SURFACE_STYLE_USAGE(.BOTH.,#10947);
#10949=PRESENTATION_STYLE_ASSIGNMENT((#10948));
#10950=STYLED_ITEM('',(#10949),#10943);
#10951=CARTESIAN_POINT('',(7.9E0,9.4E0,1.1275E1));
#10952=DIRECTION('',(0.E0,1.E0,0.E0));
#10953=DIRECTION('',(0.E0,0.E0,1.E0));
#10954=AXIS2_PLACEMENT_3D('',#10951,#10952,#10953);
#10955=PLANE('',#10954);
#10956=ORIENTED_EDGE('',*,*,#5657,.F.);
#10958=ORIENTED_EDGE('',*,*,#10957,.T.);
#10959=ORIENTED_EDGE('',*,*,#9838,.F.);
#10960=ORIENTED_EDGE('',*,*,#10938,.F.);
#10961=EDGE_LOOP('',(#10956,#10958,#10959,#10960));
#10962=FACE_OUTER_BOUND('',#10961,.F.);
#10964=FILL_AREA_STYLE_COLOUR('',#19);
#10965=FILL_AREA_STYLE('',(#10964));
#10966=SURFACE_STYLE_FILL_AREA(#10965);
#10967=SURFACE_SIDE_STYLE('',(#10966));
#10968=SURFACE_STYLE_USAGE(.BOTH.,#10967);
#10969=PRESENTATION_STYLE_ASSIGNMENT((#10968));
#10970=STYLED_ITEM('',(#10969),#10963);
#10971=CARTESIAN_POINT('',(9.8E0,9.999999999998E0,1.1275E1));
#10972=DIRECTION('',(1.E0,0.E0,0.E0));
#10973=DIRECTION('',(0.E0,0.E0,1.E0));
#10974=AXIS2_PLACEMENT_3D('',#10971,#10972,#10973);
#10975=PLANE('',#10974);
#10976=ORIENTED_EDGE('',*,*,#9790,.F.);
#10977=ORIENTED_EDGE('',*,*,#9840,.F.);
#10978=ORIENTED_EDGE('',*,*,#10957,.F.);
#10979=ORIENTED_EDGE('',*,*,#5655,.F.);
#10980=EDGE_LOOP('',(#10976,#10977,#10978,#10979));
#10981=FACE_OUTER_BOUND('',#10980,.F.);
#10983=FILL_AREA_STYLE_COLOUR('',#19);
#10984=FILL_AREA_STYLE('',(#10983));
#10985=SURFACE_STYLE_FILL_AREA(#10984);
#10986=SURFACE_SIDE_STYLE('',(#10985));
#10987=SURFACE_STYLE_USAGE(.BOTH.,#10986);
#10988=PRESENTATION_STYLE_ASSIGNMENT((#10987));
#10989=STYLED_ITEM('',(#10988),#10982);
#10990=CARTESIAN_POINT('',(1.016E1,1.105E1,1.016E1));
#10991=DIRECTION('',(0.E0,-1.E0,0.E0));
#10992=DIRECTION('',(0.E0,0.E0,-1.E0));
#10993=AXIS2_PLACEMENT_3D('',#10990,#10991,#10992);
#10994=CONICAL_SURFACE('',#10993,5.75E-1,6.340191745922E0);
#10995=ORIENTED_EDGE('',*,*,#9805,.F.);
#10996=ORIENTED_EDGE('',*,*,#9803,.F.);
#10998=ORIENTED_EDGE('',*,*,#10997,.T.);
#11000=ORIENTED_EDGE('',*,*,#10999,.T.);
#11002=ORIENTED_EDGE('',*,*,#11001,.T.);
#11004=ORIENTED_EDGE('',*,*,#11003,.T.);
#11005=EDGE_LOOP('',(#10995,#10996,#10998,#11000,#11002,#11004));
#11006=FACE_OUTER_BOUND('',#11005,.F.);
#11008=FILL_AREA_STYLE_COLOUR('',#19);
#11009=FILL_AREA_STYLE('',(#11008));
#11010=SURFACE_STYLE_FILL_AREA(#11009);
#11011=SURFACE_SIDE_STYLE('',(#11010));
#11012=SURFACE_STYLE_USAGE(.BOTH.,#11011);
#11013=PRESENTATION_STYLE_ASSIGNMENT((#11012));
#11014=STYLED_ITEM('',(#11013),#11007);
#11015=CARTESIAN_POINT('',(1.016E1,1.105E1,1.016E1));
#11016=DIRECTION('',(0.E0,-1.E0,0.E0));
#11017=DIRECTION('',(0.E0,0.E0,-1.E0));
#11018=AXIS2_PLACEMENT_3D('',#11015,#11016,#11017);
#11019=CONICAL_SURFACE('',#11018,5.75E-1,6.340191745922E0);
#11020=ORIENTED_EDGE('',*,*,#9809,.F.);
#11021=ORIENTED_EDGE('',*,*,#9807,.F.);
#11022=ORIENTED_EDGE('',*,*,#11003,.F.);
#11024=ORIENTED_EDGE('',*,*,#11023,.T.);
#11026=ORIENTED_EDGE('',*,*,#11025,.T.);
#11027=ORIENTED_EDGE('',*,*,#10997,.F.);
#11028=EDGE_LOOP('',(#11020,#11021,#11022,#11024,#11026,#11027));
#11029=FACE_OUTER_BOUND('',#11028,.F.);
#11031=FILL_AREA_STYLE_COLOUR('',#19);
#11032=FILL_AREA_STYLE('',(#11031));
#11033=SURFACE_STYLE_FILL_AREA(#11032);
#11034=SURFACE_SIDE_STYLE('',(#11033));
#11035=SURFACE_STYLE_USAGE(.BOTH.,#11034);
#11036=PRESENTATION_STYLE_ASSIGNMENT((#11035));
#11037=STYLED_ITEM('',(#11036),#11030);
#11038=CARTESIAN_POINT('',(1.016E1,1.166847648355E1,1.016E1));
#11039=DIRECTION('',(0.E0,-1.E0,0.E0));
#11040=DIRECTION('',(-1.E0,0.E0,0.E0));
#11041=AXIS2_PLACEMENT_3D('',#11038,#11039,#11040);
#11042=CYLINDRICAL_SURFACE('',#11041,5.25E-1);
#11044=ORIENTED_EDGE('',*,*,#11043,.F.);
#11046=ORIENTED_EDGE('',*,*,#11045,.T.);
#11047=ORIENTED_EDGE('',*,*,#11025,.F.);
#11048=ORIENTED_EDGE('',*,*,#11023,.F.);
#11050=ORIENTED_EDGE('',*,*,#11049,.T.);
#11051=EDGE_LOOP('',(#11044,#11046,#11047,#11048,#11050));
#11052=FACE_OUTER_BOUND('',#11051,.F.);
#11054=FILL_AREA_STYLE_COLOUR('',#19);
#11055=FILL_AREA_STYLE('',(#11054));
#11056=SURFACE_STYLE_FILL_AREA(#11055);
#11057=SURFACE_SIDE_STYLE('',(#11056));
#11058=SURFACE_STYLE_USAGE(.BOTH.,#11057);
#11059=PRESENTATION_STYLE_ASSIGNMENT((#11058));
#11060=STYLED_ITEM('',(#11059),#11053);
#11061=CARTESIAN_POINT('',(1.016E1,1.16E1,1.016E1));
#11062=DIRECTION('',(0.E0,1.E0,0.E0));
#11063=DIRECTION('',(1.E0,0.E0,0.E0));
#11064=AXIS2_PLACEMENT_3D('',#11061,#11062,#11063);
#11065=PLANE('',#11064);
#11066=ORIENTED_EDGE('',*,*,#11043,.T.);
#11068=ORIENTED_EDGE('',*,*,#11067,.T.);
#11069=EDGE_LOOP('',(#11066,#11068));
#11070=FACE_OUTER_BOUND('',#11069,.F.);
#11072=FILL_AREA_STYLE_COLOUR('',#19);
#11073=FILL_AREA_STYLE('',(#11072));
#11074=SURFACE_STYLE_FILL_AREA(#11073);
#11075=SURFACE_SIDE_STYLE('',(#11074));
#11076=SURFACE_STYLE_USAGE(.BOTH.,#11075);
#11077=PRESENTATION_STYLE_ASSIGNMENT((#11076));
#11078=STYLED_ITEM('',(#11077),#11071);
#11079=CARTESIAN_POINT('',(1.016E1,1.166847648355E1,1.016E1));
#11080=DIRECTION('',(0.E0,-1.E0,0.E0));
#11081=DIRECTION('',(-1.E0,0.E0,0.E0));
#11082=AXIS2_PLACEMENT_3D('',#11079,#11080,#11081);
#11083=CYLINDRICAL_SURFACE('',#11082,5.25E-1);
#11084=ORIENTED_EDGE('',*,*,#11067,.F.);
#11085=ORIENTED_EDGE('',*,*,#11049,.F.);
#11086=ORIENTED_EDGE('',*,*,#11001,.F.);
#11087=ORIENTED_EDGE('',*,*,#10999,.F.);
#11088=ORIENTED_EDGE('',*,*,#11045,.F.);
#11089=EDGE_LOOP('',(#11084,#11085,#11086,#11087,#11088));
#11090=FACE_OUTER_BOUND('',#11089,.F.);
#11092=FILL_AREA_STYLE_COLOUR('',#19);
#11093=FILL_AREA_STYLE('',(#11092));
#11094=SURFACE_STYLE_FILL_AREA(#11093);
#11095=SURFACE_SIDE_STYLE('',(#11094));
#11096=SURFACE_STYLE_USAGE(.BOTH.,#11095);
#11097=PRESENTATION_STYLE_ASSIGNMENT((#11096));
#11098=STYLED_ITEM('',(#11097),#11091);
#11099=CARTESIAN_POINT('',(1.685E1,8.6E0,1.135E1));
#11100=DIRECTION('',(0.E0,1.E0,0.E0));
#11101=DIRECTION('',(-1.E0,0.E0,0.E0));
#11102=AXIS2_PLACEMENT_3D('',#11099,#11100,#11101);
#11103=PLANE('',#11102);
#11104=ORIENTED_EDGE('',*,*,#9706,.F.);
#11105=ORIENTED_EDGE('',*,*,#9771,.F.);
#11106=ORIENTED_EDGE('',*,*,#5649,.F.);
#11107=ORIENTED_EDGE('',*,*,#9677,.F.);
#11108=EDGE_LOOP('',(#11104,#11105,#11106,#11107));
#11109=FACE_OUTER_BOUND('',#11108,.F.);
#11111=FILL_AREA_STYLE_COLOUR('',#19);
#11112=FILL_AREA_STYLE('',(#11111));
#11113=SURFACE_STYLE_FILL_AREA(#11112);
#11114=SURFACE_SIDE_STYLE('',(#11113));
#11115=SURFACE_STYLE_USAGE(.BOTH.,#11114);
#11116=PRESENTATION_STYLE_ASSIGNMENT((#11115));
#11117=STYLED_ITEM('',(#11116),#11110);
#11118=CARTESIAN_POINT('',(-1.65E1,9.599999999998E0,1.11E1));
#11119=DIRECTION('',(1.E0,0.E0,0.E0));
#11120=DIRECTION('',(0.E0,0.E0,1.E0));
#11121=AXIS2_PLACEMENT_3D('',#11118,#11119,#11120);
#11122=PLANE('',#11121);
#11124=ORIENTED_EDGE('',*,*,#11123,.T.);
#11126=ORIENTED_EDGE('',*,*,#11125,.T.);
#11127=ORIENTED_EDGE('',*,*,#5669,.F.);
#11128=ORIENTED_EDGE('',*,*,#5587,.F.);
#11129=ORIENTED_EDGE('',*,*,#5559,.F.);
#11131=ORIENTED_EDGE('',*,*,#11130,.F.);
#11133=ORIENTED_EDGE('',*,*,#11132,.T.);
#11134=EDGE_LOOP('',(#11124,#11126,#11127,#11128,#11129,#11131,#11133));
#11135=FACE_OUTER_BOUND('',#11134,.F.);
#11137=FILL_AREA_STYLE_COLOUR('',#19);
#11138=FILL_AREA_STYLE('',(#11137));
#11139=SURFACE_STYLE_FILL_AREA(#11138);
#11140=SURFACE_SIDE_STYLE('',(#11139));
#11141=SURFACE_STYLE_USAGE(.BOTH.,#11140);
#11142=PRESENTATION_STYLE_ASSIGNMENT((#11141));
#11143=STYLED_ITEM('',(#11142),#11136);
#11144=CARTESIAN_POINT('',(-1.685E1,9.400000000001E0,1.09E1));
#11145=DIRECTION('',(0.E0,2.982749931336E-1,9.544799780358E-1));
#11146=DIRECTION('',(0.E0,9.544799780358E-1,-2.982749931336E-1));
#11147=AXIS2_PLACEMENT_3D('',#11144,#11145,#11146);
#11148=PLANE('',#11147);
#11149=ORIENTED_EDGE('',*,*,#11123,.F.);
#11151=ORIENTED_EDGE('',*,*,#11150,.T.);
#11153=ORIENTED_EDGE('',*,*,#11152,.F.);
#11155=ORIENTED_EDGE('',*,*,#11154,.T.);
#11156=EDGE_LOOP('',(#11149,#11151,#11153,#11155));
#11157=FACE_OUTER_BOUND('',#11156,.F.);
#11159=FILL_AREA_STYLE_COLOUR('',#19);
#11160=FILL_AREA_STYLE('',(#11159));
#11161=SURFACE_STYLE_FILL_AREA(#11160);
#11162=SURFACE_SIDE_STYLE('',(#11161));
#11163=SURFACE_STYLE_USAGE(.BOTH.,#11162);
#11164=PRESENTATION_STYLE_ASSIGNMENT((#11163));
#11165=STYLED_ITEM('',(#11164),#11158);
#11166=CARTESIAN_POINT('',(-1.685E1,1.0325E1,1.065E1));
#11167=DIRECTION('',(0.E0,0.E0,1.E0));
#11168=DIRECTION('',(1.E0,0.E0,0.E0));
#11169=AXIS2_PLACEMENT_3D('',#11166,#11167,#11168);
#11170=PLANE('',#11169);
#11171=ORIENTED_EDGE('',*,*,#11150,.F.);
#11172=ORIENTED_EDGE('',*,*,#11132,.F.);
#11174=ORIENTED_EDGE('',*,*,#11173,.F.);
#11176=ORIENTED_EDGE('',*,*,#11175,.T.);
#11177=EDGE_LOOP('',(#11171,#11172,#11174,#11176));
#11178=FACE_OUTER_BOUND('',#11177,.F.);
#11180=FILL_AREA_STYLE_COLOUR('',#19);
#11181=FILL_AREA_STYLE('',(#11180));
#11182=SURFACE_STYLE_FILL_AREA(#11181);
#11183=SURFACE_SIDE_STYLE('',(#11182));
#11184=SURFACE_STYLE_USAGE(.BOTH.,#11183);
#11185=PRESENTATION_STYLE_ASSIGNMENT((#11184));
#11186=STYLED_ITEM('',(#11185),#11179);
#11187=CARTESIAN_POINT('',(-1.685E1,1.045E1,1.0825E1));
#11188=DIRECTION('',(0.E0,1.E0,0.E0));
#11189=DIRECTION('',(-1.E0,0.E0,0.E0));
#11190=AXIS2_PLACEMENT_3D('',#11187,#11188,#11189);
#11191=PLANE('',#11190);
#11193=ORIENTED_EDGE('',*,*,#11192,.T.);
#11194=ORIENTED_EDGE('',*,*,#11173,.T.);
#11195=ORIENTED_EDGE('',*,*,#11130,.T.);
#11196=ORIENTED_EDGE('',*,*,#5557,.T.);
#11197=EDGE_LOOP('',(#11193,#11194,#11195,#11196));
#11198=FACE_OUTER_BOUND('',#11197,.F.);
#11200=FILL_AREA_STYLE_COLOUR('',#19);
#11201=FILL_AREA_STYLE('',(#11200));
#11202=SURFACE_STYLE_FILL_AREA(#11201);
#11203=SURFACE_SIDE_STYLE('',(#11202));
#11204=SURFACE_STYLE_USAGE(.BOTH.,#11203);
#11205=PRESENTATION_STYLE_ASSIGNMENT((#11204));
#11206=STYLED_ITEM('',(#11205),#11199);
#11207=CARTESIAN_POINT('',(-1.72E1,9.599999999998E0,1.11E1));
#11208=DIRECTION('',(1.E0,0.E0,0.E0));
#11209=DIRECTION('',(0.E0,0.E0,-1.E0));
#11210=AXIS2_PLACEMENT_3D('',#11207,#11208,#11209);
#11211=PLANE('',#11210);
#11212=ORIENTED_EDGE('',*,*,#11152,.T.);
#11213=ORIENTED_EDGE('',*,*,#11175,.F.);
#11214=ORIENTED_EDGE('',*,*,#11192,.F.);
#11215=ORIENTED_EDGE('',*,*,#5555,.F.);
#11216=ORIENTED_EDGE('',*,*,#5499,.F.);
#11217=ORIENTED_EDGE('',*,*,#5673,.F.);
#11219=ORIENTED_EDGE('',*,*,#11218,.T.);
#11220=EDGE_LOOP('',(#11212,#11213,#11214,#11215,#11216,#11217,#11219));
#11221=FACE_OUTER_BOUND('',#11220,.F.);
#11223=FILL_AREA_STYLE_COLOUR('',#19);
#11224=FILL_AREA_STYLE('',(#11223));
#11225=SURFACE_STYLE_FILL_AREA(#11224);
#11226=SURFACE_SIDE_STYLE('',(#11225));
#11227=SURFACE_STYLE_USAGE(.BOTH.,#11226);
#11228=PRESENTATION_STYLE_ASSIGNMENT((#11227));
#11229=STYLED_ITEM('',(#11228),#11222);
#11230=CARTESIAN_POINT('',(-1.685E1,8.6E0,1.135E1));
#11231=DIRECTION('',(0.E0,1.E0,0.E0));
#11232=DIRECTION('',(-1.E0,0.E0,0.E0));
#11233=AXIS2_PLACEMENT_3D('',#11230,#11231,#11232);
#11234=PLANE('',#11233);
#11235=ORIENTED_EDGE('',*,*,#11154,.F.);
#11236=ORIENTED_EDGE('',*,*,#11218,.F.);
#11237=ORIENTED_EDGE('',*,*,#5671,.F.);
#11238=ORIENTED_EDGE('',*,*,#11125,.F.);
#11239=EDGE_LOOP('',(#11235,#11236,#11237,#11238));
#11240=FACE_OUTER_BOUND('',#11239,.F.);
#11242=FILL_AREA_STYLE_COLOUR('',#19);
#11243=FILL_AREA_STYLE('',(#11242));
#11244=SURFACE_STYLE_FILL_AREA(#11243);
#11245=SURFACE_SIDE_STYLE('',(#11244));
#11246=SURFACE_STYLE_USAGE(.BOTH.,#11245);
#11247=PRESENTATION_STYLE_ASSIGNMENT((#11246));
#11248=STYLED_ITEM('',(#11247),#11241);
#11249=CARTESIAN_POINT('',(-1.016E1,1.105E1,1.016E1));
#11250=DIRECTION('',(0.E0,-1.E0,0.E0));
#11251=DIRECTION('',(0.E0,0.E0,-1.E0));
#11252=AXIS2_PLACEMENT_3D('',#11249,#11250,#11251);
#11253=CONICAL_SURFACE('',#11252,5.75E-1,6.340191745922E0);
#11254=ORIENTED_EDGE('',*,*,#5595,.F.);
#11255=ORIENTED_EDGE('',*,*,#5593,.F.);
#11257=ORIENTED_EDGE('',*,*,#11256,.T.);
#11259=ORIENTED_EDGE('',*,*,#11258,.T.);
#11261=ORIENTED_EDGE('',*,*,#11260,.T.);
#11263=ORIENTED_EDGE('',*,*,#11262,.T.);
#11264=EDGE_LOOP('',(#11254,#11255,#11257,#11259,#11261,#11263));
#11265=FACE_OUTER_BOUND('',#11264,.F.);
#11267=FILL_AREA_STYLE_COLOUR('',#19);
#11268=FILL_AREA_STYLE('',(#11267));
#11269=SURFACE_STYLE_FILL_AREA(#11268);
#11270=SURFACE_SIDE_STYLE('',(#11269));
#11271=SURFACE_STYLE_USAGE(.BOTH.,#11270);
#11272=PRESENTATION_STYLE_ASSIGNMENT((#11271));
#11273=STYLED_ITEM('',(#11272),#11266);
#11274=CARTESIAN_POINT('',(-1.016E1,1.105E1,1.016E1));
#11275=DIRECTION('',(0.E0,-1.E0,0.E0));
#11276=DIRECTION('',(0.E0,0.E0,-1.E0));
#11277=AXIS2_PLACEMENT_3D('',#11274,#11275,#11276);
#11278=CONICAL_SURFACE('',#11277,5.75E-1,6.340191745922E0);
#11279=ORIENTED_EDGE('',*,*,#5599,.F.);
#11280=ORIENTED_EDGE('',*,*,#5597,.F.);
#11281=ORIENTED_EDGE('',*,*,#11262,.F.);
#11283=ORIENTED_EDGE('',*,*,#11282,.T.);
#11285=ORIENTED_EDGE('',*,*,#11284,.T.);
#11286=ORIENTED_EDGE('',*,*,#11256,.F.);
#11287=EDGE_LOOP('',(#11279,#11280,#11281,#11283,#11285,#11286));
#11288=FACE_OUTER_BOUND('',#11287,.F.);
#11290=FILL_AREA_STYLE_COLOUR('',#19);
#11291=FILL_AREA_STYLE('',(#11290));
#11292=SURFACE_STYLE_FILL_AREA(#11291);
#11293=SURFACE_SIDE_STYLE('',(#11292));
#11294=SURFACE_STYLE_USAGE(.BOTH.,#11293);
#11295=PRESENTATION_STYLE_ASSIGNMENT((#11294));
#11296=STYLED_ITEM('',(#11295),#11289);
#11297=CARTESIAN_POINT('',(-1.016E1,1.166847648355E1,1.016E1));
#11298=DIRECTION('',(0.E0,-1.E0,0.E0));
#11299=DIRECTION('',(-1.E0,0.E0,0.E0));
#11300=AXIS2_PLACEMENT_3D('',#11297,#11298,#11299);
#11301=CYLINDRICAL_SURFACE('',#11300,5.25E-1);
#11303=ORIENTED_EDGE('',*,*,#11302,.F.);
#11305=ORIENTED_EDGE('',*,*,#11304,.T.);
#11306=ORIENTED_EDGE('',*,*,#11284,.F.);
#11307=ORIENTED_EDGE('',*,*,#11282,.F.);
#11309=ORIENTED_EDGE('',*,*,#11308,.T.);
#11310=EDGE_LOOP('',(#11303,#11305,#11306,#11307,#11309));
#11311=FACE_OUTER_BOUND('',#11310,.F.);
#11313=FILL_AREA_STYLE_COLOUR('',#19);
#11314=FILL_AREA_STYLE('',(#11313));
#11315=SURFACE_STYLE_FILL_AREA(#11314);
#11316=SURFACE_SIDE_STYLE('',(#11315));
#11317=SURFACE_STYLE_USAGE(.BOTH.,#11316);
#11318=PRESENTATION_STYLE_ASSIGNMENT((#11317));
#11319=STYLED_ITEM('',(#11318),#11312);
#11320=CARTESIAN_POINT('',(-1.016E1,1.16E1,1.016E1));
#11321=DIRECTION('',(0.E0,1.E0,0.E0));
#11322=DIRECTION('',(1.E0,0.E0,0.E0));
#11323=AXIS2_PLACEMENT_3D('',#11320,#11321,#11322);
#11324=PLANE('',#11323);
#11325=ORIENTED_EDGE('',*,*,#11302,.T.);
#11327=ORIENTED_EDGE('',*,*,#11326,.T.);
#11328=EDGE_LOOP('',(#11325,#11327));
#11329=FACE_OUTER_BOUND('',#11328,.F.);
#11331=FILL_AREA_STYLE_COLOUR('',#19);
#11332=FILL_AREA_STYLE('',(#11331));
#11333=SURFACE_STYLE_FILL_AREA(#11332);
#11334=SURFACE_SIDE_STYLE('',(#11333));
#11335=SURFACE_STYLE_USAGE(.BOTH.,#11334);
#11336=PRESENTATION_STYLE_ASSIGNMENT((#11335));
#11337=STYLED_ITEM('',(#11336),#11330);
#11338=CARTESIAN_POINT('',(-1.016E1,1.166847648355E1,1.016E1));
#11339=DIRECTION('',(0.E0,-1.E0,0.E0));
#11340=DIRECTION('',(-1.E0,0.E0,0.E0));
#11341=AXIS2_PLACEMENT_3D('',#11338,#11339,#11340);
#11342=CYLINDRICAL_SURFACE('',#11341,5.25E-1);
#11343=ORIENTED_EDGE('',*,*,#11326,.F.);
#11344=ORIENTED_EDGE('',*,*,#11308,.F.);
#11345=ORIENTED_EDGE('',*,*,#11260,.F.);
#11346=ORIENTED_EDGE('',*,*,#11258,.F.);
#11347=ORIENTED_EDGE('',*,*,#11304,.F.);
#11348=EDGE_LOOP('',(#11343,#11344,#11345,#11346,#11347));
#11349=FACE_OUTER_BOUND('',#11348,.F.);
#11351=FILL_AREA_STYLE_COLOUR('',#19);
#11352=FILL_AREA_STYLE('',(#11351));
#11353=SURFACE_STYLE_FILL_AREA(#11352);
#11354=SURFACE_SIDE_STYLE('',(#11353));
#11355=SURFACE_STYLE_USAGE(.BOTH.,#11354);
#11356=PRESENTATION_STYLE_ASSIGNMENT((#11355));
#11357=STYLED_ITEM('',(#11356),#11350);
#11358=CARTESIAN_POINT('',(1.65E1,9.599999999998E0,-1.11E1));
#11359=DIRECTION('',(1.E0,0.E0,0.E0));
#11360=DIRECTION('',(0.E0,0.E0,-1.E0));
#11361=AXIS2_PLACEMENT_3D('',#11358,#11359,#11360);
#11362=PLANE('',#11361);
#11364=ORIENTED_EDGE('',*,*,#11363,.T.);
#11366=ORIENTED_EDGE('',*,*,#11365,.T.);
#11367=ORIENTED_EDGE('',*,*,#5153,.F.);
#11368=ORIENTED_EDGE('',*,*,#5098,.F.);
#11369=ORIENTED_EDGE('',*,*,#5070,.F.);
#11371=ORIENTED_EDGE('',*,*,#11370,.F.);
#11373=ORIENTED_EDGE('',*,*,#11372,.T.);
#11374=EDGE_LOOP('',(#11364,#11366,#11367,#11368,#11369,#11371,#11373));
#11375=FACE_OUTER_BOUND('',#11374,.F.);
#11377=FILL_AREA_STYLE_COLOUR('',#19);
#11378=FILL_AREA_STYLE('',(#11377));
#11379=SURFACE_STYLE_FILL_AREA(#11378);
#11380=SURFACE_SIDE_STYLE('',(#11379));
#11381=SURFACE_STYLE_USAGE(.BOTH.,#11380);
#11382=PRESENTATION_STYLE_ASSIGNMENT((#11381));
#11383=STYLED_ITEM('',(#11382),#11376);
#11384=CARTESIAN_POINT('',(1.685E1,9.400000000001E0,-1.09E1));
#11385=DIRECTION('',(0.E0,-2.982749931336E-1,9.544799780358E-1));
#11386=DIRECTION('',(0.E0,9.544799780358E-1,2.982749931336E-1));
#11387=AXIS2_PLACEMENT_3D('',#11384,#11385,#11386);
#11388=PLANE('',#11387);
#11389=ORIENTED_EDGE('',*,*,#11363,.F.);
#11391=ORIENTED_EDGE('',*,*,#11390,.T.);
#11393=ORIENTED_EDGE('',*,*,#11392,.F.);
#11395=ORIENTED_EDGE('',*,*,#11394,.T.);
#11396=EDGE_LOOP('',(#11389,#11391,#11393,#11395));
#11397=FACE_OUTER_BOUND('',#11396,.F.);
#11399=FILL_AREA_STYLE_COLOUR('',#19);
#11400=FILL_AREA_STYLE('',(#11399));
#11401=SURFACE_STYLE_FILL_AREA(#11400);
#11402=SURFACE_SIDE_STYLE('',(#11401));
#11403=SURFACE_STYLE_USAGE(.BOTH.,#11402);
#11404=PRESENTATION_STYLE_ASSIGNMENT((#11403));
#11405=STYLED_ITEM('',(#11404),#11398);
#11406=CARTESIAN_POINT('',(1.685E1,1.0325E1,-1.065E1));
#11407=DIRECTION('',(0.E0,0.E0,1.E0));
#11408=DIRECTION('',(-1.E0,0.E0,0.E0));
#11409=AXIS2_PLACEMENT_3D('',#11406,#11407,#11408);
#11410=PLANE('',#11409);
#11411=ORIENTED_EDGE('',*,*,#11390,.F.);
#11412=ORIENTED_EDGE('',*,*,#11372,.F.);
#11414=ORIENTED_EDGE('',*,*,#11413,.F.);
#11416=ORIENTED_EDGE('',*,*,#11415,.T.);
#11417=EDGE_LOOP('',(#11411,#11412,#11414,#11416));
#11418=FACE_OUTER_BOUND('',#11417,.F.);
#11420=FILL_AREA_STYLE_COLOUR('',#19);
#11421=FILL_AREA_STYLE('',(#11420));
#11422=SURFACE_STYLE_FILL_AREA(#11421);
#11423=SURFACE_SIDE_STYLE('',(#11422));
#11424=SURFACE_STYLE_USAGE(.BOTH.,#11423);
#11425=PRESENTATION_STYLE_ASSIGNMENT((#11424));
#11426=STYLED_ITEM('',(#11425),#11419);
#11427=CARTESIAN_POINT('',(1.685E1,1.045E1,-1.0825E1));
#11428=DIRECTION('',(0.E0,1.E0,0.E0));
#11429=DIRECTION('',(-1.E0,0.E0,0.E0));
#11430=AXIS2_PLACEMENT_3D('',#11427,#11428,#11429);
#11431=PLANE('',#11430);
#11433=ORIENTED_EDGE('',*,*,#11432,.T.);
#11434=ORIENTED_EDGE('',*,*,#11413,.T.);
#11435=ORIENTED_EDGE('',*,*,#11370,.T.);
#11436=ORIENTED_EDGE('',*,*,#5068,.T.);
#11437=EDGE_LOOP('',(#11433,#11434,#11435,#11436));
#11438=FACE_OUTER_BOUND('',#11437,.F.);
#11440=FILL_AREA_STYLE_COLOUR('',#19);
#11441=FILL_AREA_STYLE('',(#11440));
#11442=SURFACE_STYLE_FILL_AREA(#11441);
#11443=SURFACE_SIDE_STYLE('',(#11442));
#11444=SURFACE_STYLE_USAGE(.BOTH.,#11443);
#11445=PRESENTATION_STYLE_ASSIGNMENT((#11444));
#11446=STYLED_ITEM('',(#11445),#11439);
#11447=CARTESIAN_POINT('',(1.72E1,9.599999999998E0,-1.11E1));
#11448=DIRECTION('',(1.E0,0.E0,0.E0));
#11449=DIRECTION('',(0.E0,0.E0,1.E0));
#11450=AXIS2_PLACEMENT_3D('',#11447,#11448,#11449);
#11451=PLANE('',#11450);
#11452=ORIENTED_EDGE('',*,*,#11392,.T.);
#11453=ORIENTED_EDGE('',*,*,#11415,.F.);
#11454=ORIENTED_EDGE('',*,*,#11432,.F.);
#11455=ORIENTED_EDGE('',*,*,#5066,.F.);
#11456=ORIENTED_EDGE('',*,*,#4815,.F.);
#11457=ORIENTED_EDGE('',*,*,#5157,.F.);
#11459=ORIENTED_EDGE('',*,*,#11458,.T.);
#11460=EDGE_LOOP('',(#11452,#11453,#11454,#11455,#11456,#11457,#11459));
#11461=FACE_OUTER_BOUND('',#11460,.F.);
#11463=FILL_AREA_STYLE_COLOUR('',#19);
#11464=FILL_AREA_STYLE('',(#11463));
#11465=SURFACE_STYLE_FILL_AREA(#11464);
#11466=SURFACE_SIDE_STYLE('',(#11465));
#11467=SURFACE_STYLE_USAGE(.BOTH.,#11466);
#11468=PRESENTATION_STYLE_ASSIGNMENT((#11467));
#11469=STYLED_ITEM('',(#11468),#11462);
#11470=CARTESIAN_POINT('',(1.685E1,8.6E0,-1.135E1));
#11471=DIRECTION('',(0.E0,1.E0,0.E0));
#11472=DIRECTION('',(-1.E0,0.E0,0.E0));
#11473=AXIS2_PLACEMENT_3D('',#11470,#11471,#11472);
#11474=PLANE('',#11473);
#11475=ORIENTED_EDGE('',*,*,#11394,.F.);
#11476=ORIENTED_EDGE('',*,*,#11458,.F.);
#11477=ORIENTED_EDGE('',*,*,#5155,.F.);
#11478=ORIENTED_EDGE('',*,*,#11365,.F.);
#11479=EDGE_LOOP('',(#11475,#11476,#11477,#11478));
#11480=FACE_OUTER_BOUND('',#11479,.F.);
#11482=FILL_AREA_STYLE_COLOUR('',#19);
#11483=FILL_AREA_STYLE('',(#11482));
#11484=SURFACE_STYLE_FILL_AREA(#11483);
#11485=SURFACE_SIDE_STYLE('',(#11484));
#11486=SURFACE_STYLE_USAGE(.BOTH.,#11485);
#11487=PRESENTATION_STYLE_ASSIGNMENT((#11486));
#11488=STYLED_ITEM('',(#11487),#11481);
#11489=CARTESIAN_POINT('',(1.016E1,1.105E1,-1.016E1));
#11490=DIRECTION('',(0.E0,-1.E0,0.E0));
#11491=DIRECTION('',(0.E0,0.E0,-1.E0));
#11492=AXIS2_PLACEMENT_3D('',#11489,#11490,#11491);
#11493=CONICAL_SURFACE('',#11492,5.750000000010E-1,6.340191746031E0);
#11494=ORIENTED_EDGE('',*,*,#5106,.F.);
#11495=ORIENTED_EDGE('',*,*,#5104,.F.);
#11497=ORIENTED_EDGE('',*,*,#11496,.T.);
#11499=ORIENTED_EDGE('',*,*,#11498,.T.);
#11501=ORIENTED_EDGE('',*,*,#11500,.T.);
#11503=ORIENTED_EDGE('',*,*,#11502,.T.);
#11504=EDGE_LOOP('',(#11494,#11495,#11497,#11499,#11501,#11503));
#11505=FACE_OUTER_BOUND('',#11504,.F.);
#11507=FILL_AREA_STYLE_COLOUR('',#19);
#11508=FILL_AREA_STYLE('',(#11507));
#11509=SURFACE_STYLE_FILL_AREA(#11508);
#11510=SURFACE_SIDE_STYLE('',(#11509));
#11511=SURFACE_STYLE_USAGE(.BOTH.,#11510);
#11512=PRESENTATION_STYLE_ASSIGNMENT((#11511));
#11513=STYLED_ITEM('',(#11512),#11506);
#11514=CARTESIAN_POINT('',(1.016E1,1.105E1,-1.016E1));
#11515=DIRECTION('',(0.E0,-1.E0,0.E0));
#11516=DIRECTION('',(0.E0,0.E0,-1.E0));
#11517=AXIS2_PLACEMENT_3D('',#11514,#11515,#11516);
#11518=CONICAL_SURFACE('',#11517,5.750000000010E-1,6.340191746031E0);
#11519=ORIENTED_EDGE('',*,*,#5110,.F.);
#11520=ORIENTED_EDGE('',*,*,#5108,.F.);
#11521=ORIENTED_EDGE('',*,*,#11502,.F.);
#11523=ORIENTED_EDGE('',*,*,#11522,.T.);
#11525=ORIENTED_EDGE('',*,*,#11524,.T.);
#11526=ORIENTED_EDGE('',*,*,#11496,.F.);
#11527=EDGE_LOOP('',(#11519,#11520,#11521,#11523,#11525,#11526));
#11528=FACE_OUTER_BOUND('',#11527,.F.);
#11530=FILL_AREA_STYLE_COLOUR('',#19);
#11531=FILL_AREA_STYLE('',(#11530));
#11532=SURFACE_STYLE_FILL_AREA(#11531);
#11533=SURFACE_SIDE_STYLE('',(#11532));
#11534=SURFACE_STYLE_USAGE(.BOTH.,#11533);
#11535=PRESENTATION_STYLE_ASSIGNMENT((#11534));
#11536=STYLED_ITEM('',(#11535),#11529);
#11537=CARTESIAN_POINT('',(1.016E1,1.166847648355E1,-1.016E1));
#11538=DIRECTION('',(0.E0,-1.E0,0.E0));
#11539=DIRECTION('',(-1.E0,0.E0,0.E0));
#11540=AXIS2_PLACEMENT_3D('',#11537,#11538,#11539);
#11541=CYLINDRICAL_SURFACE('',#11540,5.25E-1);
#11543=ORIENTED_EDGE('',*,*,#11542,.F.);
#11545=ORIENTED_EDGE('',*,*,#11544,.T.);
#11546=ORIENTED_EDGE('',*,*,#11524,.F.);
#11547=ORIENTED_EDGE('',*,*,#11522,.F.);
#11549=ORIENTED_EDGE('',*,*,#11548,.T.);
#11550=EDGE_LOOP('',(#11543,#11545,#11546,#11547,#11549));
#11551=FACE_OUTER_BOUND('',#11550,.F.);
#11553=FILL_AREA_STYLE_COLOUR('',#19);
#11554=FILL_AREA_STYLE('',(#11553));
#11555=SURFACE_STYLE_FILL_AREA(#11554);
#11556=SURFACE_SIDE_STYLE('',(#11555));
#11557=SURFACE_STYLE_USAGE(.BOTH.,#11556);
#11558=PRESENTATION_STYLE_ASSIGNMENT((#11557));
#11559=STYLED_ITEM('',(#11558),#11552);
#11560=CARTESIAN_POINT('',(1.016E1,1.16E1,-1.016E1));
#11561=DIRECTION('',(0.E0,1.E0,0.E0));
#11562=DIRECTION('',(1.E0,0.E0,0.E0));
#11563=AXIS2_PLACEMENT_3D('',#11560,#11561,#11562);
#11564=PLANE('',#11563);
#11565=ORIENTED_EDGE('',*,*,#11542,.T.);
#11567=ORIENTED_EDGE('',*,*,#11566,.T.);
#11568=EDGE_LOOP('',(#11565,#11567));
#11569=FACE_OUTER_BOUND('',#11568,.F.);
#11571=FILL_AREA_STYLE_COLOUR('',#19);
#11572=FILL_AREA_STYLE('',(#11571));
#11573=SURFACE_STYLE_FILL_AREA(#11572);
#11574=SURFACE_SIDE_STYLE('',(#11573));
#11575=SURFACE_STYLE_USAGE(.BOTH.,#11574);
#11576=PRESENTATION_STYLE_ASSIGNMENT((#11575));
#11577=STYLED_ITEM('',(#11576),#11570);
#11578=CARTESIAN_POINT('',(1.016E1,1.166847648355E1,-1.016E1));
#11579=DIRECTION('',(0.E0,-1.E0,0.E0));
#11580=DIRECTION('',(-1.E0,0.E0,0.E0));
#11581=AXIS2_PLACEMENT_3D('',#11578,#11579,#11580);
#11582=CYLINDRICAL_SURFACE('',#11581,5.25E-1);
#11583=ORIENTED_EDGE('',*,*,#11566,.F.);
#11584=ORIENTED_EDGE('',*,*,#11548,.F.);
#11585=ORIENTED_EDGE('',*,*,#11500,.F.);
#11586=ORIENTED_EDGE('',*,*,#11498,.F.);
#11587=ORIENTED_EDGE('',*,*,#11544,.F.);
#11588=EDGE_LOOP('',(#11583,#11584,#11585,#11586,#11587));
#11589=FACE_OUTER_BOUND('',#11588,.F.);
#11591=FILL_AREA_STYLE_COLOUR('',#19);
#11592=FILL_AREA_STYLE('',(#11591));
#11593=SURFACE_STYLE_FILL_AREA(#11592);
#11594=SURFACE_SIDE_STYLE('',(#11593));
#11595=SURFACE_STYLE_USAGE(.BOTH.,#11594);
#11596=PRESENTATION_STYLE_ASSIGNMENT((#11595));
#11597=STYLED_ITEM('',(#11596),#11590);
#11598=CLOSED_SHELL('',(#4792,#4865,#4895,#4916,#4937,#4958,#4982,#5003,#5024,
#5045,#5074,#5114,#5136,#5214,#5235,#5256,#5277,#5298,#5319,#5340,#5361,#5388,
#5410,#5437,#5456,#5533,#5563,#5603,#5625,#5702,#5724,#5746,#5768,#5831,#5852,
#5878,#5916,#5940,#5962,#5999,#6020,#6041,#6061,#6087,#6109,#6132,#6153,#6174,
#6193,#6212,#6235,#6257,#6277,#6299,#6326,#6356,#6378,#6401,#6422,#6443,#6467,
#6490,#6510,#6546,#6596,#6627,#6648,#6671,#6719,#6740,#6836,#6856,#6875,#6895,
#6916,#6937,#6959,#6981,#7039,#7070,#7091,#7114,#7161,#7182,#7238,#7257,#7285,
#7305,#7325,#7345,#7364,#7383,#7403,#7424,#7445,#7467,#7488,#7509,#7528,#7548,
#7575,#7595,#7615,#7635,#7654,#7673,#7693,#7714,#7736,#7757,#7775,#7794,#7814,
#7833,#7852,#7872,#7891,#7923,#7942,#7961,#7982,#8002,#8023,#8045,#8067,#8086,
#8106,#8126,#8146,#8165,#8185,#8205,#8225,#8245,#8264,#8285,#8304,#8325,#8344,
#8365,#8384,#8404,#8422,#8442,#8460,#8480,#8500,#8519,#8544,#8567,#8590,#8611,
#8628,#8653,#8676,#8699,#8720,#8737,#8759,#8781,#8802,#8826,#8849,#8872,#8892,
#8916,#8939,#8962,#8982,#9006,#9029,#9052,#9072,#9096,#9119,#9142,#9162,#9186,
#9209,#9232,#9252,#9276,#9298,#9321,#9342,#9359,#9383,#9405,#9428,#9449,#9466,
#9486,#9504,#9524,#9542,#9563,#9582,#9603,#9622,#9643,#9662,#9688,#9710,#9731,
#9751,#9775,#9813,#9849,#9870,#9954,#9974,#9994,#10014,#10047,#10067,#10086,
#10106,#10128,#10148,#10170,#10190,#10212,#10231,#10251,#10270,#10290,#10310,
#10329,#10351,#10379,#10398,#10423,#10446,#10469,#10487,#10507,#10529,#10557,
#10576,#10601,#10624,#10647,#10665,#10685,#10707,#10735,#10754,#10779,#10802,
#10825,#10843,#10863,#10883,#10903,#10923,#10943,#10963,#10982,#11007,#11030,
#11053,#11071,#11091,#11110,#11136,#11158,#11179,#11199,#11222,#11241,#11266,
#11289,#11312,#11330,#11350,#11376,#11398,#11419,#11439,#11462,#11481,#11506,
#11529,#11552,#11570,#11590));
#11599=MANIFOLD_SOLID_BREP('',#11598);
#11602=PLANE_ANGLE_MEASURE_WITH_UNIT(PLANE_ANGLE_MEASURE(1.745329251994E-2),
#11601);
#11603=(CONVERSION_BASED_UNIT('DEGREE',#11602)NAMED_UNIT(*)PLANE_ANGLE_UNIT());
#11605=UNCERTAINTY_MEASURE_WITH_UNIT(LENGTH_MEASURE(5.813802182229E-3),#11600,
'distance_accuracy_value',
'Maximum model space distance between geometric entities at asserted connectivities');
#11607=CARTESIAN_POINT('',(0.E0,0.E0,0.E0));
#11608=DIRECTION('',(0.E0,0.E0,1.E0));
#11609=DIRECTION('',(1.E0,0.E0,0.E0));
#11612=APPLICATION_CONTEXT('automotive_design');
#11613=APPLICATION_PROTOCOL_DEFINITION('international standard',
'automotive_design',2001,#11612);
#11614=PRODUCT_DEFINITION_CONTEXT('part definition',#11612,'design');
#11615=PRODUCT_CONTEXT('',#11612,'mechanical');
#11616=PRODUCT('MANIFOLD_SOLID_BREP_11562','MANIFOLD_SOLID_BREP_11562',
'NOT SPECIFIED',(#11615));
#11617=PRODUCT_DEFINITION_FORMATION('1','LAST_VERSION',#11616);
#11625=DERIVED_UNIT_ELEMENT(#11624,2.E0);
#11626=DERIVED_UNIT((#11625));
#11627=MEASURE_REPRESENTATION_ITEM('surface area measure',AREA_MEASURE(
9.139696890426E3),#11626);
#11632=DERIVED_UNIT_ELEMENT(#11631,3.E0);
#11633=DERIVED_UNIT((#11632));
#11634=MEASURE_REPRESENTATION_ITEM('volume measure',VOLUME_MEASURE(
3.369598758253E3),#11633);
#11638=CARTESIAN_POINT('centre point',(1.539221621587E-2,6.848637238408E0,
-1.168112079047E-3));
#11643=DERIVED_UNIT_ELEMENT(#11642,2.E0);
#11644=DERIVED_UNIT((#11643));
#11645=MEASURE_REPRESENTATION_ITEM('surface area measure',AREA_MEASURE(
9.139696890426E3),#11644);
#11650=DERIVED_UNIT_ELEMENT(#11649,3.E0);
#11651=DERIVED_UNIT((#11650));
#11652=MEASURE_REPRESENTATION_ITEM('volume measure',VOLUME_MEASURE(
3.369598758253E3),#11651);
#11656=CARTESIAN_POINT('centre point',(1.539221621587E-2,6.848637238408E0,
-1.168112079047E-3));
#11662=GENERAL_PROPERTY('','DESCRIPTION','user defined attribute');
#11663=GENERAL_PROPERTY_ASSOCIATION('user defined attribute','',#11662,#11661);
#11664=DESCRIPTIVE_REPRESENTATION_ITEM('DESCRIPTION','');
#11668=GENERAL_PROPERTY('','MODELED_BY','user defined attribute');
#11669=GENERAL_PROPERTY_ASSOCIATION('user defined attribute','',#11668,#11667);
#11670=DESCRIPTIVE_REPRESENTATION_ITEM('MODELED_BY','');
#11678=CARTESIAN_POINT('centre point',(1.539221621587E-2,6.848637238408E0,
-1.168112079047E-3));
#11682=CARTESIAN_POINT('',(0.E0,0.E0,0.E0));
#11683=DIRECTION('',(0.E0,0.E0,1.E0));
#11684=DIRECTION('',(1.E0,0.E0,0.E0));
#11685=AXIS2_PLACEMENT_3D('',#11682,#11683,#11684);
#11686=ITEM_DEFINED_TRANSFORMATION('','',#11610,#11685);
#11687=(REPRESENTATION_RELATIONSHIP('','',#11611,#11675)REPRESENTATION_RELATIONSHIP_WITH_TRANSFORMATION(#11686)SHAPE_REPRESENTATION_RELATIONSHIP());
#11688=CONTEXT_DEPENDENT_SHAPE_REPRESENTATION(#11687,#11677);
#11689=DIRECTION('',(2.196223001440E-13,1.E0,1.259552139355E-8));
#11690=VECTOR('',#11689,2.2E0);
#11691=CARTESIAN_POINT('',(2.236E1,1.3E0,-1.016000002771E1));
#11692=LINE('',#11691,#11690);
#11693=DIRECTION('',(6.427182018907E-13,-1.E0,3.500851325997E-9));
#11694=VECTOR('',#11693,2.200000000005E0);
#11695=CARTESIAN_POINT('',(2.336E1,3.5E0,-1.016000003081E1));
#11696=LINE('',#11695,#11694);
#11697=CARTESIAN_POINT('',(2.286E1,1.299999999999E0,-1.016E1));
#11698=DIRECTION('',(1.539187852014E-11,1.E0,3.167665607046E-12));
#11699=DIRECTION('',(-1.E0,1.539168792407E-11,1.229238932855E-12));
#11700=AXIS2_PLACEMENT_3D('',#11697,#11698,#11699);
#11702=CARTESIAN_POINT('',(2.286E1,9.000000000016E-1,-1.016E1));
#11703=DIRECTION('',(1.539187852014E-11,1.E0,3.167665607046E-12));
#11704=DIRECTION('',(-1.E0,1.539222939029E-11,-3.188580698854E-11));
#11705=AXIS2_PLACEMENT_3D('',#11702,#11703,#11704);
#11707=CARTESIAN_POINT('',(2.286E1,9.000000000018E-1,-1.016E1));
#11708=DIRECTION('',(3.154909906628E-12,1.E0,-2.292624557485E-11));
#11709=DIRECTION('',(1.E0,-3.155273797325E-12,-7.643711836672E-11));
#11710=AXIS2_PLACEMENT_3D('',#11707,#11708,#11709);
#11712=CARTESIAN_POINT('',(2.296E1,1.299999999997E0,-1.016000000001E1));
#11713=DIRECTION('',(3.575403861866E-11,2.292624259555E-11,1.E0));
#11714=DIRECTION('',(4.432010314350E-12,-1.E0,2.292832590480E-11));
#11715=AXIS2_PLACEMENT_3D('',#11712,#11713,#11714);
#11717=CARTESIAN_POINT('',(2.286E1,1.299999999997E0,-1.016000000001E1));
#11718=DIRECTION('',(3.154909906628E-12,1.E0,-2.292624557485E-11));
#11719=DIRECTION('',(1.E0,-3.154809746777E-12,-9.241029630409E-8));
#11720=AXIS2_PLACEMENT_3D('',#11717,#11718,#11719);
#11722=CARTESIAN_POINT('',(2.276E1,1.299999999997E0,-1.016000002217E1));
#11723=DIRECTION('',(-2.216542314137E-7,2.292624329496E-11,1.E0));
#11724=DIRECTION('',(-1.E0,3.154698724506E-12,-2.216542327483E-7));
#11725=AXIS2_PLACEMENT_3D('',#11722,#11723,#11724);
#11727=CARTESIAN_POINT('',(2.286E1,3.5E0,-1.016E1));
#11728=DIRECTION('',(0.E0,1.E0,0.E0));
#11729=DIRECTION('',(0.E0,0.E0,1.E0));
#11730=AXIS2_PLACEMENT_3D('',#11727,#11728,#11729);
#11732=CARTESIAN_POINT('',(2.286E1,3.5E0,-1.016E1));
#11733=DIRECTION('',(0.E0,1.E0,0.E0));
#11734=DIRECTION('',(0.E0,0.E0,-1.E0));
#11735=AXIS2_PLACEMENT_3D('',#11732,#11733,#11734);
#11737=CARTESIAN_POINT('',(2.286E1,3.5E0,-1.016E1));
#11738=DIRECTION('',(0.E0,-1.E0,0.E0));
#11739=DIRECTION('',(-1.E0,0.E0,0.E0));
#11740=AXIS2_PLACEMENT_3D('',#11737,#11738,#11739);
#11742=CARTESIAN_POINT('',(2.286E1,3.5E0,-1.016E1));
#11743=DIRECTION('',(0.E0,-1.E0,0.E0));
#11744=DIRECTION('',(1.E0,0.E0,0.E0));
#11745=AXIS2_PLACEMENT_3D('',#11742,#11743,#11744);
#11747=DIRECTION('',(0.E0,1.E0,0.E0));
#11748=VECTOR('',#11747,5.E-1);
#11749=CARTESIAN_POINT('',(2.286E1,3.5E0,-1.116E1));
#11750=LINE('',#11749,#11748);
#11751=DIRECTION('',(0.E0,-1.E0,0.E0));
#11752=VECTOR('',#11751,5.E-1);
#11753=CARTESIAN_POINT('',(2.286E1,4.E0,-9.16E0));
#11754=LINE('',#11753,#11752);
#11755=CARTESIAN_POINT('',(2.286E1,4.E0,-1.016E1));
#11756=DIRECTION('',(0.E0,-1.E0,0.E0));
#11757=DIRECTION('',(0.E0,0.E0,-1.E0));
#11758=AXIS2_PLACEMENT_3D('',#11755,#11756,#11757);
#11760=CARTESIAN_POINT('',(2.286E1,4.E0,-1.016E1));
#11761=DIRECTION('',(0.E0,-1.E0,0.E0));
#11762=DIRECTION('',(0.E0,0.E0,1.E0));
#11763=AXIS2_PLACEMENT_3D('',#11760,#11761,#11762);
#11765=CARTESIAN_POINT('',(2.286E1,4.E0,-1.016E1));
#11766=DIRECTION('',(0.E0,1.E0,0.E0));
#11767=DIRECTION('',(0.E0,0.E0,1.E0));
#11768=AXIS2_PLACEMENT_3D('',#11765,#11766,#11767);
#11770=CARTESIAN_POINT('',(2.286E1,4.E0,-1.016E1));
#11771=DIRECTION('',(0.E0,1.E0,0.E0));
#11772=DIRECTION('',(0.E0,0.E0,-1.E0));
#11773=AXIS2_PLACEMENT_3D('',#11770,#11771,#11772);
#11775=CARTESIAN_POINT('',(2.286E1,1.539999999999E1,-1.016E1));
#11776=DIRECTION('',(3.180421307354E-11,-1.E0,1.747530958987E-12));
#11777=DIRECTION('',(-3.510381461067E-7,-1.747935129969E-12,
-9.999999999999E-1));
#11778=AXIS2_PLACEMENT_3D('',#11775,#11776,#11777);
#11780=CARTESIAN_POINT('',(2.286E1,1.580000000001E1,-1.016E1));
#11781=DIRECTION('',(-1.630178515009E-11,-1.E0,-3.210184608326E-12));
#11782=DIRECTION('',(-7.776939443715E-11,-3.215226220449E-12,1.E0));
#11783=AXIS2_PLACEMENT_3D('',#11780,#11781,#11782);
#11785=CARTESIAN_POINT('',(2.285999999999E1,1.580000000001E1,-1.016E1));
#11786=DIRECTION('',(3.180421307354E-11,-1.E0,1.747530958987E-12));
#11787=DIRECTION('',(7.130341463298E-11,-1.740840716002E-12,-1.E0));
#11788=AXIS2_PLACEMENT_3D('',#11785,#11786,#11787);
#11790=CARTESIAN_POINT('',(2.285999999999E1,1.539999999999E1,
-1.006000000002E1));
#11791=DIRECTION('',(1.E0,-1.630178450632E-11,7.504291632543E-11));
#11792=DIRECTION('',(1.629807400081E-11,1.E0,2.113420549588E-11));
#11793=AXIS2_PLACEMENT_3D('',#11790,#11791,#11792);
#11795=CARTESIAN_POINT('',(2.286E1,1.539999999999E1,-1.016E1));
#11796=DIRECTION('',(-1.630178515009E-11,-1.E0,-3.210184608326E-12));
#11797=DIRECTION('',(6.359357485021E-12,-3.211653165619E-12,1.E0));
#11798=AXIS2_PLACEMENT_3D('',#11795,#11796,#11797);
#11800=CARTESIAN_POINT('',(2.286E1,1.539999999999E1,-1.025999999999E1));
#11801=DIRECTION('',(1.E0,-1.630178450610E-11,5.166117533761E-12));
#11802=DIRECTION('',(5.169198402438E-12,3.210764987081E-12,-1.E0));
#11803=AXIS2_PLACEMENT_3D('',#11800,#11801,#11802);
#11805=DIRECTION('',(-2.429237162306E-9,-1.E0,-1.776356839401E-14));
#11806=VECTOR('',#11805,1.139999999999E1);
#11807=CARTESIAN_POINT('',(2.286000002769E1,1.539999999999E1,-9.66E0));
#11808=LINE('',#11807,#11806);
#11809=DIRECTION('',(2.566231983251E-9,1.E0,-1.089187219949E-13));
#11810=VECTOR('',#11809,1.139999999999E1);
#11811=CARTESIAN_POINT('',(2.285999988299E1,4.E0,-1.066E1));
#11812=LINE('',#11811,#11810);
#11813=CARTESIAN_POINT('',(2.236E1,1.300000000007E0,-1.016E1));
#11814=CARTESIAN_POINT('',(2.336000000001E1,1.299999999992E0,
-1.016000004621E1));
#11815=VERTEX_POINT('',#11813);
#11816=VERTEX_POINT('',#11814);
#11817=CARTESIAN_POINT('',(2.236E1,3.5E0,-1.016E1));
#11818=VERTEX_POINT('',#11817);
#11819=CARTESIAN_POINT('',(2.336E1,3.5E0,-1.016E1));
#11820=VERTEX_POINT('',#11819);
#11821=CARTESIAN_POINT('',(2.276000063263E1,9.000000000031E-1,
-1.016000000001E1));
#11822=CARTESIAN_POINT('',(2.295999936736E1,9.000000000001E-1,-1.016E1));
#11823=VERTEX_POINT('',#11821);
#11824=VERTEX_POINT('',#11822);
#11825=CARTESIAN_POINT('',(2.286E1,3.5E0,-9.16E0));
#11826=CARTESIAN_POINT('',(2.286E1,3.5E0,-1.116E1));
#11827=VERTEX_POINT('',#11825);
#11828=VERTEX_POINT('',#11826);
#11829=CARTESIAN_POINT('',(2.286E1,4.E0,-9.16E0));
#11830=VERTEX_POINT('',#11829);
#11831=CARTESIAN_POINT('',(2.286E1,4.E0,-1.116E1));
#11832=VERTEX_POINT('',#11831);
#11833=CARTESIAN_POINT('',(2.286E1,4.E0,-9.66E0));
#11834=CARTESIAN_POINT('',(2.286E1,4.E0,-1.066E1));
#11835=VERTEX_POINT('',#11833);
#11836=VERTEX_POINT('',#11834);
#11837=CARTESIAN_POINT('',(2.285999982449E1,1.539999999999E1,-1.066E1));
#11838=CARTESIAN_POINT('',(2.286E1,1.539999999999E1,-9.66E0));
#11839=VERTEX_POINT('',#11837);
#11840=VERTEX_POINT('',#11838);
#11841=CARTESIAN_POINT('',(2.286E1,1.580000000001E1,-1.025999936735E1));
#11842=CARTESIAN_POINT('',(2.286E1,1.580000000001E1,-1.006000063265E1));
#11843=VERTEX_POINT('',#11841);
#11844=VERTEX_POINT('',#11842);
#11845=CARTESIAN_POINT('',(2.286E1,3.544E0,-1.016E1));
#11846=DIRECTION('',(0.E0,-1.E0,0.E0));
#11847=DIRECTION('',(-1.E0,0.E0,0.E0));
#11848=AXIS2_PLACEMENT_3D('',#11845,#11846,#11847);
#11849=CYLINDRICAL_SURFACE('',#11848,5.E-1);
#11851=ORIENTED_EDGE('',*,*,#11850,.F.);
#11853=ORIENTED_EDGE('',*,*,#11852,.T.);
#11855=ORIENTED_EDGE('',*,*,#11854,.F.);
#11857=ORIENTED_EDGE('',*,*,#11856,.T.);
#11858=EDGE_LOOP('',(#11851,#11853,#11855,#11857));
#11859=FACE_OUTER_BOUND('',#11858,.F.);
#11861=FILL_AREA_STYLE_COLOUR('',#37);
#11862=FILL_AREA_STYLE('',(#11861));
#11863=SURFACE_STYLE_FILL_AREA(#11862);
#11864=SURFACE_SIDE_STYLE('',(#11863));
#11865=SURFACE_STYLE_USAGE(.BOTH.,#11864);
#11866=PRESENTATION_STYLE_ASSIGNMENT((#11865));
#11867=STYLED_ITEM('',(#11866),#11860);
#11868=CARTESIAN_POINT('',(2.335133462367E1,1.318193511224E0,
-1.025042394555E1));
#11869=CARTESIAN_POINT('',(2.336258870964E1,1.066867800334E0,
-1.025249511825E1));
#11870=CARTESIAN_POINT('',(2.318762838302E1,8.889699363512E-1,
-1.022029587504E1));
#11871=CARTESIAN_POINT('',(2.294045373626E1,9.004140429416E-1,
-1.017480649626E1));
#11872=CARTESIAN_POINT('',(2.341229077916E1,1.318193511222E0,
-9.919207811025E0));
#11873=CARTESIAN_POINT('',(2.342494107410E1,1.066867800332E0,
-9.913692433390E0));
#11874=CARTESIAN_POINT('',(2.322827474844E1,8.889699363498E-1,
-9.999436604468E0));
#11875=CARTESIAN_POINT('',(2.295043502034E1,9.004140429413E-1,
-1.012057141034E1));
#11876=CARTESIAN_POINT('',(2.319677853355E1,1.318193511225E0,
-9.660413969022E0));
#11877=CARTESIAN_POINT('',(2.320449249138E1,1.066867800335E0,
-9.648970883455E0));
#11878=CARTESIAN_POINT('',(2.308456835132E1,8.889699363515E-1,
-9.826869470159E0));
#11879=CARTESIAN_POINT('',(2.291514590263E1,9.004140429417E-1,
-1.007819513456E1));
#11880=CARTESIAN_POINT('',(2.286E1,1.318193511230E0,-9.660413969023E0));
#11881=CARTESIAN_POINT('',(2.286E1,1.066867800340E0,-9.648970883456E0));
#11882=CARTESIAN_POINT('',(2.285999999999E1,8.889699363550E-1,
-9.826869470160E0));
#11883=CARTESIAN_POINT('',(2.286E1,9.004140429425E-1,-1.007819513456E1));
#11884=CARTESIAN_POINT('',(2.252322146645E1,1.318193511235E0,
-9.660413969024E0));
#11885=CARTESIAN_POINT('',(2.251550750861E1,1.066867800345E0,
-9.648970883458E0));
#11886=CARTESIAN_POINT('',(2.263543164867E1,8.889699363584E-1,
-9.826869470161E0));
#11887=CARTESIAN_POINT('',(2.280485409736E1,9.004140429434E-1,
-1.007819513456E1));
#11888=CARTESIAN_POINT('',(2.230770922085E1,1.318193511239E0,
-9.919207811029E0));
#11889=CARTESIAN_POINT('',(2.229505892589E1,1.066867800350E0,
-9.913692433394E0));
#11890=CARTESIAN_POINT('',(2.249172525155E1,8.889699363612E-1,
-9.999436604471E0));
#11891=CARTESIAN_POINT('',(2.276956497965E1,9.004140429441E-1,
-1.012057141034E1));
#11892=CARTESIAN_POINT('',(2.236866537633E1,1.318193511239E0,
-1.025042394556E1));
#11893=CARTESIAN_POINT('',(2.235741129036E1,1.066867800350E0,
-1.025249511825E1));
#11894=CARTESIAN_POINT('',(2.253237161697E1,8.889699363613E-1,
-1.022029587504E1));
#11895=CARTESIAN_POINT('',(2.277954626373E1,9.004140429441E-1,
-1.017480649626E1));
#11896=(BOUNDED_SURFACE()B_SPLINE_SURFACE(3,3,((#11868,#11869,#11870,#11871),(
#11872,#11873,#11874,#11875),(#11876,#11877,#11878,#11879),(#11880,#11881,
#11882,#11883),(#11884,#11885,#11886,#11887),(#11888,#11889,#11890,#11891),(
#11892,#11893,#11894,#11895)),.UNSPECIFIED.,.F.,.F.,.F.)B_SPLINE_SURFACE_WITH_KNOTS((4,3,4),(4,4),(0.E0,1.E0,2.E0),(0.E0,1.E0),.UNSPECIFIED.)GEOMETRIC_REPRESENTATION_ITEM()RATIONAL_B_SPLINE_SURFACE(((1.456888300502E0,1.140463420796E0,
1.140463420796E0,1.456888300502E0),(1.107160079407E0,8.666934665434E-1,
8.666934665434E-1,1.107160079407E0),(1.107160079407E0,8.666934665434E-1,
8.666934665434E-1,1.107160079407E0),(1.456888300502E0,1.140463420796E0,
1.140463420796E0,1.456888300502E0),(1.107160079407E0,8.666934665434E-1,
8.666934665434E-1,1.107160079407E0),(1.107160079407E0,8.666934665434E-1,
8.666934665434E-1,1.107160079407E0),(1.456888300502E0,1.140463420796E0,
1.140463420796E0,1.456888300502E0)))REPRESENTATION_ITEM('')SURFACE());
#11898=ORIENTED_EDGE('',*,*,#11897,.F.);
#11900=ORIENTED_EDGE('',*,*,#11899,.F.);
#11901=ORIENTED_EDGE('',*,*,#11850,.T.);
#11903=ORIENTED_EDGE('',*,*,#11902,.F.);
#11904=EDGE_LOOP('',(#11898,#11900,#11901,#11903));
#11905=FACE_OUTER_BOUND('',#11904,.F.);
#11907=FILL_AREA_STYLE_COLOUR('',#37);
#11908=FILL_AREA_STYLE('',(#11907));
#11909=SURFACE_STYLE_FILL_AREA(#11908);
#11910=SURFACE_SIDE_STYLE('',(#11909));
#11911=SURFACE_STYLE_USAGE(.BOTH.,#11910);
#11912=PRESENTATION_STYLE_ASSIGNMENT((#11911));
#11913=STYLED_ITEM('',(#11912),#11906);
#11914=CARTESIAN_POINT('',(2.286E1,9.E-1,-1.016E1));
#11915=DIRECTION('',(0.E0,1.E0,0.E0));
#11916=DIRECTION('',(-1.E0,0.E0,0.E0));
#11917=AXIS2_PLACEMENT_3D('',#11914,#11915,#11916);
#11918=PLANE('',#11917);
#11919=ORIENTED_EDGE('',*,*,#11897,.T.);
#11921=ORIENTED_EDGE('',*,*,#11920,.T.);
#11922=EDGE_LOOP('',(#11919,#11921));
#11923=FACE_OUTER_BOUND('',#11922,.F.);
#11925=FILL_AREA_STYLE_COLOUR('',#19);
#11926=FILL_AREA_STYLE('',(#11925));
#11927=SURFACE_STYLE_FILL_AREA(#11926);
#11928=SURFACE_SIDE_STYLE('',(#11927));
#11929=SURFACE_STYLE_USAGE(.BOTH.,#11928);
#11930=PRESENTATION_STYLE_ASSIGNMENT((#11929));
#11931=STYLED_ITEM('',(#11930),#11924);
#11932=CARTESIAN_POINT('',(2.236866537826E1,1.318193511233E0,
-1.006957604398E1));
#11933=CARTESIAN_POINT('',(2.235741129234E1,1.066867800346E0,
-1.006750487104E1));
#11934=CARTESIAN_POINT('',(2.253237161826E1,8.889699363608E-1,
-1.009970411798E1));
#11935=CARTESIAN_POINT('',(2.277954626405E1,9.004140429435E-1,
-1.014519350202E1));
#11936=CARTESIAN_POINT('',(2.230770921523E1,1.318193511226E0,
-1.040079217986E1));
#11937=CARTESIAN_POINT('',(2.229505892015E1,1.066867800339E0,
-1.040630755729E1));
#11938=CARTESIAN_POINT('',(2.249172524780E1,8.889699363559E-1,
-1.032056338945E1));
#11939=CARTESIAN_POINT('',(2.276956497874E1,9.004140429422E-1,
-1.019942858817E1));
#11940=CARTESIAN_POINT('',(2.252322145842E1,1.318193511219E0,
-1.065958602739E1));
#11941=CARTESIAN_POINT('',(2.251550750040E1,1.066867800332E0,
-1.067102911287E1));
#11942=CARTESIAN_POINT('',(2.263543164332E1,8.889699363515E-1,
-1.049313052744E1));
#11943=CARTESIAN_POINT('',(2.280485409605E1,9.004140429412E-1,
-1.024180486485E1));
#11944=CARTESIAN_POINT('',(2.285999999468E1,1.318193511218E0,
-1.065958603098E1));
#11945=CARTESIAN_POINT('',(2.285999999455E1,1.066867800331E0,
-1.067102911654E1));
#11946=CARTESIAN_POINT('',(2.285999999645E1,8.889699363508E-1,
-1.049313052984E1));
#11947=CARTESIAN_POINT('',(2.285999999913E1,9.004140429410E-1,
-1.024180486544E1));
#11948=CARTESIAN_POINT('',(2.319677853093E1,1.318193511217E0,
-1.065958603457E1));
#11949=CARTESIAN_POINT('',(2.320449248870E1,1.066867800330E0,
-1.067102912021E1));
#11950=CARTESIAN_POINT('',(2.308456834958E1,8.889699363501E-1,
-1.049313053223E1));
#11951=CARTESIAN_POINT('',(2.291514590220E1,9.004140429408E-1,
-1.024180486603E1));
#11952=CARTESIAN_POINT('',(2.341229077964E1,1.318193511222E0,
-1.040079219164E1));
#11953=CARTESIAN_POINT('',(2.342494107460E1,1.066867800335E0,
-1.040630756933E1));
#11954=CARTESIAN_POINT('',(2.322827474877E1,8.889699363536E-1,
-1.032056339730E1));
#11955=CARTESIAN_POINT('',(2.295043502042E1,9.004140429417E-1,
-1.019942859010E1));
#11956=CARTESIAN_POINT('',(2.335133462367E1,1.318193511230E0,
-1.006957605445E1));
#11957=CARTESIAN_POINT('',(2.336258870963E1,1.066867800343E0,
-1.006750488175E1));
#11958=CARTESIAN_POINT('',(2.318762838303E1,8.889699363588E-1,
-1.009970412496E1));
#11959=CARTESIAN_POINT('',(2.294045373626E1,9.004140429429E-1,
-1.014519350374E1));
#11960=(BOUNDED_SURFACE()B_SPLINE_SURFACE(3,3,((#11932,#11933,#11934,#11935),(
#11936,#11937,#11938,#11939),(#11940,#11941,#11942,#11943),(#11944,#11945,
#11946,#11947),(#11948,#11949,#11950,#11951),(#11952,#11953,#11954,#11955),(
#11956,#11957,#11958,#11959)),.UNSPECIFIED.,.F.,.F.,.F.)B_SPLINE_SURFACE_WITH_KNOTS((4,3,4),(4,4),(0.E0,1.E0,2.E0),(0.E0,1.E0),.UNSPECIFIED.)GEOMETRIC_REPRESENTATION_ITEM()RATIONAL_B_SPLINE_SURFACE(((1.456888304136E0,1.140463423643E0,
1.140463423643E0,1.456888304136E0),(1.107160078192E0,8.666934655952E-1,
8.666934655952E-1,1.107160078192E0),(1.107160078192E0,8.666934655952E-1,
8.666934655952E-1,1.107160078192E0),(1.456888304136E0,1.140463423643E0,
1.140463423643E0,1.456888304136E0),(1.107160078192E0,8.666934655952E-1,
8.666934655952E-1,1.107160078192E0),(1.107160078192E0,8.666934655952E-1,
8.666934655952E-1,1.107160078192E0),(1.456888304136E0,1.140463423643E0,
1.140463423643E0,1.456888304136E0)))REPRESENTATION_ITEM('')SURFACE());
#11961=ORIENTED_EDGE('',*,*,#11920,.F.);
#11962=ORIENTED_EDGE('',*,*,#11902,.T.);
#11964=ORIENTED_EDGE('',*,*,#11963,.T.);
#11965=ORIENTED_EDGE('',*,*,#11899,.T.);
#11966=EDGE_LOOP('',(#11961,#11962,#11964,#11965));
#11967=FACE_OUTER_BOUND('',#11966,.F.);
#11969=FILL_AREA_STYLE_COLOUR('',#37);
#11970=FILL_AREA_STYLE('',(#11969));
#11971=SURFACE_STYLE_FILL_AREA(#11970);
#11972=SURFACE_SIDE_STYLE('',(#11971));
#11973=SURFACE_STYLE_USAGE(.BOTH.,#11972);
#11974=PRESENTATION_STYLE_ASSIGNMENT((#11973));
#11975=STYLED_ITEM('',(#11974),#11968);
#11976=CARTESIAN_POINT('',(2.286E1,3.544E0,-1.016E1));
#11977=DIRECTION('',(0.E0,-1.E0,0.E0));
#11978=DIRECTION('',(-1.E0,0.E0,0.E0));
#11979=AXIS2_PLACEMENT_3D('',#11976,#11977,#11978);
#11980=CYLINDRICAL_SURFACE('',#11979,5.E-1);
#11981=ORIENTED_EDGE('',*,*,#11963,.F.);
#11982=ORIENTED_EDGE('',*,*,#11856,.F.);
#11984=ORIENTED_EDGE('',*,*,#11983,.F.);
#11985=ORIENTED_EDGE('',*,*,#11852,.F.);
#11986=EDGE_LOOP('',(#11981,#11982,#11984,#11985));
#11987=FACE_OUTER_BOUND('',#11986,.F.);
#11989=FILL_AREA_STYLE_COLOUR('',#37);
#11990=FILL_AREA_STYLE('',(#11989));
#11991=SURFACE_STYLE_FILL_AREA(#11990);
#11992=SURFACE_SIDE_STYLE('',(#11991));
#11993=SURFACE_STYLE_USAGE(.BOTH.,#11992);
#11994=PRESENTATION_STYLE_ASSIGNMENT((#11993));
#11995=STYLED_ITEM('',(#11994),#11988);
#11996=CARTESIAN_POINT('',(2.286E1,3.5E0,-1.016E1));
#11997=DIRECTION('',(0.E0,1.E0,0.E0));
#11998=DIRECTION('',(0.E0,0.E0,1.E0));
#11999=AXIS2_PLACEMENT_3D('',#11996,#11997,#11998);
#12000=PLANE('',#11999);
#12002=ORIENTED_EDGE('',*,*,#12001,.T.);
#12004=ORIENTED_EDGE('',*,*,#12003,.T.);
#12005=EDGE_LOOP('',(#12002,#12004));
#12006=FACE_OUTER_BOUND('',#12005,.F.);
#12007=ORIENTED_EDGE('',*,*,#11983,.T.);
#12008=ORIENTED_EDGE('',*,*,#11854,.T.);
#12009=EDGE_LOOP('',(#12007,#12008));
#12010=FACE_BOUND('',#12009,.F.);
#12012=FILL_AREA_STYLE_COLOUR('',#19);
#12013=FILL_AREA_STYLE('',(#12012));
#12014=SURFACE_STYLE_FILL_AREA(#12013);
#12015=SURFACE_SIDE_STYLE('',(#12014));
#12016=SURFACE_STYLE_USAGE(.BOTH.,#12015);
#12017=PRESENTATION_STYLE_ASSIGNMENT((#12016));
#12018=STYLED_ITEM('',(#12017),#12011);
#12019=CARTESIAN_POINT('',(2.286E1,3.481800209877E0,-1.016E1));
#12020=DIRECTION('',(0.E0,1.E0,0.E0));
#12021=DIRECTION('',(0.E0,0.E0,1.E0));
#12022=AXIS2_PLACEMENT_3D('',#12019,#12020,#12021);
#12023=CYLINDRICAL_SURFACE('',#12022,1.E0);
#12024=ORIENTED_EDGE('',*,*,#12001,.F.);
#12026=ORIENTED_EDGE('',*,*,#12025,.F.);
#12028=ORIENTED_EDGE('',*,*,#12027,.F.);
#12030=ORIENTED_EDGE('',*,*,#12029,.F.);
#12031=EDGE_LOOP('',(#12024,#12026,#12028,#12030));
#12032=FACE_OUTER_BOUND('',#12031,.F.);
#12034=FILL_AREA_STYLE_COLOUR('',#37);
#12035=FILL_AREA_STYLE('',(#12034));
#12036=SURFACE_STYLE_FILL_AREA(#12035);
#12037=SURFACE_SIDE_STYLE('',(#12036));
#12038=SURFACE_STYLE_USAGE(.BOTH.,#12037);
#12039=PRESENTATION_STYLE_ASSIGNMENT((#12038));
#12040=STYLED_ITEM('',(#12039),#12033);
#12041=CARTESIAN_POINT('',(2.286E1,3.481800209877E0,-1.016E1));
#12042=DIRECTION('',(0.E0,1.E0,0.E0));
#12043=DIRECTION('',(0.E0,0.E0,1.E0));
#12044=AXIS2_PLACEMENT_3D('',#12041,#12042,#12043);
#12045=CYLINDRICAL_SURFACE('',#12044,1.E0);
#12046=ORIENTED_EDGE('',*,*,#12003,.F.);
#12047=ORIENTED_EDGE('',*,*,#12029,.T.);
#12049=ORIENTED_EDGE('',*,*,#12048,.F.);
#12050=ORIENTED_EDGE('',*,*,#12025,.T.);
#12051=EDGE_LOOP('',(#12046,#12047,#12049,#12050));
#12052=FACE_OUTER_BOUND('',#12051,.F.);
#12054=FILL_AREA_STYLE_COLOUR('',#37);
#12055=FILL_AREA_STYLE('',(#12054));
#12056=SURFACE_STYLE_FILL_AREA(#12055);
#12057=SURFACE_SIDE_STYLE('',(#12056));
#12058=SURFACE_STYLE_USAGE(.BOTH.,#12057);
#12059=PRESENTATION_STYLE_ASSIGNMENT((#12058));
#12060=STYLED_ITEM('',(#12059),#12053);
#12061=CARTESIAN_POINT('',(2.286E1,4.E0,-1.016E1));
#12062=DIRECTION('',(0.E0,1.E0,0.E0));
#12063=DIRECTION('',(0.E0,0.E0,1.E0));
#12064=AXIS2_PLACEMENT_3D('',#12061,#12062,#12063);
#12065=PLANE('',#12064);
#12066=ORIENTED_EDGE('',*,*,#12027,.T.);
#12067=ORIENTED_EDGE('',*,*,#12048,.T.);
#12068=EDGE_LOOP('',(#12066,#12067));
#12069=FACE_OUTER_BOUND('',#12068,.F.);
#12071=ORIENTED_EDGE('',*,*,#12070,.T.);
#12073=ORIENTED_EDGE('',*,*,#12072,.T.);
#12074=EDGE_LOOP('',(#12071,#12073));
#12075=FACE_BOUND('',#12074,.F.);
#12077=FILL_AREA_STYLE_COLOUR('',#37);
#12078=FILL_AREA_STYLE('',(#12077));
#12079=SURFACE_STYLE_FILL_AREA(#12078);
#12080=SURFACE_SIDE_STYLE('',(#12079));
#12081=SURFACE_STYLE_USAGE(.BOTH.,#12080);
#12082=PRESENTATION_STYLE_ASSIGNMENT((#12081));
#12083=STYLED_ITEM('',(#12082),#12076);
#12084=CARTESIAN_POINT('',(2.286E1,3.772E0,-1.016E1));
#12085=DIRECTION('',(0.E0,1.E0,0.E0));
#12086=DIRECTION('',(0.E0,0.E0,1.E0));
#12087=AXIS2_PLACEMENT_3D('',#12084,#12085,#12086);
#12088=CYLINDRICAL_SURFACE('',#12087,5.E-1);
#12090=ORIENTED_EDGE('',*,*,#12089,.F.);
#12092=ORIENTED_EDGE('',*,*,#12091,.F.);
#12093=ORIENTED_EDGE('',*,*,#12070,.F.);
#12095=ORIENTED_EDGE('',*,*,#12094,.F.);
#12096=EDGE_LOOP('',(#12090,#12092,#12093,#12095));
#12097=FACE_OUTER_BOUND('',#12096,.F.);
#12099=FILL_AREA_STYLE_COLOUR('',#37);
#12100=FILL_AREA_STYLE('',(#12099));
#12101=SURFACE_STYLE_FILL_AREA(#12100);
#12102=SURFACE_SIDE_STYLE('',(#12101));
#12103=SURFACE_STYLE_USAGE(.BOTH.,#12102);
#12104=PRESENTATION_STYLE_ASSIGNMENT((#12103));
#12105=STYLED_ITEM('',(#12104),#12098);
#12106=CARTESIAN_POINT('',(2.276957604390E1,1.538180648876E1,
-9.668665378274E0));
#12107=CARTESIAN_POINT('',(2.276750487096E1,1.563313219965E1,
-9.657411292352E0));
#12108=CARTESIAN_POINT('',(2.279970411792E1,1.581103006365E1,
-9.832371618272E0));
#12109=CARTESIAN_POINT('',(2.284519350201E1,1.579958595707E1,
-1.007954626407E1));
#12110=CARTESIAN_POINT('',(2.310079217980E1,1.538180648877E1,
-9.607709215187E0));
#12111=CARTESIAN_POINT('',(2.310630755722E1,1.563313219967E1,
-9.595058920110E0));
#12112=CARTESIAN_POINT('',(2.302056338940E1,1.581103006365E1,
-9.791725247783E0));
#12113=CARTESIAN_POINT('',(2.289942858815E1,1.579958595707E1,
-1.006956497875E1));
#12114=CARTESIAN_POINT('',(2.335958602736E1,1.538180648878E1,
-9.823221458362E0));
#12115=CARTESIAN_POINT('',(2.337102911284E1,1.563313219967E1,
-9.815507500345E0));
#12116=CARTESIAN_POINT('',(2.319313052742E1,1.581103006366E1,
-9.935431643287E0));
#12117=CARTESIAN_POINT('',(2.294180486483E1,1.579958595707E1,
-1.010485409605E1));
#12118=CARTESIAN_POINT('',(2.335958603098E1,1.538180648878E1,
-1.015999999464E1));
#12119=CARTESIAN_POINT('',(2.337102911654E1,1.563313219967E1,
-1.015999999451E1));
#12120=CARTESIAN_POINT('',(2.319313052983E1,1.581103006366E1,
-1.015999999643E1));
#12121=CARTESIAN_POINT('',(2.294180486542E1,1.579958595707E1,
-1.015999999912E1));
#12122=CARTESIAN_POINT('',(2.335958603459E1,1.538180648878E1,
-1.049677853091E1));
#12123=CARTESIAN_POINT('',(2.337102912024E1,1.563313219967E1,
-1.050449248869E1));
#12124=CARTESIAN_POINT('',(2.319313053224E1,1.581103006366E1,
-1.038456834956E1));
#12125=CARTESIAN_POINT('',(2.294180486602E1,1.579958595707E1,
-1.021514590219E1));
#12126=CARTESIAN_POINT('',(2.310079219166E1,1.538180648877E1,
-1.071229077964E1));
#12127=CARTESIAN_POINT('',(2.310630756935E1,1.563313219966E1,
-1.072494107460E1));
#12128=CARTESIAN_POINT('',(2.302056339731E1,1.581103006365E1,
-1.052827474877E1));
#12129=CARTESIAN_POINT('',(2.289942859009E1,1.579958595707E1,
-1.025043502041E1));
#12130=CARTESIAN_POINT('',(2.276957605445E1,1.538180648876E1,
-1.065133462367E1));
#12131=CARTESIAN_POINT('',(2.276750488175E1,1.563313219965E1,
-1.066258870964E1));
#12132=CARTESIAN_POINT('',(2.279970412496E1,1.581103006365E1,
-1.048762838303E1));
#12133=CARTESIAN_POINT('',(2.284519350374E1,1.579958595707E1,
-1.024045373625E1));
#12134=(BOUNDED_SURFACE()B_SPLINE_SURFACE(3,3,((#12106,#12107,#12108,#12109),(
#12110,#12111,#12112,#12113),(#12114,#12115,#12116,#12117),(#12118,#12119,
#12120,#12121),(#12122,#12123,#12124,#12125),(#12126,#12127,#12128,#12129),(
#12130,#12131,#12132,#12133)),.UNSPECIFIED.,.F.,.F.,.F.)B_SPLINE_SURFACE_WITH_KNOTS((4,3,4),(4,4),(0.E0,1.E0,2.E0),(0.E0,1.E0),.UNSPECIFIED.)GEOMETRIC_REPRESENTATION_ITEM()RATIONAL_B_SPLINE_SURFACE(((1.456888304157E0,1.140463423666E0,
1.140463423666E0,1.456888304157E0),(1.107160078179E0,8.666934655896E-1,
8.666934655896E-1,1.107160078179E0),(1.107160078179E0,8.666934655896E-1,
8.666934655896E-1,1.107160078179E0),(1.456888304157E0,1.140463423666E0,
1.140463423666E0,1.456888304157E0),(1.107160078179E0,8.666934655896E-1,
8.666934655896E-1,1.107160078179E0),(1.107160078179E0,8.666934655896E-1,
8.666934655896E-1,1.107160078179E0),(1.456888304157E0,1.140463423666E0,
1.140463423666E0,1.456888304157E0)))REPRESENTATION_ITEM('')SURFACE());
#12136=ORIENTED_EDGE('',*,*,#12135,.F.);
#12138=ORIENTED_EDGE('',*,*,#12137,.F.);
#12139=ORIENTED_EDGE('',*,*,#12089,.T.);
#12141=ORIENTED_EDGE('',*,*,#12140,.F.);
#12142=EDGE_LOOP('',(#12136,#12138,#12139,#12141));
#12143=FACE_OUTER_BOUND('',#12142,.F.);
#12145=FILL_AREA_STYLE_COLOUR('',#37);
#12146=FILL_AREA_STYLE('',(#12145));
#12147=SURFACE_STYLE_FILL_AREA(#12146);
#12148=SURFACE_SIDE_STYLE('',(#12147));
#12149=SURFACE_STYLE_USAGE(.BOTH.,#12148);
#12150=PRESENTATION_STYLE_ASSIGNMENT((#12149));
#12151=STYLED_ITEM('',(#12150),#12144);
#12152=CARTESIAN_POINT('',(2.286E1,1.58E1,-1.016E1));
#12153=DIRECTION('',(0.E0,1.E0,0.E0));
#12154=DIRECTION('',(0.E0,0.E0,1.E0));
#12155=AXIS2_PLACEMENT_3D('',#12152,#12153,#12154);
#12156=PLANE('',#12155);
#12158=ORIENTED_EDGE('',*,*,#12157,.T.);
#12159=ORIENTED_EDGE('',*,*,#12135,.T.);
#12160=EDGE_LOOP('',(#12158,#12159));
#12161=FACE_OUTER_BOUND('',#12160,.F.);
#12163=FILL_AREA_STYLE_COLOUR('',#19);
#12164=FILL_AREA_STYLE('',(#12163));
#12165=SURFACE_STYLE_FILL_AREA(#12164);
#12166=SURFACE_SIDE_STYLE('',(#12165));
#12167=SURFACE_STYLE_USAGE(.BOTH.,#12166);
#12168=PRESENTATION_STYLE_ASSIGNMENT((#12167));
#12169=STYLED_ITEM('',(#12168),#12162);
#12170=CARTESIAN_POINT('',(2.295042394556E1,1.538180648876E1,
-1.065133462367E1));
#12171=CARTESIAN_POINT('',(2.295249511826E1,1.563313219966E1,
-1.066258870964E1));
#12172=CARTESIAN_POINT('',(2.292029587504E1,1.581103006365E1,
-1.048762838302E1));
#12173=CARTESIAN_POINT('',(2.287480649626E1,1.579958595707E1,
-1.024045373625E1));
#12174=CARTESIAN_POINT('',(2.261920781104E1,1.538180648877E1,
-1.071229077916E1));
#12175=CARTESIAN_POINT('',(2.261369243341E1,1.563313219966E1,
-1.072494107411E1));
#12176=CARTESIAN_POINT('',(2.269943660448E1,1.581103006365E1,
-1.052827474845E1));
#12177=CARTESIAN_POINT('',(2.282057141034E1,1.579958595707E1,
-1.025043502033E1));
#12178=CARTESIAN_POINT('',(2.236041396904E1,1.538180648877E1,
-1.049677853357E1));
#12179=CARTESIAN_POINT('',(2.234897088347E1,1.563313219967E1,
-1.050449249140E1));
#12180=CARTESIAN_POINT('',(2.252686947017E1,1.581103006365E1,
-1.038456835133E1));
#12181=CARTESIAN_POINT('',(2.277819513457E1,1.579958595707E1,
-1.021514590263E1));
#12182=CARTESIAN_POINT('',(2.236041396902E1,1.538180648877E1,
-1.016000000002E1));
#12183=CARTESIAN_POINT('',(2.234897088346E1,1.563313219966E1,
-1.016000000002E1));
#12184=CARTESIAN_POINT('',(2.252686947017E1,1.581103006365E1,
-1.016000000001E1));
#12185=CARTESIAN_POINT('',(2.277819513457E1,1.579958595707E1,-1.016E1));
#12186=CARTESIAN_POINT('',(2.236041396901E1,1.538180648877E1,
-9.823221466476E0));
#12187=CARTESIAN_POINT('',(2.234897088344E1,1.563313219966E1,
-9.815507508643E0));
#12188=CARTESIAN_POINT('',(2.252686947016E1,1.581103006365E1,
-9.935431648694E0));
#12189=CARTESIAN_POINT('',(2.277819513457E1,1.579958595707E1,
-1.010485409738E1));
#12190=CARTESIAN_POINT('',(2.261920781099E1,1.538180648876E1,
-9.607709220865E0));
#12191=CARTESIAN_POINT('',(2.261369243336E1,1.563313219966E1,
-9.595058925916E0));
#12192=CARTESIAN_POINT('',(2.269943660445E1,1.581103006365E1,
-9.791725251567E0));
#12193=CARTESIAN_POINT('',(2.282057141034E1,1.579958595707E1,
-1.006956497967E1));
#12194=CARTESIAN_POINT('',(2.295042394552E1,1.538180648876E1,
-9.668665376325E0));
#12195=CARTESIAN_POINT('',(2.295249511822E1,1.563313219965E1,
-9.657411290357E0));
#12196=CARTESIAN_POINT('',(2.292029587502E1,1.581103006365E1,
-9.832371616970E0));
#12197=CARTESIAN_POINT('',(2.287480649626E1,1.579958595707E1,
-1.007954626375E1));
#12198=(BOUNDED_SURFACE()B_SPLINE_SURFACE(3,3,((#12170,#12171,#12172,#12173),(
#12174,#12175,#12176,#12177),(#12178,#12179,#12180,#12181),(#12182,#12183,
#12184,#12185),(#12186,#12187,#12188,#12189),(#12190,#12191,#12192,#12193),(
#12194,#12195,#12196,#12197)),.UNSPECIFIED.,.F.,.F.,.F.)B_SPLINE_SURFACE_WITH_KNOTS((4,3,4),(4,4),(0.E0,1.E0,2.E0),(0.E0,1.E0),.UNSPECIFIED.)GEOMETRIC_REPRESENTATION_ITEM()RATIONAL_B_SPLINE_SURFACE(((1.456888300484E0,1.140463420792E0,
1.140463420792E0,1.456888300484E0),(1.107160079402E0,8.666934665482E-1,
8.666934665482E-1,1.107160079402E0),(1.107160079402E0,8.666934665482E-1,
8.666934665482E-1,1.107160079402E0),(1.456888300484E0,1.140463420792E0,
1.140463420792E0,1.456888300484E0),(1.107160079402E0,8.666934665482E-1,
8.666934665482E-1,1.107160079402E0),(1.107160079402E0,8.666934665482E-1,
8.666934665482E-1,1.107160079402E0),(1.456888300484E0,1.140463420792E0,
1.140463420792E0,1.456888300484E0)))REPRESENTATION_ITEM('')SURFACE());
#12199=ORIENTED_EDGE('',*,*,#12157,.F.);
#12200=ORIENTED_EDGE('',*,*,#12140,.T.);
#12202=ORIENTED_EDGE('',*,*,#12201,.T.);
#12203=ORIENTED_EDGE('',*,*,#12137,.T.);
#12204=EDGE_LOOP('',(#12199,#12200,#12202,#12203));
#12205=FACE_OUTER_BOUND('',#12204,.F.);
#12207=FILL_AREA_STYLE_COLOUR('',#37);
#12208=FILL_AREA_STYLE('',(#12207));
#12209=SURFACE_STYLE_FILL_AREA(#12208);
#12210=SURFACE_SIDE_STYLE('',(#12209));
#12211=SURFACE_STYLE_USAGE(.BOTH.,#12210);
#12212=PRESENTATION_STYLE_ASSIGNMENT((#12211));
#12213=STYLED_ITEM('',(#12212),#12206);
#12214=CARTESIAN_POINT('',(2.286E1,3.772E0,-1.016E1));
#12215=DIRECTION('',(0.E0,1.E0,0.E0));
#12216=DIRECTION('',(0.E0,0.E0,1.E0));
#12217=AXIS2_PLACEMENT_3D('',#12214,#12215,#12216);
#12218=CYLINDRICAL_SURFACE('',#12217,5.E-1);
#12219=ORIENTED_EDGE('',*,*,#12201,.F.);
#12220=ORIENTED_EDGE('',*,*,#12094,.T.);
#12221=ORIENTED_EDGE('',*,*,#12072,.F.);
#12222=ORIENTED_EDGE('',*,*,#12091,.T.);
#12223=EDGE_LOOP('',(#12219,#12220,#12221,#12222));
#12224=FACE_OUTER_BOUND('',#12223,.F.);
#12226=FILL_AREA_STYLE_COLOUR('',#37);
#12227=FILL_AREA_STYLE('',(#12226));
#12228=SURFACE_STYLE_FILL_AREA(#12227);
#12229=SURFACE_SIDE_STYLE('',(#12228));
#12230=SURFACE_STYLE_USAGE(.BOTH.,#12229);
#12231=PRESENTATION_STYLE_ASSIGNMENT((#12230));
#12232=STYLED_ITEM('',(#12231),#12225);
#12233=CLOSED_SHELL('',(#11860,#11906,#11924,#11968,#11988,#12011,#12033,#12053,
#12076,#12098,#12144,#12162,#12206,#12225));
#12234=MANIFOLD_SOLID_BREP('',#12233);
#12237=PLANE_ANGLE_MEASURE_WITH_UNIT(PLANE_ANGLE_MEASURE(1.745329251994E-2),
#12236);
#12238=(CONVERSION_BASED_UNIT('DEGREE',#12237)NAMED_UNIT(*)PLANE_ANGLE_UNIT());
#12240=UNCERTAINTY_MEASURE_WITH_UNIT(LENGTH_MEASURE(1.516588510976E-3),#12235,
'distance_accuracy_value',
'Maximum model space distance between geometric entities at asserted connectivities');
#12242=CARTESIAN_POINT('',(0.E0,0.E0,0.E0));
#12243=DIRECTION('',(0.E0,0.E0,1.E0));
#12244=DIRECTION('',(1.E0,0.E0,0.E0));
#12247=PRODUCT_CONTEXT('',#11612,'mechanical');
#12248=PRODUCT('MANIFOLD_SOLID_BREP_12108','MANIFOLD_SOLID_BREP_12108',
'NOT SPECIFIED',(#12247));
#12249=PRODUCT_DEFINITION_FORMATION('1','LAST_VERSION',#12248);
#12257=DERIVED_UNIT_ELEMENT(#12256,2.E0);
#12258=DERIVED_UNIT((#12257));
#12259=MEASURE_REPRESENTATION_ITEM('surface area measure',AREA_MEASURE(
5.344266119374E1),#12258);
#12264=DERIVED_UNIT_ELEMENT(#12263,3.E0);
#12265=DERIVED_UNIT((#12264));
#12266=MEASURE_REPRESENTATION_ITEM('volume measure',VOLUME_MEASURE(
1.270334025051E1),#12265);
#12270=CARTESIAN_POINT('centre point',(2.285999999938E1,7.923399814524E0,
-1.016000000073E1));
#12275=DERIVED_UNIT_ELEMENT(#12274,2.E0);
#12276=DERIVED_UNIT((#12275));
#12277=MEASURE_REPRESENTATION_ITEM('surface area measure',AREA_MEASURE(
5.344266119374E1),#12276);
#12282=DERIVED_UNIT_ELEMENT(#12281,3.E0);
#12283=DERIVED_UNIT((#12282));
#12284=MEASURE_REPRESENTATION_ITEM('volume measure',VOLUME_MEASURE(
1.270334025051E1),#12283);
#12288=CARTESIAN_POINT('centre point',(2.285999999938E1,7.923399814524E0,
-1.016000000073E1));
#12294=GENERAL_PROPERTY('','DESCRIPTION','user defined attribute');
#12295=GENERAL_PROPERTY_ASSOCIATION('user defined attribute','',#12294,#12293);
#12296=DESCRIPTIVE_REPRESENTATION_ITEM('DESCRIPTION','');
#12300=GENERAL_PROPERTY('','MODELED_BY','user defined attribute');
#12301=GENERAL_PROPERTY_ASSOCIATION('user defined attribute','',#12300,#12299);
#12302=DESCRIPTIVE_REPRESENTATION_ITEM('MODELED_BY','');
#12307=CARTESIAN_POINT('centre point',(2.285999999938E1,7.923399814524E0,
-1.016000000073E1));
#12311=CARTESIAN_POINT('',(0.E0,0.E0,0.E0));
#12312=DIRECTION('',(0.E0,0.E0,1.E0));
#12313=DIRECTION('',(1.E0,0.E0,0.E0));
#12314=AXIS2_PLACEMENT_3D('',#12311,#12312,#12313);
#12315=ITEM_DEFINED_TRANSFORMATION('','',#12245,#12314);
#12316=(REPRESENTATION_RELATIONSHIP('','',#12246,#11675)REPRESENTATION_RELATIONSHIP_WITH_TRANSFORMATION(#12315)SHAPE_REPRESENTATION_RELATIONSHIP());
#12317=CONTEXT_DEPENDENT_SHAPE_REPRESENTATION(#12316,#12306);
#12318=DIRECTION('',(2.842170943041E-13,1.E0,1.260795676309E-8));
#12319=VECTOR('',#12318,2.199999999999E0);
#12320=CARTESIAN_POINT('',(2.236E1,1.300000000001E0,-2.773750482775E-8));
#12321=LINE('',#12320,#12319);
#12322=DIRECTION('',(2.987509229901E-13,-1.E0,3.484806836064E-9));
#12323=VECTOR('',#12322,2.2E0);
#12324=CARTESIAN_POINT('',(2.336E1,3.5E0,-3.080744272204E-8));
#12325=LINE('',#12324,#12323);
#12326=CARTESIAN_POINT('',(2.286E1,1.300000000003E0,-9.395933395877E-13));
#12327=DIRECTION('',(-1.318939424573E-11,1.E0,-2.212972848419E-12));
#12328=DIRECTION('',(-1.E0,-1.318944953246E-11,1.879431608554E-12));
#12329=AXIS2_PLACEMENT_3D('',#12326,#12327,#12328);
#12331=CARTESIAN_POINT('',(2.286000000001E1,9.000000000040E-1,
-5.440420022216E-14));
#12332=DIRECTION('',(-1.318939424573E-11,1.E0,-2.212972848419E-12));
#12333=DIRECTION('',(-1.E0,-1.318925203355E-11,-4.726914833631E-11));
#12334=AXIS2_PLACEMENT_3D('',#12331,#12332,#12333);
#12336=CARTESIAN_POINT('',(2.285999999999E1,9.000000000038E-1,
1.131412674352E-13));
#12337=DIRECTION('',(1.438843008615E-11,1.E0,-3.358552670899E-12));
#12338=DIRECTION('',(1.E0,-1.438827494485E-11,-4.892917829004E-11));
#12339=AXIS2_PLACEMENT_3D('',#12336,#12337,#12338);
#12341=CARTESIAN_POINT('',(2.296E1,1.299999999998E0,-1.773594155534E-7));
#12342=DIRECTION('',(1.773581852715E-6,3.358525006990E-12,9.999999999984E-1));
#12343=DIRECTION('',(6.766084323958E-6,-9.999999999771E-1,-8.641679363996E-12));
#12344=AXIS2_PLACEMENT_3D('',#12341,#12342,#12343);
#12346=CARTESIAN_POINT('',(2.286E1,1.299999999999E0,-1.230279800909E-12));
#12347=DIRECTION('',(1.438843008615E-11,1.E0,-3.358552670899E-12));
#12348=DIRECTION('',(1.E0,-1.438849039911E-11,-9.241986757584E-8));
#12349=AXIS2_PLACEMENT_3D('',#12346,#12347,#12348);
#12351=CARTESIAN_POINT('',(2.276E1,1.300000000001E0,-1.995212662587E-7));
#12352=DIRECTION('',(-1.995200359706E-6,3.358579233804E-12,9.999999999980E-1));
#12353=DIRECTION('',(-9.999999999980E-1,1.438849039920E-11,-1.995200359706E-6));
#12354=AXIS2_PLACEMENT_3D('',#12351,#12352,#12353);
#12356=CARTESIAN_POINT('',(2.286E1,3.5E0,0.E0));
#12357=DIRECTION('',(0.E0,1.E0,0.E0));
#12358=DIRECTION('',(0.E0,0.E0,1.E0));
#12359=AXIS2_PLACEMENT_3D('',#12356,#12357,#12358);
#12361=CARTESIAN_POINT('',(2.286E1,3.5E0,0.E0));
#12362=DIRECTION('',(0.E0,1.E0,0.E0));
#12363=DIRECTION('',(0.E0,0.E0,-1.E0));
#12364=AXIS2_PLACEMENT_3D('',#12361,#12362,#12363);
#12366=CARTESIAN_POINT('',(2.286E1,3.5E0,0.E0));
#12367=DIRECTION('',(0.E0,-1.E0,0.E0));
#12368=DIRECTION('',(-1.E0,0.E0,0.E0));
#12369=AXIS2_PLACEMENT_3D('',#12366,#12367,#12368);
#12371=CARTESIAN_POINT('',(2.286E1,3.5E0,0.E0));
#12372=DIRECTION('',(0.E0,-1.E0,0.E0));
#12373=DIRECTION('',(1.E0,0.E0,0.E0));
#12374=AXIS2_PLACEMENT_3D('',#12371,#12372,#12373);
#12376=DIRECTION('',(0.E0,1.E0,0.E0));
#12377=VECTOR('',#12376,5.E-1);
#12378=CARTESIAN_POINT('',(2.286E1,3.5E0,-1.E0));
#12379=LINE('',#12378,#12377);
#12380=DIRECTION('',(0.E0,-1.E0,0.E0));
#12381=VECTOR('',#12380,5.E-1);
#12382=CARTESIAN_POINT('',(2.286E1,4.E0,1.E0));
#12383=LINE('',#12382,#12381);
#12384=CARTESIAN_POINT('',(2.286E1,4.E0,0.E0));
#12385=DIRECTION('',(0.E0,-1.E0,0.E0));
#12386=DIRECTION('',(0.E0,0.E0,-1.E0));
#12387=AXIS2_PLACEMENT_3D('',#12384,#12385,#12386);
#12389=CARTESIAN_POINT('',(2.286E1,4.E0,0.E0));
#12390=DIRECTION('',(0.E0,-1.E0,0.E0));
#12391=DIRECTION('',(0.E0,0.E0,1.E0));
#12392=AXIS2_PLACEMENT_3D('',#12389,#12390,#12391);
#12394=CARTESIAN_POINT('',(2.286E1,4.E0,0.E0));
#12395=DIRECTION('',(0.E0,1.E0,0.E0));
#12396=DIRECTION('',(0.E0,0.E0,1.E0));
#12397=AXIS2_PLACEMENT_3D('',#12394,#12395,#12396);
#12399=CARTESIAN_POINT('',(2.286E1,4.E0,0.E0));
#12400=DIRECTION('',(0.E0,1.E0,0.E0));
#12401=DIRECTION('',(0.E0,0.E0,-1.E0));
#12402=AXIS2_PLACEMENT_3D('',#12399,#12400,#12401);
#12404=CARTESIAN_POINT('',(2.286E1,1.539999999999E1,3.903747657042E-12));
#12405=DIRECTION('',(-6.114232406383E-12,-1.E0,1.171482613851E-12));
#12406=DIRECTION('',(-3.510213346652E-7,-1.172395514002E-12,
-9.999999999999E-1));
#12407=AXIS2_PLACEMENT_3D('',#12404,#12405,#12406);
#12409=CARTESIAN_POINT('',(2.286E1,1.580000000001E1,-1.090601632882E-12));
#12410=DIRECTION('',(-1.981385466881E-12,-1.E0,1.532002455391E-12));
#12411=DIRECTION('',(1.079676517664E-10,1.527676546875E-12,1.E0));
#12412=AXIS2_PLACEMENT_3D('',#12409,#12410,#12411);
#12414=CARTESIAN_POINT('',(2.286E1,1.580000000001E1,3.435154611482E-12));
#12415=DIRECTION('',(-6.114232406383E-12,-1.E0,1.171482613851E-12));
#12416=DIRECTION('',(-1.302433074622E-10,-1.172402931329E-12,-1.E0));
#12417=AXIS2_PLACEMENT_3D('',#12414,#12415,#12416);
#12419=CARTESIAN_POINT('',(2.286E1,1.539999999999E1,9.999999998195E-2));
#12420=DIRECTION('',(1.E0,-1.981384849089E-12,2.147221289661E-11));
#12421=DIRECTION('',(1.980637875856E-12,1.E0,1.711131236638E-13));
#12422=AXIS2_PLACEMENT_3D('',#12419,#12420,#12421);
#12424=CARTESIAN_POINT('',(2.286E1,1.539999999999E1,-4.778006507029E-13));
#12425=DIRECTION('',(-1.981385466881E-12,-1.E0,1.532002455391E-12));
#12426=DIRECTION('',(-1.378452907381E-12,1.531219595570E-12,1.E0));
#12427=AXIS2_PLACEMENT_3D('',#12424,#12425,#12426);
#12429=CARTESIAN_POINT('',(2.286E1,1.539999999999E1,-9.999999998291E-2));
#12430=DIRECTION('',(1.E0,-1.981384849121E-12,1.200151089620E-12));
#12431=DIRECTION('',(1.199040866550E-12,-1.532107773924E-12,-1.E0));
#12432=AXIS2_PLACEMENT_3D('',#12429,#12430,#12431);
#12434=DIRECTION('',(-2.429415421272E-9,-1.E0,-4.066922237576E-14));
#12435=VECTOR('',#12434,1.139999999999E1);
#12436=CARTESIAN_POINT('',(2.286000002770E1,1.539999999999E1,
5.000000000005E-1));
#12437=LINE('',#12436,#12435);
#12438=DIRECTION('',(2.566199884171E-9,1.E0,1.088748974018E-13));
#12439=VECTOR('',#12438,1.139999999999E1);
#12440=CARTESIAN_POINT('',(2.285999988299E1,4.E0,-5.E-1));
#12441=LINE('',#12440,#12439);
#12442=CARTESIAN_POINT('',(2.236E1,1.299999999996E0,0.E0));
#12443=CARTESIAN_POINT('',(2.336E1,1.300000000010E0,-4.621116386917E-8));
#12444=VERTEX_POINT('',#12442);
#12445=VERTEX_POINT('',#12443);
#12446=CARTESIAN_POINT('',(2.236E1,3.5E0,0.E0));
#12447=VERTEX_POINT('',#12446);
#12448=CARTESIAN_POINT('',(2.336E1,3.5E0,0.E0));
#12449=VERTEX_POINT('',#12448);
#12450=CARTESIAN_POINT('',(2.275999850258E1,9.000000000027E-1,
-4.781389815801E-12));
#12451=CARTESIAN_POINT('',(2.296000149743E1,9.000000000053E-1,
-4.779809074375E-12));
#12452=VERTEX_POINT('',#12450);
#12453=VERTEX_POINT('',#12451);
#12454=CARTESIAN_POINT('',(2.286E1,3.5E0,1.E0));
#12455=CARTESIAN_POINT('',(2.286E1,3.5E0,-1.E0));
#12456=VERTEX_POINT('',#12454);
#12457=VERTEX_POINT('',#12455);
#12458=CARTESIAN_POINT('',(2.286E1,4.E0,1.E0));
#12459=VERTEX_POINT('',#12458);
#12460=CARTESIAN_POINT('',(2.286E1,4.E0,-1.E0));
#12461=VERTEX_POINT('',#12460);
#12462=CARTESIAN_POINT('',(2.286E1,4.E0,5.E-1));
#12463=CARTESIAN_POINT('',(2.286E1,4.E0,-5.E-1));
#12464=VERTEX_POINT('',#12462);
#12465=VERTEX_POINT('',#12463);
#12466=CARTESIAN_POINT('',(2.285999982449E1,1.539999999999E1,
-4.999999999969E-1));
#12467=CARTESIAN_POINT('',(2.286E1,1.539999999999E1,5.000000000047E-1));
#12468=VERTEX_POINT('',#12466);
#12469=VERTEX_POINT('',#12467);
#12470=CARTESIAN_POINT('',(2.285999999999E1,1.580000000001E1,
-9.999936733655E-2));
#12471=CARTESIAN_POINT('',(2.286000000001E1,1.580000000001E1,
9.999936734342E-2));
#12472=VERTEX_POINT('',#12470);
#12473=VERTEX_POINT('',#12471);
#12474=CARTESIAN_POINT('',(2.286E1,3.544E0,0.E0));
#12475=DIRECTION('',(0.E0,-1.E0,0.E0));
#12476=DIRECTION('',(-1.E0,0.E0,0.E0));
#12477=AXIS2_PLACEMENT_3D('',#12474,#12475,#12476);
#12478=CYLINDRICAL_SURFACE('',#12477,5.E-1);
#12480=ORIENTED_EDGE('',*,*,#12479,.F.);
#12482=ORIENTED_EDGE('',*,*,#12481,.T.);
#12484=ORIENTED_EDGE('',*,*,#12483,.F.);
#12486=ORIENTED_EDGE('',*,*,#12485,.T.);
#12487=EDGE_LOOP('',(#12480,#12482,#12484,#12486));
#12488=FACE_OUTER_BOUND('',#12487,.F.);
#12490=FILL_AREA_STYLE_COLOUR('',#37);
#12491=FILL_AREA_STYLE('',(#12490));
#12492=SURFACE_STYLE_FILL_AREA(#12491);
#12493=SURFACE_SIDE_STYLE('',(#12492));
#12494=SURFACE_STYLE_USAGE(.BOTH.,#12493);
#12495=PRESENTATION_STYLE_ASSIGNMENT((#12494));
#12496=STYLED_ITEM('',(#12495),#12489);
#12497=CARTESIAN_POINT('',(2.335133496769E1,1.318193511242E0,
-9.042207623158E-2));
#12498=CARTESIAN_POINT('',(2.336258903733E1,1.066868340963E0,
-9.249320165416E-2));
#12499=CARTESIAN_POINT('',(2.318762920866E1,8.889706114556E-1,
-6.029473827016E-2));
#12500=CARTESIAN_POINT('',(2.294045488910E1,9.004139921776E-1,
-1.480639195941E-2));
#12501=CARTESIAN_POINT('',(2.341228968831E1,1.318193511243E0,
2.407933407723E-1));
#12502=CARTESIAN_POINT('',(2.342493993106E1,1.066868340965E0,
2.463087329269E-1));
#12503=CARTESIAN_POINT('',(2.322827469125E1,8.889706114566E-1,
1.605644557650E-1));
#12504=CARTESIAN_POINT('',(2.295043607426E1,9.004139921778E-1,
3.942931564184E-2));
#12505=CARTESIAN_POINT('',(2.319677756818E1,1.318193511241E0,
4.995860309752E-1));
#12506=CARTESIAN_POINT('',(2.320449148731E1,1.066868340962E0,
5.110290919287E-1));
#12507=CARTESIAN_POINT('',(2.308456811628E1,8.889706114551E-1,
3.331311360767E-1));
#12508=CARTESIAN_POINT('',(2.291514649614E1,9.004139921775E-1,
8.180598035797E-2));
#12509=CARTESIAN_POINT('',(2.286E1,1.318193511236E0,4.995860309757E-1));
#12510=CARTESIAN_POINT('',(2.286E1,1.066868340958E0,5.110290919292E-1));
#12511=CARTESIAN_POINT('',(2.286000000001E1,8.889706114521E-1,
3.331311360771E-1));
#12512=CARTESIAN_POINT('',(2.286000000001E1,9.004139921767E-1,
8.180598035805E-2));
#12513=CARTESIAN_POINT('',(2.252322243182E1,1.318193511232E0,
4.995860309761E-1));
#12514=CARTESIAN_POINT('',(2.251550851270E1,1.066868340953E0,
5.110290919296E-1));
#12515=CARTESIAN_POINT('',(2.263543188373E1,8.889706114492E-1,
3.331311360773E-1));
#12516=CARTESIAN_POINT('',(2.280485350387E1,9.004139921760E-1,
8.180598035812E-2));
#12517=CARTESIAN_POINT('',(2.230771031169E1,1.318193511228E0,
2.407933407737E-1));
#12518=CARTESIAN_POINT('',(2.229506006894E1,1.066868340950E0,
2.463087329284E-1));
#12519=CARTESIAN_POINT('',(2.249172530876E1,8.889706114469E-1,
1.605644557660E-1));
#12520=CARTESIAN_POINT('',(2.276956392575E1,9.004139921755E-1,
3.942931564208E-2));
#12521=CARTESIAN_POINT('',(2.236866503231E1,1.318193511229E0,
-9.042207623031E-2));
#12522=CARTESIAN_POINT('',(2.235741096267E1,1.066868340950E0,
-9.249320165286E-2));
#12523=CARTESIAN_POINT('',(2.253237079135E1,8.889706114470E-1,
-6.029473826931E-2));
#12524=CARTESIAN_POINT('',(2.277954511091E1,9.004139921755E-1,
-1.480639195920E-2));
#12525=(BOUNDED_SURFACE()B_SPLINE_SURFACE(3,3,((#12497,#12498,#12499,#12500),(
#12501,#12502,#12503,#12504),(#12505,#12506,#12507,#12508),(#12509,#12510,
#12511,#12512),(#12513,#12514,#12515,#12516),(#12517,#12518,#12519,#12520),(
#12521,#12522,#12523,#12524)),.UNSPECIFIED.,.F.,.F.,.F.)B_SPLINE_SURFACE_WITH_KNOTS((4,3,4),(4,4),(0.E0,1.E0,2.E0),(0.E0,1.E0),.UNSPECIFIED.)GEOMETRIC_REPRESENTATION_ITEM()RATIONAL_B_SPLINE_SURFACE(((1.456886105276E0,1.140462703072E0,
1.140462703072E0,1.456886105276E0),(1.107159830927E0,8.666940325252E-1,
8.666940325252E-1,1.107159830927E0),(1.107159830927E0,8.666940325252E-1,
8.666940325252E-1,1.107159830927E0),(1.456886105276E0,1.140462703072E0,
1.140462703072E0,1.456886105276E0),(1.107159830927E0,8.666940325252E-1,
8.666940325252E-1,1.107159830927E0),(1.107159830927E0,8.666940325252E-1,
8.666940325252E-1,1.107159830927E0),(1.456886105276E0,1.140462703072E0,
1.140462703072E0,1.456886105276E0)))REPRESENTATION_ITEM('')SURFACE());
#12527=ORIENTED_EDGE('',*,*,#12526,.F.);
#12529=ORIENTED_EDGE('',*,*,#12528,.F.);
#12530=ORIENTED_EDGE('',*,*,#12479,.T.);
#12532=ORIENTED_EDGE('',*,*,#12531,.F.);
#12533=EDGE_LOOP('',(#12527,#12529,#12530,#12532));
#12534=FACE_OUTER_BOUND('',#12533,.F.);
#12536=FILL_AREA_STYLE_COLOUR('',#37);
#12537=FILL_AREA_STYLE('',(#12536));
#12538=SURFACE_STYLE_FILL_AREA(#12537);
#12539=SURFACE_SIDE_STYLE('',(#12538));
#12540=SURFACE_STYLE_USAGE(.BOTH.,#12539);
#12541=PRESENTATION_STYLE_ASSIGNMENT((#12540));
#12542=STYLED_ITEM('',(#12541),#12535);
#12543=CARTESIAN_POINT('',(2.286E1,9.E-1,0.E0));
#12544=DIRECTION('',(0.E0,1.E0,0.E0));
#12545=DIRECTION('',(-1.E0,0.E0,0.E0));
#12546=AXIS2_PLACEMENT_3D('',#12543,#12544,#12545);
#12547=PLANE('',#12546);
#12548=ORIENTED_EDGE('',*,*,#12526,.T.);
#12550=ORIENTED_EDGE('',*,*,#12549,.T.);
#12551=EDGE_LOOP('',(#12548,#12550));
#12552=FACE_OUTER_BOUND('',#12551,.F.);
#12554=FILL_AREA_STYLE_COLOUR('',#19);
#12555=FILL_AREA_STYLE('',(#12554));
#12556=SURFACE_STYLE_FILL_AREA(#12555);
#12557=SURFACE_SIDE_STYLE('',(#12556));
#12558=SURFACE_STYLE_USAGE(.BOTH.,#12557);
#12559=PRESENTATION_STYLE_ASSIGNMENT((#12558));
#12560=STYLED_ITEM('',(#12559),#12553);
#12561=CARTESIAN_POINT('',(2.236866503421E1,1.318193511239E0,
9.042208656804E-2));
#12562=CARTESIAN_POINT('',(2.235741096461E1,1.066868340967E0,
9.249321222880E-2));
#12563=CARTESIAN_POINT('',(2.253237079261E1,8.889706114617E-1,
6.029474516533E-2));
#12564=CARTESIAN_POINT('',(2.277954511120E1,9.004139921772E-1,
1.480639365438E-2));
#12565=CARTESIAN_POINT('',(2.230771030615E1,1.318193511239E0,
-2.407933317407E-1));
#12566=CARTESIAN_POINT('',(2.229506006327E1,1.066868340967E0,
-2.463087236869E-1));
#12567=CARTESIAN_POINT('',(2.249172530504E1,8.889706114616E-1,
-1.605644497438E-1));
#12568=CARTESIAN_POINT('',(2.276956392482E1,9.004139921771E-1,
-3.942931416776E-2));
#12569=CARTESIAN_POINT('',(2.252322242386E1,1.318193511235E0,
-4.995860273825E-1));
#12570=CARTESIAN_POINT('',(2.251550850455E1,1.066868340963E0,
-5.110290882521E-1));
#12571=CARTESIAN_POINT('',(2.263543187841E1,8.889706114589E-1,
-3.331311336852E-1));
#12572=CARTESIAN_POINT('',(2.280485350255E1,9.004139921765E-1,
-8.180597978013E-2));
#12573=CARTESIAN_POINT('',(2.285999999467E1,1.318193511230E0,
-4.995860309756E-1));
#12574=CARTESIAN_POINT('',(2.285999999454E1,1.066868340958E0,
-5.110290919275E-1));
#12575=CARTESIAN_POINT('',(2.285999999644E1,8.889706114557E-1,
-3.331311360811E-1));
#12576=CARTESIAN_POINT('',(2.285999999912E1,9.004139921757E-1,
-8.180598036850E-2));
#12577=CARTESIAN_POINT('',(2.319677756548E1,1.318193511225E0,
-4.995860345688E-1));
#12578=CARTESIAN_POINT('',(2.320449148454E1,1.066868340953E0,
-5.110290956030E-1));
#12579=CARTESIAN_POINT('',(2.308456811447E1,8.889706114524E-1,
-3.331311384771E-1));
#12580=CARTESIAN_POINT('',(2.291514649570E1,9.004139921749E-1,
-8.180598095688E-2));
#12581=CARTESIAN_POINT('',(2.341228968871E1,1.318193511223E0,
-2.407933435258E-1));
#12582=CARTESIAN_POINT('',(2.342493993147E1,1.066868340950E0,
-2.463087357420E-1));
#12583=CARTESIAN_POINT('',(2.322827469152E1,8.889706114510E-1,
-1.605644576022E-1));
#12584=CARTESIAN_POINT('',(2.295043607433E1,9.004139921745E-1,
-3.942931609754E-2));
#12585=CARTESIAN_POINT('',(2.335133496772E1,1.318193511225E0,
9.042207608363E-2));
#12586=CARTESIAN_POINT('',(2.336258903735E1,1.066868340952E0,
9.249320150424E-2));
#12587=CARTESIAN_POINT('',(2.318762920867E1,8.889706114523E-1,
6.029473817417E-2));
#12588=CARTESIAN_POINT('',(2.294045488911E1,9.004139921749E-1,
1.480639193758E-2));
#12589=(BOUNDED_SURFACE()B_SPLINE_SURFACE(3,3,((#12561,#12562,#12563,#12564),(
#12565,#12566,#12567,#12568),(#12569,#12570,#12571,#12572),(#12573,#12574,
#12575,#12576),(#12577,#12578,#12579,#12580),(#12581,#12582,#12583,#12584),(
#12585,#12586,#12587,#12588)),.UNSPECIFIED.,.F.,.F.,.F.)B_SPLINE_SURFACE_WITH_KNOTS((4,3,4),(4,4),(0.E0,1.E0,2.E0),(0.E0,1.E0),.UNSPECIFIED.)GEOMETRIC_REPRESENTATION_ITEM()RATIONAL_B_SPLINE_SURFACE(((1.456886108810E0,1.140462705847E0,
1.140462705847E0,1.456886108810E0),(1.107159829741E0,8.666940316029E-1,
8.666940316029E-1,1.107159829741E0),(1.107159829741E0,8.666940316029E-1,
8.666940316029E-1,1.107159829741E0),(1.456886108810E0,1.140462705847E0,
1.140462705847E0,1.456886108810E0),(1.107159829741E0,8.666940316029E-1,
8.666940316029E-1,1.107159829741E0),(1.107159829741E0,8.666940316029E-1,
8.666940316029E-1,1.107159829741E0),(1.456886108810E0,1.140462705847E0,
1.140462705847E0,1.456886108810E0)))REPRESENTATION_ITEM('')SURFACE());
#12590=ORIENTED_EDGE('',*,*,#12549,.F.);
#12591=ORIENTED_EDGE('',*,*,#12531,.T.);
#12593=ORIENTED_EDGE('',*,*,#12592,.T.);
#12594=ORIENTED_EDGE('',*,*,#12528,.T.);
#12595=EDGE_LOOP('',(#12590,#12591,#12593,#12594));
#12596=FACE_OUTER_BOUND('',#12595,.F.);
#12598=FILL_AREA_STYLE_COLOUR('',#37);
#12599=FILL_AREA_STYLE('',(#12598));
#12600=SURFACE_STYLE_FILL_AREA(#12599);
#12601=SURFACE_SIDE_STYLE('',(#12600));
#12602=SURFACE_STYLE_USAGE(.BOTH.,#12601);
#12603=PRESENTATION_STYLE_ASSIGNMENT((#12602));
#12604=STYLED_ITEM('',(#12603),#12597);
#12605=CARTESIAN_POINT('',(2.286E1,3.544E0,0.E0));
#12606=DIRECTION('',(0.E0,-1.E0,0.E0));
#12607=DIRECTION('',(-1.E0,0.E0,0.E0));
#12608=AXIS2_PLACEMENT_3D('',#12605,#12606,#12607);
#12609=CYLINDRICAL_SURFACE('',#12608,5.E-1);
#12610=ORIENTED_EDGE('',*,*,#12592,.F.);
#12611=ORIENTED_EDGE('',*,*,#12485,.F.);
#12613=ORIENTED_EDGE('',*,*,#12612,.F.);
#12614=ORIENTED_EDGE('',*,*,#12481,.F.);
#12615=EDGE_LOOP('',(#12610,#12611,#12613,#12614));
#12616=FACE_OUTER_BOUND('',#12615,.F.);
#12618=FILL_AREA_STYLE_COLOUR('',#37);
#12619=FILL_AREA_STYLE('',(#12618));
#12620=SURFACE_STYLE_FILL_AREA(#12619);
#12621=SURFACE_SIDE_STYLE('',(#12620));
#12622=SURFACE_STYLE_USAGE(.BOTH.,#12621);
#12623=PRESENTATION_STYLE_ASSIGNMENT((#12622));
#12624=STYLED_ITEM('',(#12623),#12617);
#12625=CARTESIAN_POINT('',(2.286E1,3.5E0,0.E0));
#12626=DIRECTION('',(0.E0,1.E0,0.E0));
#12627=DIRECTION('',(0.E0,0.E0,1.E0));
#12628=AXIS2_PLACEMENT_3D('',#12625,#12626,#12627);
#12629=PLANE('',#12628);
#12631=ORIENTED_EDGE('',*,*,#12630,.T.);
#12633=ORIENTED_EDGE('',*,*,#12632,.T.);
#12634=EDGE_LOOP('',(#12631,#12633));
#12635=FACE_OUTER_BOUND('',#12634,.F.);
#12636=ORIENTED_EDGE('',*,*,#12612,.T.);
#12637=ORIENTED_EDGE('',*,*,#12483,.T.);
#12638=EDGE_LOOP('',(#12636,#12637));
#12639=FACE_BOUND('',#12638,.F.);
#12641=FILL_AREA_STYLE_COLOUR('',#19);
#12642=FILL_AREA_STYLE('',(#12641));
#12643=SURFACE_STYLE_FILL_AREA(#12642);
#12644=SURFACE_SIDE_STYLE('',(#12643));
#12645=SURFACE_STYLE_USAGE(.BOTH.,#12644);
#12646=PRESENTATION_STYLE_ASSIGNMENT((#12645));
#12647=STYLED_ITEM('',(#12646),#12640);
#12648=CARTESIAN_POINT('',(2.286E1,3.481800209877E0,0.E0));
#12649=DIRECTION('',(0.E0,1.E0,0.E0));
#12650=DIRECTION('',(0.E0,0.E0,1.E0));
#12651=AXIS2_PLACEMENT_3D('',#12648,#12649,#12650);
#12652=CYLINDRICAL_SURFACE('',#12651,1.E0);
#12653=ORIENTED_EDGE('',*,*,#12630,.F.);
#12655=ORIENTED_EDGE('',*,*,#12654,.F.);
#12657=ORIENTED_EDGE('',*,*,#12656,.F.);
#12659=ORIENTED_EDGE('',*,*,#12658,.F.);
#12660=EDGE_LOOP('',(#12653,#12655,#12657,#12659));
#12661=FACE_OUTER_BOUND('',#12660,.F.);
#12663=FILL_AREA_STYLE_COLOUR('',#37);
#12664=FILL_AREA_STYLE('',(#12663));
#12665=SURFACE_STYLE_FILL_AREA(#12664);
#12666=SURFACE_SIDE_STYLE('',(#12665));
#12667=SURFACE_STYLE_USAGE(.BOTH.,#12666);
#12668=PRESENTATION_STYLE_ASSIGNMENT((#12667));
#12669=STYLED_ITEM('',(#12668),#12662);
#12670=CARTESIAN_POINT('',(2.286E1,3.481800209877E0,0.E0));
#12671=DIRECTION('',(0.E0,1.E0,0.E0));
#12672=DIRECTION('',(0.E0,0.E0,1.E0));
#12673=AXIS2_PLACEMENT_3D('',#12670,#12671,#12672);
#12674=CYLINDRICAL_SURFACE('',#12673,1.E0);
#12675=ORIENTED_EDGE('',*,*,#12632,.F.);
#12676=ORIENTED_EDGE('',*,*,#12658,.T.);
#12678=ORIENTED_EDGE('',*,*,#12677,.F.);
#12679=ORIENTED_EDGE('',*,*,#12654,.T.);
#12680=EDGE_LOOP('',(#12675,#12676,#12678,#12679));
#12681=FACE_OUTER_BOUND('',#12680,.F.);
#12683=FILL_AREA_STYLE_COLOUR('',#37);
#12684=FILL_AREA_STYLE('',(#12683));
#12685=SURFACE_STYLE_FILL_AREA(#12684);
#12686=SURFACE_SIDE_STYLE('',(#12685));
#12687=SURFACE_STYLE_USAGE(.BOTH.,#12686);
#12688=PRESENTATION_STYLE_ASSIGNMENT((#12687));
#12689=STYLED_ITEM('',(#12688),#12682);
#12690=CARTESIAN_POINT('',(2.286E1,4.E0,0.E0));
#12691=DIRECTION('',(0.E0,1.E0,0.E0));
#12692=DIRECTION('',(0.E0,0.E0,1.E0));
#12693=AXIS2_PLACEMENT_3D('',#12690,#12691,#12692);
#12694=PLANE('',#12693);
#12695=ORIENTED_EDGE('',*,*,#12656,.T.);
#12696=ORIENTED_EDGE('',*,*,#12677,.T.);
#12697=EDGE_LOOP('',(#12695,#12696));
#12698=FACE_OUTER_BOUND('',#12697,.F.);
#12700=ORIENTED_EDGE('',*,*,#12699,.T.);
#12702=ORIENTED_EDGE('',*,*,#12701,.T.);
#12703=EDGE_LOOP('',(#12700,#12702));
#12704=FACE_BOUND('',#12703,.F.);
#12706=FILL_AREA_STYLE_COLOUR('',#37);
#12707=FILL_AREA_STYLE('',(#12706));
#12708=SURFACE_STYLE_FILL_AREA(#12707);
#12709=SURFACE_SIDE_STYLE('',(#12708));
#12710=SURFACE_STYLE_USAGE(.BOTH.,#12709);
#12711=PRESENTATION_STYLE_ASSIGNMENT((#12710));
#12712=STYLED_ITEM('',(#12711),#12705);
#12713=CARTESIAN_POINT('',(2.286E1,3.772E0,0.E0));
#12714=DIRECTION('',(0.E0,1.E0,0.E0));
#12715=DIRECTION('',(0.E0,0.E0,1.E0));
#12716=AXIS2_PLACEMENT_3D('',#12713,#12714,#12715);
#12717=CYLINDRICAL_SURFACE('',#12716,5.E-1);
#12719=ORIENTED_EDGE('',*,*,#12718,.F.);
#12721=ORIENTED_EDGE('',*,*,#12720,.F.);
#12722=ORIENTED_EDGE('',*,*,#12699,.F.);
#12724=ORIENTED_EDGE('',*,*,#12723,.F.);
#12725=EDGE_LOOP('',(#12719,#12721,#12722,#12724));
#12726=FACE_OUTER_BOUND('',#12725,.F.);
#12728=FILL_AREA_STYLE_COLOUR('',#37);
#12729=FILL_AREA_STYLE('',(#12728));
#12730=SURFACE_STYLE_FILL_AREA(#12729);
#12731=SURFACE_SIDE_STYLE('',(#12730));
#12732=SURFACE_STYLE_USAGE(.BOTH.,#12731);
#12733=PRESENTATION_STYLE_ASSIGNMENT((#12732));
#12734=STYLED_ITEM('',(#12733),#12727);
#12735=CARTESIAN_POINT('',(2.276957604389E1,1.538180648876E1,
4.913346217302E-1));
#12736=CARTESIAN_POINT('',(2.276750487096E1,1.563313219966E1,
5.025887076533E-1));
#12737=CARTESIAN_POINT('',(2.279970411793E1,1.581103006366E1,
3.276283817266E-1));
#12738=CARTESIAN_POINT('',(2.284519350202E1,1.579958595707E1,
8.045373592452E-2));
#12739=CARTESIAN_POINT('',(2.310079217979E1,1.538180648876E1,
5.522907848200E-1));
#12740=CARTESIAN_POINT('',(2.310630755722E1,1.563313219966E1,
5.649410798980E-1));
#12741=CARTESIAN_POINT('',(2.302056338941E1,1.581103006365E1,
3.682747522164E-1));
#12742=CARTESIAN_POINT('',(2.289942858815E1,1.579958595707E1,
9.043502124643E-2));
#12743=CARTESIAN_POINT('',(2.335958602736E1,1.538180648876E1,
3.367785416429E-1));
#12744=CARTESIAN_POINT('',(2.337102911284E1,1.563313219966E1,
3.444924996606E-1));
#12745=CARTESIAN_POINT('',(2.319313052742E1,1.581103006365E1,
2.245683567144E-1));
#12746=CARTESIAN_POINT('',(2.294180486483E1,1.579958595707E1,
5.514590394505E-2));
#12747=CARTESIAN_POINT('',(2.335958603097E1,1.538180648876E1,
5.364467971938E-9));
#12748=CARTESIAN_POINT('',(2.337102911654E1,1.563313219966E1,
5.486962587778E-9));
#12749=CARTESIAN_POINT('',(2.319313052983E1,1.581103006365E1,
3.577903492042E-9));
#12750=CARTESIAN_POINT('',(2.294180486542E1,1.579958595707E1,
8.812003616063E-10));
#12751=CARTESIAN_POINT('',(2.335958603458E1,1.538180648876E1,
-3.367785309139E-1));
#12752=CARTESIAN_POINT('',(2.337102912024E1,1.563313219966E1,
-3.444924886866E-1));
#12753=CARTESIAN_POINT('',(2.319313053224E1,1.581103006365E1,
-2.245683495586E-1));
#12754=CARTESIAN_POINT('',(2.294180486601E1,1.579958595707E1,
-5.514590218265E-2));
#12755=CARTESIAN_POINT('',(2.310079219164E1,1.538180648876E1,
-5.522907796447E-1));
#12756=CARTESIAN_POINT('',(2.310630756934E1,1.563313219966E1,
-5.649410746050E-1));
#12757=CARTESIAN_POINT('',(2.302056339731E1,1.581103006365E1,
-3.682747487639E-1));
#12758=CARTESIAN_POINT('',(2.289942859009E1,1.579958595707E1,
-9.043502039342E-2));
#12759=CARTESIAN_POINT('',(2.276957605444E1,1.538180648876E1,
-4.913346236629E-1));
#12760=CARTESIAN_POINT('',(2.276750488174E1,1.563313219966E1,
-5.025887096310E-1));
#12761=CARTESIAN_POINT('',(2.279970412496E1,1.581103006365E1,
-3.276283830137E-1));
#12762=CARTESIAN_POINT('',(2.284519350374E1,1.579958595707E1,
-8.045373623539E-2));
#12763=(BOUNDED_SURFACE()B_SPLINE_SURFACE(3,3,((#12735,#12736,#12737,#12738),(
#12739,#12740,#12741,#12742),(#12743,#12744,#12745,#12746),(#12747,#12748,
#12749,#12750),(#12751,#12752,#12753,#12754),(#12755,#12756,#12757,#12758),(
#12759,#12760,#12761,#12762)),.UNSPECIFIED.,.F.,.F.,.F.)B_SPLINE_SURFACE_WITH_KNOTS((4,3,4),(4,4),(0.E0,1.E0,2.E0),(0.E0,1.E0),.UNSPECIFIED.)GEOMETRIC_REPRESENTATION_ITEM()RATIONAL_B_SPLINE_SURFACE(((1.456888304168E0,1.140463423667E0,
1.140463423667E0,1.456888304168E0),(1.107160078184E0,8.666934655867E-1,
8.666934655867E-1,1.107160078184E0),(1.107160078184E0,8.666934655867E-1,
8.666934655867E-1,1.107160078184E0),(1.456888304168E0,1.140463423667E0,
1.140463423667E0,1.456888304168E0),(1.107160078184E0,8.666934655867E-1,
8.666934655867E-1,1.107160078184E0),(1.107160078184E0,8.666934655867E-1,
8.666934655867E-1,1.107160078184E0),(1.456888304168E0,1.140463423667E0,
1.140463423667E0,1.456888304168E0)))REPRESENTATION_ITEM('')SURFACE());
#12765=ORIENTED_EDGE('',*,*,#12764,.F.);
#12767=ORIENTED_EDGE('',*,*,#12766,.F.);
#12768=ORIENTED_EDGE('',*,*,#12718,.T.);
#12770=ORIENTED_EDGE('',*,*,#12769,.F.);
#12771=EDGE_LOOP('',(#12765,#12767,#12768,#12770));
#12772=FACE_OUTER_BOUND('',#12771,.F.);
#12774=FILL_AREA_STYLE_COLOUR('',#37);
#12775=FILL_AREA_STYLE('',(#12774));
#12776=SURFACE_STYLE_FILL_AREA(#12775);
#12777=SURFACE_SIDE_STYLE('',(#12776));
#12778=SURFACE_STYLE_USAGE(.BOTH.,#12777);
#12779=PRESENTATION_STYLE_ASSIGNMENT((#12778));
#12780=STYLED_ITEM('',(#12779),#12773);
#12781=CARTESIAN_POINT('',(2.286E1,1.58E1,0.E0));
#12782=DIRECTION('',(0.E0,1.E0,0.E0));
#12783=DIRECTION('',(0.E0,0.E0,1.E0));
#12784=AXIS2_PLACEMENT_3D('',#12781,#12782,#12783);
#12785=PLANE('',#12784);
#12787=ORIENTED_EDGE('',*,*,#12786,.T.);
#12788=ORIENTED_EDGE('',*,*,#12764,.T.);
#12789=EDGE_LOOP('',(#12787,#12788));
#12790=FACE_OUTER_BOUND('',#12789,.F.);
#12792=FILL_AREA_STYLE_COLOUR('',#19);
#12793=FILL_AREA_STYLE('',(#12792));
#12794=SURFACE_STYLE_FILL_AREA(#12793);
#12795=SURFACE_SIDE_STYLE('',(#12794));
#12796=SURFACE_STYLE_USAGE(.BOTH.,#12795);
#12797=PRESENTATION_STYLE_ASSIGNMENT((#12796));
#12798=STYLED_ITEM('',(#12797),#12791);
#12799=CARTESIAN_POINT('',(2.295042394557E1,1.538180648876E1,
-4.913346236618E-1));
#12800=CARTESIAN_POINT('',(2.295249511827E1,1.563313219966E1,
-5.025887096299E-1));
#12801=CARTESIAN_POINT('',(2.292029587505E1,1.581103006365E1,
-3.276283830162E-1));
#12802=CARTESIAN_POINT('',(2.287480649626E1,1.579958595707E1,
-8.045373624181E-2));
#12803=CARTESIAN_POINT('',(2.261920781105E1,1.538180648876E1,
-5.522907791595E-1));
#12804=CARTESIAN_POINT('',(2.261369243341E1,1.563313219966E1,
-5.649410741086E-1));
#12805=CARTESIAN_POINT('',(2.269943660449E1,1.581103006365E1,
-3.682747484437E-1));
#12806=CARTESIAN_POINT('',(2.282057141035E1,1.579958595707E1,
-9.043502032091E-2));
#12807=CARTESIAN_POINT('',(2.236041396904E1,1.538180648876E1,
-3.367785335649E-1));
#12808=CARTESIAN_POINT('',(2.234897088347E1,1.563313219966E1,
-3.444924913983E-1));
#12809=CARTESIAN_POINT('',(2.252686947018E1,1.581103006365E1,
-2.245683513290E-1));
#12810=CARTESIAN_POINT('',(2.277819513458E1,1.579958595707E1,
-5.514590262245E-2));
#12811=CARTESIAN_POINT('',(2.236041396903E1,1.538180648876E1,
-8.927904381741E-12));
#12812=CARTESIAN_POINT('',(2.234897088346E1,1.563313219966E1,
-9.509073268134E-12));
#12813=CARTESIAN_POINT('',(2.252686947017E1,1.581103006365E1,
-6.763957198712E-12));
#12814=CARTESIAN_POINT('',(2.277819513458E1,1.579958595707E1,
-2.481169843144E-12));
#12815=CARTESIAN_POINT('',(2.236041396902E1,1.538180648876E1,
3.367785335470E-1));
#12816=CARTESIAN_POINT('',(2.234897088346E1,1.563313219966E1,
3.444924913792E-1));
#12817=CARTESIAN_POINT('',(2.252686947017E1,1.581103006365E1,
2.245683513154E-1));
#12818=CARTESIAN_POINT('',(2.277819513458E1,1.579958595707E1,
5.514590261748E-2));
#12819=CARTESIAN_POINT('',(2.261920781103E1,1.538180648876E1,
5.522907791504E-1));
#12820=CARTESIAN_POINT('',(2.261369243339E1,1.563313219966E1,
5.649410740986E-1));
#12821=CARTESIAN_POINT('',(2.269943660447E1,1.581103006365E1,
3.682747484361E-1));
#12822=CARTESIAN_POINT('',(2.282057141034E1,1.579958595707E1,
9.043502031739E-2));
#12823=CARTESIAN_POINT('',(2.295042394556E1,1.538180648876E1,
4.913346236639E-1));
#12824=CARTESIAN_POINT('',(2.295249511825E1,1.563313219966E1,
5.025887096314E-1));
#12825=CARTESIAN_POINT('',(2.292029587504E1,1.581103006365E1,
3.276283830161E-1));
#12826=CARTESIAN_POINT('',(2.287480649626E1,1.579958595707E1,
8.045373624013E-2));
#12827=(BOUNDED_SURFACE()B_SPLINE_SURFACE(3,3,((#12799,#12800,#12801,#12802),(
#12803,#12804,#12805,#12806),(#12807,#12808,#12809,#12810),(#12811,#12812,
#12813,#12814),(#12815,#12816,#12817,#12818),(#12819,#12820,#12821,#12822),(
#12823,#12824,#12825,#12826)),.UNSPECIFIED.,.F.,.F.,.F.)B_SPLINE_SURFACE_WITH_KNOTS((4,3,4),(4,4),(0.E0,1.E0,2.E0),(0.E0,1.E0),.UNSPECIFIED.)GEOMETRIC_REPRESENTATION_ITEM()RATIONAL_B_SPLINE_SURFACE(((1.456888300507E0,1.140463420803E0,
1.140463420803E0,1.456888300507E0),(1.107160079402E0,8.666934665422E-1,
8.666934665422E-1,1.107160079402E0),(1.107160079402E0,8.666934665422E-1,
8.666934665422E-1,1.107160079402E0),(1.456888300507E0,1.140463420803E0,
1.140463420803E0,1.456888300507E0),(1.107160079402E0,8.666934665422E-1,
8.666934665422E-1,1.107160079402E0),(1.107160079402E0,8.666934665422E-1,
8.666934665422E-1,1.107160079402E0),(1.456888300507E0,1.140463420803E0,
1.140463420803E0,1.456888300507E0)))REPRESENTATION_ITEM('')SURFACE());
#12828=ORIENTED_EDGE('',*,*,#12786,.F.);
#12829=ORIENTED_EDGE('',*,*,#12769,.T.);
#12831=ORIENTED_EDGE('',*,*,#12830,.T.);
#12832=ORIENTED_EDGE('',*,*,#12766,.T.);
#12833=EDGE_LOOP('',(#12828,#12829,#12831,#12832));
#12834=FACE_OUTER_BOUND('',#12833,.F.);
#12836=FILL_AREA_STYLE_COLOUR('',#37);
#12837=FILL_AREA_STYLE('',(#12836));
#12838=SURFACE_STYLE_FILL_AREA(#12837);
#12839=SURFACE_SIDE_STYLE('',(#12838));
#12840=SURFACE_STYLE_USAGE(.BOTH.,#12839);
#12841=PRESENTATION_STYLE_ASSIGNMENT((#12840));
#12842=STYLED_ITEM('',(#12841),#12835);
#12843=CARTESIAN_POINT('',(2.286E1,3.772E0,0.E0));
#12844=DIRECTION('',(0.E0,1.E0,0.E0));
#12845=DIRECTION('',(0.E0,0.E0,1.E0));
#12846=AXIS2_PLACEMENT_3D('',#12843,#12844,#12845);
#12847=CYLINDRICAL_SURFACE('',#12846,5.E-1);
#12848=ORIENTED_EDGE('',*,*,#12830,.F.);
#12849=ORIENTED_EDGE('',*,*,#12723,.T.);
#12850=ORIENTED_EDGE('',*,*,#12701,.F.);
#12851=ORIENTED_EDGE('',*,*,#12720,.T.);
#12852=EDGE_LOOP('',(#12848,#12849,#12850,#12851));
#12853=FACE_OUTER_BOUND('',#12852,.F.);
#12855=FILL_AREA_STYLE_COLOUR('',#37);
#12856=FILL_AREA_STYLE('',(#12855));
#12857=SURFACE_STYLE_FILL_AREA(#12856);
#12858=SURFACE_SIDE_STYLE('',(#12857));
#12859=SURFACE_STYLE_USAGE(.BOTH.,#12858);
#12860=PRESENTATION_STYLE_ASSIGNMENT((#12859));
#12861=STYLED_ITEM('',(#12860),#12854);
#12862=CLOSED_SHELL('',(#12489,#12535,#12553,#12597,#12617,#12640,#12662,#12682,
#12705,#12727,#12773,#12791,#12835,#12854));
#12863=MANIFOLD_SOLID_BREP('',#12862);
#12866=PLANE_ANGLE_MEASURE_WITH_UNIT(PLANE_ANGLE_MEASURE(1.745329251994E-2),
#12865);
#12867=(CONVERSION_BASED_UNIT('DEGREE',#12866)NAMED_UNIT(*)PLANE_ANGLE_UNIT());
#12869=UNCERTAINTY_MEASURE_WITH_UNIT(LENGTH_MEASURE(1.516588510976E-3),#12864,
'distance_accuracy_value',
'Maximum model space distance between geometric entities at asserted connectivities');
#12871=CARTESIAN_POINT('',(0.E0,0.E0,0.E0));
#12872=DIRECTION('',(0.E0,0.E0,1.E0));
#12873=DIRECTION('',(1.E0,0.E0,0.E0));
#12876=PRODUCT_DEFINITION_CONTEXT('part definition',#11612,'design');
#12877=PRODUCT_CONTEXT('',#11612,'mechanical');
#12878=PRODUCT('MANIFOLD_SOLID_BREP_12654','MANIFOLD_SOLID_BREP_12654',
'NOT SPECIFIED',(#12877));
#12879=PRODUCT_DEFINITION_FORMATION('1','LAST_VERSION',#12878);
#12887=DERIVED_UNIT_ELEMENT(#12886,2.E0);
#12888=DERIVED_UNIT((#12887));
#12889=MEASURE_REPRESENTATION_ITEM('surface area measure',AREA_MEASURE(
5.344265954204E1),#12888);
#12894=DERIVED_UNIT_ELEMENT(#12893,3.E0);
#12895=DERIVED_UNIT((#12894));
#12896=MEASURE_REPRESENTATION_ITEM('volume measure',VOLUME_MEASURE(
1.270333782379E1),#12895);
#12900=CARTESIAN_POINT('centre point',(2.285999999938E1,7.923400783680E0,
-7.247894108258E-10));
#12905=DERIVED_UNIT_ELEMENT(#12904,2.E0);
#12906=DERIVED_UNIT((#12905));
#12907=MEASURE_REPRESENTATION_ITEM('surface area measure',AREA_MEASURE(
5.344265954204E1),#12906);
#12912=DERIVED_UNIT_ELEMENT(#12911,3.E0);
#12913=DERIVED_UNIT((#12912));
#12914=MEASURE_REPRESENTATION_ITEM('volume measure',VOLUME_MEASURE(
1.270333782379E1),#12913);
#12918=CARTESIAN_POINT('centre point',(2.285999999938E1,7.923400783680E0,
-7.247894108258E-10));
#12924=GENERAL_PROPERTY('','DESCRIPTION','user defined attribute');
#12925=GENERAL_PROPERTY_ASSOCIATION('user defined attribute','',#12924,#12923);
#12926=DESCRIPTIVE_REPRESENTATION_ITEM('DESCRIPTION','');
#12930=GENERAL_PROPERTY('','MODELED_BY','user defined attribute');
#12931=GENERAL_PROPERTY_ASSOCIATION('user defined attribute','',#12930,#12929);
#12932=DESCRIPTIVE_REPRESENTATION_ITEM('MODELED_BY','');
#12937=CARTESIAN_POINT('centre point',(2.285999999938E1,7.923400783680E0,
-7.247894108258E-10));
#12941=CARTESIAN_POINT('',(0.E0,0.E0,0.E0));
#12942=DIRECTION('',(0.E0,0.E0,1.E0));
#12943=DIRECTION('',(1.E0,0.E0,0.E0));
#12944=AXIS2_PLACEMENT_3D('',#12941,#12942,#12943);
#12945=ITEM_DEFINED_TRANSFORMATION('','',#12874,#12944);
#12946=(REPRESENTATION_RELATIONSHIP('','',#12875,#11675)REPRESENTATION_RELATIONSHIP_WITH_TRANSFORMATION(#12945)SHAPE_REPRESENTATION_RELATIONSHIP());
#12947=CONTEXT_DEPENDENT_SHAPE_REPRESENTATION(#12946,#12936);
#12948=DIRECTION('',(2.034736016041E-13,1.E0,1.259559083296E-8));
#12949=VECTOR('',#12948,2.2E0);
#12950=CARTESIAN_POINT('',(2.236E1,1.3E0,1.015999997229E1));
#12951=LINE('',#12950,#12949);
#12952=DIRECTION('',(6.281843732049E-13,-1.E0,3.500793190683E-9));
#12953=VECTOR('',#12952,2.200000000004E0);
#12954=CARTESIAN_POINT('',(2.336E1,3.5E0,1.015999996919E1));
#12955=LINE('',#12954,#12953);
#12956=CARTESIAN_POINT('',(2.286E1,1.299999999999E0,1.016E1));
#12957=DIRECTION('',(1.539187852014E-11,1.E0,9.252134712661E-12));
#12958=DIRECTION('',(-1.E0,1.539168792411E-11,-3.630873379714E-12));
#12959=AXIS2_PLACEMENT_3D('',#12956,#12957,#12958);
#12961=CARTESIAN_POINT('',(2.286E1,9.000000000018E-1,1.016E1));
#12962=DIRECTION('',(1.539187852014E-11,1.E0,9.252134712661E-12));
#12963=DIRECTION('',(-1.E0,1.539222939037E-11,-5.439239052891E-11));
#12964=AXIS2_PLACEMENT_3D('',#12961,#12962,#12963);
#12966=CARTESIAN_POINT('',(2.286E1,9.000000000016E-1,1.016E1));
#12967=DIRECTION('',(3.154909906629E-12,1.E0,-1.684602836936E-11));
#12968=DIRECTION('',(1.E0,-3.155273797315E-12,-9.892593822519E-11));
#12969=AXIS2_PLACEMENT_3D('',#12966,#12967,#12968);
#12971=CARTESIAN_POINT('',(2.296E1,1.299999999998E0,1.015999999999E1));
#12972=DIRECTION('',(3.581365759509E-11,1.684602497334E-11,1.E0));
#12973=DIRECTION('',(6.501466032247E-12,-1.E0,1.684430372972E-11));
#12974=AXIS2_PLACEMENT_3D('',#12971,#12972,#12973);
#12976=CARTESIAN_POINT('',(2.286E1,1.299999999998E0,1.016E1));
#12977=DIRECTION('',(3.154909906629E-12,1.E0,-1.684602836936E-11));
#12978=DIRECTION('',(1.E0,-3.154809746770E-12,-9.241491483165E-8));
#12979=AXIS2_PLACEMENT_3D('',#12976,#12977,#12978);
#12981=CARTESIAN_POINT('',(2.276E1,1.299999999999E0,1.015999997783E1));
#12982=DIRECTION('',(-2.216597172477E-7,1.684602567276E-11,1.E0));
#12983=DIRECTION('',(-1.E0,3.154698724493E-12,-2.216597172492E-7));
#12984=AXIS2_PLACEMENT_3D('',#12981,#12982,#12983);
#12986=CARTESIAN_POINT('',(2.286E1,3.5E0,1.016E1));
#12987=DIRECTION('',(0.E0,1.E0,0.E0));
#12988=DIRECTION('',(0.E0,0.E0,1.E0));
#12989=AXIS2_PLACEMENT_3D('',#12986,#12987,#12988);
#12991=CARTESIAN_POINT('',(2.286E1,3.5E0,1.016E1));
#12992=DIRECTION('',(0.E0,1.E0,0.E0));
#12993=DIRECTION('',(0.E0,0.E0,-1.E0));
#12994=AXIS2_PLACEMENT_3D('',#12991,#12992,#12993);
#12996=CARTESIAN_POINT('',(2.286E1,3.5E0,1.016E1));
#12997=DIRECTION('',(0.E0,-1.E0,0.E0));
#12998=DIRECTION('',(-1.E0,0.E0,0.E0));
#12999=AXIS2_PLACEMENT_3D('',#12996,#12997,#12998);
#13001=CARTESIAN_POINT('',(2.286E1,3.5E0,1.016E1));
#13002=DIRECTION('',(0.E0,-1.E0,0.E0));
#13003=DIRECTION('',(1.E0,0.E0,0.E0));
#13004=AXIS2_PLACEMENT_3D('',#13001,#13002,#13003);
#13006=DIRECTION('',(0.E0,1.E0,0.E0));
#13007=VECTOR('',#13006,5.E-1);
#13008=CARTESIAN_POINT('',(2.286E1,3.5E0,9.16E0));
#13009=LINE('',#13008,#13007);
#13010=DIRECTION('',(0.E0,-1.E0,0.E0));
#13011=VECTOR('',#13010,5.E-1);
#13012=CARTESIAN_POINT('',(2.286E1,4.E0,1.116E1));
#13013=LINE('',#13012,#13011);
#13014=CARTESIAN_POINT('',(2.286E1,4.E0,1.016E1));
#13015=DIRECTION('',(0.E0,-1.E0,0.E0));
#13016=DIRECTION('',(0.E0,0.E0,-1.E0));
#13017=AXIS2_PLACEMENT_3D('',#13014,#13015,#13016);
#13019=CARTESIAN_POINT('',(2.286E1,4.E0,1.016E1));
#13020=DIRECTION('',(0.E0,-1.E0,0.E0));
#13021=DIRECTION('',(0.E0,0.E0,1.E0));
#13022=AXIS2_PLACEMENT_3D('',#13019,#13020,#13021);
#13024=CARTESIAN_POINT('',(2.286E1,4.E0,1.016E1));
#13025=DIRECTION('',(0.E0,1.E0,0.E0));
#13026=DIRECTION('',(0.E0,0.E0,1.E0));
#13027=AXIS2_PLACEMENT_3D('',#13024,#13025,#13026);
#13029=CARTESIAN_POINT('',(2.286E1,4.E0,1.016E1));
#13030=DIRECTION('',(0.E0,1.E0,0.E0));
#13031=DIRECTION('',(0.E0,0.E0,-1.E0));
#13032=AXIS2_PLACEMENT_3D('',#13029,#13030,#13031);
#13034=CARTESIAN_POINT('',(2.286E1,1.539999999999E1,1.016E1));
#13035=DIRECTION('',(2.682098610533E-11,-1.E0,2.942314899317E-12));
#13036=DIRECTION('',(-3.510341741722E-7,-2.941646926040E-12,
-9.999999999999E-1));
#13037=AXIS2_PLACEMENT_3D('',#13034,#13035,#13036);
#13039=CARTESIAN_POINT('',(2.286000000001E1,1.580000000001E1,1.016000000001E1));
#13040=DIRECTION('',(-2.926157678771E-11,-1.E0,-1.398024767190E-11));
#13041=DIRECTION('',(-8.903156804651E-11,-1.398001677027E-11,1.E0));
#13042=AXIS2_PLACEMENT_3D('',#13039,#13040,#13041);
#13044=CARTESIAN_POINT('',(2.285999999999E1,1.580000000001E1,1.016E1));
#13045=DIRECTION('',(2.682098610533E-11,-1.E0,2.942314899317E-12));
#13046=DIRECTION('',(1.017858908426E-10,-2.948771008703E-12,-1.E0));
#13047=AXIS2_PLACEMENT_3D('',#13044,#13045,#13046);
#13049=CARTESIAN_POINT('',(2.285999999998E1,1.539999999999E1,1.025999999999E1));
#13050=DIRECTION('',(1.E0,-2.926157924967E-11,1.164599250369E-10));
#13051=DIRECTION('',(2.926547892821E-11,1.E0,2.347899652404E-11));
#13052=AXIS2_PLACEMENT_3D('',#13049,#13050,#13051);
#13054=CARTESIAN_POINT('',(2.286E1,1.54E1,1.016E1));
#13055=DIRECTION('',(-2.926157678771E-11,-1.E0,-1.398024767190E-11));
#13056=DIRECTION('',(8.391509709308E-12,-1.397992832605E-11,1.E0));
#13057=AXIS2_PLACEMENT_3D('',#13054,#13055,#13056);
#13059=CARTESIAN_POINT('',(2.286E1,1.54E1,1.006000000001E1));
#13060=DIRECTION('',(1.E0,-2.926157924815E-11,7.988776307144E-12));
#13061=DIRECTION('',(7.984723992855E-12,1.397992832564E-11,-1.E0));
#13062=AXIS2_PLACEMENT_3D('',#13059,#13060,#13061);
#13064=DIRECTION('',(-2.429230929475E-9,-1.E0,-3.131997585260E-14));
#13065=VECTOR('',#13064,1.139999999999E1);
#13066=CARTESIAN_POINT('',(2.286000002769E1,1.539999999999E1,1.066E1));
#13067=LINE('',#13066,#13065);
#13068=DIRECTION('',(2.566548922708E-9,1.E0,-7.089845280065E-14));
#13069=VECTOR('',#13068,1.14E1);
#13070=CARTESIAN_POINT('',(2.285999988299E1,4.E0,9.66E0));
#13071=LINE('',#13070,#13069);
#13072=CARTESIAN_POINT('',(2.236E1,1.300000000007E0,1.016E1));
#13073=CARTESIAN_POINT('',(2.336E1,1.299999999992E0,1.015999995379E1));
#13074=VERTEX_POINT('',#13072);
#13075=VERTEX_POINT('',#13073);
#13076=CARTESIAN_POINT('',(2.236E1,3.5E0,1.016E1));
#13077=VERTEX_POINT('',#13076);
#13078=CARTESIAN_POINT('',(2.336E1,3.5E0,1.016E1));
#13079=VERTEX_POINT('',#13078);
#13080=CARTESIAN_POINT('',(2.276000063263E1,9.000000000034E-1,
1.015999999999E1));
#13081=CARTESIAN_POINT('',(2.295999936736E1,9.000000000003E-1,
1.015999999999E1));
#13082=VERTEX_POINT('',#13080);
#13083=VERTEX_POINT('',#13081);
#13084=CARTESIAN_POINT('',(2.286E1,3.5E0,1.116E1));
#13085=CARTESIAN_POINT('',(2.286E1,3.5E0,9.16E0));
#13086=VERTEX_POINT('',#13084);
#13087=VERTEX_POINT('',#13085);
#13088=CARTESIAN_POINT('',(2.286E1,4.E0,1.116E1));
#13089=VERTEX_POINT('',#13088);
#13090=CARTESIAN_POINT('',(2.286E1,4.E0,9.16E0));
#13091=VERTEX_POINT('',#13090);
#13092=CARTESIAN_POINT('',(2.286E1,4.E0,1.066E1));
#13093=CARTESIAN_POINT('',(2.286E1,4.E0,9.66E0));
#13094=VERTEX_POINT('',#13092);
#13095=VERTEX_POINT('',#13093);
#13096=CARTESIAN_POINT('',(2.285999982449E1,1.539999999999E1,9.659999999999E0));
#13097=CARTESIAN_POINT('',(2.286E1,1.54E1,1.066E1));
#13098=VERTEX_POINT('',#13096);
#13099=VERTEX_POINT('',#13097);
#13100=CARTESIAN_POINT('',(2.286E1,1.580000000001E1,1.006000063265E1));
#13101=CARTESIAN_POINT('',(2.286E1,1.580000000001E1,1.025999936735E1));
#13102=VERTEX_POINT('',#13100);
#13103=VERTEX_POINT('',#13101);
#13104=CARTESIAN_POINT('',(2.286E1,3.544E0,1.016E1));
#13105=DIRECTION('',(0.E0,-1.E0,0.E0));
#13106=DIRECTION('',(-1.E0,0.E0,0.E0));
#13107=AXIS2_PLACEMENT_3D('',#13104,#13105,#13106);
#13108=CYLINDRICAL_SURFACE('',#13107,5.E-1);
#13110=ORIENTED_EDGE('',*,*,#13109,.F.);
#13112=ORIENTED_EDGE('',*,*,#13111,.T.);
#13114=ORIENTED_EDGE('',*,*,#13113,.F.);
#13116=ORIENTED_EDGE('',*,*,#13115,.T.);
#13117=EDGE_LOOP('',(#13110,#13112,#13114,#13116));
#13118=FACE_OUTER_BOUND('',#13117,.F.);
#13120=FILL_AREA_STYLE_COLOUR('',#37);
#13121=FILL_AREA_STYLE('',(#13120));
#13122=SURFACE_STYLE_FILL_AREA(#13121);
#13123=SURFACE_SIDE_STYLE('',(#13122));
#13124=SURFACE_STYLE_USAGE(.BOTH.,#13123);
#13125=PRESENTATION_STYLE_ASSIGNMENT((#13124));
#13126=STYLED_ITEM('',(#13125),#13119);
#13127=CARTESIAN_POINT('',(2.335133462367E1,1.318193511225E0,1.006957605445E1));
#13128=CARTESIAN_POINT('',(2.336258870964E1,1.066867800335E0,1.006750488175E1));
#13129=CARTESIAN_POINT('',(2.318762838302E1,8.889699363522E-1,
1.009970412496E1));
#13130=CARTESIAN_POINT('',(2.294045373626E1,9.004140429419E-1,
1.014519350374E1));
#13131=CARTESIAN_POINT('',(2.341229077916E1,1.318193511221E0,1.040079218898E1));
#13132=CARTESIAN_POINT('',(2.342494107410E1,1.066867800331E0,1.040630756661E1));
#13133=CARTESIAN_POINT('',(2.322827474844E1,8.889699363495E-1,
1.032056339553E1));
#13134=CARTESIAN_POINT('',(2.295043502034E1,9.004140429412E-1,
1.019942858966E1));
#13135=CARTESIAN_POINT('',(2.319677853355E1,1.318193511222E0,1.065958603098E1));
#13136=CARTESIAN_POINT('',(2.320449249138E1,1.066867800332E0,1.067102911655E1));
#13137=CARTESIAN_POINT('',(2.308456835132E1,8.889699363501E-1,
1.049313052984E1));
#13138=CARTESIAN_POINT('',(2.291514590263E1,9.004140429414E-1,
1.024180486544E1));
#13139=CARTESIAN_POINT('',(2.286E1,1.318193511227E0,1.065958603098E1));
#13140=CARTESIAN_POINT('',(2.286E1,1.066867800337E0,1.067102911654E1));
#13141=CARTESIAN_POINT('',(2.285999999999E1,8.889699363536E-1,
1.049313052984E1));
#13142=CARTESIAN_POINT('',(2.285999999999E1,9.004140429422E-1,
1.024180486544E1));
#13143=CARTESIAN_POINT('',(2.252322146644E1,1.318193511232E0,1.065958603098E1));
#13144=CARTESIAN_POINT('',(2.251550750861E1,1.066867800343E0,1.067102911654E1));
#13145=CARTESIAN_POINT('',(2.263543164867E1,8.889699363570E-1,
1.049313052984E1));
#13146=CARTESIAN_POINT('',(2.280485409736E1,9.004140429431E-1,
1.024180486544E1));
#13147=CARTESIAN_POINT('',(2.230770922084E1,1.318193511238E0,1.040079218897E1));
#13148=CARTESIAN_POINT('',(2.229505892589E1,1.066867800349E0,1.040630756660E1));
#13149=CARTESIAN_POINT('',(2.249172525155E1,8.889699363609E-1,
1.032056339553E1));
#13150=CARTESIAN_POINT('',(2.276956497965E1,9.004140429440E-1,
1.019942858966E1));
#13151=CARTESIAN_POINT('',(2.236866537633E1,1.318193511240E0,1.006957605444E1));
#13152=CARTESIAN_POINT('',(2.235741129036E1,1.066867800351E0,1.006750488174E1));
#13153=CARTESIAN_POINT('',(2.253237161697E1,8.889699363623E-1,
1.009970412496E1));
#13154=CARTESIAN_POINT('',(2.277954626373E1,9.004140429444E-1,
1.014519350374E1));
#13155=(BOUNDED_SURFACE()B_SPLINE_SURFACE(3,3,((#13127,#13128,#13129,#13130),(
#13131,#13132,#13133,#13134),(#13135,#13136,#13137,#13138),(#13139,#13140,
#13141,#13142),(#13143,#13144,#13145,#13146),(#13147,#13148,#13149,#13150),(
#13151,#13152,#13153,#13154)),.UNSPECIFIED.,.F.,.F.,.F.)B_SPLINE_SURFACE_WITH_KNOTS((4,3,4),(4,4),(0.E0,1.E0,2.E0),(0.E0,1.E0),.UNSPECIFIED.)GEOMETRIC_REPRESENTATION_ITEM()RATIONAL_B_SPLINE_SURFACE(((1.456888300503E0,1.140463420797E0,
1.140463420797E0,1.456888300503E0),(1.107160079406E0,8.666934665431E-1,
8.666934665431E-1,1.107160079406E0),(1.107160079406E0,8.666934665431E-1,
8.666934665431E-1,1.107160079406E0),(1.456888300503E0,1.140463420797E0,
1.140463420797E0,1.456888300503E0),(1.107160079406E0,8.666934665431E-1,
8.666934665431E-1,1.107160079406E0),(1.107160079406E0,8.666934665431E-1,
8.666934665431E-1,1.107160079406E0),(1.456888300503E0,1.140463420797E0,
1.140463420797E0,1.456888300503E0)))REPRESENTATION_ITEM('')SURFACE());
#13157=ORIENTED_EDGE('',*,*,#13156,.F.);
#13159=ORIENTED_EDGE('',*,*,#13158,.F.);
#13160=ORIENTED_EDGE('',*,*,#13109,.T.);
#13162=ORIENTED_EDGE('',*,*,#13161,.F.);
#13163=EDGE_LOOP('',(#13157,#13159,#13160,#13162));
#13164=FACE_OUTER_BOUND('',#13163,.F.);
#13166=FILL_AREA_STYLE_COLOUR('',#37);
#13167=FILL_AREA_STYLE('',(#13166));
#13168=SURFACE_STYLE_FILL_AREA(#13167);
#13169=SURFACE_SIDE_STYLE('',(#13168));
#13170=SURFACE_STYLE_USAGE(.BOTH.,#13169);
#13171=PRESENTATION_STYLE_ASSIGNMENT((#13170));
#13172=STYLED_ITEM('',(#13171),#13165);
#13173=CARTESIAN_POINT('',(2.286E1,9.E-1,1.016E1));
#13174=DIRECTION('',(0.E0,1.E0,0.E0));
#13175=DIRECTION('',(-1.E0,0.E0,0.E0));
#13176=AXIS2_PLACEMENT_3D('',#13173,#13174,#13175);
#13177=PLANE('',#13176);
#13178=ORIENTED_EDGE('',*,*,#13156,.T.);
#13180=ORIENTED_EDGE('',*,*,#13179,.T.);
#13181=EDGE_LOOP('',(#13178,#13180));
#13182=FACE_OUTER_BOUND('',#13181,.F.);
#13184=FILL_AREA_STYLE_COLOUR('',#19);
#13185=FILL_AREA_STYLE('',(#13184));
#13186=SURFACE_STYLE_FILL_AREA(#13185);
#13187=SURFACE_SIDE_STYLE('',(#13186));
#13188=SURFACE_STYLE_USAGE(.BOTH.,#13187);
#13189=PRESENTATION_STYLE_ASSIGNMENT((#13188));
#13190=STYLED_ITEM('',(#13189),#13183);
#13191=CARTESIAN_POINT('',(2.236866537826E1,1.318193511234E0,1.025042395602E1));
#13192=CARTESIAN_POINT('',(2.235741129233E1,1.066867800346E0,1.025249512896E1));
#13193=CARTESIAN_POINT('',(2.253237161826E1,8.889699363607E-1,
1.022029588202E1));
#13194=CARTESIAN_POINT('',(2.277954626405E1,9.004140429431E-1,
1.017480649798E1));
#13195=CARTESIAN_POINT('',(2.230770921523E1,1.318193511228E0,9.919207820136E0));
#13196=CARTESIAN_POINT('',(2.229505892015E1,1.066867800341E0,9.913692442714E0));
#13197=CARTESIAN_POINT('',(2.249172524780E1,8.889699363571E-1,
9.999436610547E0));
#13198=CARTESIAN_POINT('',(2.276956497874E1,9.004140429422E-1,
1.012057141183E1));
#13199=CARTESIAN_POINT('',(2.252322145842E1,1.318193511223E0,9.660413972613E0));
#13200=CARTESIAN_POINT('',(2.251550750040E1,1.066867800336E0,9.648970887132E0));
#13201=CARTESIAN_POINT('',(2.263543164332E1,8.889699363537E-1,
9.826869472557E0));
#13202=CARTESIAN_POINT('',(2.280485409605E1,9.004140429414E-1,
1.007819513515E1));
#13203=CARTESIAN_POINT('',(2.285999999467E1,1.318193511222E0,9.660413969023E0));
#13204=CARTESIAN_POINT('',(2.285999999455E1,1.066867800335E0,9.648970883459E0));
#13205=CARTESIAN_POINT('',(2.285999999645E1,8.889699363530E-1,
9.826869470163E0));
#13206=CARTESIAN_POINT('',(2.285999999913E1,9.004140429412E-1,
1.007819513456E1));
#13207=CARTESIAN_POINT('',(2.319677853093E1,1.318193511221E0,9.660413965432E0));
#13208=CARTESIAN_POINT('',(2.320449248870E1,1.066867800334E0,9.648970879787E0));
#13209=CARTESIAN_POINT('',(2.308456834958E1,8.889699363523E-1,
9.826869467769E0));
#13210=CARTESIAN_POINT('',(2.291514590220E1,9.004140429410E-1,
1.007819513397E1));
#13211=CARTESIAN_POINT('',(2.341229077964E1,1.318193511225E0,9.919207808361E0));
#13212=CARTESIAN_POINT('',(2.342494107460E1,1.066867800337E0,9.913692430668E0));
#13213=CARTESIAN_POINT('',(2.322827474877E1,8.889699363548E-1,
9.999436602695E0));
#13214=CARTESIAN_POINT('',(2.295043502042E1,9.004140429416E-1,
1.012057140990E1));
#13215=CARTESIAN_POINT('',(2.335133462367E1,1.318193511231E0,1.025042394555E1));
#13216=CARTESIAN_POINT('',(2.336258870964E1,1.066867800343E0,1.025249511824E1));
#13217=CARTESIAN_POINT('',(2.318762838303E1,8.889699363586E-1,
1.022029587503E1));
#13218=CARTESIAN_POINT('',(2.294045373626E1,9.004140429426E-1,
1.017480649626E1));
#13219=(BOUNDED_SURFACE()B_SPLINE_SURFACE(3,3,((#13191,#13192,#13193,#13194),(
#13195,#13196,#13197,#13198),(#13199,#13200,#13201,#13202),(#13203,#13204,
#13205,#13206),(#13207,#13208,#13209,#13210),(#13211,#13212,#13213,#13214),(
#13215,#13216,#13217,#13218)),.UNSPECIFIED.,.F.,.F.,.F.)B_SPLINE_SURFACE_WITH_KNOTS((4,3,4),(4,4),(0.E0,1.E0,2.E0),(0.E0,1.E0),.UNSPECIFIED.)GEOMETRIC_REPRESENTATION_ITEM()RATIONAL_B_SPLINE_SURFACE(((1.456888304134E0,1.140463423642E0,
1.140463423642E0,1.456888304134E0),(1.107160078192E0,8.666934655958E-1,
8.666934655958E-1,1.107160078192E0),(1.107160078192E0,8.666934655958E-1,
8.666934655958E-1,1.107160078192E0),(1.456888304134E0,1.140463423642E0,
1.140463423642E0,1.456888304134E0),(1.107160078192E0,8.666934655958E-1,
8.666934655958E-1,1.107160078192E0),(1.107160078192E0,8.666934655958E-1,
8.666934655958E-1,1.107160078192E0),(1.456888304134E0,1.140463423642E0,
1.140463423642E0,1.456888304134E0)))REPRESENTATION_ITEM('')SURFACE());
#13220=ORIENTED_EDGE('',*,*,#13179,.F.);
#13221=ORIENTED_EDGE('',*,*,#13161,.T.);
#13223=ORIENTED_EDGE('',*,*,#13222,.T.);
#13224=ORIENTED_EDGE('',*,*,#13158,.T.);
#13225=EDGE_LOOP('',(#13220,#13221,#13223,#13224));
#13226=FACE_OUTER_BOUND('',#13225,.F.);
#13228=FILL_AREA_STYLE_COLOUR('',#37);
#13229=FILL_AREA_STYLE('',(#13228));
#13230=SURFACE_STYLE_FILL_AREA(#13229);
#13231=SURFACE_SIDE_STYLE('',(#13230));
#13232=SURFACE_STYLE_USAGE(.BOTH.,#13231);
#13233=PRESENTATION_STYLE_ASSIGNMENT((#13232));
#13234=STYLED_ITEM('',(#13233),#13227);
#13235=CARTESIAN_POINT('',(2.286E1,3.544E0,1.016E1));
#13236=DIRECTION('',(0.E0,-1.E0,0.E0));
#13237=DIRECTION('',(-1.E0,0.E0,0.E0));
#13238=AXIS2_PLACEMENT_3D('',#13235,#13236,#13237);
#13239=CYLINDRICAL_SURFACE('',#13238,5.E-1);
#13240=ORIENTED_EDGE('',*,*,#13222,.F.);
#13241=ORIENTED_EDGE('',*,*,#13115,.F.);
#13243=ORIENTED_EDGE('',*,*,#13242,.F.);
#13244=ORIENTED_EDGE('',*,*,#13111,.F.);
#13245=EDGE_LOOP('',(#13240,#13241,#13243,#13244));
#13246=FACE_OUTER_BOUND('',#13245,.F.);
#13248=FILL_AREA_STYLE_COLOUR('',#37);
#13249=FILL_AREA_STYLE('',(#13248));
#13250=SURFACE_STYLE_FILL_AREA(#13249);
#13251=SURFACE_SIDE_STYLE('',(#13250));
#13252=SURFACE_STYLE_USAGE(.BOTH.,#13251);
#13253=PRESENTATION_STYLE_ASSIGNMENT((#13252));
#13254=STYLED_ITEM('',(#13253),#13247);
#13255=CARTESIAN_POINT('',(2.286E1,3.5E0,1.016E1));
#13256=DIRECTION('',(0.E0,1.E0,0.E0));
#13257=DIRECTION('',(0.E0,0.E0,1.E0));
#13258=AXIS2_PLACEMENT_3D('',#13255,#13256,#13257);
#13259=PLANE('',#13258);
#13261=ORIENTED_EDGE('',*,*,#13260,.T.);
#13263=ORIENTED_EDGE('',*,*,#13262,.T.);
#13264=EDGE_LOOP('',(#13261,#13263));
#13265=FACE_OUTER_BOUND('',#13264,.F.);
#13266=ORIENTED_EDGE('',*,*,#13242,.T.);
#13267=ORIENTED_EDGE('',*,*,#13113,.T.);
#13268=EDGE_LOOP('',(#13266,#13267));
#13269=FACE_BOUND('',#13268,.F.);
#13271=FILL_AREA_STYLE_COLOUR('',#19);
#13272=FILL_AREA_STYLE('',(#13271));
#13273=SURFACE_STYLE_FILL_AREA(#13272);
#13274=SURFACE_SIDE_STYLE('',(#13273));
#13275=SURFACE_STYLE_USAGE(.BOTH.,#13274);
#13276=PRESENTATION_STYLE_ASSIGNMENT((#13275));
#13277=STYLED_ITEM('',(#13276),#13270);
#13278=CARTESIAN_POINT('',(2.286E1,3.481800209877E0,1.016E1));
#13279=DIRECTION('',(0.E0,1.E0,0.E0));
#13280=DIRECTION('',(0.E0,0.E0,1.E0));
#13281=AXIS2_PLACEMENT_3D('',#13278,#13279,#13280);
#13282=CYLINDRICAL_SURFACE('',#13281,1.E0);
#13283=ORIENTED_EDGE('',*,*,#13260,.F.);
#13285=ORIENTED_EDGE('',*,*,#13284,.F.);
#13287=ORIENTED_EDGE('',*,*,#13286,.F.);
#13289=ORIENTED_EDGE('',*,*,#13288,.F.);
#13290=EDGE_LOOP('',(#13283,#13285,#13287,#13289));
#13291=FACE_OUTER_BOUND('',#13290,.F.);
#13293=FILL_AREA_STYLE_COLOUR('',#37);
#13294=FILL_AREA_STYLE('',(#13293));
#13295=SURFACE_STYLE_FILL_AREA(#13294);
#13296=SURFACE_SIDE_STYLE('',(#13295));
#13297=SURFACE_STYLE_USAGE(.BOTH.,#13296);
#13298=PRESENTATION_STYLE_ASSIGNMENT((#13297));
#13299=STYLED_ITEM('',(#13298),#13292);
#13300=CARTESIAN_POINT('',(2.286E1,3.481800209877E0,1.016E1));
#13301=DIRECTION('',(0.E0,1.E0,0.E0));
#13302=DIRECTION('',(0.E0,0.E0,1.E0));
#13303=AXIS2_PLACEMENT_3D('',#13300,#13301,#13302);
#13304=CYLINDRICAL_SURFACE('',#13303,1.E0);
#13305=ORIENTED_EDGE('',*,*,#13262,.F.);
#13306=ORIENTED_EDGE('',*,*,#13288,.T.);
#13308=ORIENTED_EDGE('',*,*,#13307,.F.);
#13309=ORIENTED_EDGE('',*,*,#13284,.T.);
#13310=EDGE_LOOP('',(#13305,#13306,#13308,#13309));
#13311=FACE_OUTER_BOUND('',#13310,.F.);
#13313=FILL_AREA_STYLE_COLOUR('',#37);
#13314=FILL_AREA_STYLE('',(#13313));
#13315=SURFACE_STYLE_FILL_AREA(#13314);
#13316=SURFACE_SIDE_STYLE('',(#13315));
#13317=SURFACE_STYLE_USAGE(.BOTH.,#13316);
#13318=PRESENTATION_STYLE_ASSIGNMENT((#13317));
#13319=STYLED_ITEM('',(#13318),#13312);
#13320=CARTESIAN_POINT('',(2.286E1,4.E0,1.016E1));
#13321=DIRECTION('',(0.E0,1.E0,0.E0));
#13322=DIRECTION('',(0.E0,0.E0,1.E0));
#13323=AXIS2_PLACEMENT_3D('',#13320,#13321,#13322);
#13324=PLANE('',#13323);
#13325=ORIENTED_EDGE('',*,*,#13286,.T.);
#13326=ORIENTED_EDGE('',*,*,#13307,.T.);
#13327=EDGE_LOOP('',(#13325,#13326));
#13328=FACE_OUTER_BOUND('',#13327,.F.);
#13330=ORIENTED_EDGE('',*,*,#13329,.T.);
#13332=ORIENTED_EDGE('',*,*,#13331,.T.);
#13333=EDGE_LOOP('',(#13330,#13332));
#13334=FACE_BOUND('',#13333,.F.);
#13336=FILL_AREA_STYLE_COLOUR('',#37);
#13337=FILL_AREA_STYLE('',(#13336));
#13338=SURFACE_STYLE_FILL_AREA(#13337);
#13339=SURFACE_SIDE_STYLE('',(#13338));
#13340=SURFACE_STYLE_USAGE(.BOTH.,#13339);
#13341=PRESENTATION_STYLE_ASSIGNMENT((#13340));
#13342=STYLED_ITEM('',(#13341),#13335);
#13343=CARTESIAN_POINT('',(2.286E1,3.772E0,1.016E1));
#13344=DIRECTION('',(0.E0,1.E0,0.E0));
#13345=DIRECTION('',(0.E0,0.E0,1.E0));
#13346=AXIS2_PLACEMENT_3D('',#13343,#13344,#13345);
#13347=CYLINDRICAL_SURFACE('',#13346,5.E-1);
#13349=ORIENTED_EDGE('',*,*,#13348,.F.);
#13351=ORIENTED_EDGE('',*,*,#13350,.F.);
#13352=ORIENTED_EDGE('',*,*,#13329,.F.);
#13354=ORIENTED_EDGE('',*,*,#13353,.F.);
#13355=EDGE_LOOP('',(#13349,#13351,#13352,#13354));
#13356=FACE_OUTER_BOUND('',#13355,.F.);
#13358=FILL_AREA_STYLE_COLOUR('',#37);
#13359=FILL_AREA_STYLE('',(#13358));
#13360=SURFACE_STYLE_FILL_AREA(#13359);
#13361=SURFACE_SIDE_STYLE('',(#13360));
#13362=SURFACE_STYLE_USAGE(.BOTH.,#13361);
#13363=PRESENTATION_STYLE_ASSIGNMENT((#13362));
#13364=STYLED_ITEM('',(#13363),#13357);
#13365=CARTESIAN_POINT('',(2.276957604390E1,1.538180648876E1,1.065133462173E1));
#13366=CARTESIAN_POINT('',(2.276750487096E1,1.563313219966E1,1.066258870765E1));
#13367=CARTESIAN_POINT('',(2.279970411792E1,1.581103006365E1,1.048762838173E1));
#13368=CARTESIAN_POINT('',(2.284519350201E1,1.579958595707E1,1.024045373593E1));
#13369=CARTESIAN_POINT('',(2.310079217979E1,1.538180648877E1,1.071229078481E1));
#13370=CARTESIAN_POINT('',(2.310630755721E1,1.563313219967E1,1.072494107989E1));
#13371=CARTESIAN_POINT('',(2.302056338940E1,1.581103006365E1,1.052827475222E1));
#13372=CARTESIAN_POINT('',(2.289942858815E1,1.579958595707E1,1.025043502126E1));
#13373=CARTESIAN_POINT('',(2.335958602736E1,1.538180648878E1,1.049677854164E1));
#13374=CARTESIAN_POINT('',(2.337102911283E1,1.563313219967E1,1.050449249966E1));
#13375=CARTESIAN_POINT('',(2.319313052741E1,1.581103006366E1,1.038456835672E1));
#13376=CARTESIAN_POINT('',(2.294180486483E1,1.579958595707E1,1.021514590395E1));
#13377=CARTESIAN_POINT('',(2.335958603098E1,1.538180648878E1,1.016000000537E1));
#13378=CARTESIAN_POINT('',(2.337102911654E1,1.563313219967E1,1.016000000549E1));
#13379=CARTESIAN_POINT('',(2.319313052983E1,1.581103006366E1,1.016000000358E1));
#13380=CARTESIAN_POINT('',(2.294180486542E1,1.579958595707E1,1.016000000088E1));
#13381=CARTESIAN_POINT('',(2.335958603460E1,1.538180648877E1,9.823221469100E0));
#13382=CARTESIAN_POINT('',(2.337102912024E1,1.563313219967E1,9.815507511328E0));
#13383=CARTESIAN_POINT('',(2.319313053224E1,1.581103006366E1,9.935431650444E0));
#13384=CARTESIAN_POINT('',(2.294180486602E1,1.579958595707E1,1.010485409781E1));
#13385=CARTESIAN_POINT('',(2.310079219167E1,1.538180648877E1,9.607709220364E0));
#13386=CARTESIAN_POINT('',(2.310630756936E1,1.563313219966E1,9.595058925404E0));
#13387=CARTESIAN_POINT('',(2.302056339732E1,1.581103006365E1,9.791725251233E0));
#13388=CARTESIAN_POINT('',(2.289942859009E1,1.579958595707E1,1.006956497959E1));
#13389=CARTESIAN_POINT('',(2.276957605447E1,1.538180648876E1,9.668665376328E0));
#13390=CARTESIAN_POINT('',(2.276750488177E1,1.563313219965E1,9.657411290359E0));
#13391=CARTESIAN_POINT('',(2.279970412497E1,1.581103006365E1,9.832371616972E0));
#13392=CARTESIAN_POINT('',(2.284519350374E1,1.579958595707E1,1.007954626375E1));
#13393=(BOUNDED_SURFACE()B_SPLINE_SURFACE(3,3,((#13365,#13366,#13367,#13368),(
#13369,#13370,#13371,#13372),(#13373,#13374,#13375,#13376),(#13377,#13378,
#13379,#13380),(#13381,#13382,#13383,#13384),(#13385,#13386,#13387,#13388),(
#13389,#13390,#13391,#13392)),.UNSPECIFIED.,.F.,.F.,.F.)B_SPLINE_SURFACE_WITH_KNOTS((4,3,4),(4,4),(0.E0,1.E0,2.E0),(0.E0,1.E0),.UNSPECIFIED.)GEOMETRIC_REPRESENTATION_ITEM()RATIONAL_B_SPLINE_SURFACE(((1.456888304153E0,1.140463423662E0,
1.140463423662E0,1.456888304153E0),(1.107160078182E0,8.666934655907E-1,
8.666934655907E-1,1.107160078182E0),(1.107160078182E0,8.666934655907E-1,
8.666934655907E-1,1.107160078182E0),(1.456888304153E0,1.140463423662E0,
1.140463423662E0,1.456888304153E0),(1.107160078182E0,8.666934655907E-1,
8.666934655907E-1,1.107160078182E0),(1.107160078182E0,8.666934655907E-1,
8.666934655907E-1,1.107160078182E0),(1.456888304153E0,1.140463423662E0,
1.140463423662E0,1.456888304153E0)))REPRESENTATION_ITEM('')SURFACE());
#13395=ORIENTED_EDGE('',*,*,#13394,.F.);
#13397=ORIENTED_EDGE('',*,*,#13396,.F.);
#13398=ORIENTED_EDGE('',*,*,#13348,.T.);
#13400=ORIENTED_EDGE('',*,*,#13399,.F.);
#13401=EDGE_LOOP('',(#13395,#13397,#13398,#13400));
#13402=FACE_OUTER_BOUND('',#13401,.F.);
#13404=FILL_AREA_STYLE_COLOUR('',#37);
#13405=FILL_AREA_STYLE('',(#13404));
#13406=SURFACE_STYLE_FILL_AREA(#13405);
#13407=SURFACE_SIDE_STYLE('',(#13406));
#13408=SURFACE_STYLE_USAGE(.BOTH.,#13407);
#13409=PRESENTATION_STYLE_ASSIGNMENT((#13408));
#13410=STYLED_ITEM('',(#13409),#13403);
#13411=CARTESIAN_POINT('',(2.286E1,1.58E1,1.016E1));
#13412=DIRECTION('',(0.E0,1.E0,0.E0));
#13413=DIRECTION('',(0.E0,0.E0,1.E0));
#13414=AXIS2_PLACEMENT_3D('',#13411,#13412,#13413);
#13415=PLANE('',#13414);
#13417=ORIENTED_EDGE('',*,*,#13416,.T.);
#13418=ORIENTED_EDGE('',*,*,#13394,.T.);
#13419=EDGE_LOOP('',(#13417,#13418));
#13420=FACE_OUTER_BOUND('',#13419,.F.);
#13422=FILL_AREA_STYLE_COLOUR('',#19);
#13423=FILL_AREA_STYLE('',(#13422));
#13424=SURFACE_STYLE_FILL_AREA(#13423);
#13425=SURFACE_SIDE_STYLE('',(#13424));
#13426=SURFACE_STYLE_USAGE(.BOTH.,#13425);
#13427=PRESENTATION_STYLE_ASSIGNMENT((#13426));
#13428=STYLED_ITEM('',(#13427),#13421);
#13429=CARTESIAN_POINT('',(2.295042394557E1,1.538180648877E1,9.668665376335E0));
#13430=CARTESIAN_POINT('',(2.295249511827E1,1.563313219966E1,9.657411290371E0));
#13431=CARTESIAN_POINT('',(2.292029587506E1,1.581103006365E1,9.832371616983E0));
#13432=CARTESIAN_POINT('',(2.287480649627E1,1.579958595707E1,1.007954626375E1));
#13433=CARTESIAN_POINT('',(2.261920781106E1,1.538180648878E1,9.607709220838E0));
#13434=CARTESIAN_POINT('',(2.261369243343E1,1.563313219967E1,9.595058925893E0));
#13435=CARTESIAN_POINT('',(2.269943660450E1,1.581103006366E1,9.791725251555E0));
#13436=CARTESIAN_POINT('',(2.282057141035E1,1.579958595707E1,1.006956497967E1));
#13437=CARTESIAN_POINT('',(2.236041396905E1,1.538180648878E1,9.823221466417E0));
#13438=CARTESIAN_POINT('',(2.234897088349E1,1.563313219968E1,9.815507508587E0));
#13439=CARTESIAN_POINT('',(2.252686947019E1,1.581103006366E1,9.935431648662E0));
#13440=CARTESIAN_POINT('',(2.277819513458E1,1.579958595707E1,1.010485409737E1));
#13441=CARTESIAN_POINT('',(2.236041396902E1,1.538180648878E1,1.015999999996E1));
#13442=CARTESIAN_POINT('',(2.234897088346E1,1.563313219967E1,1.015999999996E1));
#13443=CARTESIAN_POINT('',(2.252686947017E1,1.581103006366E1,1.015999999998E1));
#13444=CARTESIAN_POINT('',(2.277819513458E1,1.579958595707E1,1.016E1));
#13445=CARTESIAN_POINT('',(2.236041396900E1,1.538180648877E1,1.049677853351E1));
#13446=CARTESIAN_POINT('',(2.234897088343E1,1.563313219967E1,1.050449249134E1));
#13447=CARTESIAN_POINT('',(2.252686947015E1,1.581103006366E1,1.038456835130E1));
#13448=CARTESIAN_POINT('',(2.277819513457E1,1.579958595707E1,1.021514590262E1));
#13449=CARTESIAN_POINT('',(2.261920781097E1,1.538180648876E1,1.071229077912E1));
#13450=CARTESIAN_POINT('',(2.261369243334E1,1.563313219966E1,1.072494107408E1));
#13451=CARTESIAN_POINT('',(2.269943660444E1,1.581103006365E1,1.052827474843E1));
#13452=CARTESIAN_POINT('',(2.282057141034E1,1.579958595707E1,1.025043502033E1));
#13453=CARTESIAN_POINT('',(2.295042394550E1,1.538180648875E1,1.065133462368E1));
#13454=CARTESIAN_POINT('',(2.295249511820E1,1.563313219965E1,1.066258870965E1));
#13455=CARTESIAN_POINT('',(2.292029587501E1,1.581103006364E1,1.048762838304E1));
#13456=CARTESIAN_POINT('',(2.287480649626E1,1.579958595707E1,1.024045373626E1));
#13457=(BOUNDED_SURFACE()B_SPLINE_SURFACE(3,3,((#13429,#13430,#13431,#13432),(
#13433,#13434,#13435,#13436),(#13437,#13438,#13439,#13440),(#13441,#13442,
#13443,#13444),(#13445,#13446,#13447,#13448),(#13449,#13450,#13451,#13452),(
#13453,#13454,#13455,#13456)),.UNSPECIFIED.,.F.,.F.,.F.)B_SPLINE_SURFACE_WITH_KNOTS((4,3,4),(4,4),(0.E0,1.E0,2.E0),(0.E0,1.E0),.UNSPECIFIED.)GEOMETRIC_REPRESENTATION_ITEM()RATIONAL_B_SPLINE_SURFACE(((1.456888300484E0,1.140463420790E0,
1.140463420790E0,1.456888300484E0),(1.107160079405E0,8.666934665479E-1,
8.666934665479E-1,1.107160079405E0),(1.107160079405E0,8.666934665479E-1,
8.666934665479E-1,1.107160079405E0),(1.456888300484E0,1.140463420790E0,
1.140463420790E0,1.456888300484E0),(1.107160079405E0,8.666934665479E-1,
8.666934665479E-1,1.107160079405E0),(1.107160079405E0,8.666934665479E-1,
8.666934665479E-1,1.107160079405E0),(1.456888300484E0,1.140463420790E0,
1.140463420790E0,1.456888300484E0)))REPRESENTATION_ITEM('')SURFACE());
#13458=ORIENTED_EDGE('',*,*,#13416,.F.);
#13459=ORIENTED_EDGE('',*,*,#13399,.T.);
#13461=ORIENTED_EDGE('',*,*,#13460,.T.);
#13462=ORIENTED_EDGE('',*,*,#13396,.T.);
#13463=EDGE_LOOP('',(#13458,#13459,#13461,#13462));
#13464=FACE_OUTER_BOUND('',#13463,.F.);
#13466=FILL_AREA_STYLE_COLOUR('',#37);
#13467=FILL_AREA_STYLE('',(#13466));
#13468=SURFACE_STYLE_FILL_AREA(#13467);
#13469=SURFACE_SIDE_STYLE('',(#13468));
#13470=SURFACE_STYLE_USAGE(.BOTH.,#13469);
#13471=PRESENTATION_STYLE_ASSIGNMENT((#13470));
#13472=STYLED_ITEM('',(#13471),#13465);
#13473=CARTESIAN_POINT('',(2.286E1,3.772E0,1.016E1));
#13474=DIRECTION('',(0.E0,1.E0,0.E0));
#13475=DIRECTION('',(0.E0,0.E0,1.E0));
#13476=AXIS2_PLACEMENT_3D('',#13473,#13474,#13475);
#13477=CYLINDRICAL_SURFACE('',#13476,5.E-1);
#13478=ORIENTED_EDGE('',*,*,#13460,.F.);
#13479=ORIENTED_EDGE('',*,*,#13353,.T.);
#13480=ORIENTED_EDGE('',*,*,#13331,.F.);
#13481=ORIENTED_EDGE('',*,*,#13350,.T.);
#13482=EDGE_LOOP('',(#13478,#13479,#13480,#13481));
#13483=FACE_OUTER_BOUND('',#13482,.F.);
#13485=FILL_AREA_STYLE_COLOUR('',#37);
#13486=FILL_AREA_STYLE('',(#13485));
#13487=SURFACE_STYLE_FILL_AREA(#13486);
#13488=SURFACE_SIDE_STYLE('',(#13487));
#13489=SURFACE_STYLE_USAGE(.BOTH.,#13488);
#13490=PRESENTATION_STYLE_ASSIGNMENT((#13489));
#13491=STYLED_ITEM('',(#13490),#13484);
#13492=CLOSED_SHELL('',(#13119,#13165,#13183,#13227,#13247,#13270,#13292,#13312,
#13335,#13357,#13403,#13421,#13465,#13484));
#13493=MANIFOLD_SOLID_BREP('',#13492);
#13496=PLANE_ANGLE_MEASURE_WITH_UNIT(PLANE_ANGLE_MEASURE(1.745329251994E-2),
#13495);
#13497=(CONVERSION_BASED_UNIT('DEGREE',#13496)NAMED_UNIT(*)PLANE_ANGLE_UNIT());
#13499=UNCERTAINTY_MEASURE_WITH_UNIT(LENGTH_MEASURE(1.516588510976E-3),#13494,
'distance_accuracy_value',
'Maximum model space distance between geometric entities at asserted connectivities');
#13501=CARTESIAN_POINT('',(0.E0,0.E0,0.E0));
#13502=DIRECTION('',(0.E0,0.E0,1.E0));
#13503=DIRECTION('',(1.E0,0.E0,0.E0));
#13506=PRODUCT_CONTEXT('',#11612,'mechanical');
#13507=PRODUCT('MANIFOLD_SOLID_BREP_13200','MANIFOLD_SOLID_BREP_13200',
'NOT SPECIFIED',(#13506));
#13508=PRODUCT_DEFINITION_FORMATION('1','LAST_VERSION',#13507);
#13516=DERIVED_UNIT_ELEMENT(#13515,2.E0);
#13517=DERIVED_UNIT((#13516));
#13518=MEASURE_REPRESENTATION_ITEM('surface area measure',AREA_MEASURE(
5.344266119373E1),#13517);
#13523=DERIVED_UNIT_ELEMENT(#13522,3.E0);
#13524=DERIVED_UNIT((#13523));
#13525=MEASURE_REPRESENTATION_ITEM('volume measure',VOLUME_MEASURE(
1.270334025051E1),#13524);
#13529=CARTESIAN_POINT('centre point',(2.285999999938E1,7.923399814522E0,
1.015999999927E1));
#13534=DERIVED_UNIT_ELEMENT(#13533,2.E0);
#13535=DERIVED_UNIT((#13534));
#13536=MEASURE_REPRESENTATION_ITEM('surface area measure',AREA_MEASURE(
5.344266119373E1),#13535);
#13541=DERIVED_UNIT_ELEMENT(#13540,3.E0);
#13542=DERIVED_UNIT((#13541));
#13543=MEASURE_REPRESENTATION_ITEM('volume measure',VOLUME_MEASURE(
1.270334025051E1),#13542);
#13547=CARTESIAN_POINT('centre point',(2.285999999938E1,7.923399814522E0,
1.015999999927E1));
#13553=GENERAL_PROPERTY('','DESCRIPTION','user defined attribute');
#13554=GENERAL_PROPERTY_ASSOCIATION('user defined attribute','',#13553,#13552);
#13555=DESCRIPTIVE_REPRESENTATION_ITEM('DESCRIPTION','');
#13559=GENERAL_PROPERTY('','MODELED_BY','user defined attribute');
#13560=GENERAL_PROPERTY_ASSOCIATION('user defined attribute','',#13559,#13558);
#13561=DESCRIPTIVE_REPRESENTATION_ITEM('MODELED_BY','');
#13566=CARTESIAN_POINT('centre point',(2.285999999938E1,7.923399814522E0,
1.015999999927E1));
#13570=CARTESIAN_POINT('',(0.E0,0.E0,0.E0));
#13571=DIRECTION('',(0.E0,0.E0,1.E0));
#13572=DIRECTION('',(1.E0,0.E0,0.E0));
#13573=AXIS2_PLACEMENT_3D('',#13570,#13571,#13572);
#13574=ITEM_DEFINED_TRANSFORMATION('','',#13504,#13573);
#13575=(REPRESENTATION_RELATIONSHIP('','',#13505,#11675)REPRESENTATION_RELATIONSHIP_WITH_TRANSFORMATION(#13574)SHAPE_REPRESENTATION_RELATIONSHIP());
#13576=CONTEXT_DEPENDENT_SHAPE_REPRESENTATION(#13575,#13565);
#13577=DIRECTION('',(3.714200664200E-13,1.E0,1.259461625900E-8));
#13578=VECTOR('',#13577,2.2E0);
#13579=CARTESIAN_POINT('',(-2.336E1,1.3E0,-7.620000027708E0));
#13580=LINE('',#13579,#13578);
#13581=DIRECTION('',(6.362587224767E-13,-1.E0,3.500847692550E-9));
#13582=VECTOR('',#13581,2.199999999998E0);
#13583=CARTESIAN_POINT('',(-2.236E1,3.5E0,-7.620000030807E0));
#13584=LINE('',#13583,#13582);
#13585=CARTESIAN_POINT('',(-2.286E1,1.300000000003E0,-7.620000000001E0));
#13586=DIRECTION('',(-1.338498165232E-11,1.E0,-1.628477755031E-12));
#13587=DIRECTION('',(-1.E0,-1.338484878479E-11,2.295053036490E-12));
#13588=AXIS2_PLACEMENT_3D('',#13585,#13586,#13587);
#13590=CARTESIAN_POINT('',(-2.285999999999E1,9.000000000017E-1,-7.62E0));
#13591=DIRECTION('',(-1.338498165232E-11,1.E0,-1.628477755031E-12));
#13592=DIRECTION('',(-1.E0,-1.338493346335E-11,1.214147580915E-11));
#13593=AXIS2_PLACEMENT_3D('',#13590,#13591,#13592);
#13595=CARTESIAN_POINT('',(-2.286E1,9.000000000016E-1,-7.62E0));
#13596=DIRECTION('',(4.694097758643E-12,1.E0,-2.500117284495E-12));
#13597=DIRECTION('',(1.E0,-4.694052644563E-12,8.970658790933E-12));
#13598=AXIS2_PLACEMENT_3D('',#13595,#13596,#13597);
#13600=CARTESIAN_POINT('',(-2.276E1,1.299999999999E0,-7.620000000001E0));
#13601=DIRECTION('',(6.505351812791E-13,2.500115569100E-12,1.E0));
#13602=DIRECTION('',(-1.367794766343E-12,-1.E0,2.500222251465E-12));
#13603=AXIS2_PLACEMENT_3D('',#13600,#13601,#13602);
#13605=CARTESIAN_POINT('',(-2.286E1,1.3E0,-7.620000000001E0));
#13606=DIRECTION('',(4.694097758643E-12,1.E0,-2.500117284495E-12));
#13607=DIRECTION('',(1.E0,-4.694022948104E-12,-9.241978915476E-8));
#13608=AXIS2_PLACEMENT_3D('',#13605,#13606,#13607);
#13610=CARTESIAN_POINT('',(-2.296E1,1.3E0,-7.620000022167E0));
#13611=DIRECTION('',(-2.216593814608E-7,2.500116609592E-12,1.E0));
#13612=DIRECTION('',(-1.E0,4.694022948132E-12,-2.216593819612E-7));
#13613=AXIS2_PLACEMENT_3D('',#13610,#13611,#13612);
#13615=CARTESIAN_POINT('',(-2.286E1,3.5E0,-7.62E0));
#13616=DIRECTION('',(0.E0,1.E0,0.E0));
#13617=DIRECTION('',(0.E0,0.E0,1.E0));
#13618=AXIS2_PLACEMENT_3D('',#13615,#13616,#13617);
#13620=CARTESIAN_POINT('',(-2.286E1,3.5E0,-7.62E0));
#13621=DIRECTION('',(0.E0,1.E0,0.E0));
#13622=DIRECTION('',(0.E0,0.E0,-1.E0));
#13623=AXIS2_PLACEMENT_3D('',#13620,#13621,#13622);
#13625=CARTESIAN_POINT('',(-2.286E1,3.5E0,-7.62E0));
#13626=DIRECTION('',(0.E0,-1.E0,0.E0));
#13627=DIRECTION('',(-1.E0,0.E0,0.E0));
#13628=AXIS2_PLACEMENT_3D('',#13625,#13626,#13627);
#13630=CARTESIAN_POINT('',(-2.286E1,3.5E0,-7.62E0));
#13631=DIRECTION('',(0.E0,-1.E0,0.E0));
#13632=DIRECTION('',(1.E0,0.E0,0.E0));
#13633=AXIS2_PLACEMENT_3D('',#13630,#13631,#13632);
#13635=DIRECTION('',(0.E0,1.E0,0.E0));
#13636=VECTOR('',#13635,5.E-1);
#13637=CARTESIAN_POINT('',(-2.286E1,3.5E0,-8.62E0));
#13638=LINE('',#13637,#13636);
#13639=DIRECTION('',(0.E0,-1.E0,0.E0));
#13640=VECTOR('',#13639,5.E-1);
#13641=CARTESIAN_POINT('',(-2.286E1,4.E0,-6.62E0));
#13642=LINE('',#13641,#13640);
#13643=CARTESIAN_POINT('',(-2.286E1,4.E0,-7.62E0));
#13644=DIRECTION('',(0.E0,-1.E0,0.E0));
#13645=DIRECTION('',(0.E0,0.E0,-1.E0));
#13646=AXIS2_PLACEMENT_3D('',#13643,#13644,#13645);
#13648=CARTESIAN_POINT('',(-2.286E1,4.E0,-7.62E0));
#13649=DIRECTION('',(0.E0,-1.E0,0.E0));
#13650=DIRECTION('',(0.E0,0.E0,1.E0));
#13651=AXIS2_PLACEMENT_3D('',#13648,#13649,#13650);
#13653=CARTESIAN_POINT('',(-2.286E1,4.E0,-7.62E0));
#13654=DIRECTION('',(0.E0,1.E0,0.E0));
#13655=DIRECTION('',(0.E0,0.E0,1.E0));
#13656=AXIS2_PLACEMENT_3D('',#13653,#13654,#13655);
#13658=CARTESIAN_POINT('',(-2.286E1,4.E0,-7.62E0));
#13659=DIRECTION('',(0.E0,1.E0,0.E0));
#13660=DIRECTION('',(0.E0,0.E0,-1.E0));
#13661=AXIS2_PLACEMENT_3D('',#13658,#13659,#13660);
#13663=CARTESIAN_POINT('',(-2.286E1,1.539999999999E1,-7.619999999996E0));
#13664=DIRECTION('',(-5.918644999781E-12,-1.E0,1.551943552385E-12));
#13665=DIRECTION('',(-3.510212351894E-7,-1.552535877634E-12,
-9.999999999999E-1));
#13666=AXIS2_PLACEMENT_3D('',#13663,#13664,#13665);
#13668=CARTESIAN_POINT('',(-2.286E1,1.580000000001E1,-7.620000000001E0));
#13669=DIRECTION('',(-1.343600445353E-12,-1.E0,0.E0));
#13670=DIRECTION('',(1.151086514388E-10,0.E0,1.E0));
#13671=AXIS2_PLACEMENT_3D('',#13668,#13669,#13670);
#13673=CARTESIAN_POINT('',(-2.286E1,1.580000000001E1,-7.619999999996E0));
#13674=DIRECTION('',(-5.918644999781E-12,-1.E0,1.551943552385E-12));
#13675=DIRECTION('',(-1.246655116976E-10,-1.545440227656E-12,-1.E0));
#13676=AXIS2_PLACEMENT_3D('',#13673,#13674,#13675);
#13678=CARTESIAN_POINT('',(-2.286E1,1.539999999999E1,-7.520000000018E0));
#13679=DIRECTION('',(1.E0,-1.343602491984E-12,2.338301774429E-11));
#13680=DIRECTION('',(1.341149413696E-12,1.E0,1.540989558121E-12));
#13681=AXIS2_PLACEMENT_3D('',#13678,#13679,#13680);
#13683=CARTESIAN_POINT('',(-2.286E1,1.539999999999E1,-7.620000000001E0));
#13684=DIRECTION('',(-1.343600445353E-12,-1.E0,0.E0));
#13685=DIRECTION('',(-2.266631327084E-12,0.E0,1.E0));
#13686=AXIS2_PLACEMENT_3D('',#13683,#13684,#13685);
#13688=CARTESIAN_POINT('',(-2.286E1,1.539999999999E1,-7.719999999984E0));
#13689=DIRECTION('',(1.E0,-1.343602491984E-12,3.823885652565E-13));
#13690=DIRECTION('',(3.819167204564E-13,0.E0,-1.E0));
#13691=AXIS2_PLACEMENT_3D('',#13688,#13689,#13690);
#13693=DIRECTION('',(-2.429411058291E-9,-1.E0,-3.599459911418E-14));
#13694=VECTOR('',#13693,1.139999999999E1);
#13695=CARTESIAN_POINT('',(-2.285999997230E1,1.539999999999E1,-7.12E0));
#13696=LINE('',#13695,#13694);
#13697=DIRECTION('',(2.566201130737E-9,1.E0,1.012835040009E-13));
#13698=VECTOR('',#13697,1.139999999999E1);
#13699=CARTESIAN_POINT('',(-2.286000011701E1,4.E0,-8.12E0));
#13700=LINE('',#13699,#13698);
#13701=CARTESIAN_POINT('',(-2.336E1,1.299999999996E0,-7.62E0));
#13702=CARTESIAN_POINT('',(-2.236E1,1.300000000010E0,-7.620000046211E0));
#13703=VERTEX_POINT('',#13701);
#13704=VERTEX_POINT('',#13702);
#13705=CARTESIAN_POINT('',(-2.336E1,3.5E0,-7.62E0));
#13706=VERTEX_POINT('',#13705);
#13707=CARTESIAN_POINT('',(-2.236E1,3.5E0,-7.62E0));
#13708=VERTEX_POINT('',#13707);
#13709=CARTESIAN_POINT('',(-2.295999936735E1,9.000000000003E-1,
-7.619999999999E0));
#13710=CARTESIAN_POINT('',(-2.276000063263E1,9.000000000030E-1,
-7.619999999999E0));
#13711=VERTEX_POINT('',#13709);
#13712=VERTEX_POINT('',#13710);
#13713=CARTESIAN_POINT('',(-2.286E1,3.5E0,-6.62E0));
#13714=CARTESIAN_POINT('',(-2.286E1,3.5E0,-8.62E0));
#13715=VERTEX_POINT('',#13713);
#13716=VERTEX_POINT('',#13714);
#13717=CARTESIAN_POINT('',(-2.286E1,4.E0,-6.62E0));
#13718=VERTEX_POINT('',#13717);
#13719=CARTESIAN_POINT('',(-2.286E1,4.E0,-8.62E0));
#13720=VERTEX_POINT('',#13719);
#13721=CARTESIAN_POINT('',(-2.286E1,4.E0,-7.12E0));
#13722=CARTESIAN_POINT('',(-2.286E1,4.E0,-8.12E0));
#13723=VERTEX_POINT('',#13721);
#13724=VERTEX_POINT('',#13722);
#13725=CARTESIAN_POINT('',(-2.286000017551E1,1.539999999999E1,
-8.119999999996E0));
#13726=CARTESIAN_POINT('',(-2.286E1,1.539999999999E1,-7.119999999995E0));
#13727=VERTEX_POINT('',#13725);
#13728=VERTEX_POINT('',#13726);
#13729=CARTESIAN_POINT('',(-2.286000000001E1,1.580000000001E1,
-7.719999367337E0));
#13730=CARTESIAN_POINT('',(-2.285999999999E1,1.580000000001E1,
-7.520000632656E0));
#13731=VERTEX_POINT('',#13729);
#13732=VERTEX_POINT('',#13730);
#13733=CARTESIAN_POINT('',(-2.286E1,3.544E0,-7.62E0));
#13734=DIRECTION('',(0.E0,-1.E0,0.E0));
#13735=DIRECTION('',(-1.E0,0.E0,0.E0));
#13736=AXIS2_PLACEMENT_3D('',#13733,#13734,#13735);
#13737=CYLINDRICAL_SURFACE('',#13736,5.E-1);
#13739=ORIENTED_EDGE('',*,*,#13738,.F.);
#13741=ORIENTED_EDGE('',*,*,#13740,.T.);
#13743=ORIENTED_EDGE('',*,*,#13742,.F.);
#13745=ORIENTED_EDGE('',*,*,#13744,.T.);
#13746=EDGE_LOOP('',(#13739,#13741,#13743,#13745));
#13747=FACE_OUTER_BOUND('',#13746,.F.);
#13749=FILL_AREA_STYLE_COLOUR('',#37);
#13750=FILL_AREA_STYLE('',(#13749));
#13751=SURFACE_STYLE_FILL_AREA(#13750);
#13752=SURFACE_SIDE_STYLE('',(#13751));
#13753=SURFACE_STYLE_USAGE(.BOTH.,#13752);
#13754=PRESENTATION_STYLE_ASSIGNMENT((#13753));
#13755=STYLED_ITEM('',(#13754),#13748);
#13756=CARTESIAN_POINT('',(-2.236866537633E1,1.318193511242E0,
-7.710423945552E0));
#13757=CARTESIAN_POINT('',(-2.235741129036E1,1.066867800351E0,
-7.712495118247E0));
#13758=CARTESIAN_POINT('',(-2.253237161697E1,8.889699363621E-1,
-7.680295875033E0));
#13759=CARTESIAN_POINT('',(-2.277954626373E1,9.004140429438E-1,
-7.634806496259E0));
#13760=CARTESIAN_POINT('',(-2.230770922085E1,1.318193511243E0,
-7.379207811026E0));
#13761=CARTESIAN_POINT('',(-2.229505892590E1,1.066867800353E0,
-7.373692433390E0));
#13762=CARTESIAN_POINT('',(-2.249172525155E1,8.889699363630E-1,
-7.459436604467E0));
#13763=CARTESIAN_POINT('',(-2.276956497966E1,9.004140429440E-1,
-7.580571410335E0));
#13764=CARTESIAN_POINT('',(-2.252322146645E1,1.318193511241E0,
-7.120413969025E0));
#13765=CARTESIAN_POINT('',(-2.251550750861E1,1.066867800350E0,
-7.108970883457E0));
#13766=CARTESIAN_POINT('',(-2.263543164867E1,8.889699363614E-1,
-7.286869470159E0));
#13767=CARTESIAN_POINT('',(-2.280485409736E1,9.004140429436E-1,
-7.538195134560E0));
#13768=CARTESIAN_POINT('',(-2.286E1,1.318193511236E0,-7.120413969025E0));
#13769=CARTESIAN_POINT('',(-2.286E1,1.066867800345E0,-7.108970883457E0));
#13770=CARTESIAN_POINT('',(-2.285999999999E1,8.889699363584E-1,
-7.286869470159E0));
#13771=CARTESIAN_POINT('',(-2.285999999999E1,9.004140429429E-1,
-7.538195134560E0));
#13772=CARTESIAN_POINT('',(-2.319677853355E1,1.318193511232E0,
-7.120413969025E0));
#13773=CARTESIAN_POINT('',(-2.320449249138E1,1.066867800341E0,
-7.108970883457E0));
#13774=CARTESIAN_POINT('',(-2.308456835132E1,8.889699363553E-1,
-7.286869470159E0));
#13775=CARTESIAN_POINT('',(-2.291514590263E1,9.004140429421E-1,
-7.538195134560E0));
#13776=CARTESIAN_POINT('',(-2.341229077915E1,1.318193511228E0,
-7.379207811026E0));
#13777=CARTESIAN_POINT('',(-2.342494107410E1,1.066867800337E0,
-7.373692433390E0));
#13778=CARTESIAN_POINT('',(-2.322827474844E1,8.889699363531E-1,
-7.459436604467E0));
#13779=CARTESIAN_POINT('',(-2.295043502033E1,9.004140429416E-1,
-7.580571410335E0));
#13780=CARTESIAN_POINT('',(-2.335133462367E1,1.318193511229E0,
-7.710423945552E0));
#13781=CARTESIAN_POINT('',(-2.336258870964E1,1.066867800338E0,
-7.712495118247E0));
#13782=CARTESIAN_POINT('',(-2.318762838302E1,8.889699363533E-1,
-7.680295875033E0));
#13783=CARTESIAN_POINT('',(-2.294045373626E1,9.004140429417E-1,
-7.634806496259E0));
#13784=(BOUNDED_SURFACE()B_SPLINE_SURFACE(3,3,((#13756,#13757,#13758,#13759),(
#13760,#13761,#13762,#13763),(#13764,#13765,#13766,#13767),(#13768,#13769,
#13770,#13771),(#13772,#13773,#13774,#13775),(#13776,#13777,#13778,#13779),(
#13780,#13781,#13782,#13783)),.UNSPECIFIED.,.F.,.F.,.F.)B_SPLINE_SURFACE_WITH_KNOTS((4,3,4),(4,4),(0.E0,1.E0,2.E0),(0.E0,1.E0),.UNSPECIFIED.)GEOMETRIC_REPRESENTATION_ITEM()RATIONAL_B_SPLINE_SURFACE(((1.456888300497E0,1.140463420795E0,
1.140463420795E0,1.456888300497E0),(1.107160079405E0,8.666934665446E-1,
8.666934665446E-1,1.107160079405E0),(1.107160079405E0,8.666934665446E-1,
8.666934665446E-1,1.107160079405E0),(1.456888300497E0,1.140463420795E0,
1.140463420795E0,1.456888300497E0),(1.107160079405E0,8.666934665446E-1,
8.666934665446E-1,1.107160079405E0),(1.107160079405E0,8.666934665446E-1,
8.666934665446E-1,1.107160079405E0),(1.456888300497E0,1.140463420795E0,
1.140463420795E0,1.456888300497E0)))REPRESENTATION_ITEM('')SURFACE());
#13786=ORIENTED_EDGE('',*,*,#13785,.F.);
#13788=ORIENTED_EDGE('',*,*,#13787,.F.);
#13789=ORIENTED_EDGE('',*,*,#13738,.T.);
#13791=ORIENTED_EDGE('',*,*,#13790,.F.);
#13792=EDGE_LOOP('',(#13786,#13788,#13789,#13791));
#13793=FACE_OUTER_BOUND('',#13792,.F.);
#13795=FILL_AREA_STYLE_COLOUR('',#37);
#13796=FILL_AREA_STYLE('',(#13795));
#13797=SURFACE_STYLE_FILL_AREA(#13796);
#13798=SURFACE_SIDE_STYLE('',(#13797));
#13799=SURFACE_STYLE_USAGE(.BOTH.,#13798);
#13800=PRESENTATION_STYLE_ASSIGNMENT((#13799));
#13801=STYLED_ITEM('',(#13800),#13794);
#13802=CARTESIAN_POINT('',(-2.286E1,9.E-1,-7.62E0));
#13803=DIRECTION('',(0.E0,1.E0,0.E0));
#13804=DIRECTION('',(-1.E0,0.E0,0.E0));
#13805=AXIS2_PLACEMENT_3D('',#13802,#13803,#13804);
#13806=PLANE('',#13805);
#13807=ORIENTED_EDGE('',*,*,#13785,.T.);
#13809=ORIENTED_EDGE('',*,*,#13808,.T.);
#13810=EDGE_LOOP('',(#13807,#13809));
#13811=FACE_OUTER_BOUND('',#13810,.F.);
#13813=FILL_AREA_STYLE_COLOUR('',#19);
#13814=FILL_AREA_STYLE('',(#13813));
#13815=SURFACE_STYLE_FILL_AREA(#13814);
#13816=SURFACE_SIDE_STYLE('',(#13815));
#13817=SURFACE_STYLE_USAGE(.BOTH.,#13816);
#13818=PRESENTATION_STYLE_ASSIGNMENT((#13817));
#13819=STYLED_ITEM('',(#13818),#13812);
#13820=CARTESIAN_POINT('',(-2.335133462174E1,1.318193511234E0,
-7.529576043964E0));
#13821=CARTESIAN_POINT('',(-2.336258870766E1,1.066867800346E0,
-7.527504871028E0));
#13822=CARTESIAN_POINT('',(-2.318762838174E1,8.889699363597E-1,
-7.559704117975E0));
#13823=CARTESIAN_POINT('',(-2.294045373595E1,9.004140429431E-1,
-7.605193502024E0));
#13824=CARTESIAN_POINT('',(-2.341229078478E1,1.318193511234E0,
-7.860792179851E0));
#13825=CARTESIAN_POINT('',(-2.342494107986E1,1.066867800345E0,
-7.866307557277E0));
#13826=CARTESIAN_POINT('',(-2.322827475220E1,8.889699363593E-1,
-7.780563389450E0));
#13827=CARTESIAN_POINT('',(-2.295043502126E1,9.004140429430E-1,
-7.659428588173E0));
#13828=CARTESIAN_POINT('',(-2.319677854159E1,1.318193511232E0,
-8.119586027382E0));
#13829=CARTESIAN_POINT('',(-2.320449249961E1,1.066867800344E0,
-8.131029112867E0));
#13830=CARTESIAN_POINT('',(-2.308456835669E1,8.889699363582E-1,
-7.953130527444E0));
#13831=CARTESIAN_POINT('',(-2.291514590395E1,9.004140429427E-1,
-7.701804864854E0));
#13832=CARTESIAN_POINT('',(-2.286000000533E1,1.318193511231E0,
-8.119586030976E0));
#13833=CARTESIAN_POINT('',(-2.286000000545E1,1.066867800342E0,
-8.131029116543E0));
#13834=CARTESIAN_POINT('',(-2.286000000356E1,8.889699363572E-1,
-7.953130529841E0));
#13835=CARTESIAN_POINT('',(-2.286000000087E1,9.004140429425E-1,
-7.701804865442E0));
#13836=CARTESIAN_POINT('',(-2.252322146907E1,1.318193511229E0,
-8.119586034569E0));
#13837=CARTESIAN_POINT('',(-2.251550751130E1,1.066867800340E0,
-8.131029120219E0));
#13838=CARTESIAN_POINT('',(-2.263543165042E1,8.889699363561E-1,
-7.953130532237E0));
#13839=CARTESIAN_POINT('',(-2.280485409780E1,9.004140429422E-1,
-7.701804866030E0));
#13840=CARTESIAN_POINT('',(-2.230770922036E1,1.318193511229E0,
-7.860792191638E0));
#13841=CARTESIAN_POINT('',(-2.229505892540E1,1.066867800340E0,
-7.866307569334E0));
#13842=CARTESIAN_POINT('',(-2.249172525123E1,8.889699363559E-1,
-7.780563397309E0));
#13843=CARTESIAN_POINT('',(-2.276956497958E1,9.004140429422E-1,
-7.659428590103E0));
#13844=CARTESIAN_POINT('',(-2.236866537633E1,1.318193511230E0,
-7.529576054450E0));
#13845=CARTESIAN_POINT('',(-2.235741129036E1,1.066867800341E0,
-7.527504881754E0));
#13846=CARTESIAN_POINT('',(-2.253237161697E1,8.889699363566E-1,
-7.559704124967E0));
#13847=CARTESIAN_POINT('',(-2.277954626374E1,9.004140429423E-1,
-7.605193503741E0));
#13848=(BOUNDED_SURFACE()B_SPLINE_SURFACE(3,3,((#13820,#13821,#13822,#13823),(
#13824,#13825,#13826,#13827),(#13828,#13829,#13830,#13831),(#13832,#13833,
#13834,#13835),(#13836,#13837,#13838,#13839),(#13840,#13841,#13842,#13843),(
#13844,#13845,#13846,#13847)),.UNSPECIFIED.,.F.,.F.,.F.)B_SPLINE_SURFACE_WITH_KNOTS((4,3,4),(4,4),(0.E0,1.E0,2.E0),(0.E0,1.E0),.UNSPECIFIED.)GEOMETRIC_REPRESENTATION_ITEM()RATIONAL_B_SPLINE_SURFACE(((1.456888304140E0,1.140463423647E0,
1.140463423647E0,1.456888304140E0),(1.107160078191E0,8.666934655941E-1,
8.666934655941E-1,1.107160078191E0),(1.107160078191E0,8.666934655941E-1,
8.666934655941E-1,1.107160078191E0),(1.456888304140E0,1.140463423647E0,
1.140463423647E0,1.456888304140E0),(1.107160078191E0,8.666934655941E-1,
8.666934655941E-1,1.107160078191E0),(1.107160078191E0,8.666934655941E-1,
8.666934655941E-1,1.107160078191E0),(1.456888304140E0,1.140463423647E0,
1.140463423647E0,1.456888304140E0)))REPRESENTATION_ITEM('')SURFACE());
#13849=ORIENTED_EDGE('',*,*,#13808,.F.);
#13850=ORIENTED_EDGE('',*,*,#13790,.T.);
#13852=ORIENTED_EDGE('',*,*,#13851,.T.);
#13853=ORIENTED_EDGE('',*,*,#13787,.T.);
#13854=EDGE_LOOP('',(#13849,#13850,#13852,#13853));
#13855=FACE_OUTER_BOUND('',#13854,.F.);
#13857=FILL_AREA_STYLE_COLOUR('',#37);
#13858=FILL_AREA_STYLE('',(#13857));
#13859=SURFACE_STYLE_FILL_AREA(#13858);
#13860=SURFACE_SIDE_STYLE('',(#13859));
#13861=SURFACE_STYLE_USAGE(.BOTH.,#13860);
#13862=PRESENTATION_STYLE_ASSIGNMENT((#13861));
#13863=STYLED_ITEM('',(#13862),#13856);
#13864=CARTESIAN_POINT('',(-2.286E1,3.544E0,-7.62E0));
#13865=DIRECTION('',(0.E0,-1.E0,0.E0));
#13866=DIRECTION('',(-1.E0,0.E0,0.E0));
#13867=AXIS2_PLACEMENT_3D('',#13864,#13865,#13866);
#13868=CYLINDRICAL_SURFACE('',#13867,5.E-1);
#13869=ORIENTED_EDGE('',*,*,#13851,.F.);
#13870=ORIENTED_EDGE('',*,*,#13744,.F.);
#13872=ORIENTED_EDGE('',*,*,#13871,.F.);
#13873=ORIENTED_EDGE('',*,*,#13740,.F.);
#13874=EDGE_LOOP('',(#13869,#13870,#13872,#13873));
#13875=FACE_OUTER_BOUND('',#13874,.F.);
#13877=FILL_AREA_STYLE_COLOUR('',#37);
#13878=FILL_AREA_STYLE('',(#13877));
#13879=SURFACE_STYLE_FILL_AREA(#13878);
#13880=SURFACE_SIDE_STYLE('',(#13879));
#13881=SURFACE_STYLE_USAGE(.BOTH.,#13880);
#13882=PRESENTATION_STYLE_ASSIGNMENT((#13881));
#13883=STYLED_ITEM('',(#13882),#13876);
#13884=CARTESIAN_POINT('',(-2.286E1,3.5E0,-7.62E0));
#13885=DIRECTION('',(0.E0,1.E0,0.E0));
#13886=DIRECTION('',(0.E0,0.E0,1.E0));
#13887=AXIS2_PLACEMENT_3D('',#13884,#13885,#13886);
#13888=PLANE('',#13887);
#13890=ORIENTED_EDGE('',*,*,#13889,.T.);
#13892=ORIENTED_EDGE('',*,*,#13891,.T.);
#13893=EDGE_LOOP('',(#13890,#13892));
#13894=FACE_OUTER_BOUND('',#13893,.F.);
#13895=ORIENTED_EDGE('',*,*,#13871,.T.);
#13896=ORIENTED_EDGE('',*,*,#13742,.T.);
#13897=EDGE_LOOP('',(#13895,#13896));
#13898=FACE_BOUND('',#13897,.F.);
#13900=FILL_AREA_STYLE_COLOUR('',#19);
#13901=FILL_AREA_STYLE('',(#13900));
#13902=SURFACE_STYLE_FILL_AREA(#13901);
#13903=SURFACE_SIDE_STYLE('',(#13902));
#13904=SURFACE_STYLE_USAGE(.BOTH.,#13903);
#13905=PRESENTATION_STYLE_ASSIGNMENT((#13904));
#13906=STYLED_ITEM('',(#13905),#13899);
#13907=CARTESIAN_POINT('',(-2.286E1,3.481800209877E0,-7.62E0));
#13908=DIRECTION('',(0.E0,1.E0,0.E0));
#13909=DIRECTION('',(0.E0,0.E0,1.E0));
#13910=AXIS2_PLACEMENT_3D('',#13907,#13908,#13909);
#13911=CYLINDRICAL_SURFACE('',#13910,1.E0);
#13912=ORIENTED_EDGE('',*,*,#13889,.F.);
#13914=ORIENTED_EDGE('',*,*,#13913,.F.);
#13916=ORIENTED_EDGE('',*,*,#13915,.F.);
#13918=ORIENTED_EDGE('',*,*,#13917,.F.);
#13919=EDGE_LOOP('',(#13912,#13914,#13916,#13918));
#13920=FACE_OUTER_BOUND('',#13919,.F.);
#13922=FILL_AREA_STYLE_COLOUR('',#37);
#13923=FILL_AREA_STYLE('',(#13922));
#13924=SURFACE_STYLE_FILL_AREA(#13923);
#13925=SURFACE_SIDE_STYLE('',(#13924));
#13926=SURFACE_STYLE_USAGE(.BOTH.,#13925);
#13927=PRESENTATION_STYLE_ASSIGNMENT((#13926));
#13928=STYLED_ITEM('',(#13927),#13921);
#13929=CARTESIAN_POINT('',(-2.286E1,3.481800209877E0,-7.62E0));
#13930=DIRECTION('',(0.E0,1.E0,0.E0));
#13931=DIRECTION('',(0.E0,0.E0,1.E0));
#13932=AXIS2_PLACEMENT_3D('',#13929,#13930,#13931);
#13933=CYLINDRICAL_SURFACE('',#13932,1.E0);
#13934=ORIENTED_EDGE('',*,*,#13891,.F.);
#13935=ORIENTED_EDGE('',*,*,#13917,.T.);
#13937=ORIENTED_EDGE('',*,*,#13936,.F.);
#13938=ORIENTED_EDGE('',*,*,#13913,.T.);
#13939=EDGE_LOOP('',(#13934,#13935,#13937,#13938));
#13940=FACE_OUTER_BOUND('',#13939,.F.);
#13942=FILL_AREA_STYLE_COLOUR('',#37);
#13943=FILL_AREA_STYLE('',(#13942));
#13944=SURFACE_STYLE_FILL_AREA(#13943);
#13945=SURFACE_SIDE_STYLE('',(#13944));
#13946=SURFACE_STYLE_USAGE(.BOTH.,#13945);
#13947=PRESENTATION_STYLE_ASSIGNMENT((#13946));
#13948=STYLED_ITEM('',(#13947),#13941);
#13949=CARTESIAN_POINT('',(-2.286E1,4.E0,-7.62E0));
#13950=DIRECTION('',(0.E0,1.E0,0.E0));
#13951=DIRECTION('',(0.E0,0.E0,1.E0));
#13952=AXIS2_PLACEMENT_3D('',#13949,#13950,#13951);
#13953=PLANE('',#13952);
#13954=ORIENTED_EDGE('',*,*,#13915,.T.);
#13955=ORIENTED_EDGE('',*,*,#13936,.T.);
#13956=EDGE_LOOP('',(#13954,#13955));
#13957=FACE_OUTER_BOUND('',#13956,.F.);
#13959=ORIENTED_EDGE('',*,*,#13958,.T.);
#13961=ORIENTED_EDGE('',*,*,#13960,.T.);
#13962=EDGE_LOOP('',(#13959,#13961));
#13963=FACE_BOUND('',#13962,.F.);
#13965=FILL_AREA_STYLE_COLOUR('',#37);
#13966=FILL_AREA_STYLE('',(#13965));
#13967=SURFACE_STYLE_FILL_AREA(#13966);
#13968=SURFACE_SIDE_STYLE('',(#13967));
#13969=SURFACE_STYLE_USAGE(.BOTH.,#13968);
#13970=PRESENTATION_STYLE_ASSIGNMENT((#13969));
#13971=STYLED_ITEM('',(#13970),#13964);
#13972=CARTESIAN_POINT('',(-2.286E1,3.772E0,-7.62E0));
#13973=DIRECTION('',(0.E0,1.E0,0.E0));
#13974=DIRECTION('',(0.E0,0.E0,1.E0));
#13975=AXIS2_PLACEMENT_3D('',#13972,#13973,#13974);
#13976=CYLINDRICAL_SURFACE('',#13975,5.E-1);
#13978=ORIENTED_EDGE('',*,*,#13977,.F.);
#13980=ORIENTED_EDGE('',*,*,#13979,.F.);
#13981=ORIENTED_EDGE('',*,*,#13958,.F.);
#13983=ORIENTED_EDGE('',*,*,#13982,.F.);
#13984=EDGE_LOOP('',(#13978,#13980,#13981,#13983));
#13985=FACE_OUTER_BOUND('',#13984,.F.);
#13987=FILL_AREA_STYLE_COLOUR('',#37);
#13988=FILL_AREA_STYLE('',(#13987));
#13989=SURFACE_STYLE_FILL_AREA(#13988);
#13990=SURFACE_SIDE_STYLE('',(#13989));
#13991=SURFACE_STYLE_USAGE(.BOTH.,#13990);
#13992=PRESENTATION_STYLE_ASSIGNMENT((#13991));
#13993=STYLED_ITEM('',(#13992),#13986);
#13994=CARTESIAN_POINT('',(-2.295042395611E1,1.538180648876E1,
-7.128665378270E0));
#13995=CARTESIAN_POINT('',(-2.295249512904E1,1.563313219966E1,
-7.117411292347E0));
#13996=CARTESIAN_POINT('',(-2.292029588207E1,1.581103006366E1,
-7.292371618273E0));
#13997=CARTESIAN_POINT('',(-2.287480649798E1,1.579958595707E1,
-7.539546264075E0));
#13998=CARTESIAN_POINT('',(-2.261920782021E1,1.538180648876E1,
-7.067709215180E0));
#13999=CARTESIAN_POINT('',(-2.261369244278E1,1.563313219966E1,
-7.055058920102E0));
#14000=CARTESIAN_POINT('',(-2.269943661059E1,1.581103006365E1,
-7.251725247783E0));
#14001=CARTESIAN_POINT('',(-2.282057141185E1,1.579958595707E1,
-7.529564978753E0));
#14002=CARTESIAN_POINT('',(-2.236041397264E1,1.538180648876E1,
-7.283221458357E0));
#14003=CARTESIAN_POINT('',(-2.234897088716E1,1.563313219966E1,
-7.275507500339E0));
#14004=CARTESIAN_POINT('',(-2.252686947258E1,1.581103006365E1,
-7.395431643285E0));
#14005=CARTESIAN_POINT('',(-2.277819513517E1,1.579958595707E1,
-7.564854096055E0));
#14006=CARTESIAN_POINT('',(-2.236041396903E1,1.538180648876E1,
-7.619999994635E0));
#14007=CARTESIAN_POINT('',(-2.234897088346E1,1.563313219966E1,
-7.619999994513E0));
#14008=CARTESIAN_POINT('',(-2.252686947017E1,1.581103006365E1,
-7.619999996422E0));
#14009=CARTESIAN_POINT('',(-2.277819513458E1,1.579958595707E1,
-7.619999999119E0));
#14010=CARTESIAN_POINT('',(-2.236041396542E1,1.538180648876E1,
-7.956778530913E0));
#14011=CARTESIAN_POINT('',(-2.234897087976E1,1.563313219966E1,
-7.964492488686E0));
#14012=CARTESIAN_POINT('',(-2.252686946776E1,1.581103006365E1,
-7.844568349558E0));
#14013=CARTESIAN_POINT('',(-2.277819513399E1,1.579958595707E1,
-7.675145902183E0));
#14014=CARTESIAN_POINT('',(-2.261920780836E1,1.538180648876E1,
-8.172290779644E0));
#14015=CARTESIAN_POINT('',(-2.261369243066E1,1.563313219966E1,
-8.184941074604E0));
#14016=CARTESIAN_POINT('',(-2.269943660269E1,1.581103006365E1,
-7.988274748764E0));
#14017=CARTESIAN_POINT('',(-2.282057140991E1,1.579958595707E1,
-7.710435020394E0));
#14018=CARTESIAN_POINT('',(-2.295042394556E1,1.538180648876E1,
-8.111334623663E0));
#14019=CARTESIAN_POINT('',(-2.295249511826E1,1.563313219966E1,
-8.122588709631E0));
#14020=CARTESIAN_POINT('',(-2.292029587504E1,1.581103006365E1,
-7.947628383014E0));
#14021=CARTESIAN_POINT('',(-2.287480649626E1,1.579958595707E1,
-7.700453736236E0));
#14022=(BOUNDED_SURFACE()B_SPLINE_SURFACE(3,3,((#13994,#13995,#13996,#13997),(
#13998,#13999,#14000,#14001),(#14002,#14003,#14004,#14005),(#14006,#14007,
#14008,#14009),(#14010,#14011,#14012,#14013),(#14014,#14015,#14016,#14017),(
#14018,#14019,#14020,#14021)),.UNSPECIFIED.,.F.,.F.,.F.)B_SPLINE_SURFACE_WITH_KNOTS((4,3,4),(4,4),(0.E0,1.E0,2.E0),(0.E0,1.E0),.UNSPECIFIED.)GEOMETRIC_REPRESENTATION_ITEM()RATIONAL_B_SPLINE_SURFACE(((1.456888304168E0,1.140463423667E0,
1.140463423667E0,1.456888304168E0),(1.107160078184E0,8.666934655868E-1,
8.666934655868E-1,1.107160078184E0),(1.107160078184E0,8.666934655868E-1,
8.666934655868E-1,1.107160078184E0),(1.456888304168E0,1.140463423667E0,
1.140463423667E0,1.456888304168E0),(1.107160078184E0,8.666934655868E-1,
8.666934655868E-1,1.107160078184E0),(1.107160078184E0,8.666934655868E-1,
8.666934655868E-1,1.107160078184E0),(1.456888304168E0,1.140463423667E0,
1.140463423667E0,1.456888304168E0)))REPRESENTATION_ITEM('')SURFACE());
#14024=ORIENTED_EDGE('',*,*,#14023,.F.);
#14026=ORIENTED_EDGE('',*,*,#14025,.F.);
#14027=ORIENTED_EDGE('',*,*,#13977,.T.);
#14029=ORIENTED_EDGE('',*,*,#14028,.F.);
#14030=EDGE_LOOP('',(#14024,#14026,#14027,#14029));
#14031=FACE_OUTER_BOUND('',#14030,.F.);
#14033=FILL_AREA_STYLE_COLOUR('',#37);
#14034=FILL_AREA_STYLE('',(#14033));
#14035=SURFACE_STYLE_FILL_AREA(#14034);
#14036=SURFACE_SIDE_STYLE('',(#14035));
#14037=SURFACE_STYLE_USAGE(.BOTH.,#14036);
#14038=PRESENTATION_STYLE_ASSIGNMENT((#14037));
#14039=STYLED_ITEM('',(#14038),#14032);
#14040=CARTESIAN_POINT('',(-2.286E1,1.58E1,-7.62E0));
#14041=DIRECTION('',(0.E0,1.E0,0.E0));
#14042=DIRECTION('',(0.E0,0.E0,1.E0));
#14043=AXIS2_PLACEMENT_3D('',#14040,#14041,#14042);
#14044=PLANE('',#14043);
#14046=ORIENTED_EDGE('',*,*,#14045,.T.);
#14047=ORIENTED_EDGE('',*,*,#14023,.T.);
#14048=EDGE_LOOP('',(#14046,#14047));
#14049=FACE_OUTER_BOUND('',#14048,.F.);
#14051=FILL_AREA_STYLE_COLOUR('',#19);
#14052=FILL_AREA_STYLE('',(#14051));
#14053=SURFACE_STYLE_FILL_AREA(#14052);
#14054=SURFACE_SIDE_STYLE('',(#14053));
#14055=SURFACE_STYLE_USAGE(.BOTH.,#14054);
#14056=PRESENTATION_STYLE_ASSIGNMENT((#14055));
#14057=STYLED_ITEM('',(#14056),#14050);
#14058=CARTESIAN_POINT('',(-2.276957605443E1,1.538180648876E1,
-8.111334623663E0));
#14059=CARTESIAN_POINT('',(-2.276750488173E1,1.563313219966E1,
-8.122588709630E0));
#14060=CARTESIAN_POINT('',(-2.279970412495E1,1.581103006365E1,
-7.947628383016E0));
#14061=CARTESIAN_POINT('',(-2.284519350374E1,1.579958595707E1,
-7.700453736242E0));
#14062=CARTESIAN_POINT('',(-2.310079218895E1,1.538180648876E1,
-8.172290779160E0));
#14063=CARTESIAN_POINT('',(-2.310630756659E1,1.563313219966E1,
-8.184941074109E0));
#14064=CARTESIAN_POINT('',(-2.302056339551E1,1.581103006365E1,
-7.988274748444E0));
#14065=CARTESIAN_POINT('',(-2.289942858965E1,1.579958595707E1,
-7.710435020321E0));
#14066=CARTESIAN_POINT('',(-2.335958603096E1,1.538180648876E1,
-7.956778533566E0));
#14067=CARTESIAN_POINT('',(-2.337102911653E1,1.563313219966E1,
-7.964492491399E0));
#14068=CARTESIAN_POINT('',(-2.319313052982E1,1.581103006365E1,
-7.844568351329E0));
#14069=CARTESIAN_POINT('',(-2.294180486542E1,1.579958595707E1,
-7.675145902622E0));
#14070=CARTESIAN_POINT('',(-2.335958603097E1,1.538180648876E1,
-7.620000000010E0));
#14071=CARTESIAN_POINT('',(-2.337102911654E1,1.563313219966E1,
-7.620000000010E0));
#14072=CARTESIAN_POINT('',(-2.319313052983E1,1.581103006365E1,
-7.620000000007E0));
#14073=CARTESIAN_POINT('',(-2.294180486542E1,1.579958595707E1,
-7.620000000002E0));
#14074=CARTESIAN_POINT('',(-2.335958603098E1,1.538180648876E1,
-7.283221466454E0));
#14075=CARTESIAN_POINT('',(-2.337102911654E1,1.563313219966E1,
-7.275507508621E0));
#14076=CARTESIAN_POINT('',(-2.319313052983E1,1.581103006365E1,
-7.395431648685E0));
#14077=CARTESIAN_POINT('',(-2.294180486542E1,1.579958595707E1,
-7.564854097382E0));
#14078=CARTESIAN_POINT('',(-2.310079218897E1,1.538180648876E1,
-7.067709220850E0));
#14079=CARTESIAN_POINT('',(-2.310630756661E1,1.563313219966E1,
-7.055058925902E0));
#14080=CARTESIAN_POINT('',(-2.302056339553E1,1.581103006365E1,
-7.251725251564E0));
#14081=CARTESIAN_POINT('',(-2.289942858966E1,1.579958595707E1,
-7.529564979682E0));
#14082=CARTESIAN_POINT('',(-2.276957605444E1,1.538180648876E1,
-7.128665376336E0));
#14083=CARTESIAN_POINT('',(-2.276750488175E1,1.563313219966E1,
-7.117411290368E0));
#14084=CARTESIAN_POINT('',(-2.279970412496E1,1.581103006365E1,
-7.292371616983E0));
#14085=CARTESIAN_POINT('',(-2.284519350374E1,1.579958595707E1,
-7.539546263760E0));
#14086=(BOUNDED_SURFACE()B_SPLINE_SURFACE(3,3,((#14058,#14059,#14060,#14061),(
#14062,#14063,#14064,#14065),(#14066,#14067,#14068,#14069),(#14070,#14071,
#14072,#14073),(#14074,#14075,#14076,#14077),(#14078,#14079,#14080,#14081),(
#14082,#14083,#14084,#14085)),.UNSPECIFIED.,.F.,.F.,.F.)B_SPLINE_SURFACE_WITH_KNOTS((4,3,4),(4,4),(0.E0,1.E0,2.E0),(0.E0,1.E0),.UNSPECIFIED.)GEOMETRIC_REPRESENTATION_ITEM()RATIONAL_B_SPLINE_SURFACE(((1.456888300506E0,1.140463420803E0,
1.140463420803E0,1.456888300506E0),(1.107160079402E0,8.666934665423E-1,
8.666934665423E-1,1.107160079402E0),(1.107160079402E0,8.666934665423E-1,
8.666934665423E-1,1.107160079402E0),(1.456888300506E0,1.140463420803E0,
1.140463420803E0,1.456888300506E0),(1.107160079402E0,8.666934665423E-1,
8.666934665423E-1,1.107160079402E0),(1.107160079402E0,8.666934665423E-1,
8.666934665423E-1,1.107160079402E0),(1.456888300506E0,1.140463420803E0,
1.140463420803E0,1.456888300506E0)))REPRESENTATION_ITEM('')SURFACE());
#14087=ORIENTED_EDGE('',*,*,#14045,.F.);
#14088=ORIENTED_EDGE('',*,*,#14028,.T.);
#14090=ORIENTED_EDGE('',*,*,#14089,.T.);
#14091=ORIENTED_EDGE('',*,*,#14025,.T.);
#14092=EDGE_LOOP('',(#14087,#14088,#14090,#14091));
#14093=FACE_OUTER_BOUND('',#14092,.F.);
#14095=FILL_AREA_STYLE_COLOUR('',#37);
#14096=FILL_AREA_STYLE('',(#14095));
#14097=SURFACE_STYLE_FILL_AREA(#14096);
#14098=SURFACE_SIDE_STYLE('',(#14097));
#14099=SURFACE_STYLE_USAGE(.BOTH.,#14098);
#14100=PRESENTATION_STYLE_ASSIGNMENT((#14099));
#14101=STYLED_ITEM('',(#14100),#14094);
#14102=CARTESIAN_POINT('',(-2.286E1,3.772E0,-7.62E0));
#14103=DIRECTION('',(0.E0,1.E0,0.E0));
#14104=DIRECTION('',(0.E0,0.E0,1.E0));
#14105=AXIS2_PLACEMENT_3D('',#14102,#14103,#14104);
#14106=CYLINDRICAL_SURFACE('',#14105,5.E-1);
#14107=ORIENTED_EDGE('',*,*,#14089,.F.);
#14108=ORIENTED_EDGE('',*,*,#13982,.T.);
#14109=ORIENTED_EDGE('',*,*,#13960,.F.);
#14110=ORIENTED_EDGE('',*,*,#13979,.T.);
#14111=EDGE_LOOP('',(#14107,#14108,#14109,#14110));
#14112=FACE_OUTER_BOUND('',#14111,.F.);
#14114=FILL_AREA_STYLE_COLOUR('',#37);
#14115=FILL_AREA_STYLE('',(#14114));
#14116=SURFACE_STYLE_FILL_AREA(#14115);
#14117=SURFACE_SIDE_STYLE('',(#14116));
#14118=SURFACE_STYLE_USAGE(.BOTH.,#14117);
#14119=PRESENTATION_STYLE_ASSIGNMENT((#14118));
#14120=STYLED_ITEM('',(#14119),#14113);
#14121=CLOSED_SHELL('',(#13748,#13794,#13812,#13856,#13876,#13899,#13921,#13941,
#13964,#13986,#14032,#14050,#14094,#14113));
#14122=MANIFOLD_SOLID_BREP('',#14121);
#14125=PLANE_ANGLE_MEASURE_WITH_UNIT(PLANE_ANGLE_MEASURE(1.745329251994E-2),
#14124);
#14126=(CONVERSION_BASED_UNIT('DEGREE',#14125)NAMED_UNIT(*)PLANE_ANGLE_UNIT());
#14128=UNCERTAINTY_MEASURE_WITH_UNIT(LENGTH_MEASURE(1.516588510976E-3),#14123,
'distance_accuracy_value',
'Maximum model space distance between geometric entities at asserted connectivities');
#14130=CARTESIAN_POINT('',(0.E0,0.E0,0.E0));
#14131=DIRECTION('',(0.E0,0.E0,1.E0));
#14132=DIRECTION('',(1.E0,0.E0,0.E0));
#14135=PRODUCT_DEFINITION_CONTEXT('part definition',#11612,'design');
#14136=PRODUCT_CONTEXT('',#11612,'mechanical');
#14137=PRODUCT('MANIFOLD_SOLID_BREP_13746','MANIFOLD_SOLID_BREP_13746',
'NOT SPECIFIED',(#14136));
#14138=PRODUCT_DEFINITION_FORMATION('1','LAST_VERSION',#14137);
#14146=DERIVED_UNIT_ELEMENT(#14145,2.E0);
#14147=DERIVED_UNIT((#14146));
#14148=MEASURE_REPRESENTATION_ITEM('surface area measure',AREA_MEASURE(
5.344266119374E1),#14147);
#14153=DERIVED_UNIT_ELEMENT(#14152,3.E0);
#14154=DERIVED_UNIT((#14153));
#14155=MEASURE_REPRESENTATION_ITEM('volume measure',VOLUME_MEASURE(
1.270334025045E1),#14154);
#14159=CARTESIAN_POINT('centre point',(-2.286000000062E1,7.923399814506E0,
-7.620000000725E0));
#14164=DERIVED_UNIT_ELEMENT(#14163,2.E0);
#14165=DERIVED_UNIT((#14164));
#14166=MEASURE_REPRESENTATION_ITEM('surface area measure',AREA_MEASURE(
5.344266119374E1),#14165);
#14171=DERIVED_UNIT_ELEMENT(#14170,3.E0);
#14172=DERIVED_UNIT((#14171));
#14173=MEASURE_REPRESENTATION_ITEM('volume measure',VOLUME_MEASURE(
1.270334025045E1),#14172);
#14177=CARTESIAN_POINT('centre point',(-2.286000000062E1,7.923399814506E0,
-7.620000000725E0));
#14183=GENERAL_PROPERTY('','DESCRIPTION','user defined attribute');
#14184=GENERAL_PROPERTY_ASSOCIATION('user defined attribute','',#14183,#14182);
#14185=DESCRIPTIVE_REPRESENTATION_ITEM('DESCRIPTION','');
#14189=GENERAL_PROPERTY('','MODELED_BY','user defined attribute');
#14190=GENERAL_PROPERTY_ASSOCIATION('user defined attribute','',#14189,#14188);
#14191=DESCRIPTIVE_REPRESENTATION_ITEM('MODELED_BY','');
#14196=CARTESIAN_POINT('centre point',(-2.286000000062E1,7.923399814506E0,
-7.620000000725E0));
#14200=CARTESIAN_POINT('',(0.E0,0.E0,0.E0));
#14201=DIRECTION('',(0.E0,0.E0,1.E0));
#14202=DIRECTION('',(1.E0,0.E0,0.E0));
#14203=AXIS2_PLACEMENT_3D('',#14200,#14201,#14202);
#14204=ITEM_DEFINED_TRANSFORMATION('','',#14133,#14203);
#14205=(REPRESENTATION_RELATIONSHIP('','',#14134,#11675)REPRESENTATION_RELATIONSHIP_WITH_TRANSFORMATION(#14204)SHAPE_REPRESENTATION_RELATIONSHIP());
#14206=CONTEXT_DEPENDENT_SHAPE_REPRESENTATION(#14205,#14195);
#14207=DIRECTION('',(1.711762045240E-13,1.E0,1.260827402079E-8));
#14208=VECTOR('',#14207,2.2E0);
#14209=CARTESIAN_POINT('',(-2.336E1,1.3E0,-2.540000027738E0));
#14210=LINE('',#14209,#14208);
#14211=DIRECTION('',(4.586230385365E-13,-1.E0,3.485074249393E-9));
#14212=VECTOR('',#14211,2.199999999998E0);
#14213=CARTESIAN_POINT('',(-2.236E1,3.5E0,-2.540000030807E0));
#14214=LINE('',#14213,#14212);
#14215=CARTESIAN_POINT('',(-2.286E1,1.300000000003E0,-2.540000000001E0));
#14216=DIRECTION('',(-1.338498165232E-11,1.E0,-1.628477755031E-12));
#14217=DIRECTION('',(-1.E0,-1.338484878479E-11,2.294164858070E-12));
#14218=AXIS2_PLACEMENT_3D('',#14215,#14216,#14217);
#14220=CARTESIAN_POINT('',(-2.285999999999E1,9.000000000040E-1,-2.54E0));
#14221=DIRECTION('',(-1.338498165232E-11,1.E0,-1.628477755031E-12));
#14222=DIRECTION('',(-1.E0,-1.338464835999E-11,1.212345388944E-11));
#14223=AXIS2_PLACEMENT_3D('',#14220,#14221,#14222);
#14225=CARTESIAN_POINT('',(-2.286E1,9.000000000039E-1,-2.54E0));
#14226=DIRECTION('',(4.694097758643E-12,1.E0,-2.499054309459E-12));
#14227=DIRECTION('',(1.E0,-4.693952659516E-12,8.957145235802E-12));
#14228=AXIS2_PLACEMENT_3D('',#14225,#14226,#14227);
#14230=CARTESIAN_POINT('',(-2.276E1,1.299999999999E0,-2.540000177359E0));
#14231=DIRECTION('',(1.773581407322E-6,2.499046286233E-12,9.999999999984E-1));
#14232=DIRECTION('',(6.766090994173E-6,-9.999999999771E-1,-9.501288644776E-12));
#14233=AXIS2_PLACEMENT_3D('',#14230,#14231,#14232);
#14235=CARTESIAN_POINT('',(-2.286E1,1.3E0,-2.540000000001E0));
#14236=DIRECTION('',(4.694097758643E-12,1.E0,-2.499054309459E-12));
#14237=DIRECTION('',(1.E0,-4.694022948104E-12,-9.241979270747E-8));
#14238=AXIS2_PLACEMENT_3D('',#14235,#14236,#14237);
#14240=CARTESIAN_POINT('',(-2.296E1,1.3E0,-2.540000199522E0));
#14241=DIRECTION('',(-1.995203576521E-6,2.499063977283E-12,9.999999999980E-1));
#14242=DIRECTION('',(-9.999999999980E-1,4.694022948132E-12,-1.995203576806E-6));
#14243=AXIS2_PLACEMENT_3D('',#14240,#14241,#14242);
#14245=CARTESIAN_POINT('',(-2.286E1,3.5E0,-2.54E0));
#14246=DIRECTION('',(0.E0,1.E0,0.E0));
#14247=DIRECTION('',(0.E0,0.E0,1.E0));
#14248=AXIS2_PLACEMENT_3D('',#14245,#14246,#14247);
#14250=CARTESIAN_POINT('',(-2.286E1,3.5E0,-2.54E0));
#14251=DIRECTION('',(0.E0,1.E0,0.E0));
#14252=DIRECTION('',(0.E0,0.E0,-1.E0));
#14253=AXIS2_PLACEMENT_3D('',#14250,#14251,#14252);
#14255=CARTESIAN_POINT('',(-2.286E1,3.5E0,-2.54E0));
#14256=DIRECTION('',(0.E0,-1.E0,0.E0));
#14257=DIRECTION('',(-1.E0,0.E0,0.E0));
#14258=AXIS2_PLACEMENT_3D('',#14255,#14256,#14257);
#14260=CARTESIAN_POINT('',(-2.286E1,3.5E0,-2.54E0));
#14261=DIRECTION('',(0.E0,-1.E0,0.E0));
#14262=DIRECTION('',(1.E0,0.E0,0.E0));
#14263=AXIS2_PLACEMENT_3D('',#14260,#14261,#14262);
#14265=DIRECTION('',(0.E0,1.E0,0.E0));
#14266=VECTOR('',#14265,5.E-1);
#14267=CARTESIAN_POINT('',(-2.286E1,3.5E0,-3.54E0));
#14268=LINE('',#14267,#14266);
#14269=DIRECTION('',(0.E0,-1.E0,0.E0));
#14270=VECTOR('',#14269,5.E-1);
#14271=CARTESIAN_POINT('',(-2.286E1,4.E0,-1.54E0));
#14272=LINE('',#14271,#14270);
#14273=CARTESIAN_POINT('',(-2.286E1,4.E0,-2.54E0));
#14274=DIRECTION('',(0.E0,-1.E0,0.E0));
#14275=DIRECTION('',(0.E0,0.E0,-1.E0));
#14276=AXIS2_PLACEMENT_3D('',#14273,#14274,#14275);
#14278=CARTESIAN_POINT('',(-2.286E1,4.E0,-2.54E0));
#14279=DIRECTION('',(0.E0,-1.E0,0.E0));
#14280=DIRECTION('',(0.E0,0.E0,1.E0));
#14281=AXIS2_PLACEMENT_3D('',#14278,#14279,#14280);
#14283=CARTESIAN_POINT('',(-2.286E1,4.E0,-2.54E0));
#14284=DIRECTION('',(0.E0,1.E0,0.E0));
#14285=DIRECTION('',(0.E0,0.E0,1.E0));
#14286=AXIS2_PLACEMENT_3D('',#14283,#14284,#14285);
#14288=CARTESIAN_POINT('',(-2.286E1,4.E0,-2.54E0));
#14289=DIRECTION('',(0.E0,1.E0,0.E0));
#14290=DIRECTION('',(0.E0,0.E0,-1.E0));
#14291=AXIS2_PLACEMENT_3D('',#14288,#14289,#14290);
#14293=CARTESIAN_POINT('',(-2.286E1,1.539999999999E1,-2.539999999996E0));
#14294=DIRECTION('',(-3.928755732613E-12,-1.E0,1.554069502457E-12));
#14295=DIRECTION('',(-3.510209438669E-7,-1.552535877634E-12,
-9.999999999999E-1));
#14296=AXIS2_PLACEMENT_3D('',#14293,#14294,#14295);
#14298=CARTESIAN_POINT('',(-2.286E1,1.580000000001E1,-2.540000000001E0));
#14299=DIRECTION('',(-1.343600445353E-12,-1.E0,0.E0));
#14300=DIRECTION('',(1.322683670701E-10,0.E0,1.E0));
#14301=AXIS2_PLACEMENT_3D('',#14298,#14299,#14300);
#14303=CARTESIAN_POINT('',(-2.286E1,1.580000000001E1,-2.539999999996E0));
#14304=DIRECTION('',(-3.928755732613E-12,-1.E0,1.554069502457E-12));
#14305=DIRECTION('',(-9.919239346133E-11,-1.545440227639E-12,-1.E0));
#14306=AXIS2_PLACEMENT_3D('',#14303,#14304,#14305);
#14308=CARTESIAN_POINT('',(-2.286E1,1.539999999999E1,-2.440000000018E0));
#14309=DIRECTION('',(1.E0,-1.343603543868E-12,2.339348159630E-11));
#14310=DIRECTION('',(1.341149413696E-12,1.E0,1.216804434942E-12));
#14311=AXIS2_PLACEMENT_3D('',#14308,#14309,#14310);
#14313=CARTESIAN_POINT('',(-2.286E1,1.539999999999E1,-2.540000000001E0));
#14314=DIRECTION('',(-1.343600445353E-12,-1.E0,0.E0));
#14315=DIRECTION('',(-2.266631327084E-12,0.E0,1.E0));
#14316=AXIS2_PLACEMENT_3D('',#14313,#14314,#14315);
#14318=CARTESIAN_POINT('',(-2.286E1,1.539999999999E1,-2.639999999984E0));
#14319=DIRECTION('',(1.E0,-1.343603543868E-12,4.110045637162E-13));
#14320=DIRECTION('',(4.085620730463E-13,0.E0,-1.E0));
#14321=AXIS2_PLACEMENT_3D('',#14318,#14319,#14320);
#14323=DIRECTION('',(-2.429411681574E-9,-1.E0,-3.661788221573E-14));
#14324=VECTOR('',#14323,1.139999999999E1);
#14325=CARTESIAN_POINT('',(-2.285999997230E1,1.539999999999E1,-2.04E0));
#14326=LINE('',#14325,#14324);
#14327=DIRECTION('',(2.566198949247E-9,1.E0,1.006602208994E-13));
#14328=VECTOR('',#14327,1.139999999999E1);
#14329=CARTESIAN_POINT('',(-2.286000011701E1,4.E0,-3.04E0));
#14330=LINE('',#14329,#14328);
#14331=CARTESIAN_POINT('',(-2.336E1,1.299999999996E0,-2.54E0));
#14332=CARTESIAN_POINT('',(-2.236E1,1.300000000010E0,-2.540000046211E0));
#14333=VERTEX_POINT('',#14331);
#14334=VERTEX_POINT('',#14332);
#14335=CARTESIAN_POINT('',(-2.336E1,3.5E0,-2.54E0));
#14336=VERTEX_POINT('',#14335);
#14337=CARTESIAN_POINT('',(-2.236E1,3.5E0,-2.54E0));
#14338=VERTEX_POINT('',#14337);
#14339=CARTESIAN_POINT('',(-2.296000149742E1,9.000000000027E-1,
-2.539999999999E0));
#14340=CARTESIAN_POINT('',(-2.275999850257E1,9.000000000053E-1,
-2.539999999999E0));
#14341=VERTEX_POINT('',#14339);
#14342=VERTEX_POINT('',#14340);
#14343=CARTESIAN_POINT('',(-2.286E1,3.5E0,-1.54E0));
#14344=CARTESIAN_POINT('',(-2.286E1,3.5E0,-3.54E0));
#14345=VERTEX_POINT('',#14343);
#14346=VERTEX_POINT('',#14344);
#14347=CARTESIAN_POINT('',(-2.286E1,4.E0,-1.54E0));
#14348=VERTEX_POINT('',#14347);
#14349=CARTESIAN_POINT('',(-2.286E1,4.E0,-3.54E0));
#14350=VERTEX_POINT('',#14349);
#14351=CARTESIAN_POINT('',(-2.286E1,4.E0,-2.04E0));
#14352=CARTESIAN_POINT('',(-2.286E1,4.E0,-3.04E0));
#14353=VERTEX_POINT('',#14351);
#14354=VERTEX_POINT('',#14352);
#14355=CARTESIAN_POINT('',(-2.286000017551E1,1.539999999999E1,
-3.039999999996E0));
#14356=CARTESIAN_POINT('',(-2.286E1,1.539999999999E1,-2.039999999995E0));
#14357=VERTEX_POINT('',#14355);
#14358=VERTEX_POINT('',#14356);
#14359=CARTESIAN_POINT('',(-2.286000000001E1,1.580000000001E1,
-2.639999367338E0));
#14360=CARTESIAN_POINT('',(-2.285999999999E1,1.580000000001E1,
-2.440000632655E0));
#14361=VERTEX_POINT('',#14359);
#14362=VERTEX_POINT('',#14360);
#14363=CARTESIAN_POINT('',(-2.286E1,3.544E0,-2.54E0));
#14364=DIRECTION('',(0.E0,-1.E0,0.E0));
#14365=DIRECTION('',(-1.E0,0.E0,0.E0));
#14366=AXIS2_PLACEMENT_3D('',#14363,#14364,#14365);
#14367=CYLINDRICAL_SURFACE('',#14366,5.E-1);
#14369=ORIENTED_EDGE('',*,*,#14368,.F.);
#14371=ORIENTED_EDGE('',*,*,#14370,.T.);
#14373=ORIENTED_EDGE('',*,*,#14372,.F.);
#14375=ORIENTED_EDGE('',*,*,#14374,.T.);
#14376=EDGE_LOOP('',(#14369,#14371,#14373,#14375));
#14377=FACE_OUTER_BOUND('',#14376,.F.);
#14379=FILL_AREA_STYLE_COLOUR('',#37);
#14380=FILL_AREA_STYLE('',(#14379));
#14381=SURFACE_STYLE_FILL_AREA(#14380);
#14382=SURFACE_SIDE_STYLE('',(#14381));
#14383=SURFACE_STYLE_USAGE(.BOTH.,#14382);
#14384=PRESENTATION_STYLE_ASSIGNMENT((#14383));
#14385=STYLED_ITEM('',(#14384),#14378);
#14386=CARTESIAN_POINT('',(-2.236866503231E1,1.318193511242E0,
-2.630422076231E0));
#14387=CARTESIAN_POINT('',(-2.235741096266E1,1.066868340964E0,
-2.632493201654E0));
#14388=CARTESIAN_POINT('',(-2.253237079134E1,8.889706114562E-1,
-2.600294738270E0));
#14389=CARTESIAN_POINT('',(-2.277954511090E1,9.004139921776E-1,
-2.554806391960E0));
#14390=CARTESIAN_POINT('',(-2.230771031169E1,1.318193511243E0,
-2.299206659227E0));
#14391=CARTESIAN_POINT('',(-2.229506006894E1,1.066868340965E0,
-2.293691267073E0));
#14392=CARTESIAN_POINT('',(-2.249172530875E1,8.889706114571E-1,
-2.379435544235E0));
#14393=CARTESIAN_POINT('',(-2.276956392574E1,9.004139921778E-1,
-2.500570684358E0));
#14394=CARTESIAN_POINT('',(-2.252322243182E1,1.318193511241E0,
-2.040413969025E0));
#14395=CARTESIAN_POINT('',(-2.251550851269E1,1.066868340962E0,
-2.028970908071E0));
#14396=CARTESIAN_POINT('',(-2.263543188372E1,8.889706114555E-1,
-2.206868863923E0));
#14397=CARTESIAN_POINT('',(-2.280485350386E1,9.004139921774E-1,
-2.458194019642E0));
#14398=CARTESIAN_POINT('',(-2.286E1,1.318193511236E0,-2.040413969025E0));
#14399=CARTESIAN_POINT('',(-2.286E1,1.066868340958E0,-2.028970908071E0));
#14400=CARTESIAN_POINT('',(-2.285999999999E1,8.889706114525E-1,
-2.206868863923E0));
#14401=CARTESIAN_POINT('',(-2.285999999999E1,9.004139921767E-1,
-2.458194019642E0));
#14402=CARTESIAN_POINT('',(-2.319677756818E1,1.318193511232E0,
-2.040413969024E0));
#14403=CARTESIAN_POINT('',(-2.320449148730E1,1.066868340953E0,
-2.028970908071E0));
#14404=CARTESIAN_POINT('',(-2.308456811627E1,8.889706114495E-1,
-2.206868863923E0));
#14405=CARTESIAN_POINT('',(-2.291514649613E1,9.004139921759E-1,
-2.458194019641E0));
#14406=CARTESIAN_POINT('',(-2.341228968831E1,1.318193511228E0,
-2.299206659227E0));
#14407=CARTESIAN_POINT('',(-2.342493993106E1,1.066868340950E0,
-2.293691267072E0));
#14408=CARTESIAN_POINT('',(-2.322827469124E1,8.889706114473E-1,
-2.379435544234E0));
#14409=CARTESIAN_POINT('',(-2.295043607425E1,9.004139921754E-1,
-2.500570684358E0));
#14410=CARTESIAN_POINT('',(-2.335133496769E1,1.318193511229E0,
-2.630422076231E0));
#14411=CARTESIAN_POINT('',(-2.336258903733E1,1.066868340950E0,
-2.632493201653E0));
#14412=CARTESIAN_POINT('',(-2.318762920865E1,8.889706114475E-1,
-2.600294738270E0));
#14413=CARTESIAN_POINT('',(-2.294045488909E1,9.004139921754E-1,
-2.554806391960E0));
#14414=(BOUNDED_SURFACE()B_SPLINE_SURFACE(3,3,((#14386,#14387,#14388,#14389),(
#14390,#14391,#14392,#14393),(#14394,#14395,#14396,#14397),(#14398,#14399,
#14400,#14401),(#14402,#14403,#14404,#14405),(#14406,#14407,#14408,#14409),(
#14410,#14411,#14412,#14413)),.UNSPECIFIED.,.F.,.F.,.F.)B_SPLINE_SURFACE_WITH_KNOTS((4,3,4),(4,4),(0.E0,1.E0,2.E0),(0.E0,1.E0),.UNSPECIFIED.)GEOMETRIC_REPRESENTATION_ITEM()RATIONAL_B_SPLINE_SURFACE(((1.456886105275E0,1.140462703072E0,
1.140462703072E0,1.456886105275E0),(1.107159830926E0,8.666940325255E-1,
8.666940325255E-1,1.107159830926E0),(1.107159830926E0,8.666940325255E-1,
8.666940325255E-1,1.107159830926E0),(1.456886105275E0,1.140462703072E0,
1.140462703072E0,1.456886105275E0),(1.107159830926E0,8.666940325255E-1,
8.666940325255E-1,1.107159830926E0),(1.107159830926E0,8.666940325255E-1,
8.666940325255E-1,1.107159830926E0),(1.456886105275E0,1.140462703072E0,
1.140462703072E0,1.456886105275E0)))REPRESENTATION_ITEM('')SURFACE());
#14416=ORIENTED_EDGE('',*,*,#14415,.F.);
#14418=ORIENTED_EDGE('',*,*,#14417,.F.);
#14419=ORIENTED_EDGE('',*,*,#14368,.T.);
#14421=ORIENTED_EDGE('',*,*,#14420,.F.);
#14422=EDGE_LOOP('',(#14416,#14418,#14419,#14421));
#14423=FACE_OUTER_BOUND('',#14422,.F.);
#14425=FILL_AREA_STYLE_COLOUR('',#37);
#14426=FILL_AREA_STYLE('',(#14425));
#14427=SURFACE_STYLE_FILL_AREA(#14426);
#14428=SURFACE_SIDE_STYLE('',(#14427));
#14429=SURFACE_STYLE_USAGE(.BOTH.,#14428);
#14430=PRESENTATION_STYLE_ASSIGNMENT((#14429));
#14431=STYLED_ITEM('',(#14430),#14424);
#14432=CARTESIAN_POINT('',(-2.286E1,9.E-1,-2.54E0));
#14433=DIRECTION('',(0.E0,1.E0,0.E0));
#14434=DIRECTION('',(-1.E0,0.E0,0.E0));
#14435=AXIS2_PLACEMENT_3D('',#14432,#14433,#14434);
#14436=PLANE('',#14435);
#14437=ORIENTED_EDGE('',*,*,#14415,.T.);
#14439=ORIENTED_EDGE('',*,*,#14438,.T.);
#14440=EDGE_LOOP('',(#14437,#14439));
#14441=FACE_OUTER_BOUND('',#14440,.F.);
#14443=FILL_AREA_STYLE_COLOUR('',#19);
#14444=FILL_AREA_STYLE('',(#14443));
#14445=SURFACE_STYLE_FILL_AREA(#14444);
#14446=SURFACE_SIDE_STYLE('',(#14445));
#14447=SURFACE_STYLE_USAGE(.BOTH.,#14446);
#14448=PRESENTATION_STYLE_ASSIGNMENT((#14447));
#14449=STYLED_ITEM('',(#14448),#14442);
#14450=CARTESIAN_POINT('',(-2.335133496579E1,1.318193511234E0,
-2.449577913429E0));
#14451=CARTESIAN_POINT('',(-2.336258903538E1,1.066868340961E0,
-2.447506787769E0));
#14452=CARTESIAN_POINT('',(-2.318762920739E1,8.889706114577E-1,
-2.479705254833E0));
#14453=CARTESIAN_POINT('',(-2.294045488879E1,9.004139921766E-1,
-2.525193606346E0));
#14454=CARTESIAN_POINT('',(-2.341228969385E1,1.318193511234E0,
-2.780793331739E0));
#14455=CARTESIAN_POINT('',(-2.342493993673E1,1.066868340961E0,
-2.786308723686E0));
#14456=CARTESIAN_POINT('',(-2.322827469495E1,8.889706114574E-1,
-2.700564449743E0));
#14457=CARTESIAN_POINT('',(-2.295043607517E1,9.004139921765E-1,
-2.579429314167E0));
#14458=CARTESIAN_POINT('',(-2.319677757614E1,1.318193511232E0,
-3.039586027383E0));
#14459=CARTESIAN_POINT('',(-2.320449149545E1,1.066868340959E0,
-3.051029088253E0));
#14460=CARTESIAN_POINT('',(-2.308456812158E1,8.889706114563E-1,
-2.873131133685E0));
#14461=CARTESIAN_POINT('',(-2.291514649745E1,9.004139921762E-1,
-2.621805979779E0));
#14462=CARTESIAN_POINT('',(-2.286000000533E1,1.318193511231E0,
-3.039586030976E0));
#14463=CARTESIAN_POINT('',(-2.286000000545E1,1.066868340958E0,
-3.051029091928E0));
#14464=CARTESIAN_POINT('',(-2.286000000355E1,8.889706114552E-1,
-2.873131136081E0));
#14465=CARTESIAN_POINT('',(-2.286000000087E1,9.004139921760E-1,
-2.621805980367E0));
#14466=CARTESIAN_POINT('',(-2.252322243452E1,1.318193511229E0,
-3.039586034569E0));
#14467=CARTESIAN_POINT('',(-2.251550851546E1,1.066868340956E0,
-3.051029095603E0));
#14468=CARTESIAN_POINT('',(-2.263543188552E1,8.889706114542E-1,
-2.873131138477E0));
#14469=CARTESIAN_POINT('',(-2.280485350430E1,9.004139921757E-1,
-2.621805980956E0));
#14470=CARTESIAN_POINT('',(-2.230771031128E1,1.318193511229E0,
-2.780793343524E0));
#14471=CARTESIAN_POINT('',(-2.229506006853E1,1.066868340956E0,
-2.786308735740E0));
#14472=CARTESIAN_POINT('',(-2.249172530848E1,8.889706114539E-1,
-2.700564457601E0));
#14473=CARTESIAN_POINT('',(-2.276956392567E1,9.004139921756E-1,
-2.579429316097E0));
#14474=CARTESIAN_POINT('',(-2.236866503228E1,1.318193511230E0,
-2.449577923913E0));
#14475=CARTESIAN_POINT('',(-2.235741096264E1,1.066868340957E0,
-2.447506798493E0));
#14476=CARTESIAN_POINT('',(-2.253237079133E1,8.889706114547E-1,
-2.479705261824E0));
#14477=CARTESIAN_POINT('',(-2.277954511089E1,9.004139921758E-1,
-2.525193608062E0));
#14478=(BOUNDED_SURFACE()B_SPLINE_SURFACE(3,3,((#14450,#14451,#14452,#14453),(
#14454,#14455,#14456,#14457),(#14458,#14459,#14460,#14461),(#14462,#14463,
#14464,#14465),(#14466,#14467,#14468,#14469),(#14470,#14471,#14472,#14473),(
#14474,#14475,#14476,#14477)),.UNSPECIFIED.,.F.,.F.,.F.)B_SPLINE_SURFACE_WITH_KNOTS((4,3,4),(4,4),(0.E0,1.E0,2.E0),(0.E0,1.E0),.UNSPECIFIED.)GEOMETRIC_REPRESENTATION_ITEM()RATIONAL_B_SPLINE_SURFACE(((1.456886108813E0,1.140462705848E0,
1.140462705848E0,1.456886108813E0),(1.107159829741E0,8.666940316021E-1,
8.666940316021E-1,1.107159829741E0),(1.107159829741E0,8.666940316021E-1,
8.666940316021E-1,1.107159829741E0),(1.456886108813E0,1.140462705848E0,
1.140462705848E0,1.456886108813E0),(1.107159829741E0,8.666940316021E-1,
8.666940316021E-1,1.107159829741E0),(1.107159829741E0,8.666940316021E-1,
8.666940316021E-1,1.107159829741E0),(1.456886108813E0,1.140462705848E0,
1.140462705848E0,1.456886108813E0)))REPRESENTATION_ITEM('')SURFACE());
#14479=ORIENTED_EDGE('',*,*,#14438,.F.);
#14480=ORIENTED_EDGE('',*,*,#14420,.T.);
#14482=ORIENTED_EDGE('',*,*,#14481,.T.);
#14483=ORIENTED_EDGE('',*,*,#14417,.T.);
#14484=EDGE_LOOP('',(#14479,#14480,#14482,#14483));
#14485=FACE_OUTER_BOUND('',#14484,.F.);
#14487=FILL_AREA_STYLE_COLOUR('',#37);
#14488=FILL_AREA_STYLE('',(#14487));
#14489=SURFACE_STYLE_FILL_AREA(#14488);
#14490=SURFACE_SIDE_STYLE('',(#14489));
#14491=SURFACE_STYLE_USAGE(.BOTH.,#14490);
#14492=PRESENTATION_STYLE_ASSIGNMENT((#14491));
#14493=STYLED_ITEM('',(#14492),#14486);
#14494=CARTESIAN_POINT('',(-2.286E1,3.544E0,-2.54E0));
#14495=DIRECTION('',(0.E0,-1.E0,0.E0));
#14496=DIRECTION('',(-1.E0,0.E0,0.E0));
#14497=AXIS2_PLACEMENT_3D('',#14494,#14495,#14496);
#14498=CYLINDRICAL_SURFACE('',#14497,5.E-1);
#14499=ORIENTED_EDGE('',*,*,#14481,.F.);
#14500=ORIENTED_EDGE('',*,*,#14374,.F.);
#14502=ORIENTED_EDGE('',*,*,#14501,.F.);
#14503=ORIENTED_EDGE('',*,*,#14370,.F.);
#14504=EDGE_LOOP('',(#14499,#14500,#14502,#14503));
#14505=FACE_OUTER_BOUND('',#14504,.F.);
#14507=FILL_AREA_STYLE_COLOUR('',#37);
#14508=FILL_AREA_STYLE('',(#14507));
#14509=SURFACE_STYLE_FILL_AREA(#14508);
#14510=SURFACE_SIDE_STYLE('',(#14509));
#14511=SURFACE_STYLE_USAGE(.BOTH.,#14510);
#14512=PRESENTATION_STYLE_ASSIGNMENT((#14511));
#14513=STYLED_ITEM('',(#14512),#14506);
#14514=CARTESIAN_POINT('',(-2.286E1,3.5E0,-2.54E0));
#14515=DIRECTION('',(0.E0,1.E0,0.E0));
#14516=DIRECTION('',(0.E0,0.E0,1.E0));
#14517=AXIS2_PLACEMENT_3D('',#14514,#14515,#14516);
#14518=PLANE('',#14517);
#14520=ORIENTED_EDGE('',*,*,#14519,.T.);
#14522=ORIENTED_EDGE('',*,*,#14521,.T.);
#14523=EDGE_LOOP('',(#14520,#14522));
#14524=FACE_OUTER_BOUND('',#14523,.F.);
#14525=ORIENTED_EDGE('',*,*,#14501,.T.);
#14526=ORIENTED_EDGE('',*,*,#14372,.T.);
#14527=EDGE_LOOP('',(#14525,#14526));
#14528=FACE_BOUND('',#14527,.F.);
#14530=FILL_AREA_STYLE_COLOUR('',#19);
#14531=FILL_AREA_STYLE('',(#14530));
#14532=SURFACE_STYLE_FILL_AREA(#14531);
#14533=SURFACE_SIDE_STYLE('',(#14532));
#14534=SURFACE_STYLE_USAGE(.BOTH.,#14533);
#14535=PRESENTATION_STYLE_ASSIGNMENT((#14534));
#14536=STYLED_ITEM('',(#14535),#14529);
#14537=CARTESIAN_POINT('',(-2.286E1,3.481800209877E0,-2.54E0));
#14538=DIRECTION('',(0.E0,1.E0,0.E0));
#14539=DIRECTION('',(0.E0,0.E0,1.E0));
#14540=AXIS2_PLACEMENT_3D('',#14537,#14538,#14539);
#14541=CYLINDRICAL_SURFACE('',#14540,1.E0);
#14542=ORIENTED_EDGE('',*,*,#14519,.F.);
#14544=ORIENTED_EDGE('',*,*,#14543,.F.);
#14546=ORIENTED_EDGE('',*,*,#14545,.F.);
#14548=ORIENTED_EDGE('',*,*,#14547,.F.);
#14549=EDGE_LOOP('',(#14542,#14544,#14546,#14548));
#14550=FACE_OUTER_BOUND('',#14549,.F.);
#14552=FILL_AREA_STYLE_COLOUR('',#37);
#14553=FILL_AREA_STYLE('',(#14552));
#14554=SURFACE_STYLE_FILL_AREA(#14553);
#14555=SURFACE_SIDE_STYLE('',(#14554));
#14556=SURFACE_STYLE_USAGE(.BOTH.,#14555);
#14557=PRESENTATION_STYLE_ASSIGNMENT((#14556));
#14558=STYLED_ITEM('',(#14557),#14551);
#14559=CARTESIAN_POINT('',(-2.286E1,3.481800209877E0,-2.54E0));
#14560=DIRECTION('',(0.E0,1.E0,0.E0));
#14561=DIRECTION('',(0.E0,0.E0,1.E0));
#14562=AXIS2_PLACEMENT_3D('',#14559,#14560,#14561);
#14563=CYLINDRICAL_SURFACE('',#14562,1.E0);
#14564=ORIENTED_EDGE('',*,*,#14521,.F.);
#14565=ORIENTED_EDGE('',*,*,#14547,.T.);
#14567=ORIENTED_EDGE('',*,*,#14566,.F.);
#14568=ORIENTED_EDGE('',*,*,#14543,.T.);
#14569=EDGE_LOOP('',(#14564,#14565,#14567,#14568));
#14570=FACE_OUTER_BOUND('',#14569,.F.);
#14572=FILL_AREA_STYLE_COLOUR('',#37);
#14573=FILL_AREA_STYLE('',(#14572));
#14574=SURFACE_STYLE_FILL_AREA(#14573);
#14575=SURFACE_SIDE_STYLE('',(#14574));
#14576=SURFACE_STYLE_USAGE(.BOTH.,#14575);
#14577=PRESENTATION_STYLE_ASSIGNMENT((#14576));
#14578=STYLED_ITEM('',(#14577),#14571);
#14579=CARTESIAN_POINT('',(-2.286E1,4.E0,-2.54E0));
#14580=DIRECTION('',(0.E0,1.E0,0.E0));
#14581=DIRECTION('',(0.E0,0.E0,1.E0));
#14582=AXIS2_PLACEMENT_3D('',#14579,#14580,#14581);
#14583=PLANE('',#14582);
#14584=ORIENTED_EDGE('',*,*,#14545,.T.);
#14585=ORIENTED_EDGE('',*,*,#14566,.T.);
#14586=EDGE_LOOP('',(#14584,#14585));
#14587=FACE_OUTER_BOUND('',#14586,.F.);
#14589=ORIENTED_EDGE('',*,*,#14588,.T.);
#14591=ORIENTED_EDGE('',*,*,#14590,.T.);
#14592=EDGE_LOOP('',(#14589,#14591));
#14593=FACE_BOUND('',#14592,.F.);
#14595=FILL_AREA_STYLE_COLOUR('',#37);
#14596=FILL_AREA_STYLE('',(#14595));
#14597=SURFACE_STYLE_FILL_AREA(#14596);
#14598=SURFACE_SIDE_STYLE('',(#14597));
#14599=SURFACE_STYLE_USAGE(.BOTH.,#14598);
#14600=PRESENTATION_STYLE_ASSIGNMENT((#14599));
#14601=STYLED_ITEM('',(#14600),#14594);
#14602=CARTESIAN_POINT('',(-2.286E1,3.772E0,-2.54E0));
#14603=DIRECTION('',(0.E0,1.E0,0.E0));
#14604=DIRECTION('',(0.E0,0.E0,1.E0));
#14605=AXIS2_PLACEMENT_3D('',#14602,#14603,#14604);
#14606=CYLINDRICAL_SURFACE('',#14605,5.E-1);
#14608=ORIENTED_EDGE('',*,*,#14607,.F.);
#14610=ORIENTED_EDGE('',*,*,#14609,.F.);
#14611=ORIENTED_EDGE('',*,*,#14588,.F.);
#14613=ORIENTED_EDGE('',*,*,#14612,.F.);
#14614=EDGE_LOOP('',(#14608,#14610,#14611,#14613));
#14615=FACE_OUTER_BOUND('',#14614,.F.);
#14617=FILL_AREA_STYLE_COLOUR('',#37);
#14618=FILL_AREA_STYLE('',(#14617));
#14619=SURFACE_STYLE_FILL_AREA(#14618);
#14620=SURFACE_SIDE_STYLE('',(#14619));
#14621=SURFACE_STYLE_USAGE(.BOTH.,#14620);
#14622=PRESENTATION_STYLE_ASSIGNMENT((#14621));
#14623=STYLED_ITEM('',(#14622),#14616);
#14624=CARTESIAN_POINT('',(-2.295042395611E1,1.538180648876E1,
-2.048665378269E0));
#14625=CARTESIAN_POINT('',(-2.295249512904E1,1.563313219966E1,
-2.037411292346E0));
#14626=CARTESIAN_POINT('',(-2.292029588207E1,1.581103006366E1,
-2.212371618273E0));
#14627=CARTESIAN_POINT('',(-2.287480649798E1,1.579958595707E1,
-2.459546264074E0));
#14628=CARTESIAN_POINT('',(-2.261920782021E1,1.538180648876E1,
-1.987709215181E0));
#14629=CARTESIAN_POINT('',(-2.261369244278E1,1.563313219966E1,
-1.975058920103E0));
#14630=CARTESIAN_POINT('',(-2.269943661059E1,1.581103006365E1,
-2.171725247783E0));
#14631=CARTESIAN_POINT('',(-2.282057141185E1,1.579958595707E1,
-2.449564978752E0));
#14632=CARTESIAN_POINT('',(-2.236041397264E1,1.538180648876E1,
-2.203221458357E0));
#14633=CARTESIAN_POINT('',(-2.234897088716E1,1.563313219966E1,
-2.195507500339E0));
#14634=CARTESIAN_POINT('',(-2.252686947258E1,1.581103006365E1,
-2.315431643285E0));
#14635=CARTESIAN_POINT('',(-2.277819513517E1,1.579958595707E1,
-2.484854096054E0));
#14636=CARTESIAN_POINT('',(-2.236041396903E1,1.538180648876E1,
-2.539999994634E0));
#14637=CARTESIAN_POINT('',(-2.234897088346E1,1.563313219966E1,
-2.539999994512E0));
#14638=CARTESIAN_POINT('',(-2.252686947017E1,1.581103006365E1,
-2.539999996421E0));
#14639=CARTESIAN_POINT('',(-2.277819513458E1,1.579958595707E1,
-2.539999999119E0));
#14640=CARTESIAN_POINT('',(-2.236041396542E1,1.538180648876E1,
-2.876778530911E0));
#14641=CARTESIAN_POINT('',(-2.234897087976E1,1.563313219966E1,
-2.884492488684E0));
#14642=CARTESIAN_POINT('',(-2.252686946776E1,1.581103006365E1,
-2.764568349557E0));
#14643=CARTESIAN_POINT('',(-2.277819513399E1,1.579958595707E1,
-2.595145902183E0));
#14644=CARTESIAN_POINT('',(-2.261920780836E1,1.538180648876E1,
-3.092290779642E0));
#14645=CARTESIAN_POINT('',(-2.261369243066E1,1.563313219966E1,
-3.104941074603E0));
#14646=CARTESIAN_POINT('',(-2.269943660269E1,1.581103006365E1,
-2.908274748763E0));
#14647=CARTESIAN_POINT('',(-2.282057140991E1,1.579958595707E1,
-2.630435020394E0));
#14648=CARTESIAN_POINT('',(-2.295042394556E1,1.538180648876E1,
-3.031334623663E0));
#14649=CARTESIAN_POINT('',(-2.295249511826E1,1.563313219966E1,
-3.042588709631E0));
#14650=CARTESIAN_POINT('',(-2.292029587504E1,1.581103006365E1,
-2.867628383015E0));
#14651=CARTESIAN_POINT('',(-2.287480649626E1,1.579958595707E1,
-2.620453736237E0));
#14652=(BOUNDED_SURFACE()B_SPLINE_SURFACE(3,3,((#14624,#14625,#14626,#14627),(
#14628,#14629,#14630,#14631),(#14632,#14633,#14634,#14635),(#14636,#14637,
#14638,#14639),(#14640,#14641,#14642,#14643),(#14644,#14645,#14646,#14647),(
#14648,#14649,#14650,#14651)),.UNSPECIFIED.,.F.,.F.,.F.)B_SPLINE_SURFACE_WITH_KNOTS((4,3,4),(4,4),(0.E0,1.E0,2.E0),(0.E0,1.E0),.UNSPECIFIED.)GEOMETRIC_REPRESENTATION_ITEM()RATIONAL_B_SPLINE_SURFACE(((1.456888304166E0,1.140463423666E0,
1.140463423666E0,1.456888304166E0),(1.107160078184E0,8.666934655873E-1,
8.666934655873E-1,1.107160078184E0),(1.107160078184E0,8.666934655873E-1,
8.666934655873E-1,1.107160078184E0),(1.456888304166E0,1.140463423666E0,
1.140463423666E0,1.456888304166E0),(1.107160078184E0,8.666934655873E-1,
8.666934655873E-1,1.107160078184E0),(1.107160078184E0,8.666934655873E-1,
8.666934655873E-1,1.107160078184E0),(1.456888304166E0,1.140463423666E0,
1.140463423666E0,1.456888304166E0)))REPRESENTATION_ITEM('')SURFACE());
#14654=ORIENTED_EDGE('',*,*,#14653,.F.);
#14656=ORIENTED_EDGE('',*,*,#14655,.F.);
#14657=ORIENTED_EDGE('',*,*,#14607,.T.);
#14659=ORIENTED_EDGE('',*,*,#14658,.F.);
#14660=EDGE_LOOP('',(#14654,#14656,#14657,#14659));
#14661=FACE_OUTER_BOUND('',#14660,.F.);
#14663=FILL_AREA_STYLE_COLOUR('',#37);
#14664=FILL_AREA_STYLE('',(#14663));
#14665=SURFACE_STYLE_FILL_AREA(#14664);
#14666=SURFACE_SIDE_STYLE('',(#14665));
#14667=SURFACE_STYLE_USAGE(.BOTH.,#14666);
#14668=PRESENTATION_STYLE_ASSIGNMENT((#14667));
#14669=STYLED_ITEM('',(#14668),#14662);
#14670=CARTESIAN_POINT('',(-2.286E1,1.58E1,-2.54E0));
#14671=DIRECTION('',(0.E0,1.E0,0.E0));
#14672=DIRECTION('',(0.E0,0.E0,1.E0));
#14673=AXIS2_PLACEMENT_3D('',#14670,#14671,#14672);
#14674=PLANE('',#14673);
#14676=ORIENTED_EDGE('',*,*,#14675,.T.);
#14677=ORIENTED_EDGE('',*,*,#14653,.T.);
#14678=EDGE_LOOP('',(#14676,#14677));
#14679=FACE_OUTER_BOUND('',#14678,.F.);
#14681=FILL_AREA_STYLE_COLOUR('',#19);
#14682=FILL_AREA_STYLE('',(#14681));
#14683=SURFACE_STYLE_FILL_AREA(#14682);
#14684=SURFACE_SIDE_STYLE('',(#14683));
#14685=SURFACE_STYLE_USAGE(.BOTH.,#14684);
#14686=PRESENTATION_STYLE_ASSIGNMENT((#14685));
#14687=STYLED_ITEM('',(#14686),#14680);
#14688=CARTESIAN_POINT('',(-2.276957605443E1,1.538180648876E1,
-3.031334623663E0));
#14689=CARTESIAN_POINT('',(-2.276750488173E1,1.563313219966E1,
-3.042588709630E0));
#14690=CARTESIAN_POINT('',(-2.279970412495E1,1.581103006365E1,
-2.867628383016E0));
#14691=CARTESIAN_POINT('',(-2.284519350374E1,1.579958595707E1,
-2.620453736242E0));
#14692=CARTESIAN_POINT('',(-2.310079218895E1,1.538180648876E1,
-3.092290779160E0));
#14693=CARTESIAN_POINT('',(-2.310630756659E1,1.563313219966E1,
-3.104941074109E0));
#14694=CARTESIAN_POINT('',(-2.302056339551E1,1.581103006365E1,
-2.908274748444E0));
#14695=CARTESIAN_POINT('',(-2.289942858965E1,1.579958595707E1,
-2.630435020321E0));
#14696=CARTESIAN_POINT('',(-2.335958603096E1,1.538180648876E1,
-2.876778533566E0));
#14697=CARTESIAN_POINT('',(-2.337102911653E1,1.563313219966E1,
-2.884492491399E0));
#14698=CARTESIAN_POINT('',(-2.319313052982E1,1.581103006365E1,
-2.764568351329E0));
#14699=CARTESIAN_POINT('',(-2.294180486542E1,1.579958595707E1,
-2.595145902622E0));
#14700=CARTESIAN_POINT('',(-2.335958603097E1,1.538180648876E1,
-2.540000000010E0));
#14701=CARTESIAN_POINT('',(-2.337102911654E1,1.563313219966E1,
-2.540000000010E0));
#14702=CARTESIAN_POINT('',(-2.319313052983E1,1.581103006365E1,
-2.540000000007E0));
#14703=CARTESIAN_POINT('',(-2.294180486542E1,1.579958595707E1,
-2.540000000002E0));
#14704=CARTESIAN_POINT('',(-2.335958603098E1,1.538180648876E1,
-2.203221466454E0));
#14705=CARTESIAN_POINT('',(-2.337102911654E1,1.563313219966E1,
-2.195507508621E0));
#14706=CARTESIAN_POINT('',(-2.319313052983E1,1.581103006365E1,
-2.315431648685E0));
#14707=CARTESIAN_POINT('',(-2.294180486542E1,1.579958595707E1,
-2.484854097383E0));
#14708=CARTESIAN_POINT('',(-2.310079218897E1,1.538180648876E1,
-1.987709220850E0));
#14709=CARTESIAN_POINT('',(-2.310630756661E1,1.563313219966E1,
-1.975058925902E0));
#14710=CARTESIAN_POINT('',(-2.302056339553E1,1.581103006365E1,
-2.171725251564E0));
#14711=CARTESIAN_POINT('',(-2.289942858966E1,1.579958595707E1,
-2.449564979683E0));
#14712=CARTESIAN_POINT('',(-2.276957605444E1,1.538180648876E1,
-2.048665376336E0));
#14713=CARTESIAN_POINT('',(-2.276750488175E1,1.563313219966E1,
-2.037411290368E0));
#14714=CARTESIAN_POINT('',(-2.279970412496E1,1.581103006365E1,
-2.212371616984E0));
#14715=CARTESIAN_POINT('',(-2.284519350374E1,1.579958595707E1,
-2.459546263760E0));
#14716=(BOUNDED_SURFACE()B_SPLINE_SURFACE(3,3,((#14688,#14689,#14690,#14691),(
#14692,#14693,#14694,#14695),(#14696,#14697,#14698,#14699),(#14700,#14701,
#14702,#14703),(#14704,#14705,#14706,#14707),(#14708,#14709,#14710,#14711),(
#14712,#14713,#14714,#14715)),.UNSPECIFIED.,.F.,.F.,.F.)B_SPLINE_SURFACE_WITH_KNOTS((4,3,4),(4,4),(0.E0,1.E0,2.E0),(0.E0,1.E0),.UNSPECIFIED.)GEOMETRIC_REPRESENTATION_ITEM()RATIONAL_B_SPLINE_SURFACE(((1.456888300506E0,1.140463420803E0,
1.140463420803E0,1.456888300506E0),(1.107160079402E0,8.666934665423E-1,
8.666934665423E-1,1.107160079402E0),(1.107160079402E0,8.666934665423E-1,
8.666934665423E-1,1.107160079402E0),(1.456888300506E0,1.140463420803E0,
1.140463420803E0,1.456888300506E0),(1.107160079402E0,8.666934665423E-1,
8.666934665423E-1,1.107160079402E0),(1.107160079402E0,8.666934665423E-1,
8.666934665423E-1,1.107160079402E0),(1.456888300506E0,1.140463420803E0,
1.140463420803E0,1.456888300506E0)))REPRESENTATION_ITEM('')SURFACE());
#14717=ORIENTED_EDGE('',*,*,#14675,.F.);
#14718=ORIENTED_EDGE('',*,*,#14658,.T.);
#14720=ORIENTED_EDGE('',*,*,#14719,.T.);
#14721=ORIENTED_EDGE('',*,*,#14655,.T.);
#14722=EDGE_LOOP('',(#14717,#14718,#14720,#14721));
#14723=FACE_OUTER_BOUND('',#14722,.F.);
#14725=FILL_AREA_STYLE_COLOUR('',#37);
#14726=FILL_AREA_STYLE('',(#14725));
#14727=SURFACE_STYLE_FILL_AREA(#14726);
#14728=SURFACE_SIDE_STYLE('',(#14727));
#14729=SURFACE_STYLE_USAGE(.BOTH.,#14728);
#14730=PRESENTATION_STYLE_ASSIGNMENT((#14729));
#14731=STYLED_ITEM('',(#14730),#14724);
#14732=CARTESIAN_POINT('',(-2.286E1,3.772E0,-2.54E0));
#14733=DIRECTION('',(0.E0,1.E0,0.E0));
#14734=DIRECTION('',(0.E0,0.E0,1.E0));
#14735=AXIS2_PLACEMENT_3D('',#14732,#14733,#14734);
#14736=CYLINDRICAL_SURFACE('',#14735,5.E-1);
#14737=ORIENTED_EDGE('',*,*,#14719,.F.);
#14738=ORIENTED_EDGE('',*,*,#14612,.T.);
#14739=ORIENTED_EDGE('',*,*,#14590,.F.);
#14740=ORIENTED_EDGE('',*,*,#14609,.T.);
#14741=EDGE_LOOP('',(#14737,#14738,#14739,#14740));
#14742=FACE_OUTER_BOUND('',#14741,.F.);
#14744=FILL_AREA_STYLE_COLOUR('',#37);
#14745=FILL_AREA_STYLE('',(#14744));
#14746=SURFACE_STYLE_FILL_AREA(#14745);
#14747=SURFACE_SIDE_STYLE('',(#14746));
#14748=SURFACE_STYLE_USAGE(.BOTH.,#14747);
#14749=PRESENTATION_STYLE_ASSIGNMENT((#14748));
#14750=STYLED_ITEM('',(#14749),#14743);
#14751=CLOSED_SHELL('',(#14378,#14424,#14442,#14486,#14506,#14529,#14551,#14571,
#14594,#14616,#14662,#14680,#14724,#14743));
#14752=MANIFOLD_SOLID_BREP('',#14751);
#14755=PLANE_ANGLE_MEASURE_WITH_UNIT(PLANE_ANGLE_MEASURE(1.745329251994E-2),
#14754);
#14756=(CONVERSION_BASED_UNIT('DEGREE',#14755)NAMED_UNIT(*)PLANE_ANGLE_UNIT());
#14758=UNCERTAINTY_MEASURE_WITH_UNIT(LENGTH_MEASURE(1.516588510976E-3),#14753,
'distance_accuracy_value',
'Maximum model space distance between geometric entities at asserted connectivities');
#14760=CARTESIAN_POINT('',(0.E0,0.E0,0.E0));
#14761=DIRECTION('',(0.E0,0.E0,1.E0));
#14762=DIRECTION('',(1.E0,0.E0,0.E0));
#14765=PRODUCT_CONTEXT('',#11612,'mechanical');
#14766=PRODUCT('MANIFOLD_SOLID_BREP_14292','MANIFOLD_SOLID_BREP_14292',
'NOT SPECIFIED',(#14765));
#14767=PRODUCT_DEFINITION_FORMATION('1','LAST_VERSION',#14766);
#14775=DERIVED_UNIT_ELEMENT(#14774,2.E0);
#14776=DERIVED_UNIT((#14775));
#14777=MEASURE_REPRESENTATION_ITEM('surface area measure',AREA_MEASURE(
5.344265954204E1),#14776);
#14782=DERIVED_UNIT_ELEMENT(#14781,3.E0);
#14783=DERIVED_UNIT((#14782));
#14784=MEASURE_REPRESENTATION_ITEM('volume measure',VOLUME_MEASURE(
1.270333782379E1),#14783);
#14788=CARTESIAN_POINT('centre point',(-2.286000000062E1,7.923400783680E0,
-2.540000000725E0));
#14793=DERIVED_UNIT_ELEMENT(#14792,2.E0);
#14794=DERIVED_UNIT((#14793));
#14795=MEASURE_REPRESENTATION_ITEM('surface area measure',AREA_MEASURE(
5.344265954204E1),#14794);
#14800=DERIVED_UNIT_ELEMENT(#14799,3.E0);
#14801=DERIVED_UNIT((#14800));
#14802=MEASURE_REPRESENTATION_ITEM('volume measure',VOLUME_MEASURE(
1.270333782379E1),#14801);
#14806=CARTESIAN_POINT('centre point',(-2.286000000062E1,7.923400783680E0,
-2.540000000725E0));
#14812=GENERAL_PROPERTY('','DESCRIPTION','user defined attribute');
#14813=GENERAL_PROPERTY_ASSOCIATION('user defined attribute','',#14812,#14811);
#14814=DESCRIPTIVE_REPRESENTATION_ITEM('DESCRIPTION','');
#14818=GENERAL_PROPERTY('','MODELED_BY','user defined attribute');
#14819=GENERAL_PROPERTY_ASSOCIATION('user defined attribute','',#14818,#14817);
#14820=DESCRIPTIVE_REPRESENTATION_ITEM('MODELED_BY','');
#14825=CARTESIAN_POINT('centre point',(-2.286000000062E1,7.923400783680E0,
-2.540000000725E0));
#14829=CARTESIAN_POINT('',(0.E0,0.E0,0.E0));
#14830=DIRECTION('',(0.E0,0.E0,1.E0));
#14831=DIRECTION('',(1.E0,0.E0,0.E0));
#14832=AXIS2_PLACEMENT_3D('',#14829,#14830,#14831);
#14833=ITEM_DEFINED_TRANSFORMATION('','',#14763,#14832);
#14834=(REPRESENTATION_RELATIONSHIP('','',#14764,#11675)REPRESENTATION_RELATIONSHIP_WITH_TRANSFORMATION(#14833)SHAPE_REPRESENTATION_RELATIONSHIP());
#14835=CONTEXT_DEPENDENT_SHAPE_REPRESENTATION(#14834,#14824);
#14836=DIRECTION('',(3.714200664200E-13,1.E0,1.259461222182E-8));
#14837=VECTOR('',#14836,2.2E0);
#14838=CARTESIAN_POINT('',(-2.336E1,1.3E0,7.619999972292E0));
#14839=LINE('',#14838,#14837);
#14840=DIRECTION('',(6.362587224767E-13,-1.E0,3.500850518573E-9));
#14841=VECTOR('',#14840,2.199999999998E0);
#14842=CARTESIAN_POINT('',(-2.236E1,3.5E0,7.619999969193E0));
#14843=LINE('',#14842,#14841);
#14844=CARTESIAN_POINT('',(-2.286E1,1.300000000003E0,7.619999999999E0));
#14845=DIRECTION('',(-1.339348545261E-11,1.E0,-1.628477755031E-12));
#14846=DIRECTION('',(-1.E0,-1.339328647978E-11,2.295053036490E-12));
#14847=AXIS2_PLACEMENT_3D('',#14844,#14845,#14846);
#14849=CARTESIAN_POINT('',(-2.285999999999E1,9.000000000017E-1,7.62E0));
#14850=DIRECTION('',(-1.339348545261E-11,1.E0,-1.628477755031E-12));
#14851=DIRECTION('',(-1.E0,-1.339381530373E-11,1.214147580915E-11));
#14852=AXIS2_PLACEMENT_3D('',#14849,#14850,#14851);
#14854=CARTESIAN_POINT('',(-2.286E1,9.000000000016E-1,7.62E0));
#14855=DIRECTION('',(4.694097758643E-12,1.E0,-2.500117284495E-12));
#14856=DIRECTION('',(1.E0,-4.694052644562E-12,8.961776950546E-12));
#14857=AXIS2_PLACEMENT_3D('',#14854,#14855,#14856);
#14859=CARTESIAN_POINT('',(-2.276E1,1.299999999999E0,7.619999999999E0));
#14860=DIRECTION('',(6.807054919733E-13,2.500115569100E-12,1.E0));
#14861=DIRECTION('',(-1.350031197949E-12,-1.E0,2.500222251465E-12));
#14862=AXIS2_PLACEMENT_3D('',#14859,#14860,#14861);
#14864=CARTESIAN_POINT('',(-2.286E1,1.3E0,7.619999999999E0));
#14865=DIRECTION('',(4.694097758643E-12,1.E0,-2.500117284495E-12));
#14866=DIRECTION('',(1.E0,-4.694022948104E-12,-9.241983889275E-8));
#14867=AXIS2_PLACEMENT_3D('',#14864,#14865,#14866);
#14869=CARTESIAN_POINT('',(-2.296E1,1.3E0,7.619999977833E0));
#14870=DIRECTION('',(-2.216593794346E-7,2.500116609592E-12,1.E0));
#14871=DIRECTION('',(-1.E0,4.694022948132E-12,-2.216593797408E-7));
#14872=AXIS2_PLACEMENT_3D('',#14869,#14870,#14871);
#14874=CARTESIAN_POINT('',(-2.286E1,3.5E0,7.62E0));
#14875=DIRECTION('',(0.E0,1.E0,0.E0));
#14876=DIRECTION('',(0.E0,0.E0,1.E0));
#14877=AXIS2_PLACEMENT_3D('',#14874,#14875,#14876);
#14879=CARTESIAN_POINT('',(-2.286E1,3.5E0,7.62E0));
#14880=DIRECTION('',(0.E0,1.E0,0.E0));
#14881=DIRECTION('',(0.E0,0.E0,-1.E0));
#14882=AXIS2_PLACEMENT_3D('',#14879,#14880,#14881);
#14884=CARTESIAN_POINT('',(-2.286E1,3.5E0,7.62E0));
#14885=DIRECTION('',(0.E0,-1.E0,0.E0));
#14886=DIRECTION('',(-1.E0,0.E0,0.E0));
#14887=AXIS2_PLACEMENT_3D('',#14884,#14885,#14886);
#14889=CARTESIAN_POINT('',(-2.286E1,3.5E0,7.62E0));
#14890=DIRECTION('',(0.E0,-1.E0,0.E0));
#14891=DIRECTION('',(1.E0,0.E0,0.E0));
#14892=AXIS2_PLACEMENT_3D('',#14889,#14890,#14891);
#14894=DIRECTION('',(0.E0,1.E0,0.E0));
#14895=VECTOR('',#14894,5.E-1);
#14896=CARTESIAN_POINT('',(-2.286E1,3.5E0,6.62E0));
#14897=LINE('',#14896,#14895);
#14898=DIRECTION('',(0.E0,-1.E0,0.E0));
#14899=VECTOR('',#14898,5.E-1);
#14900=CARTESIAN_POINT('',(-2.286E1,4.E0,8.62E0));
#14901=LINE('',#14900,#14899);
#14902=CARTESIAN_POINT('',(-2.286E1,4.E0,7.62E0));
#14903=DIRECTION('',(0.E0,-1.E0,0.E0));
#14904=DIRECTION('',(0.E0,0.E0,-1.E0));
#14905=AXIS2_PLACEMENT_3D('',#14902,#14903,#14904);
#14907=CARTESIAN_POINT('',(-2.286E1,4.E0,7.62E0));
#14908=DIRECTION('',(0.E0,-1.E0,0.E0));
#14909=DIRECTION('',(0.E0,0.E0,1.E0));
#14910=AXIS2_PLACEMENT_3D('',#14907,#14908,#14909);
#14912=CARTESIAN_POINT('',(-2.286E1,4.E0,7.62E0));
#14913=DIRECTION('',(0.E0,1.E0,0.E0));
#14914=DIRECTION('',(0.E0,0.E0,1.E0));
#14915=AXIS2_PLACEMENT_3D('',#14912,#14913,#14914);
#14917=CARTESIAN_POINT('',(-2.286E1,4.E0,7.62E0));
#14918=DIRECTION('',(0.E0,1.E0,0.E0));
#14919=DIRECTION('',(0.E0,0.E0,-1.E0));
#14920=AXIS2_PLACEMENT_3D('',#14917,#14918,#14919);
#14922=CARTESIAN_POINT('',(-2.286E1,1.539999999999E1,7.620000000004E0));
#14923=DIRECTION('',(-3.928755732613E-12,-1.E0,1.551943552385E-12));
#14924=DIRECTION('',(-3.510209438669E-7,-1.552535877634E-12,
-9.999999999999E-1));
#14925=AXIS2_PLACEMENT_3D('',#14922,#14923,#14924);
#14927=CARTESIAN_POINT('',(-2.286E1,1.580000000001E1,7.619999999999E0));
#14928=DIRECTION('',(-1.343600445353E-12,-1.E0,0.E0));
#14929=DIRECTION('',(1.308472726079E-10,0.E0,1.E0));
#14930=AXIS2_PLACEMENT_3D('',#14927,#14928,#14929);
#14932=CARTESIAN_POINT('',(-2.286E1,1.580000000001E1,7.620000000004E0));
#14933=DIRECTION('',(-3.928755732613E-12,-1.E0,1.551943552385E-12));
#14934=DIRECTION('',(-1.005779605620E-10,-1.545440227640E-12,-1.E0));
#14935=AXIS2_PLACEMENT_3D('',#14932,#14933,#14934);
#14937=CARTESIAN_POINT('',(-2.286E1,1.539999999999E1,7.719999999982E0));
#14938=DIRECTION('',(1.E0,-1.343602491984E-12,2.339120563910E-11));
#14939=DIRECTION('',(1.341149413696E-12,1.E0,1.214583988893E-12));
#14940=AXIS2_PLACEMENT_3D('',#14937,#14938,#14939);
#14942=CARTESIAN_POINT('',(-2.286E1,1.539999999999E1,7.619999999999E0));
#14943=DIRECTION('',(-1.343600445353E-12,-1.E0,0.E0));
#14944=DIRECTION('',(-2.266631327084E-12,0.E0,1.E0));
#14945=AXIS2_PLACEMENT_3D('',#14942,#14943,#14944);
#14947=CARTESIAN_POINT('',(-2.286E1,1.539999999999E1,7.520000000016E0));
#14948=DIRECTION('',(1.E0,-1.343602491984E-12,4.259370633974E-13));
#14949=DIRECTION('',(4.263256414397E-13,0.E0,-1.E0));
#14950=AXIS2_PLACEMENT_3D('',#14947,#14948,#14949);
#14952=DIRECTION('',(-2.429411681574E-9,-1.E0,-3.661788221573E-14));
#14953=VECTOR('',#14952,1.139999999999E1);
#14954=CARTESIAN_POINT('',(-2.285999997230E1,1.539999999999E1,8.12E0));
#14955=LINE('',#14954,#14953);
#14956=DIRECTION('',(2.566199260888E-9,1.E0,1.007381312871E-13));
#14957=VECTOR('',#14956,1.139999999999E1);
#14958=CARTESIAN_POINT('',(-2.286000011701E1,4.E0,7.12E0));
#14959=LINE('',#14958,#14957);
#14960=CARTESIAN_POINT('',(-2.336E1,1.299999999996E0,7.62E0));
#14961=CARTESIAN_POINT('',(-2.236E1,1.300000000010E0,7.619999953789E0));
#14962=VERTEX_POINT('',#14960);
#14963=VERTEX_POINT('',#14961);
#14964=CARTESIAN_POINT('',(-2.336E1,3.5E0,7.62E0));
#14965=VERTEX_POINT('',#14964);
#14966=CARTESIAN_POINT('',(-2.236E1,3.5E0,7.62E0));
#14967=VERTEX_POINT('',#14966);
#14968=CARTESIAN_POINT('',(-2.295999936735E1,9.000000000003E-1,
7.620000000001E0));
#14969=CARTESIAN_POINT('',(-2.276000063263E1,9.000000000030E-1,
7.620000000001E0));
#14970=VERTEX_POINT('',#14968);
#14971=VERTEX_POINT('',#14969);
#14972=CARTESIAN_POINT('',(-2.286E1,3.5E0,8.62E0));
#14973=CARTESIAN_POINT('',(-2.286E1,3.5E0,6.62E0));
#14974=VERTEX_POINT('',#14972);
#14975=VERTEX_POINT('',#14973);
#14976=CARTESIAN_POINT('',(-2.286E1,4.E0,8.62E0));
#14977=VERTEX_POINT('',#14976);
#14978=CARTESIAN_POINT('',(-2.286E1,4.E0,6.62E0));
#14979=VERTEX_POINT('',#14978);
#14980=CARTESIAN_POINT('',(-2.286E1,4.E0,8.12E0));
#14981=CARTESIAN_POINT('',(-2.286E1,4.E0,7.12E0));
#14982=VERTEX_POINT('',#14980);
#14983=VERTEX_POINT('',#14981);
#14984=CARTESIAN_POINT('',(-2.286000017551E1,1.539999999999E1,
7.120000000004E0));
#14985=CARTESIAN_POINT('',(-2.286E1,1.539999999999E1,8.120000000005E0));
#14986=VERTEX_POINT('',#14984);
#14987=VERTEX_POINT('',#14985);
#14988=CARTESIAN_POINT('',(-2.286000000001E1,1.580000000001E1,
7.520000632662E0));
#14989=CARTESIAN_POINT('',(-2.285999999999E1,1.580000000001E1,
7.719999367345E0));
#14990=VERTEX_POINT('',#14988);
#14991=VERTEX_POINT('',#14989);
#14992=CARTESIAN_POINT('',(-2.286E1,3.544E0,7.62E0));
#14993=DIRECTION('',(0.E0,-1.E0,0.E0));
#14994=DIRECTION('',(-1.E0,0.E0,0.E0));
#14995=AXIS2_PLACEMENT_3D('',#14992,#14993,#14994);
#14996=CYLINDRICAL_SURFACE('',#14995,5.E-1);
#14998=ORIENTED_EDGE('',*,*,#14997,.F.);
#15000=ORIENTED_EDGE('',*,*,#14999,.T.);
#15002=ORIENTED_EDGE('',*,*,#15001,.F.);
#15004=ORIENTED_EDGE('',*,*,#15003,.T.);
#15005=EDGE_LOOP('',(#14998,#15000,#15002,#15004));
#15006=FACE_OUTER_BOUND('',#15005,.F.);
#15008=FILL_AREA_STYLE_COLOUR('',#37);
#15009=FILL_AREA_STYLE('',(#15008));
#15010=SURFACE_STYLE_FILL_AREA(#15009);
#15011=SURFACE_SIDE_STYLE('',(#15010));
#15012=SURFACE_STYLE_USAGE(.BOTH.,#15011);
#15013=PRESENTATION_STYLE_ASSIGNMENT((#15012));
#15014=STYLED_ITEM('',(#15013),#15007);
#15015=CARTESIAN_POINT('',(-2.236866537633E1,1.318193511242E0,
7.529576054448E0));
#15016=CARTESIAN_POINT('',(-2.235741129036E1,1.066867800351E0,
7.527504881753E0));
#15017=CARTESIAN_POINT('',(-2.253237161697E1,8.889699363621E-1,
7.559704124967E0));
#15018=CARTESIAN_POINT('',(-2.277954626373E1,9.004140429438E-1,
7.605193503741E0));
#15019=CARTESIAN_POINT('',(-2.230770922085E1,1.318193511243E0,
7.860792188974E0));
#15020=CARTESIAN_POINT('',(-2.229505892590E1,1.066867800353E0,
7.866307566610E0));
#15021=CARTESIAN_POINT('',(-2.249172525155E1,8.889699363630E-1,
7.780563395533E0));
#15022=CARTESIAN_POINT('',(-2.276956497966E1,9.004140429440E-1,
7.659428589665E0));
#15023=CARTESIAN_POINT('',(-2.252322146645E1,1.318193511241E0,
8.119586030975E0));
#15024=CARTESIAN_POINT('',(-2.251550750861E1,1.066867800350E0,
8.131029116543E0));
#15025=CARTESIAN_POINT('',(-2.263543164867E1,8.889699363614E-1,
7.953130529841E0));
#15026=CARTESIAN_POINT('',(-2.280485409736E1,9.004140429436E-1,
7.701804865440E0));
#15027=CARTESIAN_POINT('',(-2.286E1,1.318193511236E0,8.119586030975E0));
#15028=CARTESIAN_POINT('',(-2.286E1,1.066867800345E0,8.131029116543E0));
#15029=CARTESIAN_POINT('',(-2.285999999999E1,8.889699363584E-1,
7.953130529841E0));
#15030=CARTESIAN_POINT('',(-2.285999999999E1,9.004140429429E-1,
7.701804865440E0));
#15031=CARTESIAN_POINT('',(-2.319677853355E1,1.318193511232E0,
8.119586030975E0));
#15032=CARTESIAN_POINT('',(-2.320449249138E1,1.066867800341E0,
8.131029116543E0));
#15033=CARTESIAN_POINT('',(-2.308456835132E1,8.889699363554E-1,
7.953130529841E0));
#15034=CARTESIAN_POINT('',(-2.291514590263E1,9.004140429422E-1,
7.701804865440E0));
#15035=CARTESIAN_POINT('',(-2.341229077915E1,1.318193511228E0,
7.860792188974E0));
#15036=CARTESIAN_POINT('',(-2.342494107410E1,1.066867800337E0,
7.866307566610E0));
#15037=CARTESIAN_POINT('',(-2.322827474844E1,8.889699363531E-1,
7.780563395533E0));
#15038=CARTESIAN_POINT('',(-2.295043502033E1,9.004140429416E-1,
7.659428589665E0));
#15039=CARTESIAN_POINT('',(-2.335133462367E1,1.318193511229E0,
7.529576054448E0));
#15040=CARTESIAN_POINT('',(-2.336258870964E1,1.066867800338E0,
7.527504881753E0));
#15041=CARTESIAN_POINT('',(-2.318762838302E1,8.889699363533E-1,
7.559704124967E0));
#15042=CARTESIAN_POINT('',(-2.294045373626E1,9.004140429417E-1,
7.605193503741E0));
#15043=(BOUNDED_SURFACE()B_SPLINE_SURFACE(3,3,((#15015,#15016,#15017,#15018),(
#15019,#15020,#15021,#15022),(#15023,#15024,#15025,#15026),(#15027,#15028,
#15029,#15030),(#15031,#15032,#15033,#15034),(#15035,#15036,#15037,#15038),(
#15039,#15040,#15041,#15042)),.UNSPECIFIED.,.F.,.F.,.F.)B_SPLINE_SURFACE_WITH_KNOTS((4,3,4),(4,4),(0.E0,1.E0,2.E0),(0.E0,1.E0),.UNSPECIFIED.)GEOMETRIC_REPRESENTATION_ITEM()RATIONAL_B_SPLINE_SURFACE(((1.456888300497E0,1.140463420795E0,
1.140463420795E0,1.456888300497E0),(1.107160079405E0,8.666934665446E-1,
8.666934665446E-1,1.107160079405E0),(1.107160079405E0,8.666934665446E-1,
8.666934665446E-1,1.107160079405E0),(1.456888300497E0,1.140463420795E0,
1.140463420795E0,1.456888300497E0),(1.107160079405E0,8.666934665446E-1,
8.666934665446E-1,1.107160079405E0),(1.107160079405E0,8.666934665446E-1,
8.666934665446E-1,1.107160079405E0),(1.456888300497E0,1.140463420795E0,
1.140463420795E0,1.456888300497E0)))REPRESENTATION_ITEM('')SURFACE());
#15045=ORIENTED_EDGE('',*,*,#15044,.F.);
#15047=ORIENTED_EDGE('',*,*,#15046,.F.);
#15048=ORIENTED_EDGE('',*,*,#14997,.T.);
#15050=ORIENTED_EDGE('',*,*,#15049,.F.);
#15051=EDGE_LOOP('',(#15045,#15047,#15048,#15050));
#15052=FACE_OUTER_BOUND('',#15051,.F.);
#15054=FILL_AREA_STYLE_COLOUR('',#37);
#15055=FILL_AREA_STYLE('',(#15054));
#15056=SURFACE_STYLE_FILL_AREA(#15055);
#15057=SURFACE_SIDE_STYLE('',(#15056));
#15058=SURFACE_STYLE_USAGE(.BOTH.,#15057);
#15059=PRESENTATION_STYLE_ASSIGNMENT((#15058));
#15060=STYLED_ITEM('',(#15059),#15053);
#15061=CARTESIAN_POINT('',(-2.286E1,9.E-1,7.62E0));
#15062=DIRECTION('',(0.E0,1.E0,0.E0));
#15063=DIRECTION('',(-1.E0,0.E0,0.E0));
#15064=AXIS2_PLACEMENT_3D('',#15061,#15062,#15063);
#15065=PLANE('',#15064);
#15066=ORIENTED_EDGE('',*,*,#15044,.T.);
#15068=ORIENTED_EDGE('',*,*,#15067,.T.);
#15069=EDGE_LOOP('',(#15066,#15068));
#15070=FACE_OUTER_BOUND('',#15069,.F.);
#15072=FILL_AREA_STYLE_COLOUR('',#19);
#15073=FILL_AREA_STYLE('',(#15072));
#15074=SURFACE_STYLE_FILL_AREA(#15073);
#15075=SURFACE_SIDE_STYLE('',(#15074));
#15076=SURFACE_STYLE_USAGE(.BOTH.,#15075);
#15077=PRESENTATION_STYLE_ASSIGNMENT((#15076));
#15078=STYLED_ITEM('',(#15077),#15071);
#15079=CARTESIAN_POINT('',(-2.335133462174E1,1.318193511234E0,
7.710423956036E0));
#15080=CARTESIAN_POINT('',(-2.336258870766E1,1.066867800346E0,
7.712495128972E0));
#15081=CARTESIAN_POINT('',(-2.318762838174E1,8.889699363597E-1,
7.680295882025E0));
#15082=CARTESIAN_POINT('',(-2.294045373595E1,9.004140429431E-1,
7.634806497976E0));
#15083=CARTESIAN_POINT('',(-2.341229078478E1,1.318193511234E0,
7.379207820149E0));
#15084=CARTESIAN_POINT('',(-2.342494107986E1,1.066867800345E0,
7.373692442723E0));
#15085=CARTESIAN_POINT('',(-2.322827475220E1,8.889699363593E-1,
7.459436610550E0));
#15086=CARTESIAN_POINT('',(-2.295043502126E1,9.004140429430E-1,
7.580571411827E0));
#15087=CARTESIAN_POINT('',(-2.319677854159E1,1.318193511232E0,
7.120413972618E0));
#15088=CARTESIAN_POINT('',(-2.320449249961E1,1.066867800344E0,
7.108970887133E0));
#15089=CARTESIAN_POINT('',(-2.308456835669E1,8.889699363582E-1,
7.286869472556E0));
#15090=CARTESIAN_POINT('',(-2.291514590395E1,9.004140429427E-1,
7.538195135146E0));
#15091=CARTESIAN_POINT('',(-2.286000000533E1,1.318193511231E0,
7.120413969024E0));
#15092=CARTESIAN_POINT('',(-2.286000000545E1,1.066867800342E0,
7.108970883457E0));
#15093=CARTESIAN_POINT('',(-2.286000000356E1,8.889699363572E-1,
7.286869470159E0));
#15094=CARTESIAN_POINT('',(-2.286000000087E1,9.004140429425E-1,
7.538195134558E0));
#15095=CARTESIAN_POINT('',(-2.252322146907E1,1.318193511229E0,
7.120413965431E0));
#15096=CARTESIAN_POINT('',(-2.251550751130E1,1.066867800340E0,
7.108970879781E0));
#15097=CARTESIAN_POINT('',(-2.263543165043E1,8.889699363561E-1,
7.286869467763E0));
#15098=CARTESIAN_POINT('',(-2.280485409780E1,9.004140429422E-1,
7.538195133969E0));
#15099=CARTESIAN_POINT('',(-2.230770922036E1,1.318193511229E0,
7.379207808362E0));
#15100=CARTESIAN_POINT('',(-2.229505892540E1,1.066867800340E0,
7.373692430666E0));
#15101=CARTESIAN_POINT('',(-2.249172525123E1,8.889699363559E-1,
7.459436602691E0));
#15102=CARTESIAN_POINT('',(-2.276956497958E1,9.004140429422E-1,
7.580571409897E0));
#15103=CARTESIAN_POINT('',(-2.236866537633E1,1.318193511230E0,
7.710423945550E0));
#15104=CARTESIAN_POINT('',(-2.235741129036E1,1.066867800341E0,
7.712495118246E0));
#15105=CARTESIAN_POINT('',(-2.253237161697E1,8.889699363566E-1,
7.680295875033E0));
#15106=CARTESIAN_POINT('',(-2.277954626374E1,9.004140429423E-1,
7.634806496259E0));
#15107=(BOUNDED_SURFACE()B_SPLINE_SURFACE(3,3,((#15079,#15080,#15081,#15082),(
#15083,#15084,#15085,#15086),(#15087,#15088,#15089,#15090),(#15091,#15092,
#15093,#15094),(#15095,#15096,#15097,#15098),(#15099,#15100,#15101,#15102),(
#15103,#15104,#15105,#15106)),.UNSPECIFIED.,.F.,.F.,.F.)B_SPLINE_SURFACE_WITH_KNOTS((4,3,4),(4,4),(0.E0,1.E0,2.E0),(0.E0,1.E0),.UNSPECIFIED.)GEOMETRIC_REPRESENTATION_ITEM()RATIONAL_B_SPLINE_SURFACE(((1.456888304140E0,1.140463423647E0,
1.140463423647E0,1.456888304140E0),(1.107160078191E0,8.666934655941E-1,
8.666934655941E-1,1.107160078191E0),(1.107160078191E0,8.666934655941E-1,
8.666934655941E-1,1.107160078191E0),(1.456888304140E0,1.140463423647E0,
1.140463423647E0,1.456888304140E0),(1.107160078191E0,8.666934655941E-1,
8.666934655941E-1,1.107160078191E0),(1.107160078191E0,8.666934655941E-1,
8.666934655941E-1,1.107160078191E0),(1.456888304140E0,1.140463423647E0,
1.140463423647E0,1.456888304140E0)))REPRESENTATION_ITEM('')SURFACE());
#15108=ORIENTED_EDGE('',*,*,#15067,.F.);
#15109=ORIENTED_EDGE('',*,*,#15049,.T.);
#15111=ORIENTED_EDGE('',*,*,#15110,.T.);
#15112=ORIENTED_EDGE('',*,*,#15046,.T.);
#15113=EDGE_LOOP('',(#15108,#15109,#15111,#15112));
#15114=FACE_OUTER_BOUND('',#15113,.F.);
#15116=FILL_AREA_STYLE_COLOUR('',#37);
#15117=FILL_AREA_STYLE('',(#15116));
#15118=SURFACE_STYLE_FILL_AREA(#15117);
#15119=SURFACE_SIDE_STYLE('',(#15118));
#15120=SURFACE_STYLE_USAGE(.BOTH.,#15119);
#15121=PRESENTATION_STYLE_ASSIGNMENT((#15120));
#15122=STYLED_ITEM('',(#15121),#15115);
#15123=CARTESIAN_POINT('',(-2.286E1,3.544E0,7.62E0));
#15124=DIRECTION('',(0.E0,-1.E0,0.E0));
#15125=DIRECTION('',(-1.E0,0.E0,0.E0));
#15126=AXIS2_PLACEMENT_3D('',#15123,#15124,#15125);
#15127=CYLINDRICAL_SURFACE('',#15126,5.E-1);
#15128=ORIENTED_EDGE('',*,*,#15110,.F.);
#15129=ORIENTED_EDGE('',*,*,#15003,.F.);
#15131=ORIENTED_EDGE('',*,*,#15130,.F.);
#15132=ORIENTED_EDGE('',*,*,#14999,.F.);
#15133=EDGE_LOOP('',(#15128,#15129,#15131,#15132));
#15134=FACE_OUTER_BOUND('',#15133,.F.);
#15136=FILL_AREA_STYLE_COLOUR('',#37);
#15137=FILL_AREA_STYLE('',(#15136));
#15138=SURFACE_STYLE_FILL_AREA(#15137);
#15139=SURFACE_SIDE_STYLE('',(#15138));
#15140=SURFACE_STYLE_USAGE(.BOTH.,#15139);
#15141=PRESENTATION_STYLE_ASSIGNMENT((#15140));
#15142=STYLED_ITEM('',(#15141),#15135);
#15143=CARTESIAN_POINT('',(-2.286E1,3.5E0,7.62E0));
#15144=DIRECTION('',(0.E0,1.E0,0.E0));
#15145=DIRECTION('',(0.E0,0.E0,1.E0));
#15146=AXIS2_PLACEMENT_3D('',#15143,#15144,#15145);
#15147=PLANE('',#15146);
#15149=ORIENTED_EDGE('',*,*,#15148,.T.);
#15151=ORIENTED_EDGE('',*,*,#15150,.T.);
#15152=EDGE_LOOP('',(#15149,#15151));
#15153=FACE_OUTER_BOUND('',#15152,.F.);
#15154=ORIENTED_EDGE('',*,*,#15130,.T.);
#15155=ORIENTED_EDGE('',*,*,#15001,.T.);
#15156=EDGE_LOOP('',(#15154,#15155));
#15157=FACE_BOUND('',#15156,.F.);
#15159=FILL_AREA_STYLE_COLOUR('',#19);
#15160=FILL_AREA_STYLE('',(#15159));
#15161=SURFACE_STYLE_FILL_AREA(#15160);
#15162=SURFACE_SIDE_STYLE('',(#15161));
#15163=SURFACE_STYLE_USAGE(.BOTH.,#15162);
#15164=PRESENTATION_STYLE_ASSIGNMENT((#15163));
#15165=STYLED_ITEM('',(#15164),#15158);
#15166=CARTESIAN_POINT('',(-2.286E1,3.481800209877E0,7.62E0));
#15167=DIRECTION('',(0.E0,1.E0,0.E0));
#15168=DIRECTION('',(0.E0,0.E0,1.E0));
#15169=AXIS2_PLACEMENT_3D('',#15166,#15167,#15168);
#15170=CYLINDRICAL_SURFACE('',#15169,1.E0);
#15171=ORIENTED_EDGE('',*,*,#15148,.F.);
#15173=ORIENTED_EDGE('',*,*,#15172,.F.);
#15175=ORIENTED_EDGE('',*,*,#15174,.F.);
#15177=ORIENTED_EDGE('',*,*,#15176,.F.);
#15178=EDGE_LOOP('',(#15171,#15173,#15175,#15177));
#15179=FACE_OUTER_BOUND('',#15178,.F.);
#15181=FILL_AREA_STYLE_COLOUR('',#37);
#15182=FILL_AREA_STYLE('',(#15181));
#15183=SURFACE_STYLE_FILL_AREA(#15182);
#15184=SURFACE_SIDE_STYLE('',(#15183));
#15185=SURFACE_STYLE_USAGE(.BOTH.,#15184);
#15186=PRESENTATION_STYLE_ASSIGNMENT((#15185));
#15187=STYLED_ITEM('',(#15186),#15180);
#15188=CARTESIAN_POINT('',(-2.286E1,3.481800209877E0,7.62E0));
#15189=DIRECTION('',(0.E0,1.E0,0.E0));
#15190=DIRECTION('',(0.E0,0.E0,1.E0));
#15191=AXIS2_PLACEMENT_3D('',#15188,#15189,#15190);
#15192=CYLINDRICAL_SURFACE('',#15191,1.E0);
#15193=ORIENTED_EDGE('',*,*,#15150,.F.);
#15194=ORIENTED_EDGE('',*,*,#15176,.T.);
#15196=ORIENTED_EDGE('',*,*,#15195,.F.);
#15197=ORIENTED_EDGE('',*,*,#15172,.T.);
#15198=EDGE_LOOP('',(#15193,#15194,#15196,#15197));
#15199=FACE_OUTER_BOUND('',#15198,.F.);
#15201=FILL_AREA_STYLE_COLOUR('',#37);
#15202=FILL_AREA_STYLE('',(#15201));
#15203=SURFACE_STYLE_FILL_AREA(#15202);
#15204=SURFACE_SIDE_STYLE('',(#15203));
#15205=SURFACE_STYLE_USAGE(.BOTH.,#15204);
#15206=PRESENTATION_STYLE_ASSIGNMENT((#15205));
#15207=STYLED_ITEM('',(#15206),#15200);
#15208=CARTESIAN_POINT('',(-2.286E1,4.E0,7.62E0));
#15209=DIRECTION('',(0.E0,1.E0,0.E0));
#15210=DIRECTION('',(0.E0,0.E0,1.E0));
#15211=AXIS2_PLACEMENT_3D('',#15208,#15209,#15210);
#15212=PLANE('',#15211);
#15213=ORIENTED_EDGE('',*,*,#15174,.T.);
#15214=ORIENTED_EDGE('',*,*,#15195,.T.);
#15215=EDGE_LOOP('',(#15213,#15214));
#15216=FACE_OUTER_BOUND('',#15215,.F.);
#15218=ORIENTED_EDGE('',*,*,#15217,.T.);
#15220=ORIENTED_EDGE('',*,*,#15219,.T.);
#15221=EDGE_LOOP('',(#15218,#15220));
#15222=FACE_BOUND('',#15221,.F.);
#15224=FILL_AREA_STYLE_COLOUR('',#37);
#15225=FILL_AREA_STYLE('',(#15224));
#15226=SURFACE_STYLE_FILL_AREA(#15225);
#15227=SURFACE_SIDE_STYLE('',(#15226));
#15228=SURFACE_STYLE_USAGE(.BOTH.,#15227);
#15229=PRESENTATION_STYLE_ASSIGNMENT((#15228));
#15230=STYLED_ITEM('',(#15229),#15223);
#15231=CARTESIAN_POINT('',(-2.286E1,3.772E0,7.62E0));
#15232=DIRECTION('',(0.E0,1.E0,0.E0));
#15233=DIRECTION('',(0.E0,0.E0,1.E0));
#15234=AXIS2_PLACEMENT_3D('',#15231,#15232,#15233);
#15235=CYLINDRICAL_SURFACE('',#15234,5.E-1);
#15237=ORIENTED_EDGE('',*,*,#15236,.F.);
#15239=ORIENTED_EDGE('',*,*,#15238,.F.);
#15240=ORIENTED_EDGE('',*,*,#15217,.F.);
#15242=ORIENTED_EDGE('',*,*,#15241,.F.);
#15243=EDGE_LOOP('',(#15237,#15239,#15240,#15242));
#15244=FACE_OUTER_BOUND('',#15243,.F.);
#15246=FILL_AREA_STYLE_COLOUR('',#37);
#15247=FILL_AREA_STYLE('',(#15246));
#15248=SURFACE_STYLE_FILL_AREA(#15247);
#15249=SURFACE_SIDE_STYLE('',(#15248));
#15250=SURFACE_STYLE_USAGE(.BOTH.,#15249);
#15251=PRESENTATION_STYLE_ASSIGNMENT((#15250));
#15252=STYLED_ITEM('',(#15251),#15245);
#15253=CARTESIAN_POINT('',(-2.295042395611E1,1.538180648876E1,
8.111334621730E0));
#15254=CARTESIAN_POINT('',(-2.295249512904E1,1.563313219966E1,
8.122588707653E0));
#15255=CARTESIAN_POINT('',(-2.292029588207E1,1.581103006366E1,
7.947628381727E0));
#15256=CARTESIAN_POINT('',(-2.287480649798E1,1.579958595707E1,
7.700453735926E0));
#15257=CARTESIAN_POINT('',(-2.261920782021E1,1.538180648876E1,
8.172290784819E0));
#15258=CARTESIAN_POINT('',(-2.261369244278E1,1.563313219966E1,
8.184941079897E0));
#15259=CARTESIAN_POINT('',(-2.269943661059E1,1.581103006365E1,
7.988274752217E0));
#15260=CARTESIAN_POINT('',(-2.282057141185E1,1.579958595707E1,
7.710435021248E0));
#15261=CARTESIAN_POINT('',(-2.236041397264E1,1.538180648876E1,
7.956778541643E0));
#15262=CARTESIAN_POINT('',(-2.234897088716E1,1.563313219966E1,
7.964492499661E0));
#15263=CARTESIAN_POINT('',(-2.252686947258E1,1.581103006365E1,
7.844568356715E0));
#15264=CARTESIAN_POINT('',(-2.277819513517E1,1.579958595707E1,
7.675145903946E0));
#15265=CARTESIAN_POINT('',(-2.236041396903E1,1.538180648876E1,
7.620000005366E0));
#15266=CARTESIAN_POINT('',(-2.234897088346E1,1.563313219966E1,
7.620000005488E0));
#15267=CARTESIAN_POINT('',(-2.252686947017E1,1.581103006365E1,
7.620000003579E0));
#15268=CARTESIAN_POINT('',(-2.277819513458E1,1.579958595707E1,
7.620000000881E0));
#15269=CARTESIAN_POINT('',(-2.236041396542E1,1.538180648876E1,
7.283221469089E0));
#15270=CARTESIAN_POINT('',(-2.234897087976E1,1.563313219966E1,
7.275507511316E0));
#15271=CARTESIAN_POINT('',(-2.252686946776E1,1.581103006365E1,
7.395431650443E0));
#15272=CARTESIAN_POINT('',(-2.277819513399E1,1.579958595707E1,
7.564854097817E0));
#15273=CARTESIAN_POINT('',(-2.261920780836E1,1.538180648876E1,
7.067709220358E0));
#15274=CARTESIAN_POINT('',(-2.261369243066E1,1.563313219966E1,
7.055058925397E0));
#15275=CARTESIAN_POINT('',(-2.269943660269E1,1.581103006365E1,
7.251725251237E0));
#15276=CARTESIAN_POINT('',(-2.282057140991E1,1.579958595707E1,
7.529564979606E0));
#15277=CARTESIAN_POINT('',(-2.295042394556E1,1.538180648876E1,
7.128665376337E0));
#15278=CARTESIAN_POINT('',(-2.295249511826E1,1.563313219966E1,
7.117411290369E0));
#15279=CARTESIAN_POINT('',(-2.292029587504E1,1.581103006365E1,
7.292371616985E0));
#15280=CARTESIAN_POINT('',(-2.287480649626E1,1.579958595707E1,
7.539546263763E0));
#15281=(BOUNDED_SURFACE()B_SPLINE_SURFACE(3,3,((#15253,#15254,#15255,#15256),(
#15257,#15258,#15259,#15260),(#15261,#15262,#15263,#15264),(#15265,#15266,
#15267,#15268),(#15269,#15270,#15271,#15272),(#15273,#15274,#15275,#15276),(
#15277,#15278,#15279,#15280)),.UNSPECIFIED.,.F.,.F.,.F.)B_SPLINE_SURFACE_WITH_KNOTS((4,3,4),(4,4),(0.E0,1.E0,2.E0),(0.E0,1.E0),.UNSPECIFIED.)GEOMETRIC_REPRESENTATION_ITEM()RATIONAL_B_SPLINE_SURFACE(((1.456888304166E0,1.140463423666E0,
1.140463423666E0,1.456888304166E0),(1.107160078184E0,8.666934655872E-1,
8.666934655872E-1,1.107160078184E0),(1.107160078184E0,8.666934655872E-1,
8.666934655872E-1,1.107160078184E0),(1.456888304166E0,1.140463423666E0,
1.140463423666E0,1.456888304166E0),(1.107160078184E0,8.666934655872E-1,
8.666934655872E-1,1.107160078184E0),(1.107160078184E0,8.666934655872E-1,
8.666934655872E-1,1.107160078184E0),(1.456888304166E0,1.140463423666E0,
1.140463423666E0,1.456888304166E0)))REPRESENTATION_ITEM('')SURFACE());
#15283=ORIENTED_EDGE('',*,*,#15282,.F.);
#15285=ORIENTED_EDGE('',*,*,#15284,.F.);
#15286=ORIENTED_EDGE('',*,*,#15236,.T.);
#15288=ORIENTED_EDGE('',*,*,#15287,.F.);
#15289=EDGE_LOOP('',(#15283,#15285,#15286,#15288));
#15290=FACE_OUTER_BOUND('',#15289,.F.);
#15292=FILL_AREA_STYLE_COLOUR('',#37);
#15293=FILL_AREA_STYLE('',(#15292));
#15294=SURFACE_STYLE_FILL_AREA(#15293);
#15295=SURFACE_SIDE_STYLE('',(#15294));
#15296=SURFACE_STYLE_USAGE(.BOTH.,#15295);
#15297=PRESENTATION_STYLE_ASSIGNMENT((#15296));
#15298=STYLED_ITEM('',(#15297),#15291);
#15299=CARTESIAN_POINT('',(-2.286E1,1.58E1,7.62E0));
#15300=DIRECTION('',(0.E0,1.E0,0.E0));
#15301=DIRECTION('',(0.E0,0.E0,1.E0));
#15302=AXIS2_PLACEMENT_3D('',#15299,#15300,#15301);
#15303=PLANE('',#15302);
#15305=ORIENTED_EDGE('',*,*,#15304,.T.);
#15306=ORIENTED_EDGE('',*,*,#15282,.T.);
#15307=EDGE_LOOP('',(#15305,#15306));
#15308=FACE_OUTER_BOUND('',#15307,.F.);
#15310=FILL_AREA_STYLE_COLOUR('',#19);
#15311=FILL_AREA_STYLE('',(#15310));
#15312=SURFACE_STYLE_FILL_AREA(#15311);
#15313=SURFACE_SIDE_STYLE('',(#15312));
#15314=SURFACE_STYLE_USAGE(.BOTH.,#15313);
#15315=PRESENTATION_STYLE_ASSIGNMENT((#15314));
#15316=STYLED_ITEM('',(#15315),#15309);
#15317=CARTESIAN_POINT('',(-2.276957605443E1,1.538180648876E1,
7.128665376337E0));
#15318=CARTESIAN_POINT('',(-2.276750488173E1,1.563313219966E1,
7.117411290370E0));
#15319=CARTESIAN_POINT('',(-2.279970412495E1,1.581103006365E1,
7.292371616984E0));
#15320=CARTESIAN_POINT('',(-2.284519350374E1,1.579958595707E1,
7.539546263758E0));
#15321=CARTESIAN_POINT('',(-2.310079218895E1,1.538180648876E1,
7.067709220840E0));
#15322=CARTESIAN_POINT('',(-2.310630756659E1,1.563313219966E1,
7.055058925891E0));
#15323=CARTESIAN_POINT('',(-2.302056339551E1,1.581103006365E1,
7.251725251556E0));
#15324=CARTESIAN_POINT('',(-2.289942858965E1,1.579958595707E1,
7.529564979679E0));
#15325=CARTESIAN_POINT('',(-2.335958603096E1,1.538180648876E1,
7.283221466434E0));
#15326=CARTESIAN_POINT('',(-2.337102911653E1,1.563313219966E1,
7.275507508601E0));
#15327=CARTESIAN_POINT('',(-2.319313052982E1,1.581103006365E1,
7.395431648671E0));
#15328=CARTESIAN_POINT('',(-2.294180486542E1,1.579958595707E1,
7.564854097378E0));
#15329=CARTESIAN_POINT('',(-2.335958603097E1,1.538180648876E1,
7.619999999990E0));
#15330=CARTESIAN_POINT('',(-2.337102911654E1,1.563313219966E1,
7.619999999990E0));
#15331=CARTESIAN_POINT('',(-2.319313052983E1,1.581103006365E1,
7.619999999993E0));
#15332=CARTESIAN_POINT('',(-2.294180486542E1,1.579958595707E1,
7.619999999998E0));
#15333=CARTESIAN_POINT('',(-2.335958603098E1,1.538180648876E1,
7.956778533546E0));
#15334=CARTESIAN_POINT('',(-2.337102911654E1,1.563313219966E1,
7.964492491379E0));
#15335=CARTESIAN_POINT('',(-2.319313052983E1,1.581103006365E1,
7.844568351315E0));
#15336=CARTESIAN_POINT('',(-2.294180486542E1,1.579958595707E1,
7.675145902617E0));
#15337=CARTESIAN_POINT('',(-2.310079218897E1,1.538180648876E1,
8.172290779150E0));
#15338=CARTESIAN_POINT('',(-2.310630756661E1,1.563313219966E1,
8.184941074098E0));
#15339=CARTESIAN_POINT('',(-2.302056339553E1,1.581103006365E1,
7.988274748436E0));
#15340=CARTESIAN_POINT('',(-2.289942858966E1,1.579958595707E1,
7.710435020317E0));
#15341=CARTESIAN_POINT('',(-2.276957605444E1,1.538180648876E1,
8.111334623664E0));
#15342=CARTESIAN_POINT('',(-2.276750488175E1,1.563313219966E1,
8.122588709632E0));
#15343=CARTESIAN_POINT('',(-2.279970412496E1,1.581103006365E1,
7.947628383016E0));
#15344=CARTESIAN_POINT('',(-2.284519350374E1,1.579958595707E1,
7.700453736240E0));
#15345=(BOUNDED_SURFACE()B_SPLINE_SURFACE(3,3,((#15317,#15318,#15319,#15320),(
#15321,#15322,#15323,#15324),(#15325,#15326,#15327,#15328),(#15329,#15330,
#15331,#15332),(#15333,#15334,#15335,#15336),(#15337,#15338,#15339,#15340),(
#15341,#15342,#15343,#15344)),.UNSPECIFIED.,.F.,.F.,.F.)B_SPLINE_SURFACE_WITH_KNOTS((4,3,4),(4,4),(0.E0,1.E0,2.E0),(0.E0,1.E0),.UNSPECIFIED.)GEOMETRIC_REPRESENTATION_ITEM()RATIONAL_B_SPLINE_SURFACE(((1.456888300506E0,1.140463420803E0,
1.140463420803E0,1.456888300506E0),(1.107160079402E0,8.666934665423E-1,
8.666934665423E-1,1.107160079402E0),(1.107160079402E0,8.666934665423E-1,
8.666934665423E-1,1.107160079402E0),(1.456888300506E0,1.140463420803E0,
1.140463420803E0,1.456888300506E0),(1.107160079402E0,8.666934665423E-1,
8.666934665423E-1,1.107160079402E0),(1.107160079402E0,8.666934665423E-1,
8.666934665423E-1,1.107160079402E0),(1.456888300506E0,1.140463420803E0,
1.140463420803E0,1.456888300506E0)))REPRESENTATION_ITEM('')SURFACE());
#15346=ORIENTED_EDGE('',*,*,#15304,.F.);
#15347=ORIENTED_EDGE('',*,*,#15287,.T.);
#15349=ORIENTED_EDGE('',*,*,#15348,.T.);
#15350=ORIENTED_EDGE('',*,*,#15284,.T.);
#15351=EDGE_LOOP('',(#15346,#15347,#15349,#15350));
#15352=FACE_OUTER_BOUND('',#15351,.F.);
#15354=FILL_AREA_STYLE_COLOUR('',#37);
#15355=FILL_AREA_STYLE('',(#15354));
#15356=SURFACE_STYLE_FILL_AREA(#15355);
#15357=SURFACE_SIDE_STYLE('',(#15356));
#15358=SURFACE_STYLE_USAGE(.BOTH.,#15357);
#15359=PRESENTATION_STYLE_ASSIGNMENT((#15358));
#15360=STYLED_ITEM('',(#15359),#15353);
#15361=CARTESIAN_POINT('',(-2.286E1,3.772E0,7.62E0));
#15362=DIRECTION('',(0.E0,1.E0,0.E0));
#15363=DIRECTION('',(0.E0,0.E0,1.E0));
#15364=AXIS2_PLACEMENT_3D('',#15361,#15362,#15363);
#15365=CYLINDRICAL_SURFACE('',#15364,5.E-1);
#15366=ORIENTED_EDGE('',*,*,#15348,.F.);
#15367=ORIENTED_EDGE('',*,*,#15241,.T.);
#15368=ORIENTED_EDGE('',*,*,#15219,.F.);
#15369=ORIENTED_EDGE('',*,*,#15238,.T.);
#15370=EDGE_LOOP('',(#15366,#15367,#15368,#15369));
#15371=FACE_OUTER_BOUND('',#15370,.F.);
#15373=FILL_AREA_STYLE_COLOUR('',#37);
#15374=FILL_AREA_STYLE('',(#15373));
#15375=SURFACE_STYLE_FILL_AREA(#15374);
#15376=SURFACE_SIDE_STYLE('',(#15375));
#15377=SURFACE_STYLE_USAGE(.BOTH.,#15376);
#15378=PRESENTATION_STYLE_ASSIGNMENT((#15377));
#15379=STYLED_ITEM('',(#15378),#15372);
#15380=CLOSED_SHELL('',(#15007,#15053,#15071,#15115,#15135,#15158,#15180,#15200,
#15223,#15245,#15291,#15309,#15353,#15372));
#15381=MANIFOLD_SOLID_BREP('',#15380);
#15384=PLANE_ANGLE_MEASURE_WITH_UNIT(PLANE_ANGLE_MEASURE(1.745329251994E-2),
#15383);
#15385=(CONVERSION_BASED_UNIT('DEGREE',#15384)NAMED_UNIT(*)PLANE_ANGLE_UNIT());
#15387=UNCERTAINTY_MEASURE_WITH_UNIT(LENGTH_MEASURE(1.516588510976E-3),#15382,
'distance_accuracy_value',
'Maximum model space distance between geometric entities at asserted connectivities');
#15389=CARTESIAN_POINT('',(0.E0,0.E0,0.E0));
#15390=DIRECTION('',(0.E0,0.E0,1.E0));
#15391=DIRECTION('',(1.E0,0.E0,0.E0));
#15394=PRODUCT_DEFINITION_CONTEXT('part definition',#11612,'design');
#15395=PRODUCT_CONTEXT('',#11612,'mechanical');
#15396=PRODUCT('MANIFOLD_SOLID_BREP_14838','MANIFOLD_SOLID_BREP_14838',
'NOT SPECIFIED',(#15395));
#15397=PRODUCT_DEFINITION_FORMATION('1','LAST_VERSION',#15396);
#15405=DERIVED_UNIT_ELEMENT(#15404,2.E0);
#15406=DERIVED_UNIT((#15405));
#15407=MEASURE_REPRESENTATION_ITEM('surface area measure',AREA_MEASURE(
5.344266119374E1),#15406);
#15412=DERIVED_UNIT_ELEMENT(#15411,3.E0);
#15413=DERIVED_UNIT((#15412));
#15414=MEASURE_REPRESENTATION_ITEM('volume measure',VOLUME_MEASURE(
1.270334025045E1),#15413);
#15418=CARTESIAN_POINT('centre point',(-2.286000000062E1,7.923399814506E0,
7.619999999275E0));
#15423=DERIVED_UNIT_ELEMENT(#15422,2.E0);
#15424=DERIVED_UNIT((#15423));
#15425=MEASURE_REPRESENTATION_ITEM('surface area measure',AREA_MEASURE(
5.344266119374E1),#15424);
#15430=DERIVED_UNIT_ELEMENT(#15429,3.E0);
#15431=DERIVED_UNIT((#15430));
#15432=MEASURE_REPRESENTATION_ITEM('volume measure',VOLUME_MEASURE(
1.270334025045E1),#15431);
#15436=CARTESIAN_POINT('centre point',(-2.286000000062E1,7.923399814506E0,
7.619999999275E0));
#15442=GENERAL_PROPERTY('','DESCRIPTION','user defined attribute');
#15443=GENERAL_PROPERTY_ASSOCIATION('user defined attribute','',#15442,#15441);
#15444=DESCRIPTIVE_REPRESENTATION_ITEM('DESCRIPTION','');
#15448=GENERAL_PROPERTY('','MODELED_BY','user defined attribute');
#15449=GENERAL_PROPERTY_ASSOCIATION('user defined attribute','',#15448,#15447);
#15450=DESCRIPTIVE_REPRESENTATION_ITEM('MODELED_BY','');
#15455=CARTESIAN_POINT('centre point',(-2.286000000062E1,7.923399814506E0,
7.619999999275E0));
#15459=CARTESIAN_POINT('',(0.E0,0.E0,0.E0));
#15460=DIRECTION('',(0.E0,0.E0,1.E0));
#15461=DIRECTION('',(1.E0,0.E0,0.E0));
#15462=AXIS2_PLACEMENT_3D('',#15459,#15460,#15461);
#15463=ITEM_DEFINED_TRANSFORMATION('','',#15392,#15462);
#15464=(REPRESENTATION_RELATIONSHIP('','',#15393,#11675)REPRESENTATION_RELATIONSHIP_WITH_TRANSFORMATION(#15463)SHAPE_REPRESENTATION_RELATIONSHIP());
#15465=CONTEXT_DEPENDENT_SHAPE_REPRESENTATION(#15464,#15454);
#15468=PLANE_ANGLE_MEASURE_WITH_UNIT(PLANE_ANGLE_MEASURE(1.745329251994E-2),
#15467);
#15469=(CONVERSION_BASED_UNIT('DEGREE',#15468)NAMED_UNIT(*)PLANE_ANGLE_UNIT());
#15471=UNCERTAINTY_MEASURE_WITH_UNIT(LENGTH_MEASURE(5.907978291756E-3),#15466,
'distance_accuracy_value',
'Maximum model space distance between geometric entities at asserted connectivities');
#15473=CARTESIAN_POINT('',(0.E0,0.E0,0.E0));
#15474=DIRECTION('',(0.E0,0.E0,1.E0));
#15475=DIRECTION('',(1.E0,0.E0,0.E0));
#15477=MECHANICAL_DESIGN_GEOMETRIC_PRESENTATION_REPRESENTATION('',(#4799,#4872,
#4902,#4923,#4944,#4965,#4989,#5010,#5031,#5052,#5081,#5121,#5143,#5221,#5242,
#5263,#5284,#5305,#5326,#5347,#5368,#5395,#5417,#5444,#5463,#5540,#5570,#5610,
#5632,#5709,#5731,#5753,#5775,#5838,#5859,#5885,#5923,#5947,#5969,#6006,#6027,
#6048,#6068,#6094,#6116,#6139,#6160,#6181,#6200,#6219,#6242,#6264,#6284,#6306,
#6333,#6363,#6385,#6408,#6429,#6450,#6474,#6497,#6517,#6553,#6603,#6634,#6678,
#6726,#6747,#6843,#6863,#6882,#6902,#6923,#6944,#6966,#6988,#7046,#7077,#7121,
#7168,#7189,#7245,#7264,#7292,#7332,#7352,#7371,#7390,#7410,#7431,#7452,#7474,
#7495,#7516,#7535,#7555,#7582,#7622,#7642,#7661,#7680,#7700,#7721,#7743,#7764,
#7782,#7801,#7821,#7840,#7859,#7879,#7898,#7930,#7949,#7968,#7989,#8009,#8030,
#8052,#8074,#8093,#8113,#8133,#8153,#8172,#8192,#8212,#8232,#8252,#8271,#8292,
#8311,#8332,#8351,#8372,#8391,#8411,#8429,#8449,#8467,#8487,#8507,#8526,#8551,
#8574,#8597,#8618,#8635,#8660,#8683,#8706,#8727,#8744,#8766,#8788,#8809,#8833,
#8856,#8879,#8899,#8923,#8946,#8969,#8989,#9013,#9036,#9059,#9079,#9103,#9126,
#9149,#9169,#9193,#9216,#9239,#9259,#9283,#9305,#9328,#9349,#9366,#9390,#9412,
#9435,#9456,#9473,#9493,#9511,#9531,#9549,#9570,#9589,#9610,#9629,#9650,#9669,
#9695,#9717,#9738,#9758,#9782,#9820,#9856,#9877,#9961,#9981,#10001,#10021,
#10054,#10074,#10093,#10113,#10135,#10155,#10177,#10197,#10219,#10238,#10258,
#10277,#10297,#10317,#10336,#10358,#10386,#10405,#10430,#10453,#10476,#10494,
#10514,#10536,#10564,#10583,#10608,#10631,#10654,#10672,#10692,#10714,#10742,
#10761,#10786,#10809,#10832,#10850,#10870,#10890,#10910,#10930,#10950,#10970,
#10989,#11014,#11037,#11060,#11078,#11098,#11117,#11143,#11165,#11186,#11206,
#11229,#11248,#11273,#11296,#11319,#11337,#11357,#11383,#11405,#11426,#11446,
#11469,#11488,#11513,#11536,#11559,#11577,#11597,#11867,#11913,#11931,#11975,
#11995,#12018,#12040,#12060,#12083,#12105,#12151,#12169,#12213,#12232,#12496,
#12542,#12560,#12604,#12624,#12647,#12669,#12689,#12712,#12734,#12780,#12798,
#12842,#12861,#13126,#13172,#13190,#13234,#13254,#13277,#13299,#13319,#13342,
#13364,#13410,#13428,#13472,#13491,#13755,#13801,#13819,#13863,#13883,#13906,
#13928,#13948,#13971,#13993,#14039,#14057,#14101,#14120,#14385,#14431,#14449,
#14493,#14513,#14536,#14558,#14578,#14601,#14623,#14669,#14687,#14731,#14750,
#15014,#15060,#15078,#15122,#15142,#15165,#15187,#15207,#15230,#15252,#15298,
#15316,#15360,#15379),#15472);
#15478=PRODUCT_CONTEXT('',#11612,'mechanical');
#15479=PRODUCT('URB_LD-30WR3_ASM','URB_LD-30WR3_ASM','NOT SPECIFIED',(#15478));
#15480=PRODUCT_DEFINITION_FORMATION('1','LAST_VERSION',#15479);
#15483=DERIVED_UNIT_ELEMENT(#15482,2.E0);
#15484=DERIVED_UNIT((#15483));
#15485=MEASURE_REPRESENTATION_ITEM('surface area measure',AREA_MEASURE(
9.460352854285E3),#15484);
#15490=DERIVED_UNIT_ELEMENT(#15489,3.E0);
#15491=DERIVED_UNIT((#15490));
#15492=MEASURE_REPRESENTATION_ITEM('volume measure',VOLUME_MEASURE(
3.445818794902E3),#15491);
#15496=CARTESIAN_POINT('centre point',(1.505174696932E-2,6.872410533651E0,
-1.050622487531E-2));
#15500=PRODUCT_RELATED_PRODUCT_CATEGORY('part','',(#15479,#11616,#12248,#12878,
#13507,#14137,#14766,#15396));
#15502=GENERAL_PROPERTY('','DESCRIPTION','user defined attribute');
#15503=GENERAL_PROPERTY_ASSOCIATION('user defined attribute','',#15502,#15501);
#15504=DESCRIPTIVE_REPRESENTATION_ITEM('DESCRIPTION','');
#15508=GENERAL_PROPERTY('','MODELED_BY','user defined attribute');
#15509=GENERAL_PROPERTY_ASSOCIATION('user defined attribute','',#15508,#15507);
#15510=DESCRIPTIVE_REPRESENTATION_ITEM('MODELED_BY','');
#1=DRAUGHTING_PRE_DEFINED_COLOUR('black');
#2=COLOUR_RGB('',0.E0,0.E0,2.E-1);
#3=COLOUR_RGB('',0.E0,5.019607843137E-1,0.E0);
#4=DRAUGHTING_PRE_DEFINED_COLOUR('green');
#5=DRAUGHTING_PRE_DEFINED_COLOUR('cyan');
#6=COLOUR_RGB('',1.1E-2,1.2E-2,1.E0);
#7=COLOUR_RGB('',9.019607843137E-2,2.235294117647E-1,4.196078431373E-1);
#8=COLOUR_RGB('',1.098039215686E-1,1.098039215686E-1,1.098039215686E-1);
#9=COLOUR_RGB('',1.137254901961E-1,1.E0,9.254901960784E-1);
#10=COLOUR_RGB('',1.215686274510E-1,9.294117647059E-1,4.784313725490E-1);
#11=COLOUR_RGB('',1.411764705882E-1,4.705882352941E-1,1.960784313725E-1);
#12=COLOUR_RGB('',1.568627450980E-1,3.137254901961E-1,1.764705882353E-1);
#13=COLOUR_RGB('',1.686274509804E-1,7.215686274510E-1,9.607843137255E-1);
#14=COLOUR_RGB('',1.803921568627E-1,1.803921568627E-1,1.803921568627E-1);
#15=COLOUR_RGB('',1.882352941176E-1,1.E0,2.745098039216E-2);
#16=COLOUR_RGB('',2.E-1,2.E-1,6.E-1);
#17=COLOUR_RGB('',2.509803921569E-1,2.509803921569E-1,2.509803921569E-1);
#18=COLOUR_RGB('',3.529411764706E-1,3.529411764706E-1,0.E0);
#19=COLOUR_RGB('',3.529411764706E-1,3.529411764706E-1,3.529411764706E-1);
#20=COLOUR_RGB('',3.843137254902E-1,6.196078431373E-1,6.039215686275E-1);
#21=COLOUR_RGB('',3.92E-1,1.2E-2,1.2E-2);
#22=COLOUR_RGB('',4.1E-1,0.E0,2.2E-1);
#23=COLOUR_RGB('',4.431372549020E-1,6.352941176471E-1,1.E0);
#24=COLOUR_RGB('',5.019607843137E-1,5.019607843137E-1,5.019607843137E-1);
#25=COLOUR_RGB('',5.137254901961E-1,0.E0,0.E0);
#26=COLOUR_RGB('',6.470588235294E-1,6.196078431373E-1,5.882352941176E-1);
#27=COLOUR_RGB('',6.952E-1,7.426E-1,7.9E-1);
#28=COLOUR_RGB('',7.803921568627E-1,1.E0,7.843137254902E-3);
#29=COLOUR_RGB('',7.84314E-1,7.84314E-1,7.84314E-1);
#30=COLOUR_RGB('',7.882352941176E-1,5.372549019608E-1,1.E0);
#31=COLOUR_RGB('',7.960784313725E-1,8.235294117647E-1,9.372549019608E-1);
#32=COLOUR_RGB('',7.960784313725E-1,1.E0,7.411764705882E-1);
#33=COLOUR_RGB('',8.470588235294E-1,8.470588235294E-1,8.470588235294E-1);
#34=COLOUR_RGB('',8.784E-1,9.49E-1,1.E0);
#35=COLOUR_RGB('',8.980392156863E-1,6.274509803922E-1,1.E0);
#36=COLOUR_RGB('',9.098039215686E-1,4.431372549020E-1,3.137254901961E-2);
#37=COLOUR_RGB('',9.490196078431E-1,7.568627450980E-1,1.764705882353E-1);
#38=COLOUR_RGB('',9.6E-1,9.6E-1,9.6E-1);
#39=COLOUR_RGB('',9.8E-1,6.27E-1,0.E0);
#40=DRAUGHTING_PRE_DEFINED_COLOUR('red');
#41=COLOUR_RGB('',1.E0,3.529411764706E-2,1.098039215686E-1);
#42=COLOUR_RGB('',1.E0,5.490196078431E-2,9.568627450980E-1);
#43=COLOUR_RGB('',1.E0,5.450980392157E-1,7.372549019608E-1);
#44=COLOUR_RGB('',1.E0,6.862745098039E-1,6.078431372549E-1);
#45=COLOUR_RGB('',1.E0,8.705882352941E-1,2.745098039216E-2);
#46=DRAUGHTING_PRE_DEFINED_COLOUR('yellow');
#47=COLOUR_RGB('',1.E0,1.E0,9.49E-1);
#48=DRAUGHTING_PRE_DEFINED_COLOUR('white');
#49=COLOUR_RGB('',1.E0,0.E0,2.E-1);
#58=CIRCLE('',#57,5.250000000006E-1);
#63=CIRCLE('',#62,5.250000000006E-1);
#92=CIRCLE('',#91,1.8E0);
#97=CIRCLE('',#96,1.8E0);
#102=CIRCLE('',#101,1.8E0);
#107=CIRCLE('',#106,1.8E0);
#112=CIRCLE('',#111,6.250000000004E-1);
#117=CIRCLE('',#116,6.250000000004E-1);
#122=CIRCLE('',#121,6.250000000004E-1);
#127=CIRCLE('',#126,6.250000000004E-1);
#132=CIRCLE('',#131,6.250000000015E-1);
#137=CIRCLE('',#136,6.250000000015E-1);
#142=CIRCLE('',#141,6.250000000015E-1);
#147=CIRCLE('',#146,6.250000000015E-1);
#152=CIRCLE('',#151,6.250000000001E-1);
#157=CIRCLE('',#156,6.250000000001E-1);
#162=CIRCLE('',#161,6.250000000001E-1);
#167=CIRCLE('',#166,6.250000000001E-1);
#272=CIRCLE('',#271,1.8E0);
#289=CIRCLE('',#288,6.250000000015E-1);
#294=CIRCLE('',#293,6.250000000015E-1);
#299=CIRCLE('',#298,6.250000000015E-1);
#304=CIRCLE('',#303,6.250000000015E-1);
#361=CIRCLE('',#360,6.E-1);
#366=CIRCLE('',#365,6.E-1);
#371=CIRCLE('',#370,6.E-1);
#376=CIRCLE('',#375,6.E-1);
#381=CIRCLE('',#380,6.E-1);
#386=CIRCLE('',#385,6.E-1);
#463=CIRCLE('',#462,1.8E0);
#468=CIRCLE('',#467,1.8E0);
#473=CIRCLE('',#472,1.8E0);
#478=CIRCLE('',#477,1.8E0);
#483=CIRCLE('',#482,1.8E0);
#488=CIRCLE('',#487,1.8E0);
#513=CIRCLE('',#512,6.250000000001E-1);
#518=CIRCLE('',#517,6.250000000001E-1);
#523=CIRCLE('',#522,6.250000000001E-1);
#528=CIRCLE('',#527,6.250000000001E-1);
#533=CIRCLE('',#532,6.250000000001E-1);
#538=CIRCLE('',#537,6.250000000001E-1);
#543=CIRCLE('',#542,6.250000000001E-1);
#548=CIRCLE('',#547,6.250000000001E-1);
#553=CIRCLE('',#552,6.250000000001E-1);
#558=CIRCLE('',#557,6.250000000001E-1);
#563=CIRCLE('',#562,6.250000000001E-1);
#568=CIRCLE('',#567,6.250000000001E-1);
#593=CIRCLE('',#592,1.8E0);
#610=CIRCLE('',#609,6.250000000001E-1);
#615=CIRCLE('',#614,6.250000000001E-1);
#620=CIRCLE('',#619,6.250000000001E-1);
#625=CIRCLE('',#624,6.250000000001E-1);
#686=CIRCLE('',#685,6.E-1);
#691=CIRCLE('',#690,6.E-1);
#696=CIRCLE('',#695,6.E-1);
#701=CIRCLE('',#700,6.E-1);
#706=CIRCLE('',#705,6.E-1);
#711=CIRCLE('',#710,6.E-1);
#752=CIRCLE('',#751,6.E-1);
#757=CIRCLE('',#756,6.E-1);
#762=CIRCLE('',#761,6.E-1);
#767=CIRCLE('',#766,6.E-1);
#772=CIRCLE('',#771,6.E-1);
#777=CIRCLE('',#776,6.E-1);
#802=CIRCLE('',#801,5.E-1);
#815=CIRCLE('',#814,1.5E0);
#849=B_SPLINE_CURVE_WITH_KNOTS('',3,(#844,#845,#846,#847,#848),.UNSPECIFIED.,
.F.,.F.,(4,1,4),(0.E0,5.E-1,1.E0),.UNSPECIFIED.);
#858=CIRCLE('',#857,3.E-1);
#879=CIRCLE('',#878,3.E-1);
#888=CIRCLE('',#887,1.5E0);
#929=CIRCLE('',#928,5.E-1);
#951=B_SPLINE_CURVE_WITH_KNOTS('',3,(#946,#947,#948,#949,#950),.UNSPECIFIED.,
.F.,.F.,(4,1,4),(0.E0,5.E-1,1.E0),.UNSPECIFIED.);
#1040=CIRCLE('',#1039,5.E-1);
#1113=CIRCLE('',#1112,5.E-1);
#1138=CIRCLE('',#1137,5.E-2);
#1143=CIRCLE('',#1142,5.E-2);
#1156=CIRCLE('',#1155,5.E-1);
#1165=CIRCLE('',#1164,5.E-1);
#1186=CIRCLE('',#1185,4.898979485566E-1);
#1191=CIRCLE('',#1190,4.898979485566E-1);
#1196=CIRCLE('',#1195,4.898979485566E-1);
#1201=CIRCLE('',#1200,4.898979485566E-1);
#1218=CIRCLE('',#1217,3.E-1);
#1235=CIRCLE('',#1234,3.E-1);
#1272=CIRCLE('',#1271,4.499999999969E-1);
#1277=CIRCLE('',#1276,4.499999999969E-1);
#1282=CIRCLE('',#1281,4.499999999969E-1);
#1287=CIRCLE('',#1286,4.499999999969E-1);
#1300=CIRCLE('',#1299,4.000000000008E-1);
#1305=CIRCLE('',#1304,4.000000000010E-1);
#1310=CIRCLE('',#1309,4.000000000008E-1);
#1315=CIRCLE('',#1314,4.000000000010E-1);
#1320=CIRCLE('',#1319,5.25E-1);
#1325=CIRCLE('',#1324,5.25E-1);
#1330=CIRCLE('',#1329,5.25E-1);
#1335=CIRCLE('',#1334,5.25E-1);
#1340=CIRCLE('',#1339,5.25E-1);
#1345=CIRCLE('',#1344,5.25E-1);
#1350=CIRCLE('',#1349,5.25E-1);
#1355=CIRCLE('',#1354,5.25E-1);
#1360=CIRCLE('',#1359,5.25E-1);
#1365=CIRCLE('',#1364,5.25E-1);
#1370=CIRCLE('',#1369,5.25E-1);
#1375=CIRCLE('',#1374,5.25E-1);
#1408=CIRCLE('',#1407,3.E-1);
#1413=CIRCLE('',#1412,7.000000000008E-1);
#1418=CIRCLE('',#1417,3.E-1);
#1439=CIRCLE('',#1438,4.499999999962E-1);
#1444=CIRCLE('',#1443,4.499999999962E-1);
#1449=CIRCLE('',#1448,4.499999999962E-1);
#1454=CIRCLE('',#1453,4.499999999962E-1);
#1459=CIRCLE('',#1458,4.499999999963E-1);
#1464=CIRCLE('',#1463,4.499999999963E-1);
#1469=CIRCLE('',#1468,4.499999999962E-1);
#1474=CIRCLE('',#1473,4.499999999962E-1);
#1487=CIRCLE('',#1486,3.E-1);
#1540=CIRCLE('',#1539,3.E-1);
#1553=CIRCLE('',#1552,4.898979485566E-1);
#1558=CIRCLE('',#1557,4.898979485566E-1);
#1563=CIRCLE('',#1562,4.898979485566E-1);
#1568=CIRCLE('',#1567,4.898979485566E-1);
#1593=CIRCLE('',#1592,6.E-1);
#1598=CIRCLE('',#1597,6.E-1);
#1603=CIRCLE('',#1602,6.E-1);
#1608=CIRCLE('',#1607,6.E-1);
#1613=CIRCLE('',#1612,6.E-1);
#1618=CIRCLE('',#1617,6.E-1);
#1639=CIRCLE('',#1638,3.E-1);
#1696=CIRCLE('',#1695,3.E-1);
#1741=CIRCLE('',#1740,3.E-1);
#1746=CIRCLE('',#1745,7.000000000008E-1);
#1751=CIRCLE('',#1750,3.E-1);
#1772=CIRCLE('',#1771,3.E-1);
#1777=CIRCLE('',#1776,7.000000000010E-1);
#1782=CIRCLE('',#1781,3.E-1);
#1823=CIRCLE('',#1822,3.E-1);
#1848=CIRCLE('',#1847,3.E-1);
#1905=CIRCLE('',#1904,7.E-1);
#1910=CIRCLE('',#1909,7.E-1);
#1915=CIRCLE('',#1914,7.E-1);
#1936=CIRCLE('',#1935,7.E-1);
#1941=CIRCLE('',#1940,7.E-1);
#1946=CIRCLE('',#1945,7.E-1);
#1951=CIRCLE('',#1950,7.E-1);
#1956=CIRCLE('',#1955,7.E-1);
#1961=CIRCLE('',#1960,7.E-1);
#1974=CIRCLE('',#1973,7.E-1);
#1979=CIRCLE('',#1978,7.E-1);
#1984=CIRCLE('',#1983,7.E-1);
#2025=CIRCLE('',#2024,5.E-1);
#2034=CIRCLE('',#2033,5.E-1);
#2043=CIRCLE('',#2042,5.E-2);
#2048=CIRCLE('',#2047,5.E-2);
#2077=CIRCLE('',#2076,5.E-2);
#2082=CIRCLE('',#2081,5.E-2);
#2087=CIRCLE('',#2086,5.E-2);
#2108=CIRCLE('',#2107,5.E-2);
#2113=CIRCLE('',#2112,5.E-2);
#2118=CIRCLE('',#2117,5.E-2);
#2143=CIRCLE('',#2142,5.E-2);
#2148=CIRCLE('',#2147,5.E-2);
#2153=CIRCLE('',#2152,5.E-2);
#2166=CIRCLE('',#2165,5.E-2);
#2171=CIRCLE('',#2170,5.E-2);
#2176=CIRCLE('',#2175,5.E-2);
#2225=CIRCLE('',#2224,5.E-1);
#2230=CIRCLE('',#2229,5.E-1);
#2235=CIRCLE('',#2234,5.E-1);
#2240=CIRCLE('',#2239,5.E-1);
#2253=CIRCLE('',#2252,3.E-1);
#2258=CIRCLE('',#2257,7.000000000010E-1);
#2263=CIRCLE('',#2262,3.E-1);
#2276=CIRCLE('',#2275,2.499999999962E-1);
#2281=CIRCLE('',#2280,2.499999999962E-1);
#2286=CIRCLE('',#2285,2.E-1);
#2291=CIRCLE('',#2290,2.499999999962E-1);
#2296=CIRCLE('',#2295,2.499999999962E-1);
#2301=CIRCLE('',#2300,2.E-1);
#2314=CIRCLE('',#2313,2.5E-1);
#2319=CIRCLE('',#2318,2.5E-1);
#2324=CIRCLE('',#2323,2.499999999963E-1);
#2329=CIRCLE('',#2328,2.499999999963E-1);
#2334=CIRCLE('',#2333,2.E-1);
#2339=CIRCLE('',#2338,2.499999999962E-1);
#2344=CIRCLE('',#2343,2.499999999962E-1);
#2349=CIRCLE('',#2348,2.E-1);
#2362=CIRCLE('',#2361,2.5E-1);
#2367=CIRCLE('',#2366,2.5E-1);
#2380=CIRCLE('',#2379,5.250000000006E-1);
#2385=CIRCLE('',#2384,5.250000000006E-1);
#2398=CIRCLE('',#2397,5.249999999998E-1);
#2403=CIRCLE('',#2402,5.249999999998E-1);
#2412=CIRCLE('',#2411,5.249999999998E-1);
#2417=CIRCLE('',#2416,5.249999999998E-1);
#2438=CIRCLE('',#2437,5.249999999999E-1);
#2443=CIRCLE('',#2442,5.249999999999E-1);
#2452=CIRCLE('',#2451,5.249999999999E-1);
#2457=CIRCLE('',#2456,5.249999999999E-1);
#2474=CIRCLE('',#2473,5.249999999999E-1);
#2479=CIRCLE('',#2478,5.249999999999E-1);
#2488=CIRCLE('',#2487,5.249999999999E-1);
#2493=CIRCLE('',#2492,5.249999999999E-1);
#2510=CIRCLE('',#2509,5.249999999999E-1);
#2515=CIRCLE('',#2514,5.249999999999E-1);
#2524=CIRCLE('',#2523,5.249999999999E-1);
#2529=CIRCLE('',#2528,5.249999999999E-1);
#2546=CIRCLE('',#2545,5.249999999999E-1);
#2551=CIRCLE('',#2550,5.249999999999E-1);
#2560=CIRCLE('',#2559,5.249999999999E-1);
#2565=CIRCLE('',#2564,5.249999999999E-1);
#2570=CIRCLE('',#2569,2.499999999969E-1);
#2575=CIRCLE('',#2574,2.499999999969E-1);
#2580=CIRCLE('',#2579,2.E-1);
#2585=CIRCLE('',#2584,2.499999999969E-1);
#2590=CIRCLE('',#2589,2.499999999969E-1);
#2595=CIRCLE('',#2594,2.E-1);
#2608=CIRCLE('',#2607,2.5E-1);
#2613=CIRCLE('',#2612,2.5E-1);
#2618=CIRCLE('',#2617,2.499999999969E-1);
#2623=CIRCLE('',#2622,2.499999999969E-1);
#2628=CIRCLE('',#2627,2.E-1);
#2633=CIRCLE('',#2632,2.499999999969E-1);
#2638=CIRCLE('',#2637,2.499999999969E-1);
#2643=CIRCLE('',#2642,2.E-1);
#2656=CIRCLE('',#2655,2.5E-1);
#2661=CIRCLE('',#2660,2.5E-1);
#2666=CIRCLE('',#2665,5.E-1);
#2671=CIRCLE('',#2670,5.E-1);
#2676=CIRCLE('',#2675,5.E-1);
#2681=CIRCLE('',#2680,5.E-1);
#2778=CIRCLE('',#2777,1.8E0);
#2783=CIRCLE('',#2782,6.250000000001E-1);
#2788=CIRCLE('',#2787,6.250000000001E-1);
#2793=CIRCLE('',#2792,6.250000000001E-1);
#2798=CIRCLE('',#2797,6.250000000001E-1);
#2847=CIRCLE('',#2846,1.8E0);
#2852=CIRCLE('',#2851,1.8E0);
#2857=CIRCLE('',#2856,1.8E0);
#2862=CIRCLE('',#2861,1.8E0);
#2867=CIRCLE('',#2866,1.8E0);
#2872=CIRCLE('',#2871,1.8E0);
#2877=CIRCLE('',#2876,1.8E0);
#2882=CIRCLE('',#2881,1.8E0);
#2887=CIRCLE('',#2886,1.8E0);
#2892=CIRCLE('',#2891,1.8E0);
#2897=CIRCLE('',#2896,1.8E0);
#2902=CIRCLE('',#2901,1.8E0);
#2907=CIRCLE('',#2906,1.8E0);
#2912=CIRCLE('',#2911,1.8E0);
#2917=CIRCLE('',#2916,1.8E0);
#2922=CIRCLE('',#2921,1.8E0);
#2927=CIRCLE('',#2926,1.8E0);
#2932=CIRCLE('',#2931,1.8E0);
#2937=CIRCLE('',#2936,1.8E0);
#3158=CIRCLE('',#3157,1.8E0);
#3163=CIRCLE('',#3162,1.8E0);
#3168=CIRCLE('',#3167,6.250000000001E-1);
#3173=CIRCLE('',#3172,6.250000000001E-1);
#3178=CIRCLE('',#3177,6.250000000001E-1);
#3183=CIRCLE('',#3182,6.250000000001E-1);
#3200=CIRCLE('',#3199,5.249999999999E-1);
#3205=CIRCLE('',#3204,5.249999999999E-1);
#3214=CIRCLE('',#3213,5.249999999999E-1);
#3219=CIRCLE('',#3218,5.249999999999E-1);
#3232=CIRCLE('',#3231,5.25E-1);
#3237=CIRCLE('',#3236,5.25E-1);
#3242=CIRCLE('',#3241,1.8E0);
#3247=CIRCLE('',#3246,1.8E0);
#3252=CIRCLE('',#3251,6.250000000004E-1);
#3257=CIRCLE('',#3256,6.250000000004E-1);
#3262=CIRCLE('',#3261,6.250000000004E-1);
#3267=CIRCLE('',#3266,6.250000000004E-1);
#3284=CIRCLE('',#3283,5.249999999998E-1);
#3289=CIRCLE('',#3288,5.249999999998E-1);
#3298=CIRCLE('',#3297,5.249999999998E-1);
#3303=CIRCLE('',#3302,5.249999999998E-1);
#3316=CIRCLE('',#3315,5.25E-1);
#3321=CIRCLE('',#3320,5.25E-1);
#3326=CIRCLE('',#3325,1.8E0);
#3331=CIRCLE('',#3330,1.8E0);
#3336=CIRCLE('',#3335,6.250000000001E-1);
#3341=CIRCLE('',#3340,6.250000000001E-1);
#3346=CIRCLE('',#3345,6.250000000001E-1);
#3351=CIRCLE('',#3350,6.250000000001E-1);
#3368=CIRCLE('',#3367,5.249999999999E-1);
#3373=CIRCLE('',#3372,5.249999999999E-1);
#3382=CIRCLE('',#3381,5.249999999999E-1);
#3387=CIRCLE('',#3386,5.249999999999E-1);
#3400=CIRCLE('',#3399,5.25E-1);
#3405=CIRCLE('',#3404,5.25E-1);
#3442=CIRCLE('',#3441,5.249999999999E-1);
#3447=CIRCLE('',#3446,5.249999999999E-1);
#3456=CIRCLE('',#3455,5.249999999999E-1);
#3461=CIRCLE('',#3460,5.249999999999E-1);
#3474=CIRCLE('',#3473,5.25E-1);
#3479=CIRCLE('',#3478,5.25E-1);
#3536=CIRCLE('',#3535,5.249999999999E-1);
#3541=CIRCLE('',#3540,5.249999999999E-1);
#3550=CIRCLE('',#3549,5.249999999999E-1);
#3555=CIRCLE('',#3554,5.249999999999E-1);
#3568=CIRCLE('',#3567,5.25E-1);
#3573=CIRCLE('',#3572,5.25E-1);
#3630=CIRCLE('',#3629,5.250000000006E-1);
#3635=CIRCLE('',#3634,5.250000000006E-1);
#3644=CIRCLE('',#3643,5.250000000006E-1);
#3649=CIRCLE('',#3648,5.250000000006E-1);
#3662=CIRCLE('',#3661,5.25E-1);
#3667=CIRCLE('',#3666,5.25E-1);
#4778=EDGE_CURVE('',#3670,#3671,#147,.T.);
#4780=EDGE_CURVE('',#3673,#3670,#142,.T.);
#4782=EDGE_CURVE('',#3673,#3675,#53,.T.);
#4784=EDGE_CURVE('',#3675,#3677,#58,.T.);
#4786=EDGE_CURVE('',#3677,#3679,#63,.T.);
#4788=EDGE_CURVE('',#3679,#3671,#67,.T.);
#4792=ADVANCED_FACE('',(#4791),#4777,.F.);
#4805=EDGE_CURVE('',#3682,#3683,#171,.T.);
#4807=EDGE_CURVE('',#3682,#3685,#71,.T.);
#4809=EDGE_CURVE('',#3685,#3687,#75,.T.);
#4811=EDGE_CURVE('',#3687,#3689,#79,.T.);
#4813=EDGE_CURVE('',#3689,#3691,#83,.T.);
#4815=EDGE_CURVE('',#3691,#3693,#87,.T.);
#4817=EDGE_CURVE('',#3695,#3693,#255,.T.);
#4819=EDGE_CURVE('',#3697,#3695,#239,.T.);
#4821=EDGE_CURVE('',#3697,#3699,#92,.T.);
#4823=EDGE_CURVE('',#3701,#3699,#223,.T.);
#4825=EDGE_CURVE('',#3701,#3703,#97,.T.);
#4827=EDGE_CURVE('',#3703,#3705,#102,.T.);
#4829=EDGE_CURVE('',#3707,#3705,#207,.T.);
#4831=EDGE_CURVE('',#3707,#3709,#107,.T.);
#4833=EDGE_CURVE('',#3683,#3709,#187,.T.);
#4837=EDGE_CURVE('',#3712,#3713,#112,.T.);
#4839=EDGE_CURVE('',#3713,#3715,#117,.T.);
#4841=EDGE_CURVE('',#3715,#3717,#122,.T.);
#4843=EDGE_CURVE('',#3717,#3712,#127,.T.);
#4847=EDGE_CURVE('',#3671,#3719,#132,.T.);
#4849=EDGE_CURVE('',#3719,#3673,#137,.T.);
#4855=EDGE_CURVE('',#3722,#3723,#152,.T.);
#4857=EDGE_CURVE('',#3723,#3725,#157,.T.);
#4859=EDGE_CURVE('',#3725,#3727,#162,.T.);
#4861=EDGE_CURVE('',#3727,#3722,#167,.T.);
#4865=ADVANCED_FACE('',(#4836,#4846,#4854,#4864),#4804,.F.);
#4879=EDGE_CURVE('',#3729,#3683,#195,.T.);
#4881=EDGE_CURVE('',#3729,#3731,#175,.T.);
#4883=EDGE_CURVE('',#3733,#3731,#3149,.T.);
#4885=EDGE_CURVE('',#3735,#3733,#2773,.T.);
#4887=EDGE_CURVE('',#3735,#3737,#179,.T.);
#4889=EDGE_CURVE('',#3739,#3737,#2741,.T.);
#4891=EDGE_CURVE('',#3739,#3682,#183,.T.);
#4895=ADVANCED_FACE('',(#4894),#4877,.F.);
#4909=EDGE_CURVE('',#3741,#3709,#203,.T.);
#4911=EDGE_CURVE('',#3741,#3729,#191,.T.);
#4916=ADVANCED_FACE('',(#4915),#4907,.F.);
#4930=EDGE_CURVE('',#3707,#3743,#199,.T.);
#4932=EDGE_CURVE('',#3741,#3743,#2847,.T.);
#4937=ADVANCED_FACE('',(#4936),#4928,.T.);
#4951=EDGE_CURVE('',#3745,#3705,#219,.T.);
#4953=EDGE_CURVE('',#3745,#3743,#211,.T.);
#4958=ADVANCED_FACE('',(#4957),#4949,.F.);
#4973=EDGE_CURVE('',#3701,#3747,#215,.T.);
#4975=EDGE_CURVE('',#3749,#3747,#2857,.T.);
#4977=EDGE_CURVE('',#3745,#3749,#2852,.T.);
#4982=ADVANCED_FACE('',(#4981),#4970,.T.);
#4996=EDGE_CURVE('',#3751,#3699,#235,.T.);
#4998=EDGE_CURVE('',#3751,#3747,#227,.T.);
#5003=ADVANCED_FACE('',(#5002),#4994,.F.);
#5017=EDGE_CURVE('',#3697,#3753,#231,.T.);
#5019=EDGE_CURVE('',#3751,#3753,#2862,.T.);
#5024=ADVANCED_FACE('',(#5023),#5015,.T.);
#5038=EDGE_CURVE('',#3755,#3695,#251,.T.);
#5040=EDGE_CURVE('',#3755,#3753,#243,.T.);
#5045=ADVANCED_FACE('',(#5044),#5036,.F.);
#5058=EDGE_CURVE('',#3758,#3759,#276,.T.);
#5060=EDGE_CURVE('',#3761,#3758,#2949,.T.);
#5062=EDGE_CURVE('',#3761,#3755,#247,.T.);
#5066=EDGE_CURVE('',#3693,#3763,#259,.T.);
#5068=EDGE_CURVE('',#3765,#3763,#3613,.T.);
#5070=EDGE_CURVE('',#3765,#3759,#263,.T.);
#5074=ADVANCED_FACE('',(#5073),#5057,.T.);
#5087=EDGE_CURVE('',#3768,#3769,#267,.T.);
#5089=EDGE_CURVE('',#3771,#3769,#3009,.T.);
#5091=EDGE_CURVE('',#3773,#3771,#2961,.T.);
#5093=EDGE_CURVE('',#3773,#3775,#272,.T.);
#5095=EDGE_CURVE('',#3758,#3775,#2941,.T.);
#5098=EDGE_CURVE('',#3759,#3777,#280,.T.);
#5100=EDGE_CURVE('',#3777,#3768,#284,.T.);
#5104=EDGE_CURVE('',#3780,#3781,#289,.T.);
#5106=EDGE_CURVE('',#3781,#3783,#294,.T.);
#5108=EDGE_CURVE('',#3783,#3785,#299,.T.);
#5110=EDGE_CURVE('',#3785,#3780,#304,.T.);
#5114=ADVANCED_FACE('',(#5103,#5113),#5086,.F.);
#5128=EDGE_CURVE('',#3787,#3768,#312,.T.);
#5130=EDGE_CURVE('',#3789,#3787,#394,.T.);
#5132=EDGE_CURVE('',#3769,#3789,#3013,.T.);
#5136=ADVANCED_FACE('',(#5135),#5126,.T.);
#5149=EDGE_CURVE('',#3791,#3787,#308,.T.);
#5153=EDGE_CURVE('',#3777,#3793,#316,.T.);
#5155=EDGE_CURVE('',#3793,#3795,#320,.T.);
#5157=EDGE_CURVE('',#3795,#3691,#324,.T.);
#5160=EDGE_CURVE('',#3689,#3797,#328,.T.);
#5162=EDGE_CURVE('',#3799,#3797,#1048,.T.);
#5164=EDGE_CURVE('',#3801,#3799,#1027,.T.);
#5166=EDGE_CURVE('',#3803,#3801,#1015,.T.);
#5168=EDGE_CURVE('',#3805,#3803,#1003,.T.);
#5170=EDGE_CURVE('',#3807,#3805,#924,.T.);
#5172=EDGE_CURVE('',#3809,#3807,#870,.T.);
#5174=EDGE_CURVE('',#3811,#3809,#496,.T.);
#5176=EDGE_CURVE('',#3811,#3813,#332,.T.);
#5178=EDGE_CURVE('',#3813,#3815,#336,.T.);
#5180=EDGE_CURVE('',#3815,#3817,#340,.T.);
#5182=EDGE_CURVE('',#3819,#3817,#422,.T.);
#5184=EDGE_CURVE('',#3819,#3821,#344,.T.);
#5186=EDGE_CURVE('',#3821,#3823,#348,.T.);
#5188=EDGE_CURVE('',#3823,#3825,#352,.T.);
#5190=EDGE_CURVE('',#3827,#3825,#402,.T.);
#5192=EDGE_CURVE('',#3827,#3791,#356,.T.);
#5196=EDGE_CURVE('',#3830,#3831,#361,.T.);
#5198=EDGE_CURVE('',#3831,#3830,#366,.T.);
#5202=EDGE_CURVE('',#3834,#3835,#371,.T.);
#5204=EDGE_CURVE('',#3835,#3834,#376,.T.);
#5208=EDGE_CURVE('',#3838,#3839,#381,.T.);
#5210=EDGE_CURVE('',#3839,#3838,#386,.T.);
#5214=ADVANCED_FACE('',(#5195,#5201,#5207,#5213),#5148,.T.);
#5228=EDGE_CURVE('',#3791,#3841,#390,.T.);
#5230=EDGE_CURVE('',#3789,#3841,#3017,.T.);
#5235=ADVANCED_FACE('',(#5234),#5226,.F.);
#5248=EDGE_CURVE('',#3843,#3827,#398,.T.);
#5250=EDGE_CURVE('',#3841,#3843,#3021,.T.);
#5256=ADVANCED_FACE('',(#5255),#5247,.F.);
#5271=EDGE_CURVE('',#3825,#3845,#406,.T.);
#5273=EDGE_CURVE('',#3843,#3845,#2973,.T.);
#5277=ADVANCED_FACE('',(#5276),#5268,.F.);
#5292=EDGE_CURVE('',#3823,#3847,#410,.T.);
#5294=EDGE_CURVE('',#3845,#3847,#2977,.T.);
#5298=ADVANCED_FACE('',(#5297),#5289,.T.);
#5312=EDGE_CURVE('',#3821,#3849,#414,.T.);
#5314=EDGE_CURVE('',#3847,#3849,#2981,.T.);
#5319=ADVANCED_FACE('',(#5318),#5310,.F.);
#5332=EDGE_CURVE('',#3851,#3819,#418,.T.);
#5334=EDGE_CURVE('',#3849,#3851,#2985,.T.);
#5340=ADVANCED_FACE('',(#5339),#5331,.F.);
#5355=EDGE_CURVE('',#3817,#3853,#426,.T.);
#5357=EDGE_CURVE('',#3851,#3853,#2989,.T.);
#5361=ADVANCED_FACE('',(#5360),#5352,.F.);
#5374=EDGE_CURVE('',#3856,#3857,#430,.T.);
#5376=EDGE_CURVE('',#3857,#3859,#434,.T.);
#5378=EDGE_CURVE('',#3861,#3859,#3025,.T.);
#5380=EDGE_CURVE('',#3853,#3861,#2993,.T.);
#5384=EDGE_CURVE('',#3815,#3856,#438,.T.);
#5388=ADVANCED_FACE('',(#5387),#5373,.T.);
#5401=EDGE_CURVE('',#3864,#3865,#450,.T.);
#5403=EDGE_CURVE('',#3864,#3857,#442,.T.);
#5406=EDGE_CURVE('',#3856,#3865,#446,.T.);
#5410=ADVANCED_FACE('',(#5409),#5400,.T.);
#5424=EDGE_CURVE('',#3865,#3813,#454,.T.);
#5427=EDGE_CURVE('',#3867,#3811,#492,.T.);
#5429=EDGE_CURVE('',#3869,#3867,#2997,.T.);
#5431=EDGE_CURVE('',#3871,#3869,#3033,.T.);
#5433=EDGE_CURVE('',#3871,#3864,#458,.T.);
#5437=ADVANCED_FACE('',(#5436),#5422,.F.);
#5456=ADVANCED_FACE('',(#5455),#5449,.F.);
#5469=EDGE_CURVE('',#3874,#3875,#576,.T.);
#5471=EDGE_CURVE('',#3877,#3874,#3093,.T.);
#5473=EDGE_CURVE('',#3877,#3879,#463,.T.);
#5475=EDGE_CURVE('',#3879,#3881,#468,.T.);
#5477=EDGE_CURVE('',#3883,#3881,#3077,.T.);
#5479=EDGE_CURVE('',#3883,#3885,#473,.T.);
#5481=EDGE_CURVE('',#3885,#3887,#478,.T.);
#5483=EDGE_CURVE('',#3889,#3887,#3061,.T.);
#5485=EDGE_CURVE('',#3889,#3891,#483,.T.);
#5487=EDGE_CURVE('',#3891,#3893,#488,.T.);
#5489=EDGE_CURVE('',#3895,#3893,#3041,.T.);
#5491=EDGE_CURVE('',#3867,#3895,#3001,.T.);
#5495=EDGE_CURVE('',#3809,#3897,#500,.T.);
#5497=EDGE_CURVE('',#3897,#3899,#504,.T.);
#5499=EDGE_CURVE('',#3899,#3875,#508,.T.);
#5503=EDGE_CURVE('',#3902,#3903,#513,.T.);
#5505=EDGE_CURVE('',#3903,#3905,#518,.T.);
#5507=EDGE_CURVE('',#3905,#3907,#523,.T.);
#5509=EDGE_CURVE('',#3907,#3902,#528,.T.);
#5513=EDGE_CURVE('',#3910,#3911,#533,.T.);
#5515=EDGE_CURVE('',#3911,#3913,#538,.T.);
#5517=EDGE_CURVE('',#3913,#3915,#543,.T.);
#5519=EDGE_CURVE('',#3915,#3910,#548,.T.);
#5523=EDGE_CURVE('',#3918,#3919,#553,.T.);
#5525=EDGE_CURVE('',#3919,#3921,#558,.T.);
#5527=EDGE_CURVE('',#3921,#3923,#563,.T.);
#5529=EDGE_CURVE('',#3923,#3918,#568,.T.);
#5533=ADVANCED_FACE('',(#5502,#5512,#5522,#5532),#5468,.F.);
#5546=EDGE_CURVE('',#3926,#3927,#597,.T.);
#5548=EDGE_CURVE('',#3929,#3926,#3113,.T.);
#5550=EDGE_CURVE('',#3929,#3931,#572,.T.);
#5552=EDGE_CURVE('',#3874,#3931,#3097,.T.);
#5555=EDGE_CURVE('',#3875,#3933,#580,.T.);
#5557=EDGE_CURVE('',#3935,#3933,#3519,.T.);
#5559=EDGE_CURVE('',#3935,#3927,#584,.T.);
#5563=ADVANCED_FACE('',(#5562),#5545,.F.);
#5576=EDGE_CURVE('',#3938,#3939,#588,.T.);
#5578=EDGE_CURVE('',#3941,#3939,#2806,.T.);
#5580=EDGE_CURVE('',#3943,#3941,#2838,.T.);
#5582=EDGE_CURVE('',#3943,#3945,#593,.T.);
#5584=EDGE_CURVE('',#3926,#3945,#3105,.T.);
#5587=EDGE_CURVE('',#3927,#3947,#601,.T.);
#5589=EDGE_CURVE('',#3947,#3938,#605,.T.);
#5593=EDGE_CURVE('',#3950,#3951,#610,.T.);
#5595=EDGE_CURVE('',#3951,#3953,#615,.T.);
#5597=EDGE_CURVE('',#3953,#3955,#620,.T.);
#5599=EDGE_CURVE('',#3955,#3950,#625,.T.);
#5603=ADVANCED_FACE('',(#5592,#5602),#5575,.F.);
#5617=EDGE_CURVE('',#3938,#3957,#629,.T.);
#5619=EDGE_CURVE('',#3957,#3959,#633,.T.);
#5621=EDGE_CURVE('',#3939,#3959,#2810,.T.);
#5625=ADVANCED_FACE('',(#5624),#5615,.F.);
#5638=EDGE_CURVE('',#3962,#3963,#723,.T.);
#5640=EDGE_CURVE('',#3965,#3962,#739,.T.);
#5642=EDGE_CURVE('',#3967,#3965,#1125,.T.);
#5644=EDGE_CURVE('',#3967,#3687,#637,.T.);
#5647=EDGE_CURVE('',#3685,#3969,#641,.T.);
#5649=EDGE_CURVE('',#3969,#3971,#645,.T.);
#5651=EDGE_CURVE('',#3971,#3973,#649,.T.);
#5653=EDGE_CURVE('',#3975,#3973,#2765,.T.);
#5655=EDGE_CURVE('',#3975,#3977,#653,.T.);
#5657=EDGE_CURVE('',#3977,#3979,#657,.T.);
#5659=EDGE_CURVE('',#3979,#3981,#661,.T.);
#5661=EDGE_CURVE('',#3983,#3981,#3425,.T.);
#5663=EDGE_CURVE('',#3983,#3985,#665,.T.);
#5665=EDGE_CURVE('',#3985,#3957,#669,.T.);
#5669=EDGE_CURVE('',#3947,#3987,#673,.T.);
#5671=EDGE_CURVE('',#3987,#3989,#677,.T.);
#5673=EDGE_CURVE('',#3989,#3899,#681,.T.);
#5676=EDGE_CURVE('',#3991,#3897,#866,.T.);
#5678=EDGE_CURVE('',#3993,#3991,#810,.T.);
#5680=EDGE_CURVE('',#3963,#3993,#789,.T.);
#5684=EDGE_CURVE('',#3996,#3997,#686,.T.);
#5686=EDGE_CURVE('',#3997,#3996,#691,.T.);
#5690=EDGE_CURVE('',#4000,#4001,#696,.T.);
#5692=EDGE_CURVE('',#4001,#4000,#701,.T.);
#5696=EDGE_CURVE('',#4004,#4005,#706,.T.);
#5698=EDGE_CURVE('',#4005,#4004,#711,.T.);
#5702=ADVANCED_FACE('',(#5683,#5689,#5695,#5701),#5637,.F.);
#5715=EDGE_CURVE('',#4008,#4009,#715,.T.);
#5717=EDGE_CURVE('',#4009,#3962,#719,.T.);
#5720=EDGE_CURVE('',#4008,#3963,#785,.T.);
#5724=ADVANCED_FACE('',(#5723),#5714,.F.);
#5737=EDGE_CURVE('',#4009,#4011,#727,.T.);
#5740=EDGE_CURVE('',#4013,#4008,#781,.T.);
#5742=EDGE_CURVE('',#4011,#4013,#743,.T.);
#5746=ADVANCED_FACE('',(#5745),#5736,.T.);
#5760=EDGE_CURVE('',#4011,#4015,#731,.T.);
#5762=EDGE_CURVE('',#4015,#3965,#735,.T.);
#5768=ADVANCED_FACE('',(#5767),#5758,.T.);
#5782=EDGE_CURVE('',#4017,#4013,#797,.T.);
#5784=EDGE_CURVE('',#4019,#4017,#806,.T.);
#5786=EDGE_CURVE('',#4021,#4019,#2056,.T.);
#5788=EDGE_CURVE('',#4023,#4021,#2020,.T.);
#5790=EDGE_CURVE('',#4025,#4023,#1251,.T.);
#5792=EDGE_CURVE('',#4027,#4025,#1395,.T.);
#5794=EDGE_CURVE('',#4029,#4027,#1209,.T.);
#5796=EDGE_CURVE('',#4031,#4029,#1896,.T.);
#5798=EDGE_CURVE('',#4033,#4031,#1864,.T.);
#5800=EDGE_CURVE('',#4035,#4033,#1888,.T.);
#5802=EDGE_CURVE('',#4037,#4035,#1814,.T.);
#5804=EDGE_CURVE('',#4039,#4037,#1169,.T.);
#5806=EDGE_CURVE('',#4041,#4039,#1129,.T.);
#5808=EDGE_CURVE('',#4041,#4015,#747,.T.);
#5813=EDGE_CURVE('',#4044,#4045,#752,.T.);
#5815=EDGE_CURVE('',#4045,#4044,#757,.T.);
#5819=EDGE_CURVE('',#4048,#4049,#762,.T.);
#5821=EDGE_CURVE('',#4049,#4048,#767,.T.);
#5825=EDGE_CURVE('',#4052,#4053,#772,.T.);
#5827=EDGE_CURVE('',#4053,#4052,#777,.T.);
#5831=ADVANCED_FACE('',(#5812,#5818,#5824,#5830),#5780,.T.);
#5847=EDGE_CURVE('',#3993,#4017,#793,.T.);
#5852=ADVANCED_FACE('',(#5851),#5843,.F.);
#5865=EDGE_CURVE('',#4056,#4057,#827,.T.);
#5867=EDGE_CURVE('',#4056,#4019,#802,.T.);
#5872=EDGE_CURVE('',#4059,#3991,#862,.T.);
#5874=EDGE_CURVE('',#4057,#4059,#912,.T.);
#5878=ADVANCED_FACE('',(#5877),#5864,.F.);
#5891=EDGE_CURVE('',#4062,#4063,#835,.T.);
#5893=EDGE_CURVE('',#4062,#4065,#815,.T.);
#5895=EDGE_CURVE('',#4067,#4065,#967,.T.);
#5897=EDGE_CURVE('',#4067,#4069,#819,.T.);
#5899=EDGE_CURVE('',#4071,#4069,#945,.T.);
#5901=EDGE_CURVE('',#4071,#4073,#823,.T.);
#5903=EDGE_CURVE('',#4075,#4073,#2064,.T.);
#5905=EDGE_CURVE('',#4077,#4075,#2029,.T.);
#5907=EDGE_CURVE('',#4056,#4077,#2052,.T.);
#5910=EDGE_CURVE('',#4079,#4057,#908,.T.);
#5912=EDGE_CURVE('',#4079,#4063,#831,.T.);
#5916=ADVANCED_FACE('',(#5915),#5890,.F.);
#5929=EDGE_CURVE('',#4082,#4083,#843,.T.);
#5931=EDGE_CURVE('',#4085,#4082,#892,.T.);
#5933=EDGE_CURVE('',#4062,#4085,#971,.T.);
#5936=EDGE_CURVE('',#4063,#4083,#839,.T.);
#5940=ADVANCED_FACE('',(#5939),#5928,.F.);
#5953=EDGE_CURVE('',#4082,#4087,#858,.T.);
#5956=EDGE_CURVE('',#4083,#4088,#849,.T.);
#5958=EDGE_CURVE('',#4088,#4087,#853,.T.);
#5962=ADVANCED_FACE('',(#5961),#5952,.T.);
#5976=EDGE_CURVE('',#4090,#4087,#900,.T.);
#5978=EDGE_CURVE('',#4059,#4090,#916,.T.);
#5984=EDGE_CURVE('',#3807,#4092,#874,.T.);
#5986=EDGE_CURVE('',#4094,#4092,#937,.T.);
#5988=EDGE_CURVE('',#4096,#4094,#979,.T.);
#5990=EDGE_CURVE('',#4096,#4098,#879,.T.);
#5992=EDGE_CURVE('',#4098,#4100,#883,.T.);
#5994=EDGE_CURVE('',#4100,#4085,#888,.T.);
#5999=ADVANCED_FACE('',(#5998),#5974,.T.);
#6013=EDGE_CURVE('',#4088,#4102,#896,.T.);
#6015=EDGE_CURVE('',#4090,#4102,#920,.T.);
#6020=ADVANCED_FACE('',(#6019),#6011,.F.);
#6036=EDGE_CURVE('',#4102,#4079,#904,.T.);
#6041=ADVANCED_FACE('',(#6040),#6032,.F.);
#6061=ADVANCED_FACE('',(#6060),#6053,.T.);
#6075=EDGE_CURVE('',#4092,#4071,#941,.T.);
#6079=EDGE_CURVE('',#4104,#3805,#999,.T.);
#6081=EDGE_CURVE('',#4106,#4104,#1588,.T.);
#6083=EDGE_CURVE('',#4106,#4073,#929,.T.);
#6087=ADVANCED_FACE('',(#6086),#6073,.F.);
#6100=EDGE_CURVE('',#4069,#4108,#933,.T.);
#6102=EDGE_CURVE('',#4094,#4108,#983,.T.);
#6109=ADVANCED_FACE('',(#6108),#6099,.F.);
#6122=EDGE_CURVE('',#4109,#4110,#951,.T.);
#6124=EDGE_CURVE('',#4108,#4109,#987,.T.);
#6128=EDGE_CURVE('',#4110,#4067,#963,.T.);
#6132=ADVANCED_FACE('',(#6131),#6121,.F.);
#6146=EDGE_CURVE('',#4110,#4098,#955,.T.);
#6149=EDGE_CURVE('',#4096,#4109,#959,.T.);
#6153=ADVANCED_FACE('',(#6152),#6144,.T.);
#6169=EDGE_CURVE('',#4100,#4065,#975,.T.);
#6174=ADVANCED_FACE('',(#6173),#6165,.T.);
#6193=ADVANCED_FACE('',(#6192),#6186,.F.);
#6212=ADVANCED_FACE('',(#6211),#6205,.F.);
#6225=EDGE_CURVE('',#4113,#4114,#991,.T.);
#6227=EDGE_CURVE('',#4114,#4104,#995,.T.);
#6231=EDGE_CURVE('',#4113,#3803,#1011,.T.);
#6235=ADVANCED_FACE('',(#6234),#6224,.F.);
#6249=EDGE_CURVE('',#4116,#4113,#1007,.T.);
#6251=EDGE_CURVE('',#4118,#4116,#1023,.T.);
#6253=EDGE_CURVE('',#4114,#4118,#1584,.T.);
#6257=ADVANCED_FACE('',(#6256),#6247,.F.);
#6273=EDGE_CURVE('',#3801,#4116,#1019,.T.);
#6277=ADVANCED_FACE('',(#6276),#6269,.F.);
#6293=EDGE_CURVE('',#3799,#4120,#1031,.T.);
#6295=EDGE_CURVE('',#4120,#4118,#1035,.T.);
#6299=ADVANCED_FACE('',(#6298),#6289,.T.);
#6312=EDGE_CURVE('',#4123,#4124,#1060,.T.);
#6314=EDGE_CURVE('',#4123,#4126,#1040,.T.);
#6316=EDGE_CURVE('',#4126,#4120,#1044,.T.);
#6320=EDGE_CURVE('',#3797,#4128,#1052,.T.);
#6322=EDGE_CURVE('',#4124,#4128,#1100,.T.);
#6326=ADVANCED_FACE('',(#6325),#6311,.F.);
#6339=EDGE_CURVE('',#4131,#4132,#1056,.T.);
#6341=EDGE_CURVE('',#4134,#4132,#1076,.T.);
#6343=EDGE_CURVE('',#4136,#4134,#1117,.T.);
#6345=EDGE_CURVE('',#4138,#4136,#1133,.T.);
#6347=EDGE_CURVE('',#4140,#4138,#1160,.T.);
#6349=EDGE_CURVE('',#4123,#4140,#1622,.T.);
#6352=EDGE_CURVE('',#4131,#4124,#1096,.T.);
#6356=ADVANCED_FACE('',(#6355),#6338,.T.);
#6369=EDGE_CURVE('',#4132,#4142,#1064,.T.);
#6372=EDGE_CURVE('',#4144,#4131,#1092,.T.);
#6374=EDGE_CURVE('',#4142,#4144,#1080,.T.);
#6378=ADVANCED_FACE('',(#6377),#6368,.T.);
#6392=EDGE_CURVE('',#4146,#4142,#1088,.T.);
#6394=EDGE_CURVE('',#4146,#4148,#1068,.T.);
#6396=EDGE_CURVE('',#4148,#4134,#1072,.T.);
#6401=ADVANCED_FACE('',(#6400),#6390,.T.);
#6415=EDGE_CURVE('',#4150,#4144,#1108,.T.);
#6417=EDGE_CURVE('',#4150,#4146,#1084,.T.);
#6422=ADVANCED_FACE('',(#6421),#6413,.F.);
#6438=EDGE_CURVE('',#4128,#4150,#1104,.T.);
#6443=ADVANCED_FACE('',(#6442),#6434,.F.);
#6460=EDGE_CURVE('',#4148,#3967,#1121,.T.);
#6467=ADVANCED_FACE('',(#6466),#6455,.F.);
#6481=EDGE_CURVE('',#4041,#4136,#1113,.T.);
#6490=ADVANCED_FACE('',(#6489),#6479,.F.);
#6505=EDGE_CURVE('',#4138,#4039,#1165,.T.);
#6510=ADVANCED_FACE('',(#6509),#6502,.T.);
#6523=EDGE_CURVE('',#4153,#4154,#1177,.T.);
#6525=EDGE_CURVE('',#4153,#4156,#1138,.T.);
#6527=EDGE_CURVE('',#4158,#4156,#2130,.T.);
#6529=EDGE_CURVE('',#4158,#4160,#1143,.T.);
#6531=EDGE_CURVE('',#4160,#4162,#1147,.T.);
#6533=EDGE_CURVE('',#4164,#4162,#1659,.T.);
#6535=EDGE_CURVE('',#4164,#4166,#1151,.T.);
#6537=EDGE_CURVE('',#4166,#4140,#1156,.T.);
#6542=EDGE_CURVE('',#4154,#4037,#1810,.T.);
#6546=ADVANCED_FACE('',(#6545),#6522,.F.);
#6559=EDGE_CURVE('',#4169,#4170,#1173,.T.);
#6561=EDGE_CURVE('',#4172,#4170,#1222,.T.);
#6563=EDGE_CURVE('',#4174,#4172,#1259,.T.);
#6565=EDGE_CURVE('',#4176,#4174,#2016,.T.);
#6567=EDGE_CURVE('',#4178,#4176,#2184,.T.);
#6569=EDGE_CURVE('',#4180,#4178,#2161,.T.);
#6571=EDGE_CURVE('',#4153,#4180,#2134,.T.);
#6574=EDGE_CURVE('',#4182,#4154,#1806,.T.);
#6576=EDGE_CURVE('',#4184,#4182,#1831,.T.);
#6578=EDGE_CURVE('',#4186,#4184,#1868,.T.);
#6580=EDGE_CURVE('',#4186,#4169,#1181,.T.);
#6584=EDGE_CURVE('',#4189,#4190,#1186,.T.);
#6586=EDGE_CURVE('',#4190,#4189,#1191,.T.);
#6590=EDGE_CURVE('',#4193,#4194,#1196,.T.);
#6592=EDGE_CURVE('',#4194,#4193,#1201,.T.);
#6596=ADVANCED_FACE('',(#6583,#6589,#6595),#6558,.F.);
#6609=EDGE_CURVE('',#4196,#4170,#1205,.T.);
#6612=EDGE_CURVE('',#4029,#4169,#1900,.T.);
#6615=EDGE_CURVE('',#4198,#4027,#1391,.T.);
#6617=EDGE_CURVE('',#4200,#4198,#1383,.T.);
#6619=EDGE_CURVE('',#4200,#4202,#1213,.T.);
#6621=EDGE_CURVE('',#4202,#4204,#1218,.T.);
#6623=EDGE_CURVE('',#4196,#4204,#1267,.T.);
#6627=ADVANCED_FACE('',(#6626),#6608,.F.);
#6640=EDGE_CURVE('',#4172,#4206,#1230,.T.);
#6644=EDGE_CURVE('',#4196,#4206,#1226,.T.);
#6648=ADVANCED_FACE('',(#6647),#6639,.T.);
#6655=EDGE_CURVE('',#4208,#4206,#1263,.T.);
#6657=EDGE_CURVE('',#4208,#4210,#1235,.T.);
#6659=EDGE_CURVE('',#4210,#4212,#1239,.T.);
#6661=EDGE_CURVE('',#4212,#4214,#1243,.T.);
#6663=EDGE_CURVE('',#4214,#4025,#1247,.T.);
#6666=EDGE_CURVE('',#4023,#4174,#1255,.T.);
#6671=ADVANCED_FACE('',(#6670),#6653,.T.);
#6687=EDGE_CURVE('',#4216,#4204,#1295,.T.);
#6689=EDGE_CURVE('',#4218,#4216,#1843,.T.);
#6691=EDGE_CURVE('',#4220,#4218,#1835,.T.);
#6693=EDGE_CURVE('',#4222,#4220,#1827,.T.);
#6695=EDGE_CURVE('',#4224,#4222,#1798,.T.);
#6697=EDGE_CURVE('',#4226,#4224,#1763,.T.);
#6699=EDGE_CURVE('',#4228,#4226,#1992,.T.);
#6701=EDGE_CURVE('',#4230,#4228,#1426,.T.);
#6703=EDGE_CURVE('',#4208,#4230,#1399,.T.);
#6707=EDGE_CURVE('',#4233,#4234,#1272,.T.);
#6709=EDGE_CURVE('',#4234,#4233,#1277,.T.);
#6713=EDGE_CURVE('',#4237,#4238,#1282,.T.);
#6715=EDGE_CURVE('',#4238,#4237,#1287,.T.);
#6719=ADVANCED_FACE('',(#6706,#6712,#6718),#6683,.T.);
#6733=EDGE_CURVE('',#4202,#4240,#1291,.T.);
#6735=EDGE_CURVE('',#4216,#4240,#1848,.T.);
#6740=ADVANCED_FACE('',(#6739),#6731,.T.);
#6754=EDGE_CURVE('',#4212,#4200,#1379,.T.);
#6757=EDGE_CURVE('',#4242,#4210,#1403,.T.);
#6759=EDGE_CURVE('',#4242,#4244,#1300,.T.);
#6761=EDGE_CURVE('',#4246,#4244,#2267,.T.);
#6763=EDGE_CURVE('',#4246,#4248,#1305,.T.);
#6765=EDGE_CURVE('',#4250,#4248,#2244,.T.);
#6767=EDGE_CURVE('',#4252,#4250,#1535,.T.);
#6769=EDGE_CURVE('',#4254,#4252,#2008,.T.);
#6771=EDGE_CURVE('',#4256,#4254,#1491,.T.);
#6773=EDGE_CURVE('',#4258,#4256,#1728,.T.);
#6775=EDGE_CURVE('',#4260,#4258,#1691,.T.);
#6777=EDGE_CURVE('',#4262,#4260,#1716,.T.);
#6779=EDGE_CURVE('',#4264,#4262,#1643,.T.);
#6781=EDGE_CURVE('',#4266,#4264,#1736,.T.);
#6783=EDGE_CURVE('',#4266,#4268,#1310,.T.);
#6785=EDGE_CURVE('',#4270,#4268,#1786,.T.);
#6787=EDGE_CURVE('',#4270,#4272,#1315,.T.);
#6789=EDGE_CURVE('',#4274,#4272,#1794,.T.);
#6791=EDGE_CURVE('',#4276,#4274,#1818,.T.);
#6793=EDGE_CURVE('',#4278,#4276,#1872,.T.);
#6795=EDGE_CURVE('',#4240,#4278,#1852,.T.);
#6800=EDGE_CURVE('',#4281,#4282,#1320,.T.);
#6802=EDGE_CURVE('',#4282,#4281,#1325,.T.);
#6806=EDGE_CURVE('',#4285,#4286,#1330,.T.);
#6808=EDGE_CURVE('',#4286,#4285,#1335,.T.);
#6812=EDGE_CURVE('',#4289,#4290,#1340,.T.);
#6814=EDGE_CURVE('',#4290,#4289,#1345,.T.);
#6818=EDGE_CURVE('',#4293,#4294,#1350,.T.);
#6820=EDGE_CURVE('',#4294,#4293,#1355,.T.);
#6824=EDGE_CURVE('',#4297,#4298,#1360,.T.);
#6826=EDGE_CURVE('',#4298,#4297,#1365,.T.);
#6830=EDGE_CURVE('',#4301,#4302,#1370,.T.);
#6832=EDGE_CURVE('',#4302,#4301,#1375,.T.);
#6836=ADVANCED_FACE('',(#6799,#6805,#6811,#6817,#6823,#6829,#6835),#6752,.T.);
#6849=EDGE_CURVE('',#4214,#4198,#1387,.T.);
#6856=ADVANCED_FACE('',(#6855),#6848,.T.);
#6875=ADVANCED_FACE('',(#6874),#6868,.T.);
#6890=EDGE_CURVE('',#4242,#4230,#1408,.T.);
#6895=ADVANCED_FACE('',(#6894),#6887,.T.);
#6910=EDGE_CURVE('',#4230,#4304,#1413,.T.);
#6912=EDGE_CURVE('',#4304,#4244,#1418,.T.);
#6916=ADVANCED_FACE('',(#6915),#6907,.T.);
#6929=EDGE_CURVE('',#4306,#4304,#1422,.T.);
#6933=EDGE_CURVE('',#4306,#4228,#1974,.T.);
#6937=ADVANCED_FACE('',(#6936),#6928,.T.);
#6950=EDGE_CURVE('',#4309,#4310,#1434,.T.);
#6952=EDGE_CURVE('',#4304,#4309,#2271,.T.);
#6955=EDGE_CURVE('',#4310,#4306,#1969,.T.);
#6959=ADVANCED_FACE('',(#6958),#6949,.F.);
#6972=EDGE_CURVE('',#4313,#4314,#1430,.T.);
#6974=EDGE_CURVE('',#4309,#4314,#2258,.T.);
#6977=EDGE_CURVE('',#4313,#4310,#1951,.T.);
#6981=ADVANCED_FACE('',(#6980),#6971,.T.);
#6994=EDGE_CURVE('',#4317,#4318,#1482,.T.);
#6996=EDGE_CURVE('',#4320,#4317,#1511,.T.);
#6998=EDGE_CURVE('',#4322,#4320,#1544,.T.);
#7000=EDGE_CURVE('',#4314,#4322,#2248,.T.);
#7003=EDGE_CURVE('',#4324,#4313,#1931,.T.);
#7005=EDGE_CURVE('',#4326,#4324,#1759,.T.);
#7007=EDGE_CURVE('',#4328,#4326,#1732,.T.);
#7009=EDGE_CURVE('',#4330,#4328,#1634,.T.);
#7011=EDGE_CURVE('',#4332,#4330,#1667,.T.);
#7013=EDGE_CURVE('',#4334,#4332,#1700,.T.);
#7015=EDGE_CURVE('',#4318,#4334,#1724,.T.);
#7019=EDGE_CURVE('',#4337,#4338,#1439,.T.);
#7021=EDGE_CURVE('',#4338,#4340,#1444,.T.);
#7023=EDGE_CURVE('',#4340,#4342,#1449,.T.);
#7025=EDGE_CURVE('',#4342,#4337,#1454,.T.);
#7029=EDGE_CURVE('',#4345,#4346,#1459,.T.);
#7031=EDGE_CURVE('',#4346,#4348,#1464,.T.);
#7033=EDGE_CURVE('',#4348,#4350,#1469,.T.);
#7035=EDGE_CURVE('',#4350,#4345,#1474,.T.);
#7039=ADVANCED_FACE('',(#7018,#7028,#7038),#6993,.F.);
#7052=EDGE_CURVE('',#4352,#4317,#1478,.T.);
#7055=EDGE_CURVE('',#4318,#4256,#1487,.T.);
#7058=EDGE_CURVE('',#4254,#4354,#1495,.T.);
#7060=EDGE_CURVE('',#4354,#4356,#1499,.T.);
#7062=EDGE_CURVE('',#4356,#4358,#1503,.T.);
#7064=EDGE_CURVE('',#4360,#4358,#1576,.T.);
#7066=EDGE_CURVE('',#4360,#4352,#1507,.T.);
#7070=ADVANCED_FACE('',(#7069),#7051,.F.);
#7083=EDGE_CURVE('',#4320,#4362,#1519,.T.);
#7087=EDGE_CURVE('',#4352,#4362,#1515,.T.);
#7091=ADVANCED_FACE('',(#7090),#7082,.T.);
#7098=EDGE_CURVE('',#4362,#4364,#1523,.T.);
#7100=EDGE_CURVE('',#4364,#4366,#1527,.T.);
#7102=EDGE_CURVE('',#4366,#4368,#1531,.T.);
#7104=EDGE_CURVE('',#4370,#4368,#2000,.T.);
#7106=EDGE_CURVE('',#4252,#4370,#2012,.T.);
#7109=EDGE_CURVE('',#4250,#4322,#1540,.T.);
#7114=ADVANCED_FACE('',(#7113),#7096,.T.);
#7130=EDGE_CURVE('',#4372,#4360,#1572,.T.);
#7132=EDGE_CURVE('',#4374,#4372,#1679,.T.);
#7134=EDGE_CURVE('',#4376,#4374,#1671,.T.);
#7136=EDGE_CURVE('',#4162,#4376,#1663,.T.);
#7139=EDGE_CURVE('',#4378,#4160,#2126,.T.);
#7141=EDGE_CURVE('',#4380,#4378,#2095,.T.);
#7143=EDGE_CURVE('',#4382,#4380,#2068,.T.);
#7145=EDGE_CURVE('',#4382,#4364,#1548,.T.);
#7149=EDGE_CURVE('',#4385,#4386,#1553,.T.);
#7151=EDGE_CURVE('',#4386,#4385,#1558,.T.);
#7155=EDGE_CURVE('',#4389,#4390,#1563,.T.);
#7157=EDGE_CURVE('',#4390,#4389,#1568,.T.);
#7161=ADVANCED_FACE('',(#7148,#7154,#7160),#7126,.T.);
#7176=EDGE_CURVE('',#4358,#4392,#1580,.T.);
#7178=EDGE_CURVE('',#4372,#4392,#1683,.T.);
#7182=ADVANCED_FACE('',(#7181),#7173,.F.);
#7198=EDGE_CURVE('',#4166,#4126,#1626,.T.);
#7201=EDGE_CURVE('',#4394,#4164,#1655,.T.);
#7203=EDGE_CURVE('',#4396,#4394,#1712,.T.);
#7205=EDGE_CURVE('',#4392,#4396,#1687,.T.);
#7209=EDGE_CURVE('',#4368,#4356,#2004,.T.);
#7212=EDGE_CURVE('',#4398,#4366,#2038,.T.);
#7214=EDGE_CURVE('',#4106,#4398,#2060,.T.);
#7220=EDGE_CURVE('',#4401,#4402,#1593,.T.);
#7222=EDGE_CURVE('',#4402,#4401,#1598,.T.);
#7226=EDGE_CURVE('',#4405,#4406,#1603,.T.);
#7228=EDGE_CURVE('',#4406,#4405,#1608,.T.);
#7232=EDGE_CURVE('',#4409,#4410,#1613,.T.);
#7234=EDGE_CURVE('',#4410,#4409,#1618,.T.);
#7238=ADVANCED_FACE('',(#7219,#7225,#7231,#7237),#7194,.F.);
#7257=ADVANCED_FACE('',(#7256),#7250,.T.);
#7270=EDGE_CURVE('',#4376,#4330,#1630,.T.);
#7273=EDGE_CURVE('',#4328,#4264,#1639,.T.);
#7276=EDGE_CURVE('',#4262,#4412,#1647,.T.);
#7278=EDGE_CURVE('',#4412,#4394,#1651,.T.);
#7285=ADVANCED_FACE('',(#7284),#7269,.F.);
#7298=EDGE_CURVE('',#4332,#4374,#1675,.T.);
#7305=ADVANCED_FACE('',(#7304),#7297,.T.);
#7315=EDGE_CURVE('',#4414,#4396,#1708,.T.);
#7317=EDGE_CURVE('',#4260,#4414,#1720,.T.);
#7320=EDGE_CURVE('',#4258,#4334,#1696,.T.);
#7325=ADVANCED_FACE('',(#7324),#7310,.T.);
#7338=EDGE_CURVE('',#4412,#4414,#1704,.T.);
#7345=ADVANCED_FACE('',(#7344),#7337,.T.);
#7364=ADVANCED_FACE('',(#7363),#7357,.F.);
#7383=ADVANCED_FACE('',(#7382),#7376,.T.);
#7398=EDGE_CURVE('',#4266,#4326,#1741,.T.);
#7403=ADVANCED_FACE('',(#7402),#7395,.T.);
#7418=EDGE_CURVE('',#4326,#4416,#1746,.T.);
#7420=EDGE_CURVE('',#4416,#4268,#1751,.T.);
#7424=ADVANCED_FACE('',(#7423),#7415,.T.);
#7437=EDGE_CURVE('',#4418,#4416,#1755,.T.);
#7441=EDGE_CURVE('',#4418,#4324,#1936,.T.);
#7445=ADVANCED_FACE('',(#7444),#7436,.T.);
#7458=EDGE_CURVE('',#4421,#4422,#1767,.T.);
#7460=EDGE_CURVE('',#4416,#4421,#1790,.T.);
#7463=EDGE_CURVE('',#4422,#4418,#1923,.T.);
#7467=ADVANCED_FACE('',(#7466),#7457,.T.);
#7481=EDGE_CURVE('',#4421,#4224,#1777,.T.);
#7484=EDGE_CURVE('',#4226,#4422,#1905,.T.);
#7488=ADVANCED_FACE('',(#7487),#7479,.T.);
#7502=EDGE_CURVE('',#4270,#4421,#1772,.T.);
#7505=EDGE_CURVE('',#4224,#4272,#1782,.T.);
#7509=ADVANCED_FACE('',(#7508),#7500,.T.);
#7528=ADVANCED_FACE('',(#7527),#7521,.T.);
#7541=EDGE_CURVE('',#4274,#4222,#1823,.T.);
#7548=ADVANCED_FACE('',(#7547),#7540,.T.);
#7561=EDGE_CURVE('',#4220,#4182,#1802,.T.);
#7566=EDGE_CURVE('',#4424,#4035,#1884,.T.);
#7568=EDGE_CURVE('',#4276,#4424,#1876,.T.);
#7575=ADVANCED_FACE('',(#7574),#7560,.F.);
#7588=EDGE_CURVE('',#4184,#4218,#1839,.T.);
#7595=ADVANCED_FACE('',(#7594),#7587,.T.);
#7605=EDGE_CURVE('',#4278,#4426,#1856,.T.);
#7607=EDGE_CURVE('',#4426,#4033,#1860,.T.);
#7610=EDGE_CURVE('',#4186,#4031,#1892,.T.);
#7615=ADVANCED_FACE('',(#7614),#7600,.T.);
#7628=EDGE_CURVE('',#4426,#4424,#1880,.T.);
#7635=ADVANCED_FACE('',(#7634),#7627,.T.);
#7654=ADVANCED_FACE('',(#7653),#7647,.T.);
#7673=ADVANCED_FACE('',(#7672),#7666,.F.);
#7687=EDGE_CURVE('',#4422,#4428,#1910,.T.);
#7689=EDGE_CURVE('',#4428,#4226,#1915,.T.);
#7693=ADVANCED_FACE('',(#7692),#7685,.T.);
#7706=EDGE_CURVE('',#4430,#4428,#1919,.T.);
#7710=EDGE_CURVE('',#4430,#4418,#1946,.T.);
#7714=ADVANCED_FACE('',(#7713),#7705,.T.);
#7727=EDGE_CURVE('',#4432,#4430,#1927,.T.);
#7729=EDGE_CURVE('',#4434,#4432,#1965,.T.);
#7731=EDGE_CURVE('',#4428,#4434,#1988,.T.);
#7736=ADVANCED_FACE('',(#7735),#7726,.F.);
#7750=EDGE_CURVE('',#4324,#4430,#1941,.T.);
#7753=EDGE_CURVE('',#4432,#4313,#1961,.T.);
#7757=ADVANCED_FACE('',(#7756),#7748,.T.);
#7775=ADVANCED_FACE('',(#7774),#7769,.T.);
#7789=EDGE_CURVE('',#4310,#4432,#1956,.T.);
#7794=ADVANCED_FACE('',(#7793),#7787,.T.);
#7810=EDGE_CURVE('',#4434,#4306,#1984,.T.);
#7814=ADVANCED_FACE('',(#7813),#7806,.T.);
#7828=EDGE_CURVE('',#4228,#4434,#1979,.T.);
#7833=ADVANCED_FACE('',(#7832),#7826,.T.);
#7852=ADVANCED_FACE('',(#7851),#7845,.T.);
#7865=EDGE_CURVE('',#4354,#4370,#1996,.T.);
#7872=ADVANCED_FACE('',(#7871),#7864,.T.);
#7891=ADVANCED_FACE('',(#7890),#7884,.F.);
#7907=EDGE_CURVE('',#4021,#4077,#2025,.T.);
#7910=EDGE_CURVE('',#4075,#4398,#2034,.T.);
#7915=EDGE_CURVE('',#4382,#4436,#2043,.T.);
#7917=EDGE_CURVE('',#4438,#4436,#2188,.T.);
#7919=EDGE_CURVE('',#4438,#4176,#2048,.T.);
#7923=ADVANCED_FACE('',(#7922),#7903,.F.);
#7942=ADVANCED_FACE('',(#7941),#7935,.T.);
#7961=ADVANCED_FACE('',(#7960),#7954,.T.);
#7976=EDGE_CURVE('',#4440,#4380,#2077,.T.);
#7978=EDGE_CURVE('',#4440,#4436,#2072,.T.);
#7982=ADVANCED_FACE('',(#7981),#7973,.F.);
#7996=EDGE_CURVE('',#4380,#4442,#2082,.T.);
#7998=EDGE_CURVE('',#4442,#4440,#2087,.T.);
#8002=ADVANCED_FACE('',(#8001),#7994,.F.);
#8015=EDGE_CURVE('',#4444,#4442,#2091,.T.);
#8019=EDGE_CURVE('',#4444,#4378,#2118,.T.);
#8023=ADVANCED_FACE('',(#8022),#8014,.F.);
#8037=EDGE_CURVE('',#4446,#4444,#2099,.T.);
#8039=EDGE_CURVE('',#4448,#4446,#2157,.T.);
#8041=EDGE_CURVE('',#4442,#4448,#2192,.T.);
#8045=ADVANCED_FACE('',(#8044),#8035,.T.);
#8059=EDGE_CURVE('',#4450,#4444,#2113,.T.);
#8061=EDGE_CURVE('',#4450,#4452,#2103,.T.);
#8063=EDGE_CURVE('',#4446,#4452,#2153,.T.);
#8067=ADVANCED_FACE('',(#8066),#8057,.F.);
#8080=EDGE_CURVE('',#4378,#4450,#2108,.T.);
#8086=ADVANCED_FACE('',(#8085),#8079,.F.);
#8100=EDGE_CURVE('',#4158,#4450,#2122,.T.);
#8106=ADVANCED_FACE('',(#8105),#8098,.F.);
#8120=EDGE_CURVE('',#4452,#4156,#2138,.T.);
#8126=ADVANCED_FACE('',(#8125),#8118,.F.);
#8141=EDGE_CURVE('',#4452,#4180,#2143,.T.);
#8146=ADVANCED_FACE('',(#8145),#8138,.F.);
#8160=EDGE_CURVE('',#4180,#4446,#2148,.T.);
#8165=ADVANCED_FACE('',(#8164),#8158,.F.);
#8181=EDGE_CURVE('',#4448,#4178,#2176,.T.);
#8185=ADVANCED_FACE('',(#8184),#8177,.F.);
#8198=EDGE_CURVE('',#4178,#4454,#2166,.T.);
#8200=EDGE_CURVE('',#4454,#4448,#2171,.T.);
#8205=ADVANCED_FACE('',(#8204),#8197,.F.);
#8219=EDGE_CURVE('',#4438,#4454,#2180,.T.);
#8225=ADVANCED_FACE('',(#8224),#8217,.F.);
#8240=EDGE_CURVE('',#4454,#4440,#2196,.T.);
#8245=ADVANCED_FACE('',(#8244),#8237,.T.);
#8264=ADVANCED_FACE('',(#8263),#8257,.F.);
#8278=EDGE_CURVE('',#4401,#3831,#2200,.T.);
#8281=EDGE_CURVE('',#3830,#4402,#2204,.T.);
#8285=ADVANCED_FACE('',(#8284),#8276,.F.);
#8304=ADVANCED_FACE('',(#8303),#8297,.F.);
#8318=EDGE_CURVE('',#4405,#3835,#2208,.T.);
#8321=EDGE_CURVE('',#3834,#4406,#2212,.T.);
#8325=ADVANCED_FACE('',(#8324),#8316,.F.);
#8344=ADVANCED_FACE('',(#8343),#8337,.F.);
#8358=EDGE_CURVE('',#4409,#3839,#2216,.T.);
#8361=EDGE_CURVE('',#3838,#4410,#2220,.T.);
#8365=ADVANCED_FACE('',(#8364),#8356,.F.);
#8384=ADVANCED_FACE('',(#8383),#8377,.F.);
#8397=EDGE_CURVE('',#4456,#4385,#2225,.T.);
#8399=EDGE_CURVE('',#4386,#4456,#2230,.T.);
#8404=ADVANCED_FACE('',(#8403),#8396,.T.);
#8422=ADVANCED_FACE('',(#8421),#8416,.T.);
#8435=EDGE_CURVE('',#4458,#4389,#2235,.T.);
#8437=EDGE_CURVE('',#4390,#4458,#2240,.T.);
#8442=ADVANCED_FACE('',(#8441),#8434,.T.);
#8460=ADVANCED_FACE('',(#8459),#8454,.T.);
#8475=EDGE_CURVE('',#4314,#4248,#2263,.T.);
#8480=ADVANCED_FACE('',(#8479),#8472,.T.);
#8494=EDGE_CURVE('',#4246,#4309,#2253,.T.);
#8500=ADVANCED_FACE('',(#8499),#8492,.T.);
#8519=ADVANCED_FACE('',(#8518),#8512,.T.);
#8534=EDGE_CURVE('',#4460,#4337,#2301,.T.);
#8536=EDGE_CURVE('',#4460,#4462,#2276,.T.);
#8538=EDGE_CURVE('',#4462,#4464,#2281,.T.);
#8540=EDGE_CURVE('',#4340,#4464,#2286,.T.);
#8544=ADVANCED_FACE('',(#8543),#8531,.T.);
#8560=EDGE_CURVE('',#4464,#4466,#2291,.T.);
#8562=EDGE_CURVE('',#4466,#4460,#2296,.T.);
#8567=ADVANCED_FACE('',(#8566),#8556,.T.);
#8582=EDGE_CURVE('',#4464,#4468,#2305,.T.);
#8584=EDGE_CURVE('',#4470,#4468,#2314,.T.);
#8586=EDGE_CURVE('',#4470,#4460,#2309,.T.);
#8590=ADVANCED_FACE('',(#8589),#8579,.F.);
#8606=EDGE_CURVE('',#4468,#4470,#2319,.T.);
#8611=ADVANCED_FACE('',(#8610),#8602,.F.);
#8628=ADVANCED_FACE('',(#8627),#8623,.F.);
#8643=EDGE_CURVE('',#4472,#4345,#2349,.T.);
#8645=EDGE_CURVE('',#4472,#4474,#2324,.T.);
#8647=EDGE_CURVE('',#4474,#4476,#2329,.T.);
#8649=EDGE_CURVE('',#4348,#4476,#2334,.T.);
#8653=ADVANCED_FACE('',(#8652),#8640,.T.);
#8669=EDGE_CURVE('',#4476,#4478,#2339,.T.);
#8671=EDGE_CURVE('',#4478,#4472,#2344,.T.);
#8676=ADVANCED_FACE('',(#8675),#8665,.T.);
#8691=EDGE_CURVE('',#4476,#4480,#2353,.T.);
#8693=EDGE_CURVE('',#4482,#4480,#2362,.T.);
#8695=EDGE_CURVE('',#4482,#4472,#2357,.T.);
#8699=ADVANCED_FACE('',(#8698),#8688,.F.);
#8715=EDGE_CURVE('',#4480,#4482,#2367,.T.);
#8720=ADVANCED_FACE('',(#8719),#8711,.F.);
#8737=ADVANCED_FACE('',(#8736),#8732,.F.);
#8752=EDGE_CURVE('',#3675,#4282,#2371,.T.);
#8755=EDGE_CURVE('',#4281,#3679,#2375,.T.);
#8759=ADVANCED_FACE('',(#8758),#8749,.F.);
#8772=EDGE_CURVE('',#4484,#3675,#2385,.T.);
#8774=EDGE_CURVE('',#3679,#4484,#2380,.T.);
#8781=ADVANCED_FACE('',(#8780),#8771,.F.);
#8802=ADVANCED_FACE('',(#8801),#8793,.F.);
#8815=EDGE_CURVE('',#4487,#4488,#2403,.T.);
#8817=EDGE_CURVE('',#4490,#4487,#2398,.T.);
#8819=EDGE_CURVE('',#4490,#4286,#2389,.T.);
#8822=EDGE_CURVE('',#4285,#4488,#2393,.T.);
#8826=ADVANCED_FACE('',(#8825),#8814,.F.);
#8841=EDGE_CURVE('',#4490,#3715,#2421,.T.);
#8845=EDGE_CURVE('',#3712,#4488,#2407,.T.);
#8849=ADVANCED_FACE('',(#8848),#8838,.F.);
#8865=EDGE_CURVE('',#4488,#4492,#2412,.T.);
#8867=EDGE_CURVE('',#4492,#4490,#2417,.T.);
#8872=ADVANCED_FACE('',(#8871),#8861,.F.);
#8892=ADVANCED_FACE('',(#8891),#8884,.F.);
#8905=EDGE_CURVE('',#4495,#4496,#2443,.T.);
#8907=EDGE_CURVE('',#4498,#4495,#2438,.T.);
#8909=EDGE_CURVE('',#4498,#4290,#2425,.T.);
#8912=EDGE_CURVE('',#4289,#4496,#2429,.T.);
#8916=ADVANCED_FACE('',(#8915),#8904,.F.);
#8931=EDGE_CURVE('',#3725,#4498,#2433,.T.);
#8935=EDGE_CURVE('',#4496,#3722,#2447,.T.);
#8939=ADVANCED_FACE('',(#8938),#8928,.F.);
#8955=EDGE_CURVE('',#4496,#4500,#2452,.T.);
#8957=EDGE_CURVE('',#4500,#4498,#2457,.T.);
#8962=ADVANCED_FACE('',(#8961),#8951,.F.);
#8982=ADVANCED_FACE('',(#8981),#8974,.F.);
#8995=EDGE_CURVE('',#4503,#4504,#2479,.T.);
#8997=EDGE_CURVE('',#4506,#4503,#2474,.T.);
#8999=EDGE_CURVE('',#4506,#4294,#2461,.T.);
#9002=EDGE_CURVE('',#4293,#4504,#2465,.T.);
#9006=ADVANCED_FACE('',(#9005),#8994,.F.);
#9021=EDGE_CURVE('',#3905,#4506,#2469,.T.);
#9025=EDGE_CURVE('',#4504,#3902,#2483,.T.);
#9029=ADVANCED_FACE('',(#9028),#9018,.F.);
#9045=EDGE_CURVE('',#4504,#4508,#2488,.T.);
#9047=EDGE_CURVE('',#4508,#4506,#2493,.T.);
#9052=ADVANCED_FACE('',(#9051),#9041,.F.);
#9072=ADVANCED_FACE('',(#9071),#9064,.F.);
#9085=EDGE_CURVE('',#4511,#4512,#2515,.T.);
#9087=EDGE_CURVE('',#4514,#4511,#2510,.T.);
#9089=EDGE_CURVE('',#4514,#4298,#2497,.T.);
#9092=EDGE_CURVE('',#4297,#4512,#2501,.T.);
#9096=ADVANCED_FACE('',(#9095),#9084,.F.);
#9111=EDGE_CURVE('',#3913,#4514,#2505,.T.);
#9115=EDGE_CURVE('',#4512,#3910,#2519,.T.);
#9119=ADVANCED_FACE('',(#9118),#9108,.F.);
#9135=EDGE_CURVE('',#4512,#4516,#2524,.T.);
#9137=EDGE_CURVE('',#4516,#4514,#2529,.T.);
#9142=ADVANCED_FACE('',(#9141),#9131,.F.);
#9162=ADVANCED_FACE('',(#9161),#9154,.F.);
#9175=EDGE_CURVE('',#4519,#4520,#2551,.T.);
#9177=EDGE_CURVE('',#4522,#4519,#2546,.T.);
#9179=EDGE_CURVE('',#4522,#4302,#2533,.T.);
#9182=EDGE_CURVE('',#4301,#4520,#2537,.T.);
#9186=ADVANCED_FACE('',(#9185),#9174,.F.);
#9201=EDGE_CURVE('',#3921,#4522,#2541,.T.);
#9205=EDGE_CURVE('',#4520,#3918,#2555,.T.);
#9209=ADVANCED_FACE('',(#9208),#9198,.F.);
#9225=EDGE_CURVE('',#4520,#4524,#2560,.T.);
#9227=EDGE_CURVE('',#4524,#4522,#2565,.T.);
#9232=ADVANCED_FACE('',(#9231),#9221,.F.);
#9252=ADVANCED_FACE('',(#9251),#9244,.F.);
#9266=EDGE_CURVE('',#4526,#4233,#2595,.T.);
#9268=EDGE_CURVE('',#4526,#4528,#2570,.T.);
#9270=EDGE_CURVE('',#4528,#4530,#2575,.T.);
#9272=EDGE_CURVE('',#4234,#4530,#2580,.T.);
#9276=ADVANCED_FACE('',(#9275),#9264,.T.);
#9291=EDGE_CURVE('',#4530,#4532,#2585,.T.);
#9293=EDGE_CURVE('',#4532,#4526,#2590,.T.);
#9298=ADVANCED_FACE('',(#9297),#9288,.T.);
#9313=EDGE_CURVE('',#4530,#4534,#2599,.T.);
#9315=EDGE_CURVE('',#4536,#4534,#2608,.T.);
#9317=EDGE_CURVE('',#4536,#4526,#2603,.T.);
#9321=ADVANCED_FACE('',(#9320),#9310,.F.);
#9337=EDGE_CURVE('',#4534,#4536,#2613,.T.);
#9342=ADVANCED_FACE('',(#9341),#9333,.F.);
#9359=ADVANCED_FACE('',(#9358),#9354,.T.);
#9373=EDGE_CURVE('',#4538,#4237,#2643,.T.);
#9375=EDGE_CURVE('',#4538,#4540,#2618,.T.);
#9377=EDGE_CURVE('',#4540,#4542,#2623,.T.);
#9379=EDGE_CURVE('',#4238,#4542,#2628,.T.);
#9383=ADVANCED_FACE('',(#9382),#9371,.T.);
#9398=EDGE_CURVE('',#4542,#4544,#2633,.T.);
#9400=EDGE_CURVE('',#4544,#4538,#2638,.T.);
#9405=ADVANCED_FACE('',(#9404),#9395,.T.);
#9420=EDGE_CURVE('',#4542,#4546,#2647,.T.);
#9422=EDGE_CURVE('',#4548,#4546,#2656,.T.);
#9424=EDGE_CURVE('',#4548,#4538,#2651,.T.);
#9428=ADVANCED_FACE('',(#9427),#9417,.F.);
#9444=EDGE_CURVE('',#4546,#4548,#2661,.T.);
#9449=ADVANCED_FACE('',(#9448),#9440,.F.);
#9466=ADVANCED_FACE('',(#9465),#9461,.T.);
#9479=EDGE_CURVE('',#4190,#4550,#2666,.T.);
#9482=EDGE_CURVE('',#4550,#4189,#2671,.T.);
#9486=ADVANCED_FACE('',(#9485),#9478,.T.);
#9504=ADVANCED_FACE('',(#9503),#9498,.T.);
#9517=EDGE_CURVE('',#4194,#4552,#2676,.T.);
#9520=EDGE_CURVE('',#4552,#4193,#2681,.T.);
#9524=ADVANCED_FACE('',(#9523),#9516,.T.);
#9542=ADVANCED_FACE('',(#9541),#9536,.T.);
#9556=EDGE_CURVE('',#4044,#3997,#2685,.T.);
#9559=EDGE_CURVE('',#3996,#4045,#2689,.T.);
#9563=ADVANCED_FACE('',(#9562),#9554,.F.);
#9582=ADVANCED_FACE('',(#9581),#9575,.F.);
#9596=EDGE_CURVE('',#4048,#4001,#2693,.T.);
#9599=EDGE_CURVE('',#4000,#4049,#2697,.T.);
#9603=ADVANCED_FACE('',(#9602),#9594,.F.);
#9622=ADVANCED_FACE('',(#9621),#9615,.F.);
#9636=EDGE_CURVE('',#4052,#4005,#2701,.T.);
#9639=EDGE_CURVE('',#4004,#4053,#2705,.T.);
#9643=ADVANCED_FACE('',(#9642),#9634,.F.);
#9662=ADVANCED_FACE('',(#9661),#9655,.F.);
#9675=EDGE_CURVE('',#4555,#4556,#2709,.T.);
#9677=EDGE_CURVE('',#4556,#3969,#2713,.T.);
#9682=EDGE_CURVE('',#4558,#3739,#2737,.T.);
#9684=EDGE_CURVE('',#4558,#4555,#2717,.T.);
#9688=ADVANCED_FACE('',(#9687),#9674,.T.);
#9702=EDGE_CURVE('',#4555,#4560,#2721,.T.);
#9704=EDGE_CURVE('',#4562,#4560,#2745,.T.);
#9706=EDGE_CURVE('',#4562,#4556,#2725,.T.);
#9710=ADVANCED_FACE('',(#9709),#9700,.F.);
#9725=EDGE_CURVE('',#4564,#4558,#2733,.T.);
#9727=EDGE_CURVE('',#4560,#4564,#2749,.T.);
#9731=ADVANCED_FACE('',(#9730),#9722,.F.);
#9744=EDGE_CURVE('',#3737,#4564,#2729,.T.);
#9751=ADVANCED_FACE('',(#9750),#9743,.T.);
#9768=EDGE_CURVE('',#3973,#3735,#2769,.T.);
#9771=EDGE_CURVE('',#3971,#4562,#2753,.T.);
#9775=ADVANCED_FACE('',(#9774),#9763,.F.);
#9788=EDGE_CURVE('',#4567,#4568,#2757,.T.);
#9790=EDGE_CURVE('',#4568,#3975,#2761,.T.);
#9795=EDGE_CURVE('',#4570,#3733,#3145,.T.);
#9797=EDGE_CURVE('',#4570,#4572,#2778,.T.);
#9799=EDGE_CURVE('',#4567,#4572,#3125,.T.);
#9803=EDGE_CURVE('',#4575,#4576,#2783,.T.);
#9805=EDGE_CURVE('',#4576,#4578,#2788,.T.);
#9807=EDGE_CURVE('',#4578,#4580,#2793,.T.);
#9809=EDGE_CURVE('',#4580,#4575,#2798,.T.);
#9813=ADVANCED_FACE('',(#9802,#9812),#9787,.F.);
#9826=EDGE_CURVE('',#4582,#3941,#2802,.T.);
#9830=EDGE_CURVE('',#3959,#4584,#2814,.T.);
#9832=EDGE_CURVE('',#4584,#4586,#2818,.T.);
#9834=EDGE_CURVE('',#4588,#4586,#3417,.T.);
#9836=EDGE_CURVE('',#4588,#4590,#2822,.T.);
#9838=EDGE_CURVE('',#4590,#4592,#2826,.T.);
#9840=EDGE_CURVE('',#4592,#4568,#2830,.T.);
#9843=EDGE_CURVE('',#4594,#4567,#3133,.T.);
#9845=EDGE_CURVE('',#4594,#4582,#2834,.T.);
#9849=ADVANCED_FACE('',(#9848),#9825,.F.);
#9864=EDGE_CURVE('',#4582,#4596,#2842,.T.);
#9866=EDGE_CURVE('',#3943,#4596,#3117,.T.);
#9870=ADVANCED_FACE('',(#9869),#9861,.T.);
#9893=EDGE_CURVE('',#4598,#3761,#2945,.T.);
#9895=EDGE_CURVE('',#4598,#4600,#2867,.T.);
#9897=EDGE_CURVE('',#4602,#4600,#2969,.T.);
#9899=EDGE_CURVE('',#4604,#4602,#3005,.T.);
#9901=EDGE_CURVE('',#4606,#4604,#3045,.T.);
#9903=EDGE_CURVE('',#4606,#4608,#2872,.T.);
#9905=EDGE_CURVE('',#4608,#4610,#2877,.T.);
#9907=EDGE_CURVE('',#4612,#4610,#3065,.T.);
#9909=EDGE_CURVE('',#4612,#4614,#2882,.T.);
#9911=EDGE_CURVE('',#4614,#4616,#2887,.T.);
#9913=EDGE_CURVE('',#4618,#4616,#3081,.T.);
#9915=EDGE_CURVE('',#4618,#4620,#2892,.T.);
#9917=EDGE_CURVE('',#4620,#4622,#2897,.T.);
#9919=EDGE_CURVE('',#3931,#4622,#3101,.T.);
#9922=EDGE_CURVE('',#4624,#3929,#3109,.T.);
#9924=EDGE_CURVE('',#4624,#4596,#2902,.T.);
#9928=EDGE_CURVE('',#4626,#4594,#3129,.T.);
#9930=EDGE_CURVE('',#4626,#4628,#2907,.T.);
#9932=EDGE_CURVE('',#3731,#4628,#3153,.T.);
#9936=EDGE_CURVE('',#4631,#4632,#2912,.T.);
#9938=EDGE_CURVE('',#4632,#4631,#2917,.T.);
#9942=EDGE_CURVE('',#4635,#4636,#2922,.T.);
#9944=EDGE_CURVE('',#4636,#4635,#2927,.T.);
#9948=EDGE_CURVE('',#4639,#4640,#2932,.T.);
#9950=EDGE_CURVE('',#4640,#4639,#2937,.T.);
#9954=ADVANCED_FACE('',(#9935,#9941,#9947,#9953),#9882,.F.);
#9968=EDGE_CURVE('',#4598,#3775,#2957,.T.);
#9974=ADVANCED_FACE('',(#9973),#9966,.T.);
#9988=EDGE_CURVE('',#3773,#4600,#2953,.T.);
#9994=ADVANCED_FACE('',(#9993),#9986,.T.);
#10008=EDGE_CURVE('',#3771,#4602,#2965,.T.);
#10014=ADVANCED_FACE('',(#10013),#10006,.F.);
#10033=EDGE_CURVE('',#3869,#3861,#3037,.T.);
#10037=EDGE_CURVE('',#4604,#3895,#3049,.T.);
#10047=ADVANCED_FACE('',(#10046),#10026,.T.);
#10061=EDGE_CURVE('',#3859,#3871,#3029,.T.);
#10067=ADVANCED_FACE('',(#10066),#10059,.T.);
#10086=ADVANCED_FACE('',(#10085),#10079,.T.);
#10100=EDGE_CURVE('',#4606,#3893,#3057,.T.);
#10106=ADVANCED_FACE('',(#10105),#10098,.T.);
#10121=EDGE_CURVE('',#3889,#4610,#3053,.T.);
#10128=ADVANCED_FACE('',(#10127),#10118,.T.);
#10142=EDGE_CURVE('',#4612,#3887,#3073,.T.);
#10148=ADVANCED_FACE('',(#10147),#10140,.T.);
#10163=EDGE_CURVE('',#3883,#4616,#3069,.T.);
#10170=ADVANCED_FACE('',(#10169),#10160,.T.);
#10184=EDGE_CURVE('',#4618,#3881,#3089,.T.);
#10190=ADVANCED_FACE('',(#10189),#10182,.T.);
#10205=EDGE_CURVE('',#3877,#4622,#3085,.T.);
#10212=ADVANCED_FACE('',(#10211),#10202,.T.);
#10231=ADVANCED_FACE('',(#10230),#10224,.T.);
#10245=EDGE_CURVE('',#4624,#3945,#3121,.T.);
#10251=ADVANCED_FACE('',(#10250),#10243,.F.);
#10270=ADVANCED_FACE('',(#10269),#10263,.T.);
#10284=EDGE_CURVE('',#4626,#4572,#3141,.T.);
#10290=ADVANCED_FACE('',(#10289),#10282,.F.);
#10304=EDGE_CURVE('',#4570,#4628,#3137,.T.);
#10310=ADVANCED_FACE('',(#10309),#10302,.T.);
#10329=ADVANCED_FACE('',(#10328),#10322,.T.);
#10342=EDGE_CURVE('',#4643,#4644,#3158,.T.);
#10344=EDGE_CURVE('',#4632,#4643,#3191,.T.);
#10347=EDGE_CURVE('',#4644,#4631,#3187,.T.);
#10351=ADVANCED_FACE('',(#10350),#10341,.T.);
#10365=EDGE_CURVE('',#4644,#4643,#3163,.T.);
#10369=EDGE_CURVE('',#4647,#4648,#3168,.T.);
#10371=EDGE_CURVE('',#4648,#4650,#3173,.T.);
#10373=EDGE_CURVE('',#4650,#4652,#3178,.T.);
#10375=EDGE_CURVE('',#4652,#4647,#3183,.T.);
#10379=ADVANCED_FACE('',(#10368,#10378),#10363,.F.);
#10398=ADVANCED_FACE('',(#10397),#10391,.T.);
#10413=EDGE_CURVE('',#4647,#4654,#3195,.T.);
#10415=EDGE_CURVE('',#4654,#4656,#3200,.T.);
#10417=EDGE_CURVE('',#4656,#4658,#3205,.T.);
#10419=EDGE_CURVE('',#4658,#4650,#3209,.T.);
#10423=ADVANCED_FACE('',(#10422),#10410,.F.);
#10439=EDGE_CURVE('',#4658,#4660,#3214,.T.);
#10441=EDGE_CURVE('',#4660,#4654,#3219,.T.);
#10446=ADVANCED_FACE('',(#10445),#10435,.F.);
#10459=EDGE_CURVE('',#4663,#4664,#3232,.T.);
#10461=EDGE_CURVE('',#4663,#4654,#3223,.T.);
#10465=EDGE_CURVE('',#4658,#4664,#3227,.T.);
#10469=ADVANCED_FACE('',(#10468),#10458,.F.);
#10483=EDGE_CURVE('',#4664,#4663,#3237,.T.);
#10487=ADVANCED_FACE('',(#10486),#10481,.F.);
#10507=ADVANCED_FACE('',(#10506),#10499,.F.);
#10520=EDGE_CURVE('',#4667,#4668,#3242,.T.);
#10522=EDGE_CURVE('',#4636,#4667,#3275,.T.);
#10525=EDGE_CURVE('',#4668,#4635,#3271,.T.);
#10529=ADVANCED_FACE('',(#10528),#10519,.T.);
#10543=EDGE_CURVE('',#4668,#4667,#3247,.T.);
#10547=EDGE_CURVE('',#4671,#4672,#3252,.T.);
#10549=EDGE_CURVE('',#4672,#4674,#3257,.T.);
#10551=EDGE_CURVE('',#4674,#4676,#3262,.T.);
#10553=EDGE_CURVE('',#4676,#4671,#3267,.T.);
#10557=ADVANCED_FACE('',(#10546,#10556),#10541,.F.);
#10576=ADVANCED_FACE('',(#10575),#10569,.T.);
#10591=EDGE_CURVE('',#4671,#4678,#3279,.T.);
#10593=EDGE_CURVE('',#4678,#4680,#3284,.T.);
#10595=EDGE_CURVE('',#4680,#4682,#3289,.T.);
#10597=EDGE_CURVE('',#4682,#4674,#3293,.T.);
#10601=ADVANCED_FACE('',(#10600),#10588,.F.);
#10617=EDGE_CURVE('',#4682,#4684,#3298,.T.);
#10619=EDGE_CURVE('',#4684,#4678,#3303,.T.);
#10624=ADVANCED_FACE('',(#10623),#10613,.F.);
#10637=EDGE_CURVE('',#4687,#4688,#3316,.T.);
#10639=EDGE_CURVE('',#4687,#4678,#3307,.T.);
#10643=EDGE_CURVE('',#4682,#4688,#3311,.T.);
#10647=ADVANCED_FACE('',(#10646),#10636,.F.);
#10661=EDGE_CURVE('',#4688,#4687,#3321,.T.);
#10665=ADVANCED_FACE('',(#10664),#10659,.F.);
#10685=ADVANCED_FACE('',(#10684),#10677,.F.);
#10698=EDGE_CURVE('',#4691,#4692,#3326,.T.);
#10700=EDGE_CURVE('',#4640,#4691,#3359,.T.);
#10703=EDGE_CURVE('',#4692,#4639,#3355,.T.);
#10707=ADVANCED_FACE('',(#10706),#10697,.T.);
#10721=EDGE_CURVE('',#4692,#4691,#3331,.T.);
#10725=EDGE_CURVE('',#4695,#4696,#3336,.T.);
#10727=EDGE_CURVE('',#4696,#4698,#3341,.T.);
#10729=EDGE_CURVE('',#4698,#4700,#3346,.T.);
#10731=EDGE_CURVE('',#4700,#4695,#3351,.T.);
#10735=ADVANCED_FACE('',(#10724,#10734),#10719,.F.);
#10754=ADVANCED_FACE('',(#10753),#10747,.T.);
#10769=EDGE_CURVE('',#4695,#4702,#3363,.T.);
#10771=EDGE_CURVE('',#4702,#4704,#3368,.T.);
#10773=EDGE_CURVE('',#4704,#4706,#3373,.T.);
#10775=EDGE_CURVE('',#4706,#4698,#3377,.T.);
#10779=ADVANCED_FACE('',(#10778),#10766,.F.);
#10795=EDGE_CURVE('',#4706,#4708,#3382,.T.);
#10797=EDGE_CURVE('',#4708,#4702,#3387,.T.);
#10802=ADVANCED_FACE('',(#10801),#10791,.F.);
#10815=EDGE_CURVE('',#4711,#4712,#3400,.T.);
#10817=EDGE_CURVE('',#4711,#4702,#3391,.T.);
#10821=EDGE_CURVE('',#4706,#4712,#3395,.T.);
#10825=ADVANCED_FACE('',(#10824),#10814,.F.);
#10839=EDGE_CURVE('',#4712,#4711,#3405,.T.);
#10843=ADVANCED_FACE('',(#10842),#10837,.F.);
#10863=ADVANCED_FACE('',(#10862),#10855,.F.);
#10877=EDGE_CURVE('',#3985,#4584,#3409,.T.);
#10883=ADVANCED_FACE('',(#10882),#10875,.F.);
#10896=EDGE_CURVE('',#4586,#3983,#3421,.T.);
#10903=ADVANCED_FACE('',(#10902),#10895,.T.);
#10916=EDGE_CURVE('',#3981,#4588,#3413,.T.);
#10923=ADVANCED_FACE('',(#10922),#10915,.F.);
#10938=EDGE_CURVE('',#3979,#4590,#3429,.T.);
#10943=ADVANCED_FACE('',(#10942),#10935,.F.);
#10957=EDGE_CURVE('',#3977,#4592,#3433,.T.);
#10963=ADVANCED_FACE('',(#10962),#10955,.F.);
#10982=ADVANCED_FACE('',(#10981),#10975,.T.);
#10997=EDGE_CURVE('',#4575,#4714,#3437,.T.);
#10999=EDGE_CURVE('',#4714,#4716,#3442,.T.);
#11001=EDGE_CURVE('',#4716,#4718,#3447,.T.);
#11003=EDGE_CURVE('',#4718,#4578,#3451,.T.);
#11007=ADVANCED_FACE('',(#11006),#10994,.F.);
#11023=EDGE_CURVE('',#4718,#4720,#3456,.T.);
#11025=EDGE_CURVE('',#4720,#4714,#3461,.T.);
#11030=ADVANCED_FACE('',(#11029),#11019,.F.);
#11043=EDGE_CURVE('',#4723,#4724,#3474,.T.);
#11045=EDGE_CURVE('',#4723,#4714,#3465,.T.);
#11049=EDGE_CURVE('',#4718,#4724,#3469,.T.);
#11053=ADVANCED_FACE('',(#11052),#11042,.F.);
#11067=EDGE_CURVE('',#4724,#4723,#3479,.T.);
#11071=ADVANCED_FACE('',(#11070),#11065,.F.);
#11091=ADVANCED_FACE('',(#11090),#11083,.F.);
#11110=ADVANCED_FACE('',(#11109),#11103,.F.);
#11123=EDGE_CURVE('',#4727,#4728,#3483,.T.);
#11125=EDGE_CURVE('',#4728,#3987,#3487,.T.);
#11130=EDGE_CURVE('',#4730,#3935,#3515,.T.);
#11132=EDGE_CURVE('',#4730,#4727,#3491,.T.);
#11136=ADVANCED_FACE('',(#11135),#11122,.T.);
#11150=EDGE_CURVE('',#4727,#4732,#3495,.T.);
#11152=EDGE_CURVE('',#4734,#4732,#3523,.T.);
#11154=EDGE_CURVE('',#4734,#4728,#3499,.T.);
#11158=ADVANCED_FACE('',(#11157),#11148,.F.);
#11173=EDGE_CURVE('',#4736,#4730,#3511,.T.);
#11175=EDGE_CURVE('',#4736,#4732,#3503,.T.);
#11179=ADVANCED_FACE('',(#11178),#11170,.F.);
#11192=EDGE_CURVE('',#3933,#4736,#3507,.T.);
#11199=ADVANCED_FACE('',(#11198),#11191,.T.);
#11218=EDGE_CURVE('',#3989,#4734,#3527,.T.);
#11222=ADVANCED_FACE('',(#11221),#11211,.F.);
#11241=ADVANCED_FACE('',(#11240),#11234,.F.);
#11256=EDGE_CURVE('',#3950,#4738,#3531,.T.);
#11258=EDGE_CURVE('',#4738,#4740,#3536,.T.);
#11260=EDGE_CURVE('',#4740,#4742,#3541,.T.);
#11262=EDGE_CURVE('',#4742,#3953,#3545,.T.);
#11266=ADVANCED_FACE('',(#11265),#11253,.F.);
#11282=EDGE_CURVE('',#4742,#4744,#3550,.T.);
#11284=EDGE_CURVE('',#4744,#4738,#3555,.T.);
#11289=ADVANCED_FACE('',(#11288),#11278,.F.);
#11302=EDGE_CURVE('',#4747,#4748,#3568,.T.);
#11304=EDGE_CURVE('',#4747,#4738,#3559,.T.);
#11308=EDGE_CURVE('',#4742,#4748,#3563,.T.);
#11312=ADVANCED_FACE('',(#11311),#11301,.F.);
#11326=EDGE_CURVE('',#4748,#4747,#3573,.T.);
#11330=ADVANCED_FACE('',(#11329),#11324,.F.);
#11350=ADVANCED_FACE('',(#11349),#11342,.F.);
#11363=EDGE_CURVE('',#4751,#4752,#3577,.T.);
#11365=EDGE_CURVE('',#4752,#3793,#3581,.T.);
#11370=EDGE_CURVE('',#4754,#3765,#3609,.T.);
#11372=EDGE_CURVE('',#4754,#4751,#3585,.T.);
#11376=ADVANCED_FACE('',(#11375),#11362,.F.);
#11390=EDGE_CURVE('',#4751,#4756,#3589,.T.);
#11392=EDGE_CURVE('',#4758,#4756,#3617,.T.);
#11394=EDGE_CURVE('',#4758,#4752,#3593,.T.);
#11398=ADVANCED_FACE('',(#11397),#11388,.T.);
#11413=EDGE_CURVE('',#4760,#4754,#3605,.T.);
#11415=EDGE_CURVE('',#4760,#4756,#3597,.T.);
#11419=ADVANCED_FACE('',(#11418),#11410,.T.);
#11432=EDGE_CURVE('',#3763,#4760,#3601,.T.);
#11439=ADVANCED_FACE('',(#11438),#11431,.T.);
#11458=EDGE_CURVE('',#3795,#4758,#3621,.T.);
#11462=ADVANCED_FACE('',(#11461),#11451,.T.);
#11481=ADVANCED_FACE('',(#11480),#11474,.F.);
#11496=EDGE_CURVE('',#3780,#4762,#3625,.T.);
#11498=EDGE_CURVE('',#4762,#4764,#3630,.T.);
#11500=EDGE_CURVE('',#4764,#4766,#3635,.T.);
#11502=EDGE_CURVE('',#4766,#3783,#3639,.T.);
#11506=ADVANCED_FACE('',(#11505),#11493,.F.);
#11522=EDGE_CURVE('',#4766,#4768,#3644,.T.);
#11524=EDGE_CURVE('',#4768,#4762,#3649,.T.);
#11529=ADVANCED_FACE('',(#11528),#11518,.F.);
#11542=EDGE_CURVE('',#4771,#4772,#3662,.T.);
#11544=EDGE_CURVE('',#4771,#4762,#3653,.T.);
#11548=EDGE_CURVE('',#4766,#4772,#3657,.T.);
#11552=ADVANCED_FACE('',(#11551),#11541,.F.);
#11566=EDGE_CURVE('',#4772,#4771,#3667,.T.);
#11570=ADVANCED_FACE('',(#11569),#11564,.F.);
#11590=ADVANCED_FACE('',(#11589),#11582,.F.);
#11600=(LENGTH_UNIT()NAMED_UNIT(*)SI_UNIT(.MILLI.,.METRE.));
#11601=(NAMED_UNIT(*)PLANE_ANGLE_UNIT()SI_UNIT($,.RADIAN.));
#11604=(NAMED_UNIT(*)SI_UNIT($,.STERADIAN.)SOLID_ANGLE_UNIT());
#11606=(GEOMETRIC_REPRESENTATION_CONTEXT(3)GLOBAL_UNCERTAINTY_ASSIGNED_CONTEXT((
#11605))GLOBAL_UNIT_ASSIGNED_CONTEXT((#11600,#11603,#11604))REPRESENTATION_CONTEXT('ID1','3'));
#11610=AXIS2_PLACEMENT_3D('',#11607,#11608,#11609);
#11611=ADVANCED_BREP_SHAPE_REPRESENTATION('',(#11610,#11599),#11606);
#11618=PRODUCT_DEFINITION('part definition','',#11617,#11614);
#11619=PRODUCT_DEFINITION_SHAPE('','SHAPE FOR MANIFOLD_SOLID_BREP_11562.',
#11618);
#11620=SHAPE_ASPECT('','solid data associated with MANIFOLD_SOLID_BREP_11562',
#11619,.F.);
#11621=PROPERTY_DEFINITION('',
'shape for solid data with which properties are associated',#11620);
#11622=SHAPE_REPRESENTATION('',(#11599),#11606);
#11623=SHAPE_DEFINITION_REPRESENTATION(#11621,#11622);
#11624=(LENGTH_UNIT()NAMED_UNIT(*)SI_UNIT(.MILLI.,.METRE.));
#11628=PROPERTY_DEFINITION('geometric validation property',
'area of MANIFOLD_SOLID_BREP_11562',#11620);
#11629=REPRESENTATION('surface area',(#11627),#11606);
#11630=PROPERTY_DEFINITION_REPRESENTATION(#11628,#11629);
#11631=(LENGTH_UNIT()NAMED_UNIT(*)SI_UNIT(.MILLI.,.METRE.));
#11635=PROPERTY_DEFINITION('geometric validation property',
'volume of MANIFOLD_SOLID_BREP_11562',#11620);
#11636=REPRESENTATION('volume',(#11634),#11606);
#11637=PROPERTY_DEFINITION_REPRESENTATION(#11635,#11636);
#11639=PROPERTY_DEFINITION('geometric validation property',
'centroid of MANIFOLD_SOLID_BREP_11562',#11620);
#11640=REPRESENTATION('centroid',(#11638),#11606);
#11641=PROPERTY_DEFINITION_REPRESENTATION(#11639,#11640);
#11642=(LENGTH_UNIT()NAMED_UNIT(*)SI_UNIT(.MILLI.,.METRE.));
#11646=PROPERTY_DEFINITION('geometric validation property',
'area of MANIFOLD_SOLID_BREP_11562',#11619);
#11647=REPRESENTATION('surface area',(#11645),#11606);
#11648=PROPERTY_DEFINITION_REPRESENTATION(#11646,#11647);
#11649=(LENGTH_UNIT()NAMED_UNIT(*)SI_UNIT(.MILLI.,.METRE.));
#11653=PROPERTY_DEFINITION('geometric validation property',
'volume of MANIFOLD_SOLID_BREP_11562',#11619);
#11654=REPRESENTATION('volume',(#11652),#11606);
#11655=PROPERTY_DEFINITION_REPRESENTATION(#11653,#11654);
#11657=PROPERTY_DEFINITION('geometric validation property',
'centroid of MANIFOLD_SOLID_BREP_11562',#11619);
#11658=REPRESENTATION('centroid',(#11656),#11606);
#11659=PROPERTY_DEFINITION_REPRESENTATION(#11657,#11658);
#11660=SHAPE_DEFINITION_REPRESENTATION(#11619,#11611);
#11661=PROPERTY_DEFINITION('DESCRIPTION','user defined attribute',#11618);
#11665=REPRESENTATION('',(#11664),#11606);
#11666=PROPERTY_DEFINITION_REPRESENTATION(#11661,#11665);
#11667=PROPERTY_DEFINITION('MODELED_BY','user defined attribute',#11618);
#11671=REPRESENTATION('',(#11670),#11606);
#11672=PROPERTY_DEFINITION_REPRESENTATION(#11667,#11671);
#11673=SHAPE_DEFINITION_REPRESENTATION(#11674,#11675);
#11674=PRODUCT_DEFINITION_SHAPE('','SHAPE FOR URB_LD-30WR3_ASM.',#15481);
#11675=SHAPE_REPRESENTATION('',(#11685,#12314,#12944,#13573,#14203,#14832,
#15462,#15476),#15472);
#11676=NEXT_ASSEMBLY_USAGE_OCCURRENCE('0','Next assembly relationship',
'MANIFOLD_SOLID_BREP_11562',#15481,#11618,$);
#11677=PRODUCT_DEFINITION_SHAPE('Placement #0',
'Placement of MANIFOLD_SOLID_BREP_11562 with respect to URB_LD-30WR3_ASM',
#11676);
#11679=PROPERTY_DEFINITION('geometric validation property',
'centroid of MANIFOLD_SOLID_BREP_11562',#11677);
#11680=REPRESENTATION('centroid',(#11678),#11606);
#11681=PROPERTY_DEFINITION_REPRESENTATION(#11679,#11680);
#11701=CIRCLE('',#11700,5.000000000042E-1);
#11706=CIRCLE('',#11705,9.999936736334E-2);
#11711=CIRCLE('',#11710,9.999936736584E-2);
#11716=CIRCLE('',#11715,3.999999999958E-1);
#11721=CIRCLE('',#11720,4.999999999996E-1);
#11726=CIRCLE('',#11725,3.999999999958E-1);
#11731=CIRCLE('',#11730,1.E0);
#11736=CIRCLE('',#11735,1.E0);
#11741=CIRCLE('',#11740,5.E-1);
#11746=CIRCLE('',#11745,5.E-1);
#11759=CIRCLE('',#11758,1.E0);
#11764=CIRCLE('',#11763,1.E0);
#11769=CIRCLE('',#11768,5.E-1);
#11774=CIRCLE('',#11773,5.E-1);
#11779=CIRCLE('',#11778,5.000000000004E-1);
#11784=CIRCLE('',#11783,9.999936734982E-2);
#11789=CIRCLE('',#11788,9.999936735225E-2);
#11794=CIRCLE('',#11793,4.000000000168E-1);
#11799=CIRCLE('',#11798,5.000000000025E-1);
#11804=CIRCLE('',#11803,4.000000000168E-1);
#11850=EDGE_CURVE('',#11815,#11816,#11701,.T.);
#11852=EDGE_CURVE('',#11815,#11818,#11692,.T.);
#11854=EDGE_CURVE('',#11820,#11818,#11746,.T.);
#11856=EDGE_CURVE('',#11820,#11816,#11696,.T.);
#11860=ADVANCED_FACE('',(#11859),#11849,.T.);
#11897=EDGE_CURVE('',#11823,#11824,#11706,.T.);
#11899=EDGE_CURVE('',#11815,#11823,#11726,.T.);
#11902=EDGE_CURVE('',#11824,#11816,#11716,.T.);
#11906=ADVANCED_FACE('',(#11905),#11896,.T.);
#11920=EDGE_CURVE('',#11824,#11823,#11711,.T.);
#11924=ADVANCED_FACE('',(#11923),#11918,.F.);
#11963=EDGE_CURVE('',#11816,#11815,#11721,.T.);
#11968=ADVANCED_FACE('',(#11967),#11960,.T.);
#11983=EDGE_CURVE('',#11818,#11820,#11741,.T.);
#11988=ADVANCED_FACE('',(#11987),#11980,.T.);
#12001=EDGE_CURVE('',#11827,#11828,#11731,.T.);
#12003=EDGE_CURVE('',#11828,#11827,#11736,.T.);
#12011=ADVANCED_FACE('',(#12006,#12010),#12000,.F.);
#12025=EDGE_CURVE('',#11830,#11827,#11754,.T.);
#12027=EDGE_CURVE('',#11832,#11830,#11759,.T.);
#12029=EDGE_CURVE('',#11828,#11832,#11750,.T.);
#12033=ADVANCED_FACE('',(#12032),#12023,.T.);
#12048=EDGE_CURVE('',#11830,#11832,#11764,.T.);
#12053=ADVANCED_FACE('',(#12052),#12045,.T.);
#12070=EDGE_CURVE('',#11835,#11836,#11769,.T.);
#12072=EDGE_CURVE('',#11836,#11835,#11774,.T.);
#12076=ADVANCED_FACE('',(#12069,#12075),#12065,.T.);
#12089=EDGE_CURVE('',#11839,#11840,#11779,.T.);
#12091=EDGE_CURVE('',#11836,#11839,#11812,.T.);
#12094=EDGE_CURVE('',#11840,#11835,#11808,.T.);
#12098=ADVANCED_FACE('',(#12097),#12088,.T.);
#12135=EDGE_CURVE('',#11843,#11844,#11789,.T.);
#12137=EDGE_CURVE('',#11839,#11843,#11804,.T.);
#12140=EDGE_CURVE('',#11844,#11840,#11794,.T.);
#12144=ADVANCED_FACE('',(#12143),#12134,.T.);
#12157=EDGE_CURVE('',#11844,#11843,#11784,.T.);
#12162=ADVANCED_FACE('',(#12161),#12156,.T.);
#12201=EDGE_CURVE('',#11840,#11839,#11799,.T.);
#12206=ADVANCED_FACE('',(#12205),#12198,.T.);
#12225=ADVANCED_FACE('',(#12224),#12218,.T.);
#12235=(LENGTH_UNIT()NAMED_UNIT(*)SI_UNIT(.MILLI.,.METRE.));
#12236=(NAMED_UNIT(*)PLANE_ANGLE_UNIT()SI_UNIT($,.RADIAN.));
#12239=(NAMED_UNIT(*)SI_UNIT($,.STERADIAN.)SOLID_ANGLE_UNIT());
#12241=(GEOMETRIC_REPRESENTATION_CONTEXT(3)GLOBAL_UNCERTAINTY_ASSIGNED_CONTEXT((
#12240))GLOBAL_UNIT_ASSIGNED_CONTEXT((#12235,#12238,#12239))REPRESENTATION_CONTEXT('ID2','3'));
#12245=AXIS2_PLACEMENT_3D('',#12242,#12243,#12244);
#12246=ADVANCED_BREP_SHAPE_REPRESENTATION('',(#12245,#12234),#12241);
#12250=PRODUCT_DEFINITION('part definition','',#12249,#11614);
#12251=PRODUCT_DEFINITION_SHAPE('','SHAPE FOR MANIFOLD_SOLID_BREP_12108.',
#12250);
#12252=SHAPE_ASPECT('','solid data associated with MANIFOLD_SOLID_BREP_12108',
#12251,.F.);
#12253=PROPERTY_DEFINITION('',
'shape for solid data with which properties are associated',#12252);
#12254=SHAPE_REPRESENTATION('',(#12234),#12241);
#12255=SHAPE_DEFINITION_REPRESENTATION(#12253,#12254);
#12256=(LENGTH_UNIT()NAMED_UNIT(*)SI_UNIT(.MILLI.,.METRE.));
#12260=PROPERTY_DEFINITION('geometric validation property',
'area of MANIFOLD_SOLID_BREP_12108',#12252);
#12261=REPRESENTATION('surface area',(#12259),#12241);
#12262=PROPERTY_DEFINITION_REPRESENTATION(#12260,#12261);
#12263=(LENGTH_UNIT()NAMED_UNIT(*)SI_UNIT(.MILLI.,.METRE.));
#12267=PROPERTY_DEFINITION('geometric validation property',
'volume of MANIFOLD_SOLID_BREP_12108',#12252);
#12268=REPRESENTATION('volume',(#12266),#12241);
#12269=PROPERTY_DEFINITION_REPRESENTATION(#12267,#12268);
#12271=PROPERTY_DEFINITION('geometric validation property',
'centroid of MANIFOLD_SOLID_BREP_12108',#12252);
#12272=REPRESENTATION('centroid',(#12270),#12241);
#12273=PROPERTY_DEFINITION_REPRESENTATION(#12271,#12272);
#12274=(LENGTH_UNIT()NAMED_UNIT(*)SI_UNIT(.MILLI.,.METRE.));
#12278=PROPERTY_DEFINITION('geometric validation property',
'area of MANIFOLD_SOLID_BREP_12108',#12251);
#12279=REPRESENTATION('surface area',(#12277),#12241);
#12280=PROPERTY_DEFINITION_REPRESENTATION(#12278,#12279);
#12281=(LENGTH_UNIT()NAMED_UNIT(*)SI_UNIT(.MILLI.,.METRE.));
#12285=PROPERTY_DEFINITION('geometric validation property',
'volume of MANIFOLD_SOLID_BREP_12108',#12251);
#12286=REPRESENTATION('volume',(#12284),#12241);
#12287=PROPERTY_DEFINITION_REPRESENTATION(#12285,#12286);
#12289=PROPERTY_DEFINITION('geometric validation property',
'centroid of MANIFOLD_SOLID_BREP_12108',#12251);
#12290=REPRESENTATION('centroid',(#12288),#12241);
#12291=PROPERTY_DEFINITION_REPRESENTATION(#12289,#12290);
#12292=SHAPE_DEFINITION_REPRESENTATION(#12251,#12246);
#12293=PROPERTY_DEFINITION('DESCRIPTION','user defined attribute',#12250);
#12297=REPRESENTATION('',(#12296),#12241);
#12298=PROPERTY_DEFINITION_REPRESENTATION(#12293,#12297);
#12299=PROPERTY_DEFINITION('MODELED_BY','user defined attribute',#12250);
#12303=REPRESENTATION('',(#12302),#12241);
#12304=PROPERTY_DEFINITION_REPRESENTATION(#12299,#12303);
#12305=NEXT_ASSEMBLY_USAGE_OCCURRENCE('1','Next assembly relationship',
'MANIFOLD_SOLID_BREP_12108',#15481,#12250,$);
#12306=PRODUCT_DEFINITION_SHAPE('Placement #1',
'Placement of MANIFOLD_SOLID_BREP_12108 with respect to URB_LD-30WR3_ASM',
#12305);
#12308=PROPERTY_DEFINITION('geometric validation property',
'centroid of MANIFOLD_SOLID_BREP_12108',#12306);
#12309=REPRESENTATION('centroid',(#12307),#12241);
#12310=PROPERTY_DEFINITION_REPRESENTATION(#12308,#12309);
#12330=CIRCLE('',#12329,5.000000000033E-1);
#12335=CIRCLE('',#12334,1.000014974238E-1);
#12340=CIRCLE('',#12339,1.000014974296E-1);
#12345=CIRCLE('',#12344,3.999999999983E-1);
#12350=CIRCLE('',#12349,5.000000000010E-1);
#12355=CIRCLE('',#12354,3.999999999983E-1);
#12360=CIRCLE('',#12359,1.E0);
#12365=CIRCLE('',#12364,1.E0);
#12370=CIRCLE('',#12369,5.E-1);
#12375=CIRCLE('',#12374,5.E-1);
#12388=CIRCLE('',#12387,1.E0);
#12393=CIRCLE('',#12392,1.E0);
#12398=CIRCLE('',#12397,5.E-1);
#12403=CIRCLE('',#12402,5.E-1);
#12408=CIRCLE('',#12407,5.000000000008E-1);
#12413=CIRCLE('',#12412,9.999936734049E-2);
#12418=CIRCLE('',#12417,9.999936733999E-2);
#12423=CIRCLE('',#12422,4.000000000152E-1);
#12428=CIRCLE('',#12427,4.999999999976E-1);
#12433=CIRCLE('',#12432,4.000000000152E-1);
#12479=EDGE_CURVE('',#12444,#12445,#12330,.T.);
#12481=EDGE_CURVE('',#12444,#12447,#12321,.T.);
#12483=EDGE_CURVE('',#12449,#12447,#12375,.T.);
#12485=EDGE_CURVE('',#12449,#12445,#12325,.T.);
#12489=ADVANCED_FACE('',(#12488),#12478,.T.);
#12526=EDGE_CURVE('',#12452,#12453,#12335,.T.);
#12528=EDGE_CURVE('',#12444,#12452,#12355,.T.);
#12531=EDGE_CURVE('',#12453,#12445,#12345,.T.);
#12535=ADVANCED_FACE('',(#12534),#12525,.T.);
#12549=EDGE_CURVE('',#12453,#12452,#12340,.T.);
#12553=ADVANCED_FACE('',(#12552),#12547,.F.);
#12592=EDGE_CURVE('',#12445,#12444,#12350,.T.);
#12597=ADVANCED_FACE('',(#12596),#12589,.T.);
#12612=EDGE_CURVE('',#12447,#12449,#12370,.T.);
#12617=ADVANCED_FACE('',(#12616),#12609,.T.);
#12630=EDGE_CURVE('',#12456,#12457,#12360,.T.);
#12632=EDGE_CURVE('',#12457,#12456,#12365,.T.);
#12640=ADVANCED_FACE('',(#12635,#12639),#12629,.F.);
#12654=EDGE_CURVE('',#12459,#12456,#12383,.T.);
#12656=EDGE_CURVE('',#12461,#12459,#12388,.T.);
#12658=EDGE_CURVE('',#12457,#12461,#12379,.T.);
#12662=ADVANCED_FACE('',(#12661),#12652,.T.);
#12677=EDGE_CURVE('',#12459,#12461,#12393,.T.);
#12682=ADVANCED_FACE('',(#12681),#12674,.T.);
#12699=EDGE_CURVE('',#12464,#12465,#12398,.T.);
#12701=EDGE_CURVE('',#12465,#12464,#12403,.T.);
#12705=ADVANCED_FACE('',(#12698,#12704),#12694,.T.);
#12718=EDGE_CURVE('',#12468,#12469,#12408,.T.);
#12720=EDGE_CURVE('',#12465,#12468,#12441,.T.);
#12723=EDGE_CURVE('',#12469,#12464,#12437,.T.);
#12727=ADVANCED_FACE('',(#12726),#12717,.T.);
#12764=EDGE_CURVE('',#12472,#12473,#12418,.T.);
#12766=EDGE_CURVE('',#12468,#12472,#12433,.T.);
#12769=EDGE_CURVE('',#12473,#12469,#12423,.T.);
#12773=ADVANCED_FACE('',(#12772),#12763,.T.);
#12786=EDGE_CURVE('',#12473,#12472,#12413,.T.);
#12791=ADVANCED_FACE('',(#12790),#12785,.T.);
#12830=EDGE_CURVE('',#12469,#12468,#12428,.T.);
#12835=ADVANCED_FACE('',(#12834),#12827,.T.);
#12854=ADVANCED_FACE('',(#12853),#12847,.T.);
#12864=(LENGTH_UNIT()NAMED_UNIT(*)SI_UNIT(.MILLI.,.METRE.));
#12865=(NAMED_UNIT(*)PLANE_ANGLE_UNIT()SI_UNIT($,.RADIAN.));
#12868=(NAMED_UNIT(*)SI_UNIT($,.STERADIAN.)SOLID_ANGLE_UNIT());
#12870=(GEOMETRIC_REPRESENTATION_CONTEXT(3)GLOBAL_UNCERTAINTY_ASSIGNED_CONTEXT((
#12869))GLOBAL_UNIT_ASSIGNED_CONTEXT((#12864,#12867,#12868))REPRESENTATION_CONTEXT('ID3','3'));
#12874=AXIS2_PLACEMENT_3D('',#12871,#12872,#12873);
#12875=ADVANCED_BREP_SHAPE_REPRESENTATION('',(#12874,#12863),#12870);
#12880=PRODUCT_DEFINITION('part definition','',#12879,#12876);
#12881=PRODUCT_DEFINITION_SHAPE('','SHAPE FOR MANIFOLD_SOLID_BREP_12654.',
#12880);
#12882=SHAPE_ASPECT('','solid data associated with MANIFOLD_SOLID_BREP_12654',
#12881,.F.);
#12883=PROPERTY_DEFINITION('',
'shape for solid data with which properties are associated',#12882);
#12884=SHAPE_REPRESENTATION('',(#12863),#12870);
#12885=SHAPE_DEFINITION_REPRESENTATION(#12883,#12884);
#12886=(LENGTH_UNIT()NAMED_UNIT(*)SI_UNIT(.MILLI.,.METRE.));
#12890=PROPERTY_DEFINITION('geometric validation property',
'area of MANIFOLD_SOLID_BREP_12654',#12882);
#12891=REPRESENTATION('surface area',(#12889),#12870);
#12892=PROPERTY_DEFINITION_REPRESENTATION(#12890,#12891);
#12893=(LENGTH_UNIT()NAMED_UNIT(*)SI_UNIT(.MILLI.,.METRE.));
#12897=PROPERTY_DEFINITION('geometric validation property',
'volume of MANIFOLD_SOLID_BREP_12654',#12882);
#12898=REPRESENTATION('volume',(#12896),#12870);
#12899=PROPERTY_DEFINITION_REPRESENTATION(#12897,#12898);
#12901=PROPERTY_DEFINITION('geometric validation property',
'centroid of MANIFOLD_SOLID_BREP_12654',#12882);
#12902=REPRESENTATION('centroid',(#12900),#12870);
#12903=PROPERTY_DEFINITION_REPRESENTATION(#12901,#12902);
#12904=(LENGTH_UNIT()NAMED_UNIT(*)SI_UNIT(.MILLI.,.METRE.));
#12908=PROPERTY_DEFINITION('geometric validation property',
'area of MANIFOLD_SOLID_BREP_12654',#12881);
#12909=REPRESENTATION('surface area',(#12907),#12870);
#12910=PROPERTY_DEFINITION_REPRESENTATION(#12908,#12909);
#12911=(LENGTH_UNIT()NAMED_UNIT(*)SI_UNIT(.MILLI.,.METRE.));
#12915=PROPERTY_DEFINITION('geometric validation property',
'volume of MANIFOLD_SOLID_BREP_12654',#12881);
#12916=REPRESENTATION('volume',(#12914),#12870);
#12917=PROPERTY_DEFINITION_REPRESENTATION(#12915,#12916);
#12919=PROPERTY_DEFINITION('geometric validation property',
'centroid of MANIFOLD_SOLID_BREP_12654',#12881);
#12920=REPRESENTATION('centroid',(#12918),#12870);
#12921=PROPERTY_DEFINITION_REPRESENTATION(#12919,#12920);
#12922=SHAPE_DEFINITION_REPRESENTATION(#12881,#12875);
#12923=PROPERTY_DEFINITION('DESCRIPTION','user defined attribute',#12880);
#12927=REPRESENTATION('',(#12926),#12870);
#12928=PROPERTY_DEFINITION_REPRESENTATION(#12923,#12927);
#12929=PROPERTY_DEFINITION('MODELED_BY','user defined attribute',#12880);
#12933=REPRESENTATION('',(#12932),#12870);
#12934=PROPERTY_DEFINITION_REPRESENTATION(#12929,#12933);
#12935=NEXT_ASSEMBLY_USAGE_OCCURRENCE('2','Next assembly relationship',
'MANIFOLD_SOLID_BREP_12654',#15481,#12880,$);
#12936=PRODUCT_DEFINITION_SHAPE('Placement #2',
'Placement of MANIFOLD_SOLID_BREP_12654 with respect to URB_LD-30WR3_ASM',
#12935);
#12938=PROPERTY_DEFINITION('geometric validation property',
'centroid of MANIFOLD_SOLID_BREP_12654',#12936);
#12939=REPRESENTATION('centroid',(#12937),#12870);
#12940=PROPERTY_DEFINITION_REPRESENTATION(#12938,#12939);
#12960=CIRCLE('',#12959,5.000000000028E-1);
#12965=CIRCLE('',#12964,9.999936736284E-2);
#12970=CIRCLE('',#12969,9.999936736613E-2);
#12975=CIRCLE('',#12974,3.999999999974E-1);
#12980=CIRCLE('',#12979,5.000000000008E-1);
#12985=CIRCLE('',#12984,3.999999999974E-1);
#12990=CIRCLE('',#12989,1.E0);
#12995=CIRCLE('',#12994,1.E0);
#13000=CIRCLE('',#12999,5.E-1);
#13005=CIRCLE('',#13004,5.E-1);
#13018=CIRCLE('',#13017,1.E0);
#13023=CIRCLE('',#13022,1.E0);
#13028=CIRCLE('',#13027,5.E-1);
#13033=CIRCLE('',#13032,5.E-1);
#13038=CIRCLE('',#13037,5.000000000012E-1);
#13043=CIRCLE('',#13042,9.999936735275E-2);
#13048=CIRCLE('',#13047,9.999936735344E-2);
#13053=CIRCLE('',#13052,4.000000000125E-1);
#13058=CIRCLE('',#13057,5.000000000011E-1);
#13063=CIRCLE('',#13062,4.000000000125E-1);
#13109=EDGE_CURVE('',#13074,#13075,#12960,.T.);
#13111=EDGE_CURVE('',#13074,#13077,#12951,.T.);
#13113=EDGE_CURVE('',#13079,#13077,#13005,.T.);
#13115=EDGE_CURVE('',#13079,#13075,#12955,.T.);
#13119=ADVANCED_FACE('',(#13118),#13108,.T.);
#13156=EDGE_CURVE('',#13082,#13083,#12965,.T.);
#13158=EDGE_CURVE('',#13074,#13082,#12985,.T.);
#13161=EDGE_CURVE('',#13083,#13075,#12975,.T.);
#13165=ADVANCED_FACE('',(#13164),#13155,.T.);
#13179=EDGE_CURVE('',#13083,#13082,#12970,.T.);
#13183=ADVANCED_FACE('',(#13182),#13177,.F.);
#13222=EDGE_CURVE('',#13075,#13074,#12980,.T.);
#13227=ADVANCED_FACE('',(#13226),#13219,.T.);
#13242=EDGE_CURVE('',#13077,#13079,#13000,.T.);
#13247=ADVANCED_FACE('',(#13246),#13239,.T.);
#13260=EDGE_CURVE('',#13086,#13087,#12990,.T.);
#13262=EDGE_CURVE('',#13087,#13086,#12995,.T.);
#13270=ADVANCED_FACE('',(#13265,#13269),#13259,.F.);
#13284=EDGE_CURVE('',#13089,#13086,#13013,.T.);
#13286=EDGE_CURVE('',#13091,#13089,#13018,.T.);
#13288=EDGE_CURVE('',#13087,#13091,#13009,.T.);
#13292=ADVANCED_FACE('',(#13291),#13282,.T.);
#13307=EDGE_CURVE('',#13089,#13091,#13023,.T.);
#13312=ADVANCED_FACE('',(#13311),#13304,.T.);
#13329=EDGE_CURVE('',#13094,#13095,#13028,.T.);
#13331=EDGE_CURVE('',#13095,#13094,#13033,.T.);
#13335=ADVANCED_FACE('',(#13328,#13334),#13324,.T.);
#13348=EDGE_CURVE('',#13098,#13099,#13038,.T.);
#13350=EDGE_CURVE('',#13095,#13098,#13071,.T.);
#13353=EDGE_CURVE('',#13099,#13094,#13067,.T.);
#13357=ADVANCED_FACE('',(#13356),#13347,.T.);
#13394=EDGE_CURVE('',#13102,#13103,#13048,.T.);
#13396=EDGE_CURVE('',#13098,#13102,#13063,.T.);
#13399=EDGE_CURVE('',#13103,#13099,#13053,.T.);
#13403=ADVANCED_FACE('',(#13402),#13393,.T.);
#13416=EDGE_CURVE('',#13103,#13102,#13043,.T.);
#13421=ADVANCED_FACE('',(#13420),#13415,.T.);
#13460=EDGE_CURVE('',#13099,#13098,#13058,.T.);
#13465=ADVANCED_FACE('',(#13464),#13457,.T.);
#13484=ADVANCED_FACE('',(#13483),#13477,.T.);
#13494=(LENGTH_UNIT()NAMED_UNIT(*)SI_UNIT(.MILLI.,.METRE.));
#13495=(NAMED_UNIT(*)PLANE_ANGLE_UNIT()SI_UNIT($,.RADIAN.));
#13498=(NAMED_UNIT(*)SI_UNIT($,.STERADIAN.)SOLID_ANGLE_UNIT());
#13500=(GEOMETRIC_REPRESENTATION_CONTEXT(3)GLOBAL_UNCERTAINTY_ASSIGNED_CONTEXT((
#13499))GLOBAL_UNIT_ASSIGNED_CONTEXT((#13494,#13497,#13498))REPRESENTATION_CONTEXT('ID4','3'));
#13504=AXIS2_PLACEMENT_3D('',#13501,#13502,#13503);
#13505=ADVANCED_BREP_SHAPE_REPRESENTATION('',(#13504,#13493),#13500);
#13509=PRODUCT_DEFINITION('part definition','',#13508,#12876);
#13510=PRODUCT_DEFINITION_SHAPE('','SHAPE FOR MANIFOLD_SOLID_BREP_13200.',
#13509);
#13511=SHAPE_ASPECT('','solid data associated with MANIFOLD_SOLID_BREP_13200',
#13510,.F.);
#13512=PROPERTY_DEFINITION('',
'shape for solid data with which properties are associated',#13511);
#13513=SHAPE_REPRESENTATION('',(#13493),#13500);
#13514=SHAPE_DEFINITION_REPRESENTATION(#13512,#13513);
#13515=(LENGTH_UNIT()NAMED_UNIT(*)SI_UNIT(.MILLI.,.METRE.));
#13519=PROPERTY_DEFINITION('geometric validation property',
'area of MANIFOLD_SOLID_BREP_13200',#13511);
#13520=REPRESENTATION('surface area',(#13518),#13500);
#13521=PROPERTY_DEFINITION_REPRESENTATION(#13519,#13520);
#13522=(LENGTH_UNIT()NAMED_UNIT(*)SI_UNIT(.MILLI.,.METRE.));
#13526=PROPERTY_DEFINITION('geometric validation property',
'volume of MANIFOLD_SOLID_BREP_13200',#13511);
#13527=REPRESENTATION('volume',(#13525),#13500);
#13528=PROPERTY_DEFINITION_REPRESENTATION(#13526,#13527);
#13530=PROPERTY_DEFINITION('geometric validation property',
'centroid of MANIFOLD_SOLID_BREP_13200',#13511);
#13531=REPRESENTATION('centroid',(#13529),#13500);
#13532=PROPERTY_DEFINITION_REPRESENTATION(#13530,#13531);
#13533=(LENGTH_UNIT()NAMED_UNIT(*)SI_UNIT(.MILLI.,.METRE.));
#13537=PROPERTY_DEFINITION('geometric validation property',
'area of MANIFOLD_SOLID_BREP_13200',#13510);
#13538=REPRESENTATION('surface area',(#13536),#13500);
#13539=PROPERTY_DEFINITION_REPRESENTATION(#13537,#13538);
#13540=(LENGTH_UNIT()NAMED_UNIT(*)SI_UNIT(.MILLI.,.METRE.));
#13544=PROPERTY_DEFINITION('geometric validation property',
'volume of MANIFOLD_SOLID_BREP_13200',#13510);
#13545=REPRESENTATION('volume',(#13543),#13500);
#13546=PROPERTY_DEFINITION_REPRESENTATION(#13544,#13545);
#13548=PROPERTY_DEFINITION('geometric validation property',
'centroid of MANIFOLD_SOLID_BREP_13200',#13510);
#13549=REPRESENTATION('centroid',(#13547),#13500);
#13550=PROPERTY_DEFINITION_REPRESENTATION(#13548,#13549);
#13551=SHAPE_DEFINITION_REPRESENTATION(#13510,#13505);
#13552=PROPERTY_DEFINITION('DESCRIPTION','user defined attribute',#13509);
#13556=REPRESENTATION('',(#13555),#13500);
#13557=PROPERTY_DEFINITION_REPRESENTATION(#13552,#13556);
#13558=PROPERTY_DEFINITION('MODELED_BY','user defined attribute',#13509);
#13562=REPRESENTATION('',(#13561),#13500);
#13563=PROPERTY_DEFINITION_REPRESENTATION(#13558,#13562);
#13564=NEXT_ASSEMBLY_USAGE_OCCURRENCE('3','Next assembly relationship',
'MANIFOLD_SOLID_BREP_13200',#15481,#13509,$);
#13565=PRODUCT_DEFINITION_SHAPE('Placement #3',
'Placement of MANIFOLD_SOLID_BREP_13200 with respect to URB_LD-30WR3_ASM',
#13564);
#13567=PROPERTY_DEFINITION('geometric validation property',
'centroid of MANIFOLD_SOLID_BREP_13200',#13565);
#13568=REPRESENTATION('centroid',(#13566),#13500);
#13569=PROPERTY_DEFINITION_REPRESENTATION(#13567,#13568);
#13589=CIRCLE('',#13588,5.000000000033E-1);
#13594=CIRCLE('',#13593,9.999936735983E-2);
#13599=CIRCLE('',#13598,9.999936736016E-2);
#13604=CIRCLE('',#13603,3.999999999985E-1);
#13609=CIRCLE('',#13608,5.000000000012E-1);
#13614=CIRCLE('',#13613,3.999999999985E-1);
#13619=CIRCLE('',#13618,1.E0);
#13624=CIRCLE('',#13623,1.E0);
#13629=CIRCLE('',#13628,5.E-1);
#13634=CIRCLE('',#13633,5.E-1);
#13647=CIRCLE('',#13646,1.E0);
#13652=CIRCLE('',#13651,1.E0);
#13657=CIRCLE('',#13656,5.E-1);
#13662=CIRCLE('',#13661,5.E-1);
#13667=CIRCLE('',#13666,5.000000000006E-1);
#13672=CIRCLE('',#13671,9.999936734060E-2);
#13677=CIRCLE('',#13676,9.999936734028E-2);
#13682=CIRCLE('',#13681,4.000000000154E-1);
#13687=CIRCLE('',#13686,4.999999999979E-1);
#13692=CIRCLE('',#13691,4.000000000154E-1);
#13738=EDGE_CURVE('',#13703,#13704,#13589,.T.);
#13740=EDGE_CURVE('',#13703,#13706,#13580,.T.);
#13742=EDGE_CURVE('',#13708,#13706,#13634,.T.);
#13744=EDGE_CURVE('',#13708,#13704,#13584,.T.);
#13748=ADVANCED_FACE('',(#13747),#13737,.T.);
#13785=EDGE_CURVE('',#13711,#13712,#13594,.T.);
#13787=EDGE_CURVE('',#13703,#13711,#13614,.T.);
#13790=EDGE_CURVE('',#13712,#13704,#13604,.T.);
#13794=ADVANCED_FACE('',(#13793),#13784,.T.);
#13808=EDGE_CURVE('',#13712,#13711,#13599,.T.);
#13812=ADVANCED_FACE('',(#13811),#13806,.F.);
#13851=EDGE_CURVE('',#13704,#13703,#13609,.T.);
#13856=ADVANCED_FACE('',(#13855),#13848,.T.);
#13871=EDGE_CURVE('',#13706,#13708,#13629,.T.);
#13876=ADVANCED_FACE('',(#13875),#13868,.T.);
#13889=EDGE_CURVE('',#13715,#13716,#13619,.T.);
#13891=EDGE_CURVE('',#13716,#13715,#13624,.T.);
#13899=ADVANCED_FACE('',(#13894,#13898),#13888,.F.);
#13913=EDGE_CURVE('',#13718,#13715,#13642,.T.);
#13915=EDGE_CURVE('',#13720,#13718,#13647,.T.);
#13917=EDGE_CURVE('',#13716,#13720,#13638,.T.);
#13921=ADVANCED_FACE('',(#13920),#13911,.T.);
#13936=EDGE_CURVE('',#13718,#13720,#13652,.T.);
#13941=ADVANCED_FACE('',(#13940),#13933,.T.);
#13958=EDGE_CURVE('',#13723,#13724,#13657,.T.);
#13960=EDGE_CURVE('',#13724,#13723,#13662,.T.);
#13964=ADVANCED_FACE('',(#13957,#13963),#13953,.T.);
#13977=EDGE_CURVE('',#13727,#13728,#13667,.T.);
#13979=EDGE_CURVE('',#13724,#13727,#13700,.T.);
#13982=EDGE_CURVE('',#13728,#13723,#13696,.T.);
#13986=ADVANCED_FACE('',(#13985),#13976,.T.);
#14023=EDGE_CURVE('',#13731,#13732,#13677,.T.);
#14025=EDGE_CURVE('',#13727,#13731,#13692,.T.);
#14028=EDGE_CURVE('',#13732,#13728,#13682,.T.);
#14032=ADVANCED_FACE('',(#14031),#14022,.T.);
#14045=EDGE_CURVE('',#13732,#13731,#13672,.T.);
#14050=ADVANCED_FACE('',(#14049),#14044,.T.);
#14089=EDGE_CURVE('',#13728,#13727,#13687,.T.);
#14094=ADVANCED_FACE('',(#14093),#14086,.T.);
#14113=ADVANCED_FACE('',(#14112),#14106,.T.);
#14123=(LENGTH_UNIT()NAMED_UNIT(*)SI_UNIT(.MILLI.,.METRE.));
#14124=(NAMED_UNIT(*)PLANE_ANGLE_UNIT()SI_UNIT($,.RADIAN.));
#14127=(NAMED_UNIT(*)SI_UNIT($,.STERADIAN.)SOLID_ANGLE_UNIT());
#14129=(GEOMETRIC_REPRESENTATION_CONTEXT(3)GLOBAL_UNCERTAINTY_ASSIGNED_CONTEXT((
#14128))GLOBAL_UNIT_ASSIGNED_CONTEXT((#14123,#14126,#14127))REPRESENTATION_CONTEXT('ID5','3'));
#14133=AXIS2_PLACEMENT_3D('',#14130,#14131,#14132);
#14134=ADVANCED_BREP_SHAPE_REPRESENTATION('',(#14133,#14122),#14129);
#14139=PRODUCT_DEFINITION('part definition','',#14138,#14135);
#14140=PRODUCT_DEFINITION_SHAPE('','SHAPE FOR MANIFOLD_SOLID_BREP_13746.',
#14139);
#14141=SHAPE_ASPECT('','solid data associated with MANIFOLD_SOLID_BREP_13746',
#14140,.F.);
#14142=PROPERTY_DEFINITION('',
'shape for solid data with which properties are associated',#14141);
#14143=SHAPE_REPRESENTATION('',(#14122),#14129);
#14144=SHAPE_DEFINITION_REPRESENTATION(#14142,#14143);
#14145=(LENGTH_UNIT()NAMED_UNIT(*)SI_UNIT(.MILLI.,.METRE.));
#14149=PROPERTY_DEFINITION('geometric validation property',
'area of MANIFOLD_SOLID_BREP_13746',#14141);
#14150=REPRESENTATION('surface area',(#14148),#14129);
#14151=PROPERTY_DEFINITION_REPRESENTATION(#14149,#14150);
#14152=(LENGTH_UNIT()NAMED_UNIT(*)SI_UNIT(.MILLI.,.METRE.));
#14156=PROPERTY_DEFINITION('geometric validation property',
'volume of MANIFOLD_SOLID_BREP_13746',#14141);
#14157=REPRESENTATION('volume',(#14155),#14129);
#14158=PROPERTY_DEFINITION_REPRESENTATION(#14156,#14157);
#14160=PROPERTY_DEFINITION('geometric validation property',
'centroid of MANIFOLD_SOLID_BREP_13746',#14141);
#14161=REPRESENTATION('centroid',(#14159),#14129);
#14162=PROPERTY_DEFINITION_REPRESENTATION(#14160,#14161);
#14163=(LENGTH_UNIT()NAMED_UNIT(*)SI_UNIT(.MILLI.,.METRE.));
#14167=PROPERTY_DEFINITION('geometric validation property',
'area of MANIFOLD_SOLID_BREP_13746',#14140);
#14168=REPRESENTATION('surface area',(#14166),#14129);
#14169=PROPERTY_DEFINITION_REPRESENTATION(#14167,#14168);
#14170=(LENGTH_UNIT()NAMED_UNIT(*)SI_UNIT(.MILLI.,.METRE.));
#14174=PROPERTY_DEFINITION('geometric validation property',
'volume of MANIFOLD_SOLID_BREP_13746',#14140);
#14175=REPRESENTATION('volume',(#14173),#14129);
#14176=PROPERTY_DEFINITION_REPRESENTATION(#14174,#14175);
#14178=PROPERTY_DEFINITION('geometric validation property',
'centroid of MANIFOLD_SOLID_BREP_13746',#14140);
#14179=REPRESENTATION('centroid',(#14177),#14129);
#14180=PROPERTY_DEFINITION_REPRESENTATION(#14178,#14179);
#14181=SHAPE_DEFINITION_REPRESENTATION(#14140,#14134);
#14182=PROPERTY_DEFINITION('DESCRIPTION','user defined attribute',#14139);
#14186=REPRESENTATION('',(#14185),#14129);
#14187=PROPERTY_DEFINITION_REPRESENTATION(#14182,#14186);
#14188=PROPERTY_DEFINITION('MODELED_BY','user defined attribute',#14139);
#14192=REPRESENTATION('',(#14191),#14129);
#14193=PROPERTY_DEFINITION_REPRESENTATION(#14188,#14192);
#14194=NEXT_ASSEMBLY_USAGE_OCCURRENCE('4','Next assembly relationship',
'MANIFOLD_SOLID_BREP_13746',#15481,#14139,$);
#14195=PRODUCT_DEFINITION_SHAPE('Placement #4',
'Placement of MANIFOLD_SOLID_BREP_13746 with respect to URB_LD-30WR3_ASM',
#14194);
#14197=PROPERTY_DEFINITION('geometric validation property',
'centroid of MANIFOLD_SOLID_BREP_13746',#14195);
#14198=REPRESENTATION('centroid',(#14196),#14129);
#14199=PROPERTY_DEFINITION_REPRESENTATION(#14197,#14198);
#14219=CIRCLE('',#14218,5.000000000033E-1);
#14224=CIRCLE('',#14223,1.000014974237E-1);
#14229=CIRCLE('',#14228,1.000014974288E-1);
#14234=CIRCLE('',#14233,3.999999999986E-1);
#14239=CIRCLE('',#14238,5.000000000012E-1);
#14244=CIRCLE('',#14243,3.999999999986E-1);
#14249=CIRCLE('',#14248,1.E0);
#14254=CIRCLE('',#14253,1.E0);
#14259=CIRCLE('',#14258,5.E-1);
#14264=CIRCLE('',#14263,5.E-1);
#14277=CIRCLE('',#14276,1.E0);
#14282=CIRCLE('',#14281,1.E0);
#14287=CIRCLE('',#14286,5.E-1);
#14292=CIRCLE('',#14291,5.E-1);
#14297=CIRCLE('',#14296,5.000000000006E-1);
#14302=CIRCLE('',#14301,9.999936734055E-2);
#14307=CIRCLE('',#14306,9.999936734139E-2);
#14312=CIRCLE('',#14311,4.000000000154E-1);
#14317=CIRCLE('',#14316,4.999999999979E-1);
#14322=CIRCLE('',#14321,4.000000000154E-1);
#14368=EDGE_CURVE('',#14333,#14334,#14219,.T.);
#14370=EDGE_CURVE('',#14333,#14336,#14210,.T.);
#14372=EDGE_CURVE('',#14338,#14336,#14264,.T.);
#14374=EDGE_CURVE('',#14338,#14334,#14214,.T.);
#14378=ADVANCED_FACE('',(#14377),#14367,.T.);
#14415=EDGE_CURVE('',#14341,#14342,#14224,.T.);
#14417=EDGE_CURVE('',#14333,#14341,#14244,.T.);
#14420=EDGE_CURVE('',#14342,#14334,#14234,.T.);
#14424=ADVANCED_FACE('',(#14423),#14414,.T.);
#14438=EDGE_CURVE('',#14342,#14341,#14229,.T.);
#14442=ADVANCED_FACE('',(#14441),#14436,.F.);
#14481=EDGE_CURVE('',#14334,#14333,#14239,.T.);
#14486=ADVANCED_FACE('',(#14485),#14478,.T.);
#14501=EDGE_CURVE('',#14336,#14338,#14259,.T.);
#14506=ADVANCED_FACE('',(#14505),#14498,.T.);
#14519=EDGE_CURVE('',#14345,#14346,#14249,.T.);
#14521=EDGE_CURVE('',#14346,#14345,#14254,.T.);
#14529=ADVANCED_FACE('',(#14524,#14528),#14518,.F.);
#14543=EDGE_CURVE('',#14348,#14345,#14272,.T.);
#14545=EDGE_CURVE('',#14350,#14348,#14277,.T.);
#14547=EDGE_CURVE('',#14346,#14350,#14268,.T.);
#14551=ADVANCED_FACE('',(#14550),#14541,.T.);
#14566=EDGE_CURVE('',#14348,#14350,#14282,.T.);
#14571=ADVANCED_FACE('',(#14570),#14563,.T.);
#14588=EDGE_CURVE('',#14353,#14354,#14287,.T.);
#14590=EDGE_CURVE('',#14354,#14353,#14292,.T.);
#14594=ADVANCED_FACE('',(#14587,#14593),#14583,.T.);
#14607=EDGE_CURVE('',#14357,#14358,#14297,.T.);
#14609=EDGE_CURVE('',#14354,#14357,#14330,.T.);
#14612=EDGE_CURVE('',#14358,#14353,#14326,.T.);
#14616=ADVANCED_FACE('',(#14615),#14606,.T.);
#14653=EDGE_CURVE('',#14361,#14362,#14307,.T.);
#14655=EDGE_CURVE('',#14357,#14361,#14322,.T.);
#14658=EDGE_CURVE('',#14362,#14358,#14312,.T.);
#14662=ADVANCED_FACE('',(#14661),#14652,.T.);
#14675=EDGE_CURVE('',#14362,#14361,#14302,.T.);
#14680=ADVANCED_FACE('',(#14679),#14674,.T.);
#14719=EDGE_CURVE('',#14358,#14357,#14317,.T.);
#14724=ADVANCED_FACE('',(#14723),#14716,.T.);
#14743=ADVANCED_FACE('',(#14742),#14736,.T.);
#14753=(LENGTH_UNIT()NAMED_UNIT(*)SI_UNIT(.MILLI.,.METRE.));
#14754=(NAMED_UNIT(*)PLANE_ANGLE_UNIT()SI_UNIT($,.RADIAN.));
#14757=(NAMED_UNIT(*)SI_UNIT($,.STERADIAN.)SOLID_ANGLE_UNIT());
#14759=(GEOMETRIC_REPRESENTATION_CONTEXT(3)GLOBAL_UNCERTAINTY_ASSIGNED_CONTEXT((
#14758))GLOBAL_UNIT_ASSIGNED_CONTEXT((#14753,#14756,#14757))REPRESENTATION_CONTEXT('ID6','3'));
#14763=AXIS2_PLACEMENT_3D('',#14760,#14761,#14762);
#14764=ADVANCED_BREP_SHAPE_REPRESENTATION('',(#14763,#14752),#14759);
#14768=PRODUCT_DEFINITION('part definition','',#14767,#14135);
#14769=PRODUCT_DEFINITION_SHAPE('','SHAPE FOR MANIFOLD_SOLID_BREP_14292.',
#14768);
#14770=SHAPE_ASPECT('','solid data associated with MANIFOLD_SOLID_BREP_14292',
#14769,.F.);
#14771=PROPERTY_DEFINITION('',
'shape for solid data with which properties are associated',#14770);
#14772=SHAPE_REPRESENTATION('',(#14752),#14759);
#14773=SHAPE_DEFINITION_REPRESENTATION(#14771,#14772);
#14774=(LENGTH_UNIT()NAMED_UNIT(*)SI_UNIT(.MILLI.,.METRE.));
#14778=PROPERTY_DEFINITION('geometric validation property',
'area of MANIFOLD_SOLID_BREP_14292',#14770);
#14779=REPRESENTATION('surface area',(#14777),#14759);
#14780=PROPERTY_DEFINITION_REPRESENTATION(#14778,#14779);
#14781=(LENGTH_UNIT()NAMED_UNIT(*)SI_UNIT(.MILLI.,.METRE.));
#14785=PROPERTY_DEFINITION('geometric validation property',
'volume of MANIFOLD_SOLID_BREP_14292',#14770);
#14786=REPRESENTATION('volume',(#14784),#14759);
#14787=PROPERTY_DEFINITION_REPRESENTATION(#14785,#14786);
#14789=PROPERTY_DEFINITION('geometric validation property',
'centroid of MANIFOLD_SOLID_BREP_14292',#14770);
#14790=REPRESENTATION('centroid',(#14788),#14759);
#14791=PROPERTY_DEFINITION_REPRESENTATION(#14789,#14790);
#14792=(LENGTH_UNIT()NAMED_UNIT(*)SI_UNIT(.MILLI.,.METRE.));
#14796=PROPERTY_DEFINITION('geometric validation property',
'area of MANIFOLD_SOLID_BREP_14292',#14769);
#14797=REPRESENTATION('surface area',(#14795),#14759);
#14798=PROPERTY_DEFINITION_REPRESENTATION(#14796,#14797);
#14799=(LENGTH_UNIT()NAMED_UNIT(*)SI_UNIT(.MILLI.,.METRE.));
#14803=PROPERTY_DEFINITION('geometric validation property',
'volume of MANIFOLD_SOLID_BREP_14292',#14769);
#14804=REPRESENTATION('volume',(#14802),#14759);
#14805=PROPERTY_DEFINITION_REPRESENTATION(#14803,#14804);
#14807=PROPERTY_DEFINITION('geometric validation property',
'centroid of MANIFOLD_SOLID_BREP_14292',#14769);
#14808=REPRESENTATION('centroid',(#14806),#14759);
#14809=PROPERTY_DEFINITION_REPRESENTATION(#14807,#14808);
#14810=SHAPE_DEFINITION_REPRESENTATION(#14769,#14764);
#14811=PROPERTY_DEFINITION('DESCRIPTION','user defined attribute',#14768);
#14815=REPRESENTATION('',(#14814),#14759);
#14816=PROPERTY_DEFINITION_REPRESENTATION(#14811,#14815);
#14817=PROPERTY_DEFINITION('MODELED_BY','user defined attribute',#14768);
#14821=REPRESENTATION('',(#14820),#14759);
#14822=PROPERTY_DEFINITION_REPRESENTATION(#14817,#14821);
#14823=NEXT_ASSEMBLY_USAGE_OCCURRENCE('5','Next assembly relationship',
'MANIFOLD_SOLID_BREP_14292',#15481,#14768,$);
#14824=PRODUCT_DEFINITION_SHAPE('Placement #5',
'Placement of MANIFOLD_SOLID_BREP_14292 with respect to URB_LD-30WR3_ASM',
#14823);
#14826=PROPERTY_DEFINITION('geometric validation property',
'centroid of MANIFOLD_SOLID_BREP_14292',#14824);
#14827=REPRESENTATION('centroid',(#14825),#14759);
#14828=PROPERTY_DEFINITION_REPRESENTATION(#14826,#14827);
#14848=CIRCLE('',#14847,5.000000000033E-1);
#14853=CIRCLE('',#14852,9.999936735983E-2);
#14858=CIRCLE('',#14857,9.999936736016E-2);
#14863=CIRCLE('',#14862,3.999999999985E-1);
#14868=CIRCLE('',#14867,5.000000000012E-1);
#14873=CIRCLE('',#14872,3.999999999985E-1);
#14878=CIRCLE('',#14877,1.E0);
#14883=CIRCLE('',#14882,1.E0);
#14888=CIRCLE('',#14887,5.E-1);
#14893=CIRCLE('',#14892,5.E-1);
#14906=CIRCLE('',#14905,1.E0);
#14911=CIRCLE('',#14910,1.E0);
#14916=CIRCLE('',#14915,5.E-1);
#14921=CIRCLE('',#14920,5.E-1);
#14926=CIRCLE('',#14925,5.000000000006E-1);
#14931=CIRCLE('',#14930,9.999936734055E-2);
#14936=CIRCLE('',#14935,9.999936734134E-2);
#14941=CIRCLE('',#14940,4.000000000154E-1);
#14946=CIRCLE('',#14945,4.999999999979E-1);
#14951=CIRCLE('',#14950,4.000000000154E-1);
#14997=EDGE_CURVE('',#14962,#14963,#14848,.T.);
#14999=EDGE_CURVE('',#14962,#14965,#14839,.T.);
#15001=EDGE_CURVE('',#14967,#14965,#14893,.T.);
#15003=EDGE_CURVE('',#14967,#14963,#14843,.T.);
#15007=ADVANCED_FACE('',(#15006),#14996,.T.);
#15044=EDGE_CURVE('',#14970,#14971,#14853,.T.);
#15046=EDGE_CURVE('',#14962,#14970,#14873,.T.);
#15049=EDGE_CURVE('',#14971,#14963,#14863,.T.);
#15053=ADVANCED_FACE('',(#15052),#15043,.T.);
#15067=EDGE_CURVE('',#14971,#14970,#14858,.T.);
#15071=ADVANCED_FACE('',(#15070),#15065,.F.);
#15110=EDGE_CURVE('',#14963,#14962,#14868,.T.);
#15115=ADVANCED_FACE('',(#15114),#15107,.T.);
#15130=EDGE_CURVE('',#14965,#14967,#14888,.T.);
#15135=ADVANCED_FACE('',(#15134),#15127,.T.);
#15148=EDGE_CURVE('',#14974,#14975,#14878,.T.);
#15150=EDGE_CURVE('',#14975,#14974,#14883,.T.);
#15158=ADVANCED_FACE('',(#15153,#15157),#15147,.F.);
#15172=EDGE_CURVE('',#14977,#14974,#14901,.T.);
#15174=EDGE_CURVE('',#14979,#14977,#14906,.T.);
#15176=EDGE_CURVE('',#14975,#14979,#14897,.T.);
#15180=ADVANCED_FACE('',(#15179),#15170,.T.);
#15195=EDGE_CURVE('',#14977,#14979,#14911,.T.);
#15200=ADVANCED_FACE('',(#15199),#15192,.T.);
#15217=EDGE_CURVE('',#14982,#14983,#14916,.T.);
#15219=EDGE_CURVE('',#14983,#14982,#14921,.T.);
#15223=ADVANCED_FACE('',(#15216,#15222),#15212,.T.);
#15236=EDGE_CURVE('',#14986,#14987,#14926,.T.);
#15238=EDGE_CURVE('',#14983,#14986,#14959,.T.);
#15241=EDGE_CURVE('',#14987,#14982,#14955,.T.);
#15245=ADVANCED_FACE('',(#15244),#15235,.T.);
#15282=EDGE_CURVE('',#14990,#14991,#14936,.T.);
#15284=EDGE_CURVE('',#14986,#14990,#14951,.T.);
#15287=EDGE_CURVE('',#14991,#14987,#14941,.T.);
#15291=ADVANCED_FACE('',(#15290),#15281,.T.);
#15304=EDGE_CURVE('',#14991,#14990,#14931,.T.);
#15309=ADVANCED_FACE('',(#15308),#15303,.T.);
#15348=EDGE_CURVE('',#14987,#14986,#14946,.T.);
#15353=ADVANCED_FACE('',(#15352),#15345,.T.);
#15372=ADVANCED_FACE('',(#15371),#15365,.T.);
#15382=(LENGTH_UNIT()NAMED_UNIT(*)SI_UNIT(.MILLI.,.METRE.));
#15383=(NAMED_UNIT(*)PLANE_ANGLE_UNIT()SI_UNIT($,.RADIAN.));
#15386=(NAMED_UNIT(*)SI_UNIT($,.STERADIAN.)SOLID_ANGLE_UNIT());
#15388=(GEOMETRIC_REPRESENTATION_CONTEXT(3)GLOBAL_UNCERTAINTY_ASSIGNED_CONTEXT((
#15387))GLOBAL_UNIT_ASSIGNED_CONTEXT((#15382,#15385,#15386))REPRESENTATION_CONTEXT('ID7','3'));
#15392=AXIS2_PLACEMENT_3D('',#15389,#15390,#15391);
#15393=ADVANCED_BREP_SHAPE_REPRESENTATION('',(#15392,#15381),#15388);
#15398=PRODUCT_DEFINITION('part definition','',#15397,#15394);
#15399=PRODUCT_DEFINITION_SHAPE('','SHAPE FOR MANIFOLD_SOLID_BREP_14838.',
#15398);
#15400=SHAPE_ASPECT('','solid data associated with MANIFOLD_SOLID_BREP_14838',
#15399,.F.);
#15401=PROPERTY_DEFINITION('',
'shape for solid data with which properties are associated',#15400);
#15402=SHAPE_REPRESENTATION('',(#15381),#15388);
#15403=SHAPE_DEFINITION_REPRESENTATION(#15401,#15402);
#15404=(LENGTH_UNIT()NAMED_UNIT(*)SI_UNIT(.MILLI.,.METRE.));
#15408=PROPERTY_DEFINITION('geometric validation property',
'area of MANIFOLD_SOLID_BREP_14838',#15400);
#15409=REPRESENTATION('surface area',(#15407),#15388);
#15410=PROPERTY_DEFINITION_REPRESENTATION(#15408,#15409);
#15411=(LENGTH_UNIT()NAMED_UNIT(*)SI_UNIT(.MILLI.,.METRE.));
#15415=PROPERTY_DEFINITION('geometric validation property',
'volume of MANIFOLD_SOLID_BREP_14838',#15400);
#15416=REPRESENTATION('volume',(#15414),#15388);
#15417=PROPERTY_DEFINITION_REPRESENTATION(#15415,#15416);
#15419=PROPERTY_DEFINITION('geometric validation property',
'centroid of MANIFOLD_SOLID_BREP_14838',#15400);
#15420=REPRESENTATION('centroid',(#15418),#15388);
#15421=PROPERTY_DEFINITION_REPRESENTATION(#15419,#15420);
#15422=(LENGTH_UNIT()NAMED_UNIT(*)SI_UNIT(.MILLI.,.METRE.));
#15426=PROPERTY_DEFINITION('geometric validation property',
'area of MANIFOLD_SOLID_BREP_14838',#15399);
#15427=REPRESENTATION('surface area',(#15425),#15388);
#15428=PROPERTY_DEFINITION_REPRESENTATION(#15426,#15427);
#15429=(LENGTH_UNIT()NAMED_UNIT(*)SI_UNIT(.MILLI.,.METRE.));
#15433=PROPERTY_DEFINITION('geometric validation property',
'volume of MANIFOLD_SOLID_BREP_14838',#15399);
#15434=REPRESENTATION('volume',(#15432),#15388);
#15435=PROPERTY_DEFINITION_REPRESENTATION(#15433,#15434);
#15437=PROPERTY_DEFINITION('geometric validation property',
'centroid of MANIFOLD_SOLID_BREP_14838',#15399);
#15438=REPRESENTATION('centroid',(#15436),#15388);
#15439=PROPERTY_DEFINITION_REPRESENTATION(#15437,#15438);
#15440=SHAPE_DEFINITION_REPRESENTATION(#15399,#15393);
#15441=PROPERTY_DEFINITION('DESCRIPTION','user defined attribute',#15398);
#15445=REPRESENTATION('',(#15444),#15388);
#15446=PROPERTY_DEFINITION_REPRESENTATION(#15441,#15445);
#15447=PROPERTY_DEFINITION('MODELED_BY','user defined attribute',#15398);
#15451=REPRESENTATION('',(#15450),#15388);
#15452=PROPERTY_DEFINITION_REPRESENTATION(#15447,#15451);
#15453=NEXT_ASSEMBLY_USAGE_OCCURRENCE('6','Next assembly relationship',
'MANIFOLD_SOLID_BREP_14838',#15481,#15398,$);
#15454=PRODUCT_DEFINITION_SHAPE('Placement #6',
'Placement of MANIFOLD_SOLID_BREP_14838 with respect to URB_LD-30WR3_ASM',
#15453);
#15456=PROPERTY_DEFINITION('geometric validation property',
'centroid of MANIFOLD_SOLID_BREP_14838',#15454);
#15457=REPRESENTATION('centroid',(#15455),#15388);
#15458=PROPERTY_DEFINITION_REPRESENTATION(#15456,#15457);
#15466=(LENGTH_UNIT()NAMED_UNIT(*)SI_UNIT(.MILLI.,.METRE.));
#15467=(NAMED_UNIT(*)PLANE_ANGLE_UNIT()SI_UNIT($,.RADIAN.));
#15470=(NAMED_UNIT(*)SI_UNIT($,.STERADIAN.)SOLID_ANGLE_UNIT());
#15472=(GEOMETRIC_REPRESENTATION_CONTEXT(3)GLOBAL_UNCERTAINTY_ASSIGNED_CONTEXT((
#15471))GLOBAL_UNIT_ASSIGNED_CONTEXT((#15466,#15469,#15470))REPRESENTATION_CONTEXT('ID8','3'));
#15476=AXIS2_PLACEMENT_3D('',#15473,#15474,#15475);
#15481=PRODUCT_DEFINITION('part definition','',#15480,#15394);
#15482=(LENGTH_UNIT()NAMED_UNIT(*)SI_UNIT(.MILLI.,.METRE.));
#15486=PROPERTY_DEFINITION('geometric validation property',
'area of URB_LD-30WR3_ASM',#11674);
#15487=REPRESENTATION('surface area',(#15485),#15472);
#15488=PROPERTY_DEFINITION_REPRESENTATION(#15486,#15487);
#15489=(LENGTH_UNIT()NAMED_UNIT(*)SI_UNIT(.MILLI.,.METRE.));
#15493=PROPERTY_DEFINITION('geometric validation property',
'volume of URB_LD-30WR3_ASM',#11674);
#15494=REPRESENTATION('volume',(#15492),#15472);
#15495=PROPERTY_DEFINITION_REPRESENTATION(#15493,#15494);
#15497=PROPERTY_DEFINITION('geometric validation property',
'centroid of URB_LD-30WR3_ASM',#11674);
#15498=REPRESENTATION('centroid',(#15496),#15472);
#15499=PROPERTY_DEFINITION_REPRESENTATION(#15497,#15498);
#15501=PROPERTY_DEFINITION('DESCRIPTION','user defined attribute',#15481);
#15505=REPRESENTATION('',(#15504),#15472);
#15506=PROPERTY_DEFINITION_REPRESENTATION(#15501,#15505);
#15507=PROPERTY_DEFINITION('MODELED_BY','user defined attribute',#15481);
#15511=REPRESENTATION('',(#15510),#15472);
#15512=PROPERTY_DEFINITION_REPRESENTATION(#15507,#15511);
ENDSEC;
END-ISO-10303-21;
